gene,grad_importance,stream,grad_rank
IGHM,2.225652e-06,dense_mlp,1
IGHG1,1.9395861e-06,dense_mlp,2
IGKC,1.731036e-06,dense_mlp,3
CCL18,1.671213e-06,dense_mlp,4
PAGE2,1.1511594e-06,dense_mlp,5
FOXI2,9.557614e-07,dense_mlp,6
ANP32D,9.4781996e-07,dense_mlp,7
SPATA31A7,9.4539666e-07,dense_mlp,8
STC1,9.3825e-07,dense_mlp,9
TBC1D21,9.1705243e-07,dense_mlp,10
SAGE1,9.016632e-07,dense_mlp,11
MYH4,8.6085475e-07,dense_mlp,12
TOMM20L,8.601348e-07,dense_mlp,13
IQCF6,8.4647826e-07,dense_mlp,14
MYPN,8.3285136e-07,dense_mlp,15
SOSTDC1,7.982631e-07,dense_mlp,16
PRAMEF4,7.850291e-07,dense_mlp,17
TBR1,7.574274e-07,dense_mlp,18
NUTM2E,7.573749e-07,dense_mlp,19
AL772284.2,7.5367956e-07,dense_mlp,20
DPT,7.4779774e-07,dense_mlp,21
POSTN,7.475771e-07,dense_mlp,22
DNAH5,7.36684e-07,dense_mlp,23
PRAMEF19,7.2834945e-07,dense_mlp,24
PNMA6E,7.271811e-07,dense_mlp,25
FKBP1C,7.25291e-07,dense_mlp,26
CLEC17A,7.214781e-07,dense_mlp,27
ZDHHC19,7.089546e-07,dense_mlp,28
XAGE2,6.9610593e-07,dense_mlp,29
EPS8L1,6.8581903e-07,dense_mlp,30
CXorf65,6.810543e-07,dense_mlp,31
CCDC42,6.7689234e-07,dense_mlp,32
TMEM210,6.751595e-07,dense_mlp,33
TCP11X1,6.6811884e-07,dense_mlp,34
KCTD19,6.568282e-07,dense_mlp,35
MAGEB6B,6.445768e-07,dense_mlp,36
LCN9,6.4265095e-07,dense_mlp,37
TRIM49B,6.408683e-07,dense_mlp,38
RGPD3,6.354901e-07,dense_mlp,39
VIT,6.303484e-07,dense_mlp,40
FCRL4,6.2366473e-07,dense_mlp,41
FAM216B,6.2092533e-07,dense_mlp,42
TEX11,6.1954023e-07,dense_mlp,43
MYO1H,6.126372e-07,dense_mlp,44
USP29,6.0770935e-07,dense_mlp,45
FAM90A26,6.052632e-07,dense_mlp,46
TPD52L3,6.036708e-07,dense_mlp,47
ACTL7A,6.001326e-07,dense_mlp,48
MGAT4D,5.983369e-07,dense_mlp,49
BHLHA9,5.949863e-07,dense_mlp,50
RASSF6,5.9407716e-07,dense_mlp,51
CCL8,5.9277806e-07,dense_mlp,52
WDR64,5.916702e-07,dense_mlp,53
MBD3L2B,5.887319e-07,dense_mlp,54
PZP,5.8695184e-07,dense_mlp,55
ECEL1,5.8595464e-07,dense_mlp,56
GOLGA6L7,5.7816806e-07,dense_mlp,57
SPANXN5,5.7749793e-07,dense_mlp,58
POU6F2,5.769682e-07,dense_mlp,59
ANKRD60,5.754185e-07,dense_mlp,60
EPHX3,5.740776e-07,dense_mlp,61
TTC22,5.7346045e-07,dense_mlp,62
LRRN4,5.686297e-07,dense_mlp,63
DEFB112,5.668517e-07,dense_mlp,64
FERD3L,5.6107524e-07,dense_mlp,65
TSBP1,5.610409e-07,dense_mlp,66
CPHXL,5.5921777e-07,dense_mlp,67
UBE2L5,5.590046e-07,dense_mlp,68
EDDM3B,5.5890496e-07,dense_mlp,69
PIWIL3,5.5752975e-07,dense_mlp,70
SPACA7,5.558524e-07,dense_mlp,71
PATL2,5.5249365e-07,dense_mlp,72
VCX2,5.519859e-07,dense_mlp,73
NUTM1,5.5158523e-07,dense_mlp,74
TPSD1,5.511331e-07,dense_mlp,75
NLRP13,5.506523e-07,dense_mlp,76
ADAM7,5.4935765e-07,dense_mlp,77
BARHL2,5.487203e-07,dense_mlp,78
TAFA1,5.4738223e-07,dense_mlp,79
DMRTB1,5.473234e-07,dense_mlp,80
POM121L2,5.427998e-07,dense_mlp,81
C13orf42,5.4165776e-07,dense_mlp,82
XAGE5,5.395456e-07,dense_mlp,83
RS1,5.3886765e-07,dense_mlp,84
NHLH2,5.371798e-07,dense_mlp,85
ERVFRD-1,5.3669953e-07,dense_mlp,86
EVX1,5.3563315e-07,dense_mlp,87
SMOC2,5.343542e-07,dense_mlp,88
NUPR2,5.3167446e-07,dense_mlp,89
RBMXL2,5.296349e-07,dense_mlp,90
NLRP8,5.2636193e-07,dense_mlp,91
TTLL8,5.2533505e-07,dense_mlp,92
GLRA4,5.242078e-07,dense_mlp,93
SHOX,5.1955874e-07,dense_mlp,94
SLC36A3,5.1926963e-07,dense_mlp,95
BPIFA3,5.182153e-07,dense_mlp,96
COLCA2,5.1728495e-07,dense_mlp,97
KIAA1257,5.1516247e-07,dense_mlp,98
ERVV-1,5.1419414e-07,dense_mlp,99
RPRML,5.131516e-07,dense_mlp,100
C15orf62,5.128678e-07,dense_mlp,101
RASEF,5.1211987e-07,dense_mlp,102
LMOD2,5.1017514e-07,dense_mlp,103
RNF39,5.0969635e-07,dense_mlp,104
CDR1,5.091119e-07,dense_mlp,105
LBX1,5.0767215e-07,dense_mlp,106
TSGA13,5.0759814e-07,dense_mlp,107
C4orf17,5.0732507e-07,dense_mlp,108
GMCL2,5.058924e-07,dense_mlp,109
CDX4,5.037697e-07,dense_mlp,110
SP5,5.025901e-07,dense_mlp,111
CPA5,5.022445e-07,dense_mlp,112
C5orf67,5.0100414e-07,dense_mlp,113
FAM162B,4.995505e-07,dense_mlp,114
SPIB,4.9922204e-07,dense_mlp,115
PLEKHD1,4.97035e-07,dense_mlp,116
C11orf40,4.969457e-07,dense_mlp,117
OTOP2,4.962908e-07,dense_mlp,118
HOXA7,4.9589556e-07,dense_mlp,119
FOXD4L6,4.9177527e-07,dense_mlp,120
MAGEA11,4.906916e-07,dense_mlp,121
GIPC3,4.894169e-07,dense_mlp,122
ANKRD40CL,4.8764235e-07,dense_mlp,123
FHAD1,4.841325e-07,dense_mlp,124
PATE3,4.829885e-07,dense_mlp,125
GLT1D1,4.826562e-07,dense_mlp,126
ADGB,4.822675e-07,dense_mlp,127
CELA2B,4.8204345e-07,dense_mlp,128
SPINT4,4.8148087e-07,dense_mlp,129
AC010325.1,4.80849e-07,dense_mlp,130
TERB2,4.802738e-07,dense_mlp,131
PRB4,4.799991e-07,dense_mlp,132
SPRR4,4.773421e-07,dense_mlp,133
RIMBP3B,4.7629615e-07,dense_mlp,134
ART5,4.7569208e-07,dense_mlp,135
GALP,4.7490957e-07,dense_mlp,136
TRIM55,4.7359583e-07,dense_mlp,137
SERPINA12,4.731368e-07,dense_mlp,138
RESP18,4.713839e-07,dense_mlp,139
WFIKKN2,4.70824e-07,dense_mlp,140
IFNE,4.6615844e-07,dense_mlp,141
EPYC,4.6585637e-07,dense_mlp,142
CCDC155,4.6349393e-07,dense_mlp,143
AL845331.2,4.6329308e-07,dense_mlp,144
PRSS37,4.6207768e-07,dense_mlp,145
MAK,4.6124964e-07,dense_mlp,146
EXOC3L4,4.6093552e-07,dense_mlp,147
OLIG3,4.607659e-07,dense_mlp,148
DEFB131B,4.6061254e-07,dense_mlp,149
SPAG4,4.5998965e-07,dense_mlp,150
PRAC2,4.5657518e-07,dense_mlp,151
CFAP43,4.5610724e-07,dense_mlp,152
TCERG1L,4.5578008e-07,dense_mlp,153
MAB21L2,4.551858e-07,dense_mlp,154
TMPRSS4,4.5450022e-07,dense_mlp,155
FAM110C,4.528316e-07,dense_mlp,156
TMEM30B,4.5276732e-07,dense_mlp,157
CTCFL,4.5262354e-07,dense_mlp,158
CCDC83,4.519681e-07,dense_mlp,159
RHEX,4.5188793e-07,dense_mlp,160
PRSS51,4.5183998e-07,dense_mlp,161
AP000552.4,4.5025305e-07,dense_mlp,162
RTL4,4.4954183e-07,dense_mlp,163
GABRP,4.4950912e-07,dense_mlp,164
C10orf120,4.4890805e-07,dense_mlp,165
EQTN,4.4863054e-07,dense_mlp,166
GDPD4,4.47496e-07,dense_mlp,167
AKAP14,4.469814e-07,dense_mlp,168
C9orf57,4.4591314e-07,dense_mlp,169
LAD1,4.4522022e-07,dense_mlp,170
CNTD1,4.4114793e-07,dense_mlp,171
ARMC3,4.4013032e-07,dense_mlp,172
MS4A12,4.3891112e-07,dense_mlp,173
NLRP14,4.380879e-07,dense_mlp,174
C19orf85,4.376496e-07,dense_mlp,175
CFAP45,4.363419e-07,dense_mlp,176
FRAS1,4.3617143e-07,dense_mlp,177
FAM71C,4.361634e-07,dense_mlp,178
CLEC1A,4.3611652e-07,dense_mlp,179
FAM24A,4.3610103e-07,dense_mlp,180
FRMPD1,4.3601315e-07,dense_mlp,181
OR52B4,4.3552842e-07,dense_mlp,182
KHDC3L,4.352859e-07,dense_mlp,183
CYLC1,4.348088e-07,dense_mlp,184
RLN1,4.339849e-07,dense_mlp,185
C1orf100,4.339401e-07,dense_mlp,186
MYO18B,4.322154e-07,dense_mlp,187
STK31,4.3184437e-07,dense_mlp,188
SUN5,4.3147764e-07,dense_mlp,189
CRYBB3,4.312834e-07,dense_mlp,190
CRISP1,4.3063636e-07,dense_mlp,191
LRIT2,4.305436e-07,dense_mlp,192
NR0B1,4.2936017e-07,dense_mlp,193
EDDM13,4.2912598e-07,dense_mlp,194
OR8S1,4.2870164e-07,dense_mlp,195
PRB3,4.2838712e-07,dense_mlp,196
MAGEC1,4.2769588e-07,dense_mlp,197
UTF1,4.272995e-07,dense_mlp,198
SMIM21,4.2577798e-07,dense_mlp,199
SCYGR4,4.2520395e-07,dense_mlp,200
MZB1,4.247264e-07,dense_mlp,201
TRABD2B,4.2460368e-07,dense_mlp,202
EXOC3L2,4.2407814e-07,dense_mlp,203
C19orf33,4.2388467e-07,dense_mlp,204
PCP4,4.2364928e-07,dense_mlp,205
ADAM18,4.2260257e-07,dense_mlp,206
C8orf89,4.218101e-07,dense_mlp,207
HSFX4,4.2139393e-07,dense_mlp,208
LACTBL1,4.212904e-07,dense_mlp,209
PRAMEF18,4.2088564e-07,dense_mlp,210
MRLN,4.2065506e-07,dense_mlp,211
CCDC73,4.2058807e-07,dense_mlp,212
NEUROD6,4.1855853e-07,dense_mlp,213
MAGEB4,4.1845556e-07,dense_mlp,214
C4orf54,4.1702566e-07,dense_mlp,215
ANKRD66,4.1693926e-07,dense_mlp,216
KLHL40,4.159082e-07,dense_mlp,217
CSTL1,4.1586514e-07,dense_mlp,218
SLC25A52,4.1510012e-07,dense_mlp,219
FOXD2,4.150847e-07,dense_mlp,220
CCDC102A,4.14389e-07,dense_mlp,221
CALR3,4.1369648e-07,dense_mlp,222
CLECL1,4.1346206e-07,dense_mlp,223
CTNNA3,4.1248393e-07,dense_mlp,224
TRAC,4.1212186e-07,dense_mlp,225
CRYGA,4.112216e-07,dense_mlp,226
HIST3H3,4.1071453e-07,dense_mlp,227
Z82206.1,4.1055998e-07,dense_mlp,228
FCRL2,4.1020306e-07,dense_mlp,229
BOLL,4.1010907e-07,dense_mlp,230
PPP1R3A,4.0985066e-07,dense_mlp,231
GML,4.0921486e-07,dense_mlp,232
S100A7L2,4.090776e-07,dense_mlp,233
NKX1-1,4.083044e-07,dense_mlp,234
MKX,4.077684e-07,dense_mlp,235
CDRT1,4.0717921e-07,dense_mlp,236
FAT4,4.0662425e-07,dense_mlp,237
MMEL1,4.0660885e-07,dense_mlp,238
HOXB8,4.060334e-07,dense_mlp,239
MGP,4.0602478e-07,dense_mlp,240
FAM178B,4.0542116e-07,dense_mlp,241
RBM24,4.0522212e-07,dense_mlp,242
HDGFL1,4.0369144e-07,dense_mlp,243
IQCF5,4.030473e-07,dense_mlp,244
GKN2,4.0226092e-07,dense_mlp,245
HELT,4.0173148e-07,dense_mlp,246
C11orf94,4.0172336e-07,dense_mlp,247
CCN3,4.0152017e-07,dense_mlp,248
VIL1,4.0125923e-07,dense_mlp,249
AC004593.3,4.0100693e-07,dense_mlp,250
SMR3A,4.0058111e-07,dense_mlp,251
TCP10L2,3.9905692e-07,dense_mlp,252
ENTHD1,3.9713467e-07,dense_mlp,253
MYADML2,3.9665537e-07,dense_mlp,254
C10orf55,3.943732e-07,dense_mlp,255
UNCX,3.9321864e-07,dense_mlp,256
FOXI3,3.9258128e-07,dense_mlp,257
CCDC105,3.9229954e-07,dense_mlp,258
FMO4,3.9140772e-07,dense_mlp,259
MTUS2,3.9072341e-07,dense_mlp,260
SMPDL3B,3.905051e-07,dense_mlp,261
SNED1,3.8950085e-07,dense_mlp,262
TEX37,3.8885787e-07,dense_mlp,263
TMEM215,3.880917e-07,dense_mlp,264
FSCN3,3.8787454e-07,dense_mlp,265
PVALEF,3.8728987e-07,dense_mlp,266
PODNL1,3.8576266e-07,dense_mlp,267
REG1B,3.8571937e-07,dense_mlp,268
METTL21C,3.854908e-07,dense_mlp,269
KIR3DL3,3.851415e-07,dense_mlp,270
CCBE1,3.8449042e-07,dense_mlp,271
LENG9,3.8414848e-07,dense_mlp,272
ERICH4,3.839862e-07,dense_mlp,273
ARL5C,3.8382024e-07,dense_mlp,274
RHOXF1,3.8375583e-07,dense_mlp,275
SEMA3G,3.8373233e-07,dense_mlp,276
IGFL4,3.835985e-07,dense_mlp,277
TMCO5A,3.829306e-07,dense_mlp,278
PRAMEF11,3.8271742e-07,dense_mlp,279
SMIM9,3.8236368e-07,dense_mlp,280
ACOD1,3.8221597e-07,dense_mlp,281
RHBDL2,3.821503e-07,dense_mlp,282
TCL1A,3.8155494e-07,dense_mlp,283
SPATA1,3.815508e-07,dense_mlp,284
AC021072.1,3.8144591e-07,dense_mlp,285
C3orf52,3.8121638e-07,dense_mlp,286
LRRC74A,3.8120078e-07,dense_mlp,287
OPRPN,3.8063882e-07,dense_mlp,288
CRX,3.8016026e-07,dense_mlp,289
PPP4R3C,3.798147e-07,dense_mlp,290
TEX36,3.7932492e-07,dense_mlp,291
CYTIP,3.7916476e-07,dense_mlp,292
MPZL3,3.7847184e-07,dense_mlp,293
C12orf40,3.7837825e-07,dense_mlp,294
PLAC1,3.7835633e-07,dense_mlp,295
FOXE1,3.7819783e-07,dense_mlp,296
SHISA8,3.7801286e-07,dense_mlp,297
SPANXN3,3.7750345e-07,dense_mlp,298
ASCL2,3.768661e-07,dense_mlp,299
TMPRSS12,3.7626384e-07,dense_mlp,300
ZBED6CL,3.750785e-07,dense_mlp,301
CLNK,3.7453714e-07,dense_mlp,302
SLURP1,3.7447236e-07,dense_mlp,303
FAM209B,3.7434162e-07,dense_mlp,304
ZFP42,3.739161e-07,dense_mlp,305
FAM83B,3.7389182e-07,dense_mlp,306
TM4SF20,3.735815e-07,dense_mlp,307
ACTRT1,3.7292494e-07,dense_mlp,308
OR4F4,3.7267637e-07,dense_mlp,309
HBZ,3.7255367e-07,dense_mlp,310
VWA7,3.7212322e-07,dense_mlp,311
TAF11L4,3.7139387e-07,dense_mlp,312
TRGJP1,3.7124514e-07,dense_mlp,313
TNK1,3.7105946e-07,dense_mlp,314
TTC16,3.7101583e-07,dense_mlp,315
H2BFWT,3.704187e-07,dense_mlp,316
SMCP,3.703721e-07,dense_mlp,317
MRGPRE,3.6939002e-07,dense_mlp,318
GPR12,3.6883478e-07,dense_mlp,319
TRIM40,3.6798716e-07,dense_mlp,320
SLFN13,3.6795984e-07,dense_mlp,321
H1FNT,3.6779517e-07,dense_mlp,322
MAL2,3.6766474e-07,dense_mlp,323
HBM,3.6760036e-07,dense_mlp,324
TRABD2A,3.670815e-07,dense_mlp,325
STPG3,3.6661064e-07,dense_mlp,326
RTL3,3.6636987e-07,dense_mlp,327
SOWAHB,3.6550503e-07,dense_mlp,328
OVOL2,3.6544938e-07,dense_mlp,329
C1orf189,3.6507078e-07,dense_mlp,330
ZSCAN5A,3.6482243e-07,dense_mlp,331
KRTAP7-1,3.639483e-07,dense_mlp,332
MRGPRX1,3.6369113e-07,dense_mlp,333
VGLL1,3.636438e-07,dense_mlp,334
CCDC195,3.6358898e-07,dense_mlp,335
MAGEA12,3.6355138e-07,dense_mlp,336
CCDC172,3.6321364e-07,dense_mlp,337
MYO1G,3.631786e-07,dense_mlp,338
RIMBP2,3.6304624e-07,dense_mlp,339
RAX,3.6275122e-07,dense_mlp,340
C1orf158,3.6262333e-07,dense_mlp,341
LOR,3.6249864e-07,dense_mlp,342
CLEC12B,3.6199512e-07,dense_mlp,343
PRR33,3.618234e-07,dense_mlp,344
TRBC2,3.613621e-07,dense_mlp,345
GOLGA8M,3.612302e-07,dense_mlp,346
FAM170A,3.603928e-07,dense_mlp,347
C17orf67,3.6019966e-07,dense_mlp,348
TRGJP2,3.6013998e-07,dense_mlp,349
PROSER2,3.601014e-07,dense_mlp,350
C1orf127,3.5953926e-07,dense_mlp,351
GPR146,3.588272e-07,dense_mlp,352
CA10,3.5848927e-07,dense_mlp,353
RFPL4AL1,3.5836905e-07,dense_mlp,354
RIPOR3,3.5801446e-07,dense_mlp,355
GDF10,3.5794466e-07,dense_mlp,356
SPDYC,3.5769236e-07,dense_mlp,357
OTP,3.567282e-07,dense_mlp,358
TSKS,3.5650552e-07,dense_mlp,359
CENPVL3,3.563856e-07,dense_mlp,360
TAF11L12,3.562703e-07,dense_mlp,361
SRPX2,3.5565913e-07,dense_mlp,362
AC008397.1,3.5490453e-07,dense_mlp,363
SLC35F4,3.546195e-07,dense_mlp,364
CTAG2,3.5408482e-07,dense_mlp,365
CDHR2,3.540222e-07,dense_mlp,366
TCTE1,3.5341452e-07,dense_mlp,367
TRARG1,3.5280897e-07,dense_mlp,368
KIAA1211L,3.5248206e-07,dense_mlp,369
PRRG3,3.5243724e-07,dense_mlp,370
MS4A8,3.5238438e-07,dense_mlp,371
RNF133,3.523496e-07,dense_mlp,372
TRAF3IP3,3.5169506e-07,dense_mlp,373
C6orf141,3.5112257e-07,dense_mlp,374
TMEM200A,3.505309e-07,dense_mlp,375
FMR1NB,3.5042962e-07,dense_mlp,376
NUGGC,3.499797e-07,dense_mlp,377
CFAP97D2,3.4961852e-07,dense_mlp,378
UMODL1,3.4925202e-07,dense_mlp,379
MAB21L3,3.4920942e-07,dense_mlp,380
SLC38A8,3.4914058e-07,dense_mlp,381
SERPINA7,3.4873406e-07,dense_mlp,382
IGSF23,3.4863285e-07,dense_mlp,383
TMEM95,3.485418e-07,dense_mlp,384
PRSS16,3.4833468e-07,dense_mlp,385
VN1R2,3.4795428e-07,dense_mlp,386
BIK,3.4790338e-07,dense_mlp,387
SPACA1,3.4760728e-07,dense_mlp,388
PRRT1B,3.4737334e-07,dense_mlp,389
CC2D2B,3.4695503e-07,dense_mlp,390
GRAMD2A,3.466815e-07,dense_mlp,391
SERTM2,3.4640914e-07,dense_mlp,392
CPLX4,3.4627905e-07,dense_mlp,393
RTL1,3.4581055e-07,dense_mlp,394
SMCO1,3.4508824e-07,dense_mlp,395
FAM71E1,3.450501e-07,dense_mlp,396
TMEM132D,3.448432e-07,dense_mlp,397
HIST1H2AI,3.4467482e-07,dense_mlp,398
SHCBP1L,3.4451025e-07,dense_mlp,399
C10orf105,3.4386954e-07,dense_mlp,400
MEI1,3.435486e-07,dense_mlp,401
C7orf33,3.435384e-07,dense_mlp,402
BAIAP3,3.4339885e-07,dense_mlp,403
SNAI3,3.427916e-07,dense_mlp,404
EGFL6,3.4261495e-07,dense_mlp,405
AL121578.2,3.4217393e-07,dense_mlp,406
INSL4,3.4201503e-07,dense_mlp,407
MCTP2,3.4120004e-07,dense_mlp,408
TSPAN16,3.4118537e-07,dense_mlp,409
ADGRA1,3.411064e-07,dense_mlp,410
SLURP2,3.4106668e-07,dense_mlp,411
SPEM1,3.408942e-07,dense_mlp,412
RIPPLY3,3.4070115e-07,dense_mlp,413
IGHA2,3.4036935e-07,dense_mlp,414
NKX2-3,3.4014352e-07,dense_mlp,415
PRR18,3.400837e-07,dense_mlp,416
CAPSL,3.3996588e-07,dense_mlp,417
KCNJ18,3.3971523e-07,dense_mlp,418
APOBEC3G,3.392819e-07,dense_mlp,419
SIGLECL1,3.3906284e-07,dense_mlp,420
GCSAML-AS1,3.387568e-07,dense_mlp,421
IGHG3,3.3836358e-07,dense_mlp,422
STEAP1B,3.3778016e-07,dense_mlp,423
MYCBPAP,3.3776882e-07,dense_mlp,424
PDGFRL,3.3770246e-07,dense_mlp,425
CD6,3.3764758e-07,dense_mlp,426
GPR33,3.3689432e-07,dense_mlp,427
BEND2,3.3685635e-07,dense_mlp,428
SPINK14,3.3676613e-07,dense_mlp,429
SPINK2,3.3658608e-07,dense_mlp,430
HRK,3.364951e-07,dense_mlp,431
IGLC1,3.3644704e-07,dense_mlp,432
SLC7A13,3.3635038e-07,dense_mlp,433
CFAP53,3.3613208e-07,dense_mlp,434
TMIGD2,3.3572087e-07,dense_mlp,435
ERAS,3.356959e-07,dense_mlp,436
GJC3,3.356207e-07,dense_mlp,437
CFAP299,3.3531e-07,dense_mlp,438
STYK1,3.3481032e-07,dense_mlp,439
LGALS13,3.3427222e-07,dense_mlp,440
C9orf152,3.3396807e-07,dense_mlp,441
STRA8,3.339432e-07,dense_mlp,442
TMPRSS7,3.338989e-07,dense_mlp,443
ESM1,3.3373522e-07,dense_mlp,444
LRRC74B,3.3364364e-07,dense_mlp,445
SERPINB5,3.333383e-07,dense_mlp,446
FRG2,3.3253252e-07,dense_mlp,447
SCGB2A1,3.3231944e-07,dense_mlp,448
BARX1,3.32161e-07,dense_mlp,449
LRRC63,3.321016e-07,dense_mlp,450
PRAMEF2,3.3200507e-07,dense_mlp,451
PPIAL4A,3.317388e-07,dense_mlp,452
CDRT15L2,3.3162172e-07,dense_mlp,453
RGPD4,3.3139315e-07,dense_mlp,454
SNX31,3.3136047e-07,dense_mlp,455
LRATD1,3.3134063e-07,dense_mlp,456
HORMAD2,3.3118002e-07,dense_mlp,457
SPDEF,3.3116348e-07,dense_mlp,458
TMEM184A,3.3116268e-07,dense_mlp,459
IFIT1B,3.308144e-07,dense_mlp,460
LRRIQ1,3.3055292e-07,dense_mlp,461
ACP7,3.3045683e-07,dense_mlp,462
ENDOU,3.3034274e-07,dense_mlp,463
C1QTNF9,3.3022926e-07,dense_mlp,464
C17orf99,3.3002541e-07,dense_mlp,465
ANKRD53,3.2996576e-07,dense_mlp,466
NXPH2,3.2958187e-07,dense_mlp,467
PANO1,3.2957863e-07,dense_mlp,468
HSPB9,3.2925695e-07,dense_mlp,469
RNF212B,3.2917427e-07,dense_mlp,470
INSYN2A,3.2898612e-07,dense_mlp,471
SPIC,3.2878626e-07,dense_mlp,472
NLRP10,3.2878486e-07,dense_mlp,473
CDK15,3.2837252e-07,dense_mlp,474
OR4E2,3.2829476e-07,dense_mlp,475
FAM9B,3.2755705e-07,dense_mlp,476
KLHL34,3.2683664e-07,dense_mlp,477
DPPA5,3.2680524e-07,dense_mlp,478
PCDH20,3.2678346e-07,dense_mlp,479
PEBP4,3.2572208e-07,dense_mlp,480
TCTEX1D4,3.2535306e-07,dense_mlp,481
PRSS57,3.2524326e-07,dense_mlp,482
YBX2,3.2468174e-07,dense_mlp,483
ROS1,3.2455495e-07,dense_mlp,484
FAM205A,3.2451516e-07,dense_mlp,485
ZAR1L,3.241919e-07,dense_mlp,486
SYPL2,3.238529e-07,dense_mlp,487
SIRPB2,3.23301e-07,dense_mlp,488
EXOC1L,3.232645e-07,dense_mlp,489
TEX44,3.23226e-07,dense_mlp,490
LMNTD2,3.2308708e-07,dense_mlp,491
GPR101,3.2213146e-07,dense_mlp,492
CPA4,3.2152383e-07,dense_mlp,493
SPANXD,3.2117416e-07,dense_mlp,494
MPPED1,3.2046228e-07,dense_mlp,495
FOXR1,3.2019716e-07,dense_mlp,496
NPC1L1,3.2015083e-07,dense_mlp,497
C4orf51,3.1969773e-07,dense_mlp,498
SLFN14,3.1918853e-07,dense_mlp,499
CXorf58,3.191413e-07,dense_mlp,500
TINAG,3.1878642e-07,dense_mlp,501
SIT1,3.1840923e-07,dense_mlp,502
SLC35G3,3.1807303e-07,dense_mlp,503
MROH2B,3.177773e-07,dense_mlp,504
TFDP3,3.1753538e-07,dense_mlp,505
AC067752.1,3.1744625e-07,dense_mlp,506
FOXS1,3.1656833e-07,dense_mlp,507
PRR15L,3.1637526e-07,dense_mlp,508
AEBP1,3.1598103e-07,dense_mlp,509
KLHL10,3.1576985e-07,dense_mlp,510
TGM4,3.1576116e-07,dense_mlp,511
ARR3,3.1541316e-07,dense_mlp,512
GLYATL1B,3.1526056e-07,dense_mlp,513
H3.Y,3.1520204e-07,dense_mlp,514
RBPJL,3.1516518e-07,dense_mlp,515
C14orf177,3.1506323e-07,dense_mlp,516
PRR16,3.1478464e-07,dense_mlp,517
LRRC26,3.1466436e-07,dense_mlp,518
RASSF5,3.1462397e-07,dense_mlp,519
DIRC1,3.142641e-07,dense_mlp,520
GOLT1A,3.1424273e-07,dense_mlp,521
CHP2,3.141773e-07,dense_mlp,522
FRMD7,3.1417585e-07,dense_mlp,523
C9orf50,3.1415792e-07,dense_mlp,524
MAGEB6,3.13965e-07,dense_mlp,525
SCGB3A1,3.135397e-07,dense_mlp,526
LRRN4CL,3.1290583e-07,dense_mlp,527
PIGBOS1,3.1290207e-07,dense_mlp,528
SFRP5,3.126008e-07,dense_mlp,529
TRIM75P,3.1226833e-07,dense_mlp,530
SASH3,3.1218153e-07,dense_mlp,531
TRAPPC3L,3.120095e-07,dense_mlp,532
AC236972.4,3.105221e-07,dense_mlp,533
C1orf61,3.1029057e-07,dense_mlp,534
SPEM2,3.1016256e-07,dense_mlp,535
FIBCD1,3.1009287e-07,dense_mlp,536
TMEM31,3.1008668e-07,dense_mlp,537
TMEM156,3.099551e-07,dense_mlp,538
ZBED2,3.0969872e-07,dense_mlp,539
LRRC72,3.0952162e-07,dense_mlp,540
SYTL5,3.093803e-07,dense_mlp,541
KRTAP20-4,3.092982e-07,dense_mlp,542
GOLGA6L2,3.08966e-07,dense_mlp,543
EGFLAM,3.088733e-07,dense_mlp,544
PRAC1,3.087819e-07,dense_mlp,545
CEACAM21,3.0871078e-07,dense_mlp,546
PATE4,3.086705e-07,dense_mlp,547
DUPD1,3.084079e-07,dense_mlp,548
SLC22A18,3.081256e-07,dense_mlp,549
TMC4,3.080567e-07,dense_mlp,550
SCG5,3.080356e-07,dense_mlp,551
CAVIN2,3.079444e-07,dense_mlp,552
FBXO43,3.0782994e-07,dense_mlp,553
ANKRD61,3.0755655e-07,dense_mlp,554
FAM228A,3.0743314e-07,dense_mlp,555
CYP4X1,3.0727097e-07,dense_mlp,556
FAM71B,3.0721415e-07,dense_mlp,557
CST7,3.0669852e-07,dense_mlp,558
FAM241B,3.0648116e-07,dense_mlp,559
C19orf18,3.0637455e-07,dense_mlp,560
C5orf47,3.062118e-07,dense_mlp,561
C12orf81,3.060385e-07,dense_mlp,562
ACTL10,3.0578514e-07,dense_mlp,563
AGR3,3.056938e-07,dense_mlp,564
BARHL1,3.0553284e-07,dense_mlp,565
ODF2L,3.052826e-07,dense_mlp,566
NPAP1,3.049724e-07,dense_mlp,567
BCAR3,3.0482016e-07,dense_mlp,568
PLK5,3.0474237e-07,dense_mlp,569
RARRES1,3.0419346e-07,dense_mlp,570
GSC2,3.0397945e-07,dense_mlp,571
ZG16,3.037619e-07,dense_mlp,572
DYDC2,3.036923e-07,dense_mlp,573
ZCCHC13,3.0260844e-07,dense_mlp,574
C22orf42,3.0250584e-07,dense_mlp,575
HIST1H4I,3.0250507e-07,dense_mlp,576
OCM2,3.0215352e-07,dense_mlp,577
ANHX,3.0134157e-07,dense_mlp,578
RASSF10,3.006327e-07,dense_mlp,579
DNAJC5B,3.005604e-07,dense_mlp,580
REM1,3.0051874e-07,dense_mlp,581
TEX48,3.0038555e-07,dense_mlp,582
GPR174,3.0036927e-07,dense_mlp,583
CCIN,3.0033803e-07,dense_mlp,584
RSPH9,3.003196e-07,dense_mlp,585
WFDC10A,3.0012131e-07,dense_mlp,586
SMIM24,2.9968948e-07,dense_mlp,587
SAXO1,2.9960012e-07,dense_mlp,588
TAF11L14,2.994664e-07,dense_mlp,589
CRCT1,2.992105e-07,dense_mlp,590
DPRX,2.9906556e-07,dense_mlp,591
LRRC36,2.9902438e-07,dense_mlp,592
SHISA6,2.9820907e-07,dense_mlp,593
SSX3,2.98047e-07,dense_mlp,594
SOX30,2.9755967e-07,dense_mlp,595
TMC8,2.9748085e-07,dense_mlp,596
LANCL3,2.9744945e-07,dense_mlp,597
LRRC2,2.9727406e-07,dense_mlp,598
FAM81B,2.9724401e-07,dense_mlp,599
C20orf202,2.9721116e-07,dense_mlp,600
TMEM273,2.9711833e-07,dense_mlp,601
ETV7,2.9709827e-07,dense_mlp,602
ACTRT2,2.970358e-07,dense_mlp,603
MYOCOS,2.96563e-07,dense_mlp,604
FAM83C,2.9629254e-07,dense_mlp,605
FOXE3,2.9622626e-07,dense_mlp,606
COCH,2.9607753e-07,dense_mlp,607
GFRAL,2.960711e-07,dense_mlp,608
RAD21L1,2.9597962e-07,dense_mlp,609
SKOR2,2.959416e-07,dense_mlp,610
LAMB4,2.9560755e-07,dense_mlp,611
HOXC12,2.9549614e-07,dense_mlp,612
HEPACAM2,2.9549568e-07,dense_mlp,613
PRRG2,2.9525066e-07,dense_mlp,614
NPR3,2.951969e-07,dense_mlp,615
SMCO2,2.951807e-07,dense_mlp,616
NKAIN2,2.9496962e-07,dense_mlp,617
RFPL3,2.9495453e-07,dense_mlp,618
KLK4,2.9434403e-07,dense_mlp,619
CGNL1,2.9431942e-07,dense_mlp,620
C1orf146,2.9423035e-07,dense_mlp,621
LCN6,2.941463e-07,dense_mlp,622
GIMD1,2.938733e-07,dense_mlp,623
ARMS2,2.9370355e-07,dense_mlp,624
SLCO6A1,2.936817e-07,dense_mlp,625
CFAP99,2.934146e-07,dense_mlp,626
CORO6,2.922669e-07,dense_mlp,627
KRTAP20-3,2.9204924e-07,dense_mlp,628
G6PC,2.9184469e-07,dense_mlp,629
TVP23C,2.9102546e-07,dense_mlp,630
SNX20,2.9102168e-07,dense_mlp,631
SCGB2A2,2.9095423e-07,dense_mlp,632
BX276092.9,2.9026384e-07,dense_mlp,633
DNAH11,2.8985124e-07,dense_mlp,634
ANXA9,2.8963086e-07,dense_mlp,635
TACSTD2,2.89611e-07,dense_mlp,636
CLEC2L,2.8930324e-07,dense_mlp,637
FAM83E,2.8916966e-07,dense_mlp,638
CWH43,2.884575e-07,dense_mlp,639
HMSD,2.8716863e-07,dense_mlp,640
SMIM22,2.870713e-07,dense_mlp,641
CFAP77,2.8699978e-07,dense_mlp,642
PPP1R1C,2.8698292e-07,dense_mlp,643
CD34,2.866352e-07,dense_mlp,644
LINGO4,2.8643896e-07,dense_mlp,645
MS4A5,2.863777e-07,dense_mlp,646
DYNLT3,2.8623637e-07,dense_mlp,647
RFESD,2.862117e-07,dense_mlp,648
ARRDC5,2.861807e-07,dense_mlp,649
GYPE,2.8616833e-07,dense_mlp,650
TRGC2,2.860624e-07,dense_mlp,651
ERVMER34-1,2.8560225e-07,dense_mlp,652
KCTD4,2.853831e-07,dense_mlp,653
PCDH11Y,2.8517096e-07,dense_mlp,654
BRDT,2.8502433e-07,dense_mlp,655
CST4,2.849406e-07,dense_mlp,656
MUC22,2.848463e-07,dense_mlp,657
MINDY4B,2.8482427e-07,dense_mlp,658
CSHL1,2.8393234e-07,dense_mlp,659
AFAP1L2,2.8374447e-07,dense_mlp,660
PRG4,2.8368882e-07,dense_mlp,661
CCER2,2.8363445e-07,dense_mlp,662
PITX3,2.8343877e-07,dense_mlp,663
SLC16A11,2.833461e-07,dense_mlp,664
RBP5,2.8284242e-07,dense_mlp,665
CASZ1,2.8265035e-07,dense_mlp,666
THEGL,2.8258444e-07,dense_mlp,667
ANXA8,2.8220984e-07,dense_mlp,668
KCP,2.821713e-07,dense_mlp,669
CCDC192,2.818457e-07,dense_mlp,670
CUZD1,2.8174534e-07,dense_mlp,671
RBM11,2.8126138e-07,dense_mlp,672
TMEM244,2.8118905e-07,dense_mlp,673
ITM2A,2.8112467e-07,dense_mlp,674
SEPTIN14,2.8104844e-07,dense_mlp,675
ZNF844,2.8103688e-07,dense_mlp,676
MYH7B,2.8096787e-07,dense_mlp,677
AL590560.2,2.8083198e-07,dense_mlp,678
HHLA2,2.80608e-07,dense_mlp,679
DMRT3,2.8053847e-07,dense_mlp,680
SELENBP1,2.8048817e-07,dense_mlp,681
MARCOL,2.802175e-07,dense_mlp,682
BFSP1,2.801931e-07,dense_mlp,683
BTBD18,2.7997552e-07,dense_mlp,684
TPSG1,2.79633e-07,dense_mlp,685
NYX,2.7952072e-07,dense_mlp,686
MARCH11,2.7899415e-07,dense_mlp,687
LHFPL1,2.7881228e-07,dense_mlp,688
KLRF2,2.786525e-07,dense_mlp,689
KLHDC7A,2.785167e-07,dense_mlp,690
SMIM35,2.7801548e-07,dense_mlp,691
DUSP13,2.7782008e-07,dense_mlp,692
ATF7IP2,2.77785e-07,dense_mlp,693
C11orf86,2.777274e-07,dense_mlp,694
SSX7,2.7740796e-07,dense_mlp,695
ERN2,2.7735967e-07,dense_mlp,696
DNAI1,2.772664e-07,dense_mlp,697
C16orf78,2.7690893e-07,dense_mlp,698
NRIP3,2.7688122e-07,dense_mlp,699
ANTXRL,2.7648287e-07,dense_mlp,700
GZMK,2.764595e-07,dense_mlp,701
AC115220.1,2.7640965e-07,dense_mlp,702
KANK3,2.7628653e-07,dense_mlp,703
ZC2HC1B,2.761895e-07,dense_mlp,704
C17orf98,2.760486e-07,dense_mlp,705
FAM166C,2.7573267e-07,dense_mlp,706
CSAG1,2.755756e-07,dense_mlp,707
TM4SF5,2.7525758e-07,dense_mlp,708
IMPG1,2.7524663e-07,dense_mlp,709
KLHDC7B,2.7518993e-07,dense_mlp,710
BECN2,2.7497998e-07,dense_mlp,711
CPXM2,2.749262e-07,dense_mlp,712
HIST1H2AA,2.7446765e-07,dense_mlp,713
TAFA4,2.741706e-07,dense_mlp,714
TRDC,2.741211e-07,dense_mlp,715
IGHD,2.7400642e-07,dense_mlp,716
PDZD9,2.7377394e-07,dense_mlp,717
TBC1D28,2.7359198e-07,dense_mlp,718
HOXC10,2.7348207e-07,dense_mlp,719
IQANK1,2.73442e-07,dense_mlp,720
PDILT,2.7328105e-07,dense_mlp,721
SAMD3,2.7327334e-07,dense_mlp,722
MAGEA4,2.7293345e-07,dense_mlp,723
VILL,2.7282724e-07,dense_mlp,724
WSCD2,2.7281638e-07,dense_mlp,725
TMEM238L,2.7238008e-07,dense_mlp,726
OTX1,2.7236044e-07,dense_mlp,727
IL17REL,2.7233253e-07,dense_mlp,728
DNASE1L3,2.7228035e-07,dense_mlp,729
NXNL1,2.7202034e-07,dense_mlp,730
LYNX1,2.718192e-07,dense_mlp,731
HOXB13,2.7178393e-07,dense_mlp,732
FOXI1,2.7164327e-07,dense_mlp,733
VWA3B,2.7119876e-07,dense_mlp,734
VRTN,2.7112804e-07,dense_mlp,735
FOXN1,2.7099122e-07,dense_mlp,736
TSSK1B,2.708031e-07,dense_mlp,737
PSKH2,2.7070965e-07,dense_mlp,738
NKX2-1,2.7046934e-07,dense_mlp,739
MS4A13,2.7037856e-07,dense_mlp,740
LEKR1,2.7030512e-07,dense_mlp,741
DLX3,2.6981908e-07,dense_mlp,742
MAS1L,2.698145e-07,dense_mlp,743
WBP2NL,2.69763e-07,dense_mlp,744
RNF113B,2.697441e-07,dense_mlp,745
SPDYE1,2.695021e-07,dense_mlp,746
TMEM92,2.6924118e-07,dense_mlp,747
CNTNAP2,2.6882273e-07,dense_mlp,748
NEXN,2.6880036e-07,dense_mlp,749
RNF32,2.6869404e-07,dense_mlp,750
PDZK1,2.6842434e-07,dense_mlp,751
NCBP2L,2.6831154e-07,dense_mlp,752
NCCRP1,2.6813242e-07,dense_mlp,753
LRRC75A,2.6812083e-07,dense_mlp,754
FCHSD1,2.678739e-07,dense_mlp,755
PASD1,2.6776777e-07,dense_mlp,756
TMEM229A,2.6765449e-07,dense_mlp,757
MSLNL,2.674545e-07,dense_mlp,758
EFCAB3,2.673371e-07,dense_mlp,759
CBLC,2.6727648e-07,dense_mlp,760
PDE6C,2.672463e-07,dense_mlp,761
SPATA48,2.668521e-07,dense_mlp,762
ATOH1,2.6643292e-07,dense_mlp,763
GSDMC,2.664197e-07,dense_mlp,764
C10orf71,2.6626836e-07,dense_mlp,765
PYDC1,2.6583027e-07,dense_mlp,766
PLA2G12B,2.654146e-07,dense_mlp,767
CBLN3,2.653986e-07,dense_mlp,768
CCDC196,2.6534912e-07,dense_mlp,769
THEG,2.6524592e-07,dense_mlp,770
CCDC152,2.651709e-07,dense_mlp,771
PPP3R2,2.6503537e-07,dense_mlp,772
CPZ,2.649972e-07,dense_mlp,773
FEV,2.6499066e-07,dense_mlp,774
CDC14C,2.6496951e-07,dense_mlp,775
BBOF1,2.649214e-07,dense_mlp,776
DMRTA1,2.6491793e-07,dense_mlp,777
CNTNAP5,2.6406784e-07,dense_mlp,778
TCL1B,2.640654e-07,dense_mlp,779
FAM133A,2.6368676e-07,dense_mlp,780
FAM71A,2.6367562e-07,dense_mlp,781
HOXD9,2.6363162e-07,dense_mlp,782
PRAP1,2.6341095e-07,dense_mlp,783
ALLC,2.6318213e-07,dense_mlp,784
DACH2,2.6314095e-07,dense_mlp,785
TBATA,2.6309203e-07,dense_mlp,786
MEGF6,2.6297823e-07,dense_mlp,787
HHLA1,2.6279764e-07,dense_mlp,788
C1orf87,2.6268452e-07,dense_mlp,789
PRM3,2.6250882e-07,dense_mlp,790
HOXB5,2.623426e-07,dense_mlp,791
SEC14L3,2.62266e-07,dense_mlp,792
SYNE4,2.621359e-07,dense_mlp,793
AC011005.1,2.6190958e-07,dense_mlp,794
VGLL3,2.618774e-07,dense_mlp,795
CCNB3,2.6180186e-07,dense_mlp,796
CNNM1,2.61633e-07,dense_mlp,797
CLEC18C,2.6150423e-07,dense_mlp,798
CCDC33,2.6142757e-07,dense_mlp,799
CNTD2,2.6138486e-07,dense_mlp,800
SH3TC1,2.6132162e-07,dense_mlp,801
FAM187B,2.6123678e-07,dense_mlp,802
TMEM271,2.6123664e-07,dense_mlp,803
GDF15,2.6087386e-07,dense_mlp,804
PRSS58,2.6081653e-07,dense_mlp,805
CLEC20A,2.6062253e-07,dense_mlp,806
SPDYE4,2.6033322e-07,dense_mlp,807
SKAP1,2.6031265e-07,dense_mlp,808
C9orf92,2.6025222e-07,dense_mlp,809
GGACT,2.602498e-07,dense_mlp,810
RNF186,2.6017145e-07,dense_mlp,811
HMCN1,2.599582e-07,dense_mlp,812
UNC45B,2.5960412e-07,dense_mlp,813
SHISA9,2.5959073e-07,dense_mlp,814
OLFM3,2.5949677e-07,dense_mlp,815
GFI1B,2.5947898e-07,dense_mlp,816
AKR1C8P,2.5926352e-07,dense_mlp,817
RETNLB,2.591054e-07,dense_mlp,818
HUS1B,2.588749e-07,dense_mlp,819
ZFP92,2.5880752e-07,dense_mlp,820
SLC25A47,2.587597e-07,dense_mlp,821
RAI2,2.5871228e-07,dense_mlp,822
GPRC5A,2.58511e-07,dense_mlp,823
TRIM60,2.5844804e-07,dense_mlp,824
TNFAIP8L3,2.5830218e-07,dense_mlp,825
TMEM150B,2.5786267e-07,dense_mlp,826
LY6L,2.5781793e-07,dense_mlp,827
MYOT,2.5768517e-07,dense_mlp,828
NANOS2,2.5760156e-07,dense_mlp,829
CST11,2.5730932e-07,dense_mlp,830
SEMG2,2.5706714e-07,dense_mlp,831
PRRG4,2.57003e-07,dense_mlp,832
AGR2,2.5675243e-07,dense_mlp,833
TBC1D3E,2.565261e-07,dense_mlp,834
AADACL3,2.5648532e-07,dense_mlp,835
FAM131C,2.563542e-07,dense_mlp,836
SH2D3A,2.5619823e-07,dense_mlp,837
HIST1H2BA,2.5584356e-07,dense_mlp,838
LYZL1,2.5564097e-07,dense_mlp,839
RERG,2.556374e-07,dense_mlp,840
CEACAM20,2.5542172e-07,dense_mlp,841
CEACAM16,2.5526828e-07,dense_mlp,842
TINCR,2.5525895e-07,dense_mlp,843
MROH9,2.551727e-07,dense_mlp,844
SPDYE5,2.551202e-07,dense_mlp,845
LMO3,2.5451666e-07,dense_mlp,846
TMEM71,2.5445087e-07,dense_mlp,847
TRBC1,2.5436907e-07,dense_mlp,848
GPRIN2,2.543028e-07,dense_mlp,849
FNDC8,2.542502e-07,dense_mlp,850
FAM163B,2.541776e-07,dense_mlp,851
GPR87,2.5399893e-07,dense_mlp,852
PRSS55,2.5361157e-07,dense_mlp,853
NPPB,2.5353108e-07,dense_mlp,854
FAT2,2.533239e-07,dense_mlp,855
FRMPD2,2.530366e-07,dense_mlp,856
TTC23L,2.5296492e-07,dense_mlp,857
SSU72P8,2.529265e-07,dense_mlp,858
DNAJC5G,2.528274e-07,dense_mlp,859
REG4,2.527545e-07,dense_mlp,860
ZNF385C,2.527282e-07,dense_mlp,861
LGALS12,2.5267556e-07,dense_mlp,862
KLRG2,2.526552e-07,dense_mlp,863
CES4A,2.5259538e-07,dense_mlp,864
TNMD,2.5219288e-07,dense_mlp,865
TULP2,2.5165807e-07,dense_mlp,866
SH3RF2,2.516234e-07,dense_mlp,867
C7orf57,2.5161597e-07,dense_mlp,868
GPR160,2.5097944e-07,dense_mlp,869
ITPRIP,2.5093985e-07,dense_mlp,870
CCDC190,2.5085748e-07,dense_mlp,871
C1orf232,2.5075914e-07,dense_mlp,872
CRYBG2,2.5067425e-07,dense_mlp,873
CRNN,2.5059938e-07,dense_mlp,874
FAM170B,2.503357e-07,dense_mlp,875
LMLN2,2.49998e-07,dense_mlp,876
PLEKHF1,2.498894e-07,dense_mlp,877
ANGPTL1,2.4987062e-07,dense_mlp,878
A2ML1,2.4985e-07,dense_mlp,879
FCRL3,2.4959854e-07,dense_mlp,880
DHRS2,2.4955915e-07,dense_mlp,881
TAF11L8,2.4913817e-07,dense_mlp,882
DOK7,2.4900186e-07,dense_mlp,883
LGALS9C,2.4884957e-07,dense_mlp,884
SEL1L2,2.48791e-07,dense_mlp,885
NSUN7,2.4875393e-07,dense_mlp,886
GPRC5C,2.4814062e-07,dense_mlp,887
LYZL6,2.480616e-07,dense_mlp,888
SLC26A8,2.4794377e-07,dense_mlp,889
MARCH10,2.4787744e-07,dense_mlp,890
BMP8A,2.4756446e-07,dense_mlp,891
LRRC61,2.4739842e-07,dense_mlp,892
TDRD15,2.4735726e-07,dense_mlp,893
PRR20G,2.473529e-07,dense_mlp,894
SERPINA11,2.4652505e-07,dense_mlp,895
ATOH7,2.4651692e-07,dense_mlp,896
GGN,2.4651513e-07,dense_mlp,897
GSX2,2.4649987e-07,dense_mlp,898
MAGEA8,2.4648665e-07,dense_mlp,899
SMIM33,2.4633505e-07,dense_mlp,900
C9orf135,2.4632158e-07,dense_mlp,901
SERPINB7,2.4627013e-07,dense_mlp,902
GSG1L2,2.4623367e-07,dense_mlp,903
C2orf78,2.4618896e-07,dense_mlp,904
TOX,2.461141e-07,dense_mlp,905
AURKC,2.4601798e-07,dense_mlp,906
C3orf84,2.4596326e-07,dense_mlp,907
OTOP3,2.455157e-07,dense_mlp,908
FRMD3,2.45414e-07,dense_mlp,909
CCDC177,2.4532827e-07,dense_mlp,910
APOBEC3D,2.4507813e-07,dense_mlp,911
ADAM29,2.449594e-07,dense_mlp,912
POU2F3,2.4472982e-07,dense_mlp,913
RTBDN,2.4465933e-07,dense_mlp,914
SP140,2.4456318e-07,dense_mlp,915
SPATA31A6,2.4456108e-07,dense_mlp,916
PNMA6F,2.4455755e-07,dense_mlp,917
TRIML1,2.4448383e-07,dense_mlp,918
CLMP,2.4448298e-07,dense_mlp,919
FANK1,2.4430645e-07,dense_mlp,920
SUSD5,2.442954e-07,dense_mlp,921
LRRIQ4,2.4421905e-07,dense_mlp,922
SMR3B,2.44204e-07,dense_mlp,923
FSIP2,2.438805e-07,dense_mlp,924
IFITM5,2.4369962e-07,dense_mlp,925
USHBP1,2.4323285e-07,dense_mlp,926
MDFIC2,2.4322787e-07,dense_mlp,927
EMCN,2.431959e-07,dense_mlp,928
METTL27,2.43099e-07,dense_mlp,929
EHF,2.4298825e-07,dense_mlp,930
TCEANC,2.427359e-07,dense_mlp,931
PRMT8,2.425621e-07,dense_mlp,932
PATE1,2.4254172e-07,dense_mlp,933
TMEM51,2.423417e-07,dense_mlp,934
CLEC2A,2.420317e-07,dense_mlp,935
XIRP1,2.4191726e-07,dense_mlp,936
PPP4R4,2.4189183e-07,dense_mlp,937
MAGEB18,2.4186258e-07,dense_mlp,938
SCGB1A1,2.4182697e-07,dense_mlp,939
LRRC15,2.4144188e-07,dense_mlp,940
TENT5C,2.4139956e-07,dense_mlp,941
PPP1R27,2.4130486e-07,dense_mlp,942
SLFN11,2.411536e-07,dense_mlp,943
C11orf16,2.4113766e-07,dense_mlp,944
PLEKHH2,2.4106137e-07,dense_mlp,945
DACT2,2.4102067e-07,dense_mlp,946
DMRTC2,2.4090983e-07,dense_mlp,947
AC134684.8,2.4086413e-07,dense_mlp,948
LHFPL3,2.4085855e-07,dense_mlp,949
AFM,2.4078864e-07,dense_mlp,950
H3F3C,2.4078076e-07,dense_mlp,951
NXPE4,2.404841e-07,dense_mlp,952
BNC1,2.4040946e-07,dense_mlp,953
C10orf95,2.4031004e-07,dense_mlp,954
C1QTNF7,2.4006124e-07,dense_mlp,955
TCF24,2.3997458e-07,dense_mlp,956
TXNDC2,2.3992982e-07,dense_mlp,957
ANGPTL7,2.3984018e-07,dense_mlp,958
FAM30A,2.3964938e-07,dense_mlp,959
MYOM1,2.3946396e-07,dense_mlp,960
MPP4,2.3940353e-07,dense_mlp,961
PDLIM3,2.3932893e-07,dense_mlp,962
CR1L,2.391114e-07,dense_mlp,963
ECHDC2,2.3902962e-07,dense_mlp,964
CABP5,2.3895453e-07,dense_mlp,965
CNGA3,2.3880406e-07,dense_mlp,966
SPDYE6,2.387486e-07,dense_mlp,967
GLOD5,2.384939e-07,dense_mlp,968
ANKRD63,2.384936e-07,dense_mlp,969
DTHD1,2.3834369e-07,dense_mlp,970
FAM83H,2.3825608e-07,dense_mlp,971
TMTC1,2.3813304e-07,dense_mlp,972
NCMAP,2.3788492e-07,dense_mlp,973
TCHHL1,2.378032e-07,dense_mlp,974
FAM177B,2.3765446e-07,dense_mlp,975
SDR42E1,2.3759752e-07,dense_mlp,976
C15orf48,2.3757028e-07,dense_mlp,977
TMEM262,2.3752634e-07,dense_mlp,978
CT83,2.3752406e-07,dense_mlp,979
TRIM15,2.3734393e-07,dense_mlp,980
VWA5B1,2.372946e-07,dense_mlp,981
KLHL31,2.371752e-07,dense_mlp,982
GSDMA,2.3690073e-07,dense_mlp,983
DPEP2NB,2.3678702e-07,dense_mlp,984
LRCOL1,2.3674166e-07,dense_mlp,985
GOLGA6L6,2.3625608e-07,dense_mlp,986
ZNF474,2.3625456e-07,dense_mlp,987
GPR3,2.362421e-07,dense_mlp,988
TOM1L1,2.361475e-07,dense_mlp,989
PPM1H,2.3602998e-07,dense_mlp,990
MFSD4A,2.3577032e-07,dense_mlp,991
ERVK3-1,2.3532871e-07,dense_mlp,992
ZNF185,2.3516597e-07,dense_mlp,993
ECRG4,2.3508953e-07,dense_mlp,994
FAM167B,2.3487685e-07,dense_mlp,995
SPEGNB,2.3478354e-07,dense_mlp,996
TSPAN12,2.3459751e-07,dense_mlp,997
SLC16A13,2.3452418e-07,dense_mlp,998
DCST1,2.3438892e-07,dense_mlp,999
LCN10,2.3438709e-07,dense_mlp,1000
EPN3,2.3430242e-07,dense_mlp,1001
RHOXF2B,2.3416224e-07,dense_mlp,1002
PHF24,2.3400375e-07,dense_mlp,1003
SERPINB4,2.3395073e-07,dense_mlp,1004
AC007906.2,2.3381264e-07,dense_mlp,1005
FAM149B1,2.3374874e-07,dense_mlp,1006
GIMAP5,2.3368632e-07,dense_mlp,1007
CFAP126,2.3363874e-07,dense_mlp,1008
TMEM266,2.3356431e-07,dense_mlp,1009
BOD1L2,2.334695e-07,dense_mlp,1010
ADGRG7,2.3343885e-07,dense_mlp,1011
RNASE12,2.3328784e-07,dense_mlp,1012
OMP,2.3306592e-07,dense_mlp,1013
SFRP4,2.3273276e-07,dense_mlp,1014
ISM2,2.3247047e-07,dense_mlp,1015
PRSS48,2.3226306e-07,dense_mlp,1016
ACOT6,2.3197103e-07,dense_mlp,1017
FBXO39,2.3160818e-07,dense_mlp,1018
CFAP52,2.3153203e-07,dense_mlp,1019
TMC3,2.31374e-07,dense_mlp,1020
TRIM43,2.3132887e-07,dense_mlp,1021
RTL9,2.3115952e-07,dense_mlp,1022
CFAP47,2.3098336e-07,dense_mlp,1023
ATAD3C,2.3089733e-07,dense_mlp,1024
SMIM10,2.3082033e-07,dense_mlp,1025
C7orf77,2.306254e-07,dense_mlp,1026
MFSD6L,2.3048224e-07,dense_mlp,1027
PRR23B,2.3046624e-07,dense_mlp,1028
FAM47C,2.3039527e-07,dense_mlp,1029
IGFL1,2.3019311e-07,dense_mlp,1030
FRG2C,2.3017998e-07,dense_mlp,1031
NPTX1,2.2993085e-07,dense_mlp,1032
SPACA3,2.2989282e-07,dense_mlp,1033
CLRN1,2.2982722e-07,dense_mlp,1034
TMEM98,2.2960758e-07,dense_mlp,1035
EHD4,2.2941741e-07,dense_mlp,1036
TMEM247,2.293385e-07,dense_mlp,1037
DNASE2B,2.2930898e-07,dense_mlp,1038
CCDC182,2.2930709e-07,dense_mlp,1039
CCDC185,2.2914611e-07,dense_mlp,1040
ABHD1,2.2905355e-07,dense_mlp,1041
GIPC2,2.2896008e-07,dense_mlp,1042
SHISAL2A,2.2891365e-07,dense_mlp,1043
AC106774.4,2.2886536e-07,dense_mlp,1044
SLC22A9,2.2877018e-07,dense_mlp,1045
SLC22A14,2.2876162e-07,dense_mlp,1046
DNLZ,2.2861643e-07,dense_mlp,1047
TMPRSS13,2.285714e-07,dense_mlp,1048
MMP26,2.2838204e-07,dense_mlp,1049
SLAMF8,2.2837256e-07,dense_mlp,1050
DMBX1,2.2808827e-07,dense_mlp,1051
WDR88,2.2801798e-07,dense_mlp,1052
STEAP1,2.2798837e-07,dense_mlp,1053
IQCF1,2.277415e-07,dense_mlp,1054
MAGEB2,2.2766571e-07,dense_mlp,1055
MADCAM1,2.2760514e-07,dense_mlp,1056
TMEM26,2.2754206e-07,dense_mlp,1057
PAGE1,2.2742103e-07,dense_mlp,1058
MUSTN1,2.2736425e-07,dense_mlp,1059
RAPSN,2.2721947e-07,dense_mlp,1060
C3orf22,2.2710627e-07,dense_mlp,1061
PPP1R17,2.269135e-07,dense_mlp,1062
CLPSL1,2.2681768e-07,dense_mlp,1063
FGF5,2.2668826e-07,dense_mlp,1064
MYOF,2.2663197e-07,dense_mlp,1065
TGM2,2.2640121e-07,dense_mlp,1066
RIBC2,2.2633292e-07,dense_mlp,1067
PPEF2,2.2607317e-07,dense_mlp,1068
H2BFM,2.260721e-07,dense_mlp,1069
NUTM2A,2.2601938e-07,dense_mlp,1070
ZBTB7C,2.2594e-07,dense_mlp,1071
MRGPRF,2.2586545e-07,dense_mlp,1072
SPANXN1,2.2579081e-07,dense_mlp,1073
DDX43,2.2549244e-07,dense_mlp,1074
PCARE,2.2545905e-07,dense_mlp,1075
TESMIN,2.2536054e-07,dense_mlp,1076
GIMAP6,2.2525722e-07,dense_mlp,1077
MYOZ2,2.2515748e-07,dense_mlp,1078
SEC14L6,2.2504656e-07,dense_mlp,1079
SPDYA,2.2495537e-07,dense_mlp,1080
SPEM3,2.2495318e-07,dense_mlp,1081
NIBAN1,2.2491649e-07,dense_mlp,1082
CBARP,2.2484971e-07,dense_mlp,1083
SOX15,2.2480599e-07,dense_mlp,1084
LRRC71,2.2470088e-07,dense_mlp,1085
EFHB,2.2460114e-07,dense_mlp,1086
RBM47,2.2441864e-07,dense_mlp,1087
USP17L7,2.2432828e-07,dense_mlp,1088
VHLL,2.2422822e-07,dense_mlp,1089
CNBD1,2.239895e-07,dense_mlp,1090
C1QL2,2.2392955e-07,dense_mlp,1091
ETDC,2.2386861e-07,dense_mlp,1092
TCF21,2.2356404e-07,dense_mlp,1093
TMEM238,2.2336563e-07,dense_mlp,1094
CLEC19A,2.232058e-07,dense_mlp,1095
FAM47A,2.2320476e-07,dense_mlp,1096
EFCC1,2.2318054e-07,dense_mlp,1097
ZPBP2,2.2317222e-07,dense_mlp,1098
SPANXB1,2.2291651e-07,dense_mlp,1099
SCX,2.2284101e-07,dense_mlp,1100
GRIFIN,2.2283696e-07,dense_mlp,1101
PDF,2.228165e-07,dense_mlp,1102
BPIFC,2.2274655e-07,dense_mlp,1103
AC005551.1,2.2267653e-07,dense_mlp,1104
FEZF1,2.2265198e-07,dense_mlp,1105
CCER1,2.2253167e-07,dense_mlp,1106
C19orf71,2.2235213e-07,dense_mlp,1107
GPR182,2.2215849e-07,dense_mlp,1108
FAM169B,2.2197587e-07,dense_mlp,1109
KL,2.2188577e-07,dense_mlp,1110
BHMG1,2.2166539e-07,dense_mlp,1111
OLFML1,2.2164312e-07,dense_mlp,1112
AL603764.2,2.2160582e-07,dense_mlp,1113
ANKRD65,2.2154445e-07,dense_mlp,1114
C12orf60,2.2146818e-07,dense_mlp,1115
CST9L,2.2146715e-07,dense_mlp,1116
TEX50,2.2142387e-07,dense_mlp,1117
SLC35G5,2.2134996e-07,dense_mlp,1118
HMHB1,2.2133781e-07,dense_mlp,1119
MYMK,2.2128918e-07,dense_mlp,1120
UNC5CL,2.2115508e-07,dense_mlp,1121
SLAMF1,2.2114243e-07,dense_mlp,1122
SH2D4A,2.2107209e-07,dense_mlp,1123
RHEBL1,2.2102905e-07,dense_mlp,1124
UBQLN3,2.2099181e-07,dense_mlp,1125
TMPRSS11D,2.209743e-07,dense_mlp,1126
FAM104A,2.2096567e-07,dense_mlp,1127
HEMGN,2.2089503e-07,dense_mlp,1128
CDCP1,2.2078714e-07,dense_mlp,1129
SMIM38,2.2073989e-07,dense_mlp,1130
ZNF80,2.2071444e-07,dense_mlp,1131
DBX2,2.2062213e-07,dense_mlp,1132
GLT6D1,2.2058694e-07,dense_mlp,1133
NXPE1,2.2045577e-07,dense_mlp,1134
KNCN,2.2035057e-07,dense_mlp,1135
TRIM51GP,2.2006253e-07,dense_mlp,1136
SPATS1,2.1983922e-07,dense_mlp,1137
PSTPIP2,2.1980819e-07,dense_mlp,1138
KIAA1522,2.1968734e-07,dense_mlp,1139
FTHL17,2.1949782e-07,dense_mlp,1140
YDJC,2.1943517e-07,dense_mlp,1141
BSPRY,2.1927947e-07,dense_mlp,1142
MOB3C,2.1926431e-07,dense_mlp,1143
ABHD12B,2.1925221e-07,dense_mlp,1144
SCGB2B2,2.1923317e-07,dense_mlp,1145
FRZB,2.1912146e-07,dense_mlp,1146
ROPN1L,2.1886628e-07,dense_mlp,1147
CPA6,2.1854521e-07,dense_mlp,1148
CTAGE1,2.1853744e-07,dense_mlp,1149
CPLX3,2.1838967e-07,dense_mlp,1150
HR,2.1829136e-07,dense_mlp,1151
CDX1,2.1820432e-07,dense_mlp,1152
PROX2,2.1805698e-07,dense_mlp,1153
PRAMEF27,2.1802441e-07,dense_mlp,1154
FRRS1,2.1798166e-07,dense_mlp,1155
OR51C1P,2.1796454e-07,dense_mlp,1156
GPR152,2.1787577e-07,dense_mlp,1157
SMLR1,2.1755133e-07,dense_mlp,1158
RNF17,2.1747016e-07,dense_mlp,1159
PPP1R14D,2.17382e-07,dense_mlp,1160
TMEM270,2.1737665e-07,dense_mlp,1161
GPR157,2.1736075e-07,dense_mlp,1162
LRRC10B,2.171448e-07,dense_mlp,1163
GPR139,2.1708402e-07,dense_mlp,1164
MAP3K7CL,2.1695081e-07,dense_mlp,1165
C1orf54,2.1694122e-07,dense_mlp,1166
SAA4,2.1681177e-07,dense_mlp,1167
SPATA31A5,2.1679685e-07,dense_mlp,1168
AL135905.2,2.1613765e-07,dense_mlp,1169
S100A14,2.1604241e-07,dense_mlp,1170
MDFIC,2.1582906e-07,dense_mlp,1171
NOBOX,2.1580907e-07,dense_mlp,1172
CAPS2,2.1575369e-07,dense_mlp,1173
NKX2-4,2.1539418e-07,dense_mlp,1174
C11orf21,2.1514457e-07,dense_mlp,1175
LBHD2,2.1512922e-07,dense_mlp,1176
SMIM32,2.1509408e-07,dense_mlp,1177
OSR2,2.1506695e-07,dense_mlp,1178
CCDC36,2.1495318e-07,dense_mlp,1179
FCRLA,2.1485468e-07,dense_mlp,1180
IRX4,2.1485361e-07,dense_mlp,1181
NME8,2.1480135e-07,dense_mlp,1182
TCF23,2.1464787e-07,dense_mlp,1183
TCEAL6,2.1464648e-07,dense_mlp,1184
SPATA3,2.1462618e-07,dense_mlp,1185
TMIGD1,2.1457193e-07,dense_mlp,1186
IRGC,2.1456763e-07,dense_mlp,1187
ZNF763,2.1452034e-07,dense_mlp,1188
VWA3A,2.1444949e-07,dense_mlp,1189
OVOL1,2.1434057e-07,dense_mlp,1190
RP1L1,2.1370147e-07,dense_mlp,1191
ZAN,2.1351055e-07,dense_mlp,1192
RPGRIP1,2.1333521e-07,dense_mlp,1193
SSMEM1,2.1329976e-07,dense_mlp,1194
AXDND1,2.1312614e-07,dense_mlp,1195
PTCHD4,2.131239e-07,dense_mlp,1196
ARL14,2.1292942e-07,dense_mlp,1197
GAPT,2.129145e-07,dense_mlp,1198
TRIM54,2.1289051e-07,dense_mlp,1199
GAB4,2.1268897e-07,dense_mlp,1200
NT5DC4,2.1252688e-07,dense_mlp,1201
NXF5,2.1226238e-07,dense_mlp,1202
PNMA5,2.1224847e-07,dense_mlp,1203
FRMD8,2.1213036e-07,dense_mlp,1204
C9orf43,2.1206684e-07,dense_mlp,1205
MYOZ3,2.1203316e-07,dense_mlp,1206
NXNL2,2.120288e-07,dense_mlp,1207
ACCS,2.1195271e-07,dense_mlp,1208
DMRTA2,2.1179298e-07,dense_mlp,1209
LRRC37A3,2.1177968e-07,dense_mlp,1210
NKAPL,2.117468e-07,dense_mlp,1211
NHLRC4,2.1169687e-07,dense_mlp,1212
BSX,2.1148516e-07,dense_mlp,1213
TLDC2,2.1106396e-07,dense_mlp,1214
TENM3,2.1061699e-07,dense_mlp,1215
CCDC85A,2.105966e-07,dense_mlp,1216
UBASH3A,2.1054396e-07,dense_mlp,1217
KCNT1,2.1038502e-07,dense_mlp,1218
CYYR1,2.1037036e-07,dense_mlp,1219
OOSP3,2.1035191e-07,dense_mlp,1220
CD164,2.1033834e-07,dense_mlp,1221
INSL6,2.1032064e-07,dense_mlp,1222
FIGNL2,2.103129e-07,dense_mlp,1223
ARGFX,2.1030861e-07,dense_mlp,1224
SMIM28,2.102704e-07,dense_mlp,1225
RSPH10B2,2.099837e-07,dense_mlp,1226
PKHD1,2.0995546e-07,dense_mlp,1227
PFN3,2.0993915e-07,dense_mlp,1228
ALG1L,2.0987167e-07,dense_mlp,1229
CXorf66,2.097505e-07,dense_mlp,1230
TCF15,2.0974952e-07,dense_mlp,1231
MAGEB16,2.0969325e-07,dense_mlp,1232
HOOK1,2.0958785e-07,dense_mlp,1233
MAGEA10,2.0955369e-07,dense_mlp,1234
C6orf132,2.0947157e-07,dense_mlp,1235
AL391650.1,2.0938818e-07,dense_mlp,1236
APELA,2.0935458e-07,dense_mlp,1237
SOHLH2,2.0909805e-07,dense_mlp,1238
FNDC9,2.0909683e-07,dense_mlp,1239
PRAMEF13,2.0908129e-07,dense_mlp,1240
LMNTD1,2.0906369e-07,dense_mlp,1241
SNTN,2.090257e-07,dense_mlp,1242
C11orf87,2.0900494e-07,dense_mlp,1243
AHSP,2.0881333e-07,dense_mlp,1244
GIMAP7,2.0879695e-07,dense_mlp,1245
MMP27,2.0876404e-07,dense_mlp,1246
FRMPD4,2.0863632e-07,dense_mlp,1247
IQCM,2.0862612e-07,dense_mlp,1248
GPR153,2.0861738e-07,dense_mlp,1249
JHY,2.0861407e-07,dense_mlp,1250
TMEM150C,2.0858313e-07,dense_mlp,1251
SERPINA9,2.0841226e-07,dense_mlp,1252
CATIP,2.0832223e-07,dense_mlp,1253
C5orf58,2.0815668e-07,dense_mlp,1254
SCGB1D2,2.07962e-07,dense_mlp,1255
PLXDC1,2.0794606e-07,dense_mlp,1256
FLACC1,2.0772377e-07,dense_mlp,1257
EPPK1,2.075853e-07,dense_mlp,1258
ERVV-2,2.0751627e-07,dense_mlp,1259
METTL11B,2.0744402e-07,dense_mlp,1260
SVOPL,2.0744062e-07,dense_mlp,1261
LURAP1L,2.0739479e-07,dense_mlp,1262
FP565260.1,2.0731812e-07,dense_mlp,1263
USP51,2.0726321e-07,dense_mlp,1264
PTX4,2.0712898e-07,dense_mlp,1265
OTOR,2.0705701e-07,dense_mlp,1266
ACTRT3,2.0694812e-07,dense_mlp,1267
SPOCK2,2.0694222e-07,dense_mlp,1268
TAL2,2.0690207e-07,dense_mlp,1269
KRTAP4-16,2.0679802e-07,dense_mlp,1270
KIAA2012,2.0670791e-07,dense_mlp,1271
C10orf53,2.0667491e-07,dense_mlp,1272
AC010255.3,2.0645295e-07,dense_mlp,1273
RTN4IP1,2.063928e-07,dense_mlp,1274
MAGEA9B,2.060206e-07,dense_mlp,1275
JAKMIP3,2.0601557e-07,dense_mlp,1276
PXT1,2.059058e-07,dense_mlp,1277
CCDC60,2.0589943e-07,dense_mlp,1278
HDHD3,2.0589727e-07,dense_mlp,1279
TBX10,2.0584366e-07,dense_mlp,1280
LZTS1,2.0571771e-07,dense_mlp,1281
TLCD2,2.0564187e-07,dense_mlp,1282
FAM83G,2.056301e-07,dense_mlp,1283
PTPRH,2.0562855e-07,dense_mlp,1284
PLAC9,2.055628e-07,dense_mlp,1285
C14orf39,2.0548781e-07,dense_mlp,1286
TEKT3,2.054854e-07,dense_mlp,1287
CDHR4,2.053873e-07,dense_mlp,1288
FAM83A,2.0518932e-07,dense_mlp,1289
PHLDA2,2.0515556e-07,dense_mlp,1290
PPM1N,2.0510176e-07,dense_mlp,1291
LURAP1,2.0508709e-07,dense_mlp,1292
ISM1,2.0497014e-07,dense_mlp,1293
CHORDC1,2.0494262e-07,dense_mlp,1294
LRRC19,2.0492877e-07,dense_mlp,1295
MEOX2,2.048902e-07,dense_mlp,1296
NR6A1,2.0488007e-07,dense_mlp,1297
PHGR1,2.0483311e-07,dense_mlp,1298
SLC17A4,2.0476432e-07,dense_mlp,1299
GBGT1,2.0474162e-07,dense_mlp,1300
CCDC140,2.0468862e-07,dense_mlp,1301
MYLK4,2.0454371e-07,dense_mlp,1302
TMPRSS11E,2.0445599e-07,dense_mlp,1303
LOXHD1,2.0442955e-07,dense_mlp,1304
INSM2,2.043705e-07,dense_mlp,1305
FOXB2,2.0434435e-07,dense_mlp,1306
SPERT,2.0429988e-07,dense_mlp,1307
RNF183,2.0422111e-07,dense_mlp,1308
EFCAB9,2.0419526e-07,dense_mlp,1309
XKR3,2.0412483e-07,dense_mlp,1310
PPP1R1A,2.0405892e-07,dense_mlp,1311
PHEX,2.0403763e-07,dense_mlp,1312
ITIH5,2.0394931e-07,dense_mlp,1313
CRYBA1,2.038979e-07,dense_mlp,1314
EXOC3L1,2.0383573e-07,dense_mlp,1315
RPH3AL,2.0375978e-07,dense_mlp,1316
HPCA,2.036939e-07,dense_mlp,1317
TOX2,2.0367057e-07,dense_mlp,1318
BSPH1,2.0364796e-07,dense_mlp,1319
C12orf54,2.0354807e-07,dense_mlp,1320
TEX55,2.0347437e-07,dense_mlp,1321
ZFYVE28,2.0341854e-07,dense_mlp,1322
MAGEC3,2.0340538e-07,dense_mlp,1323
PCDHB15,2.033524e-07,dense_mlp,1324
MLIP,2.0330772e-07,dense_mlp,1325
SPATA31D3,2.0329925e-07,dense_mlp,1326
TAFA3,2.0326648e-07,dense_mlp,1327
FAM166A,2.0322379e-07,dense_mlp,1328
C1GALT1C1L,2.0317614e-07,dense_mlp,1329
SLC6A16,2.031694e-07,dense_mlp,1330
C16orf54,2.031573e-07,dense_mlp,1331
EVX2,2.0309402e-07,dense_mlp,1332
CSMD3,2.0305947e-07,dense_mlp,1333
C5orf49,2.029208e-07,dense_mlp,1334
CALHM5,2.0262391e-07,dense_mlp,1335
LXN,2.0255357e-07,dense_mlp,1336
NXPH4,2.0248982e-07,dense_mlp,1337
TREX2,2.0244589e-07,dense_mlp,1338
ERICH6B,2.023588e-07,dense_mlp,1339
C3orf80,2.0233662e-07,dense_mlp,1340
STXBP5L,2.0216274e-07,dense_mlp,1341
R3HDML,2.0213136e-07,dense_mlp,1342
PHYHIP,2.021162e-07,dense_mlp,1343
CARTPT,2.0211448e-07,dense_mlp,1344
CCDC201,2.020201e-07,dense_mlp,1345
PRR23A,2.0186792e-07,dense_mlp,1346
FAM221B,2.018512e-07,dense_mlp,1347
CALN1,2.0163088e-07,dense_mlp,1348
ARFGEF3,2.0143679e-07,dense_mlp,1349
SPINK7,2.014239e-07,dense_mlp,1350
BEND4,2.0131777e-07,dense_mlp,1351
WFDC10B,2.0131716e-07,dense_mlp,1352
ZNF385B,2.0131037e-07,dense_mlp,1353
TTC25,2.0130828e-07,dense_mlp,1354
USP50,2.012867e-07,dense_mlp,1355
P3R3URF,2.0117972e-07,dense_mlp,1356
PRAMEF20,2.0096056e-07,dense_mlp,1357
SYNPO2,2.0088207e-07,dense_mlp,1358
MAB21L4,2.0076952e-07,dense_mlp,1359
FREM2,2.0057335e-07,dense_mlp,1360
GPR148,2.0052543e-07,dense_mlp,1361
HOXB7,2.0032952e-07,dense_mlp,1362
AC099489.1,2.0027075e-07,dense_mlp,1363
ZBBX,2.0022867e-07,dense_mlp,1364
MARVELD2,2.0020397e-07,dense_mlp,1365
B4GALNT3,2.0010401e-07,dense_mlp,1366
SMIM31,2.0008171e-07,dense_mlp,1367
CEACAM4,1.998868e-07,dense_mlp,1368
MEIOB,1.9984566e-07,dense_mlp,1369
IGSF5,1.9956433e-07,dense_mlp,1370
GPA33,1.9955694e-07,dense_mlp,1371
KLK15,1.9952054e-07,dense_mlp,1372
PDZK1IP1,1.994763e-07,dense_mlp,1373
MRGPRX3,1.994029e-07,dense_mlp,1374
C2CD4C,1.99197e-07,dense_mlp,1375
SIM1,1.9908495e-07,dense_mlp,1376
H3F3B,1.9891857e-07,dense_mlp,1377
PAGE3,1.9891489e-07,dense_mlp,1378
OOSP4B,1.9857512e-07,dense_mlp,1379
TCTEX1D1,1.9848027e-07,dense_mlp,1380
GPRC5D,1.9845095e-07,dense_mlp,1381
CFAP74,1.984452e-07,dense_mlp,1382
SLC22A25,1.9839347e-07,dense_mlp,1383
MOXD1,1.9832206e-07,dense_mlp,1384
HELB,1.9827881e-07,dense_mlp,1385
VGLL2,1.9820887e-07,dense_mlp,1386
CLC,1.9814959e-07,dense_mlp,1387
DBX1,1.9814824e-07,dense_mlp,1388
TTC12,1.9800025e-07,dense_mlp,1389
TGM6,1.9799465e-07,dense_mlp,1390
CCDC9,1.9793191e-07,dense_mlp,1391
PROCA1,1.9783853e-07,dense_mlp,1392
TEKT5,1.9769418e-07,dense_mlp,1393
CARD18,1.9767306e-07,dense_mlp,1394
CMTM1,1.9755738e-07,dense_mlp,1395
CCT8L2,1.975299e-07,dense_mlp,1396
C3orf56,1.974512e-07,dense_mlp,1397
ZCCHC12,1.9742336e-07,dense_mlp,1398
CFAP161,1.9732978e-07,dense_mlp,1399
BVES,1.9720194e-07,dense_mlp,1400
FAM71D,1.9710089e-07,dense_mlp,1401
MYLPF,1.9706407e-07,dense_mlp,1402
IER2,1.9705435e-07,dense_mlp,1403
FAM161B,1.9696668e-07,dense_mlp,1404
ODAPH,1.9692003e-07,dense_mlp,1405
GPR151,1.9690489e-07,dense_mlp,1406
TENM2,1.9685584e-07,dense_mlp,1407
HOXB6,1.9653828e-07,dense_mlp,1408
SPANXN2,1.9652818e-07,dense_mlp,1409
TERB1,1.9651014e-07,dense_mlp,1410
MYO1A,1.9640498e-07,dense_mlp,1411
RFX8,1.9622647e-07,dense_mlp,1412
WFDC11,1.9615622e-07,dense_mlp,1413
PDZD3,1.9601337e-07,dense_mlp,1414
CCDC70,1.9580735e-07,dense_mlp,1415
C8orf74,1.9574485e-07,dense_mlp,1416
TRIM42,1.955582e-07,dense_mlp,1417
PRAMEF14,1.9555134e-07,dense_mlp,1418
LITAFD,1.953985e-07,dense_mlp,1419
DLX1,1.9539048e-07,dense_mlp,1420
IFNK,1.9501311e-07,dense_mlp,1421
TRHDE,1.9494261e-07,dense_mlp,1422
SPAAR,1.9483352e-07,dense_mlp,1423
FEZF2,1.9480048e-07,dense_mlp,1424
NKX3-1,1.9479585e-07,dense_mlp,1425
CLDN25,1.9479347e-07,dense_mlp,1426
RIPPLY1,1.947785e-07,dense_mlp,1427
SOWAHD,1.9470443e-07,dense_mlp,1428
PRR35,1.945736e-07,dense_mlp,1429
COLQ,1.9451299e-07,dense_mlp,1430
TEX13B,1.9444629e-07,dense_mlp,1431
C20orf85,1.9434424e-07,dense_mlp,1432
OVCH1,1.9397594e-07,dense_mlp,1433
HMX2,1.9396386e-07,dense_mlp,1434
ANXA13,1.9393232e-07,dense_mlp,1435
SYNCRIP,1.9390896e-07,dense_mlp,1436
SLC25A31,1.9390758e-07,dense_mlp,1437
GABRD,1.9384483e-07,dense_mlp,1438
MAGEB1,1.9377121e-07,dense_mlp,1439
TMEM130,1.9376976e-07,dense_mlp,1440
DLX4,1.937018e-07,dense_mlp,1441
EMX1,1.9369887e-07,dense_mlp,1442
CDK18,1.936308e-07,dense_mlp,1443
C9orf153,1.9362886e-07,dense_mlp,1444
SLC7A4,1.935811e-07,dense_mlp,1445
SMIM10L2B,1.9345603e-07,dense_mlp,1446
AKAP3,1.9345309e-07,dense_mlp,1447
TM4SF18,1.933013e-07,dense_mlp,1448
ZACN,1.9327172e-07,dense_mlp,1449
HIGD2B,1.9312573e-07,dense_mlp,1450
ANKRD62,1.9305612e-07,dense_mlp,1451
LRP5L,1.9299046e-07,dense_mlp,1452
SHISA3,1.9293662e-07,dense_mlp,1453
FBLN7,1.9293334e-07,dense_mlp,1454
LY75,1.929255e-07,dense_mlp,1455
TPBG,1.9290549e-07,dense_mlp,1456
DNAH17,1.9268354e-07,dense_mlp,1457
PCDHA11,1.9248941e-07,dense_mlp,1458
ACCSL,1.9248604e-07,dense_mlp,1459
AC113348.1,1.9248004e-07,dense_mlp,1460
CFAP57,1.9245253e-07,dense_mlp,1461
CCL26,1.9240065e-07,dense_mlp,1462
TLCD1,1.9238274e-07,dense_mlp,1463
TEX47,1.9224635e-07,dense_mlp,1464
CCDC169,1.9215133e-07,dense_mlp,1465
ASTL,1.9188158e-07,dense_mlp,1466
LEPR,1.9170439e-07,dense_mlp,1467
SOX5,1.9148398e-07,dense_mlp,1468
OLFML2A,1.9143135e-07,dense_mlp,1469
CPNE4,1.9139432e-07,dense_mlp,1470
SIX6,1.9113611e-07,dense_mlp,1471
BEX2,1.910669e-07,dense_mlp,1472
AL353572.3,1.9104674e-07,dense_mlp,1473
KLK9,1.910242e-07,dense_mlp,1474
STX11,1.9097511e-07,dense_mlp,1475
OR5BS1P,1.9097074e-07,dense_mlp,1476
SLFN12L,1.9091195e-07,dense_mlp,1477
SH2D6,1.9083386e-07,dense_mlp,1478
PLEKHS1,1.907863e-07,dense_mlp,1479
OBP2A,1.9073383e-07,dense_mlp,1480
PP2D1,1.9069674e-07,dense_mlp,1481
UBXN10,1.9060612e-07,dense_mlp,1482
AL445238.1,1.9052342e-07,dense_mlp,1483
MAGEB10,1.9036455e-07,dense_mlp,1484
ZDHHC23,1.9035753e-07,dense_mlp,1485
TRIM64B,1.9035055e-07,dense_mlp,1486
BEAN1,1.9032392e-07,dense_mlp,1487
CLIC3,1.9032099e-07,dense_mlp,1488
SCGB1D1,1.9012803e-07,dense_mlp,1489
NPTX2,1.9006826e-07,dense_mlp,1490
SULT1C3,1.8997244e-07,dense_mlp,1491
SOX14,1.8996057e-07,dense_mlp,1492
IFNW1,1.8971053e-07,dense_mlp,1493
STPG2,1.8962723e-07,dense_mlp,1494
ZNF888,1.8957834e-07,dense_mlp,1495
PKD2L2,1.8956148e-07,dense_mlp,1496
TTC36,1.8955625e-07,dense_mlp,1497
VSIG8,1.8953232e-07,dense_mlp,1498
GADD45B,1.8951177e-07,dense_mlp,1499
TMEM132C,1.894303e-07,dense_mlp,1500
SSX5,1.8942957e-07,dense_mlp,1501
IGHA1,1.8941012e-07,dense_mlp,1502
CHADL,1.8934902e-07,dense_mlp,1503
CXCL14,1.8932741e-07,dense_mlp,1504
SLC66A1L,1.8929241e-07,dense_mlp,1505
BMP5,1.8928802e-07,dense_mlp,1506
M1AP,1.8915111e-07,dense_mlp,1507
H1FOO,1.890976e-07,dense_mlp,1508
RSL24D1,1.8904706e-07,dense_mlp,1509
NBPF3,1.8900586e-07,dense_mlp,1510
BRINP3,1.8899635e-07,dense_mlp,1511
PRR29,1.888575e-07,dense_mlp,1512
LRRC31,1.8871953e-07,dense_mlp,1513
PYROXD2,1.886159e-07,dense_mlp,1514
SH2D5,1.8858844e-07,dense_mlp,1515
NEUROG2,1.8858614e-07,dense_mlp,1516
CRISP2,1.8853285e-07,dense_mlp,1517
HSBP1L1,1.8823945e-07,dense_mlp,1518
TTC29,1.8812932e-07,dense_mlp,1519
C11orf52,1.880785e-07,dense_mlp,1520
KLHL1,1.8804323e-07,dense_mlp,1521
PROB1,1.8802274e-07,dense_mlp,1522
GCM1,1.8792129e-07,dense_mlp,1523
CSH2,1.8766913e-07,dense_mlp,1524
COX7B2,1.8766755e-07,dense_mlp,1525
PLSCR5,1.8766283e-07,dense_mlp,1526
TMEM89,1.8755418e-07,dense_mlp,1527
FYCO1,1.8753697e-07,dense_mlp,1528
SERHL2,1.8743265e-07,dense_mlp,1529
PYHIN1,1.873958e-07,dense_mlp,1530
SERTM1,1.8735489e-07,dense_mlp,1531
RBM20,1.8733513e-07,dense_mlp,1532
AC008687.4,1.8720353e-07,dense_mlp,1533
GOT1L1,1.8708316e-07,dense_mlp,1534
WFDC8,1.8707115e-07,dense_mlp,1535
SLC22A7,1.870231e-07,dense_mlp,1536
SPINK4,1.8701526e-07,dense_mlp,1537
C16orf71,1.8700374e-07,dense_mlp,1538
CABS1,1.8685367e-07,dense_mlp,1539
CLLU1OS,1.868116e-07,dense_mlp,1540
PWWP3B,1.8680927e-07,dense_mlp,1541
PGC,1.8677271e-07,dense_mlp,1542
TOPAZ1,1.8670693e-07,dense_mlp,1543
BATF2,1.8667141e-07,dense_mlp,1544
AC025283.2,1.865614e-07,dense_mlp,1545
TGIF2LX,1.8650941e-07,dense_mlp,1546
LRRC32,1.8637529e-07,dense_mlp,1547
C17orf78,1.8631934e-07,dense_mlp,1548
TMPRSS11F,1.8621951e-07,dense_mlp,1549
PPDPFL,1.8620779e-07,dense_mlp,1550
DMRT2,1.8618414e-07,dense_mlp,1551
ABHD16B,1.8616315e-07,dense_mlp,1552
FIGN,1.8613336e-07,dense_mlp,1553
MROH2A,1.8606924e-07,dense_mlp,1554
GPR171,1.8601388e-07,dense_mlp,1555
CST6,1.8601057e-07,dense_mlp,1556
CEACAM19,1.8594197e-07,dense_mlp,1557
TCFL5,1.8583773e-07,dense_mlp,1558
STX19,1.858287e-07,dense_mlp,1559
C5orf52,1.8571056e-07,dense_mlp,1560
MYBPH,1.8569237e-07,dense_mlp,1561
SPATA19,1.8560337e-07,dense_mlp,1562
FIGLA,1.8547952e-07,dense_mlp,1563
LECT2,1.8540587e-07,dense_mlp,1564
CDH16,1.8530841e-07,dense_mlp,1565
TMEM225,1.8530572e-07,dense_mlp,1566
C8orf34,1.8515568e-07,dense_mlp,1567
ISX,1.851415e-07,dense_mlp,1568
DNAH9,1.8491515e-07,dense_mlp,1569
ACAP1,1.8428418e-07,dense_mlp,1570
ABI3,1.8425749e-07,dense_mlp,1571
ADGRG4,1.8422178e-07,dense_mlp,1572
C1orf68,1.8422128e-07,dense_mlp,1573
RNF224,1.8420938e-07,dense_mlp,1574
CRACR2B,1.8395852e-07,dense_mlp,1575
GULP1,1.836659e-07,dense_mlp,1576
PIM3,1.8355755e-07,dense_mlp,1577
TMED6,1.8355043e-07,dense_mlp,1578
DNTT,1.8351125e-07,dense_mlp,1579
FREM3,1.834899e-07,dense_mlp,1580
MRGPRX4,1.834738e-07,dense_mlp,1581
DDX53,1.8342901e-07,dense_mlp,1582
TSACC,1.834232e-07,dense_mlp,1583
TMEM235,1.8319022e-07,dense_mlp,1584
SLC12A8,1.8301539e-07,dense_mlp,1585
ZNF648,1.8287587e-07,dense_mlp,1586
RCAN2,1.8268211e-07,dense_mlp,1587
UBQLNL,1.8267619e-07,dense_mlp,1588
NR1I2,1.8261336e-07,dense_mlp,1589
FCGBP,1.8248865e-07,dense_mlp,1590
C12orf42,1.8242454e-07,dense_mlp,1591
HOXA9,1.8241047e-07,dense_mlp,1592
C2orf91,1.823535e-07,dense_mlp,1593
SERPINB11,1.823362e-07,dense_mlp,1594
CLEC3A,1.8233378e-07,dense_mlp,1595
CT62,1.8215727e-07,dense_mlp,1596
PIH1D2,1.8209899e-07,dense_mlp,1597
AL162231.1,1.8199376e-07,dense_mlp,1598
SEBOX,1.8197888e-07,dense_mlp,1599
PLEKHA7,1.8188848e-07,dense_mlp,1600
MT1HL1,1.8180414e-07,dense_mlp,1601
CHAD,1.8177117e-07,dense_mlp,1602
ZNF837,1.8174717e-07,dense_mlp,1603
VSX1,1.8162399e-07,dense_mlp,1604
AADACL4,1.8156834e-07,dense_mlp,1605
DPEP3,1.8147401e-07,dense_mlp,1606
PABPC1L2A,1.813993e-07,dense_mlp,1607
KCTD21,1.8135376e-07,dense_mlp,1608
PRSS35,1.8114424e-07,dense_mlp,1609
PRAMEF10,1.8111017e-07,dense_mlp,1610
CLRN3,1.8099968e-07,dense_mlp,1611
TIE1,1.8099763e-07,dense_mlp,1612
CRYGC,1.8096155e-07,dense_mlp,1613
PRPH2,1.8071707e-07,dense_mlp,1614
CAPG,1.8056366e-07,dense_mlp,1615
CDCP2,1.8056254e-07,dense_mlp,1616
SAMD11,1.8054541e-07,dense_mlp,1617
LMX1B,1.8050036e-07,dense_mlp,1618
C5orf46,1.8048901e-07,dense_mlp,1619
PCDHA8,1.8046931e-07,dense_mlp,1620
CYLC2,1.804377e-07,dense_mlp,1621
TFF2,1.80399e-07,dense_mlp,1622
MFSD12,1.8039654e-07,dense_mlp,1623
APCDD1L,1.8035936e-07,dense_mlp,1624
ECSCR,1.80262e-07,dense_mlp,1625
C2orf15,1.8021129e-07,dense_mlp,1626
ERICH3,1.8015471e-07,dense_mlp,1627
CALB2,1.8009132e-07,dense_mlp,1628
PCDH12,1.8006615e-07,dense_mlp,1629
ANKRD35,1.7999037e-07,dense_mlp,1630
SCEL,1.7998855e-07,dense_mlp,1631
TLE6,1.7997836e-07,dense_mlp,1632
POU4F3,1.7984406e-07,dense_mlp,1633
KAAG1,1.7980896e-07,dense_mlp,1634
TMEM125,1.7979195e-07,dense_mlp,1635
FAM50B,1.797264e-07,dense_mlp,1636
CTHRC1,1.7969238e-07,dense_mlp,1637
SPAG6,1.7962638e-07,dense_mlp,1638
ZNF497,1.795939e-07,dense_mlp,1639
TEX13D,1.7949664e-07,dense_mlp,1640
ZNF813,1.7904296e-07,dense_mlp,1641
DLEU7,1.7902411e-07,dense_mlp,1642
FAM240C,1.789226e-07,dense_mlp,1643
TRGC1,1.7890326e-07,dense_mlp,1644
NACAD,1.788684e-07,dense_mlp,1645
MAP3K20,1.7879191e-07,dense_mlp,1646
TEKT1,1.7878457e-07,dense_mlp,1647
PEG3,1.7875695e-07,dense_mlp,1648
OLFML2B,1.7871544e-07,dense_mlp,1649
CSRP3,1.786306e-07,dense_mlp,1650
FMO5,1.7862705e-07,dense_mlp,1651
HOXC9,1.7860688e-07,dense_mlp,1652
MGAM2,1.785894e-07,dense_mlp,1653
CCDC175,1.784423e-07,dense_mlp,1654
PALMD,1.7815887e-07,dense_mlp,1655
MGARP,1.781368e-07,dense_mlp,1656
CCDC116,1.7812324e-07,dense_mlp,1657
NSUN5,1.7809509e-07,dense_mlp,1658
XG,1.7807375e-07,dense_mlp,1659
PRAMEF8,1.7802584e-07,dense_mlp,1660
OR5R1,1.7800033e-07,dense_mlp,1661
HIST1H4G,1.7799141e-07,dense_mlp,1662
SSH3,1.779832e-07,dense_mlp,1663
C1orf210,1.7796766e-07,dense_mlp,1664
STK32B,1.7796654e-07,dense_mlp,1665
SORCS3,1.779191e-07,dense_mlp,1666
STAC2,1.7782925e-07,dense_mlp,1667
TENT5B,1.77813e-07,dense_mlp,1668
MUCL3,1.7773141e-07,dense_mlp,1669
TMEM102,1.7771929e-07,dense_mlp,1670
BLACAT1,1.7771754e-07,dense_mlp,1671
FAM118A,1.7765593e-07,dense_mlp,1672
GPR26,1.7758244e-07,dense_mlp,1673
APOL5,1.7744533e-07,dense_mlp,1674
MALRD1,1.7743557e-07,dense_mlp,1675
CLEC4F,1.7742651e-07,dense_mlp,1676
SOHLH1,1.7733944e-07,dense_mlp,1677
SP9,1.7727811e-07,dense_mlp,1678
PCED1B,1.772396e-07,dense_mlp,1679
LRRC34,1.7722635e-07,dense_mlp,1680
C3orf49,1.7720252e-07,dense_mlp,1681
NKX2-8,1.7716094e-07,dense_mlp,1682
AC021097.2,1.7705828e-07,dense_mlp,1683
INCA1,1.7700417e-07,dense_mlp,1684
AC119396.1,1.7688963e-07,dense_mlp,1685
SNX33,1.7679923e-07,dense_mlp,1686
MYH15,1.7656006e-07,dense_mlp,1687
CD164L2,1.765486e-07,dense_mlp,1688
MTFR2,1.7651219e-07,dense_mlp,1689
TEX13C,1.7650532e-07,dense_mlp,1690
TMBIM4,1.7649432e-07,dense_mlp,1691
TBX18,1.7648735e-07,dense_mlp,1692
RADX,1.7640828e-07,dense_mlp,1693
POTEM,1.7637137e-07,dense_mlp,1694
TMPRSS3,1.7631959e-07,dense_mlp,1695
SIRPD,1.7626039e-07,dense_mlp,1696
CST5,1.76194e-07,dense_mlp,1697
CHRD,1.7611052e-07,dense_mlp,1698
MRGPRX2,1.7604528e-07,dense_mlp,1699
BATF3,1.7595677e-07,dense_mlp,1700
CCDC125,1.7594344e-07,dense_mlp,1701
SLC46A2,1.759164e-07,dense_mlp,1702
TBC1D3B,1.7589369e-07,dense_mlp,1703
RFPL2,1.7588872e-07,dense_mlp,1704
DAW1,1.7587885e-07,dense_mlp,1705
VSTM1,1.758345e-07,dense_mlp,1706
FOXB1,1.7582624e-07,dense_mlp,1707
CT55,1.7569351e-07,dense_mlp,1708
SIDT1,1.7565337e-07,dense_mlp,1709
CARD17,1.7561605e-07,dense_mlp,1710
CEP112,1.7557399e-07,dense_mlp,1711
AJAP1,1.7556839e-07,dense_mlp,1712
CCDC68,1.7549007e-07,dense_mlp,1713
AC138647.1,1.7547448e-07,dense_mlp,1714
GFY,1.7534065e-07,dense_mlp,1715
MAMDC2,1.7531276e-07,dense_mlp,1716
ZNF391,1.751845e-07,dense_mlp,1717
IER5,1.7518138e-07,dense_mlp,1718
PCSK4,1.7512187e-07,dense_mlp,1719
LRRC56,1.750647e-07,dense_mlp,1720
GDF5OS,1.750562e-07,dense_mlp,1721
ECM2,1.748853e-07,dense_mlp,1722
RNASE9,1.74778e-07,dense_mlp,1723
TRPC5OS,1.7470639e-07,dense_mlp,1724
IRX6,1.7468737e-07,dense_mlp,1725
SHROOM4,1.746596e-07,dense_mlp,1726
MMP21,1.7464656e-07,dense_mlp,1727
ARL9,1.7459104e-07,dense_mlp,1728
HESX1,1.7450127e-07,dense_mlp,1729
KLF11,1.7446638e-07,dense_mlp,1730
MPV17L,1.7443136e-07,dense_mlp,1731
TP53TG5,1.7440904e-07,dense_mlp,1732
CEP126,1.7431724e-07,dense_mlp,1733
ZNF579,1.7422578e-07,dense_mlp,1734
AL109810.2,1.7421577e-07,dense_mlp,1735
MORC1,1.7411365e-07,dense_mlp,1736
WDR93,1.7406765e-07,dense_mlp,1737
TMEM272,1.7403526e-07,dense_mlp,1738
SMPX,1.7403035e-07,dense_mlp,1739
SAMD5,1.7402833e-07,dense_mlp,1740
FBXO24,1.7397133e-07,dense_mlp,1741
ACP4,1.7393258e-07,dense_mlp,1742
C1orf105,1.7385848e-07,dense_mlp,1743
SLC25A45,1.7383371e-07,dense_mlp,1744
HMX1,1.7379716e-07,dense_mlp,1745
CUX2,1.7378068e-07,dense_mlp,1746
QPCTL,1.7375218e-07,dense_mlp,1747
MEDAG,1.7367368e-07,dense_mlp,1748
SAMSN1,1.7365039e-07,dense_mlp,1749
MSANTD1,1.736182e-07,dense_mlp,1750
OAF,1.7359206e-07,dense_mlp,1751
KRT222,1.7359055e-07,dense_mlp,1752
PDLIM1,1.7337105e-07,dense_mlp,1753
RIIAD1,1.7331473e-07,dense_mlp,1754
GPR62,1.7318185e-07,dense_mlp,1755
MS4A15,1.7316239e-07,dense_mlp,1756
AC090360.1,1.7309675e-07,dense_mlp,1757
KRTAP4-12,1.7307704e-07,dense_mlp,1758
KLF18,1.7302506e-07,dense_mlp,1759
CDHR5,1.7301758e-07,dense_mlp,1760
PIFO,1.7296475e-07,dense_mlp,1761
P2RY8,1.7293385e-07,dense_mlp,1762
CLEC9A,1.7287863e-07,dense_mlp,1763
DYNAP,1.7270294e-07,dense_mlp,1764
AHNAK2,1.7267091e-07,dense_mlp,1765
ENPP5,1.7257783e-07,dense_mlp,1766
ESX1,1.724572e-07,dense_mlp,1767
C1QTNF12,1.7243191e-07,dense_mlp,1768
NR2E3,1.7238452e-07,dense_mlp,1769
EBF3,1.7236466e-07,dense_mlp,1770
GJE1,1.7235047e-07,dense_mlp,1771
MYOM3,1.723257e-07,dense_mlp,1772
ZNF728,1.7230023e-07,dense_mlp,1773
SCGB1D4,1.7224247e-07,dense_mlp,1774
ARMC5,1.722187e-07,dense_mlp,1775
LINGO2,1.7218547e-07,dense_mlp,1776
CFAP300,1.7214242e-07,dense_mlp,1777
BANK1,1.7209608e-07,dense_mlp,1778
MS4A6E,1.7204736e-07,dense_mlp,1779
DACH1,1.71826e-07,dense_mlp,1780
THNSL2,1.7173781e-07,dense_mlp,1781
KCNRG,1.7163619e-07,dense_mlp,1782
SLC38A11,1.716055e-07,dense_mlp,1783
NKX6-2,1.7157984e-07,dense_mlp,1784
RSPH1,1.7152352e-07,dense_mlp,1785
TP53I13,1.7150302e-07,dense_mlp,1786
FAM107A,1.7149752e-07,dense_mlp,1787
TLX3,1.7149709e-07,dense_mlp,1788
PSAPL1,1.7144693e-07,dense_mlp,1789
TMEM196,1.7143162e-07,dense_mlp,1790
CD200R1L,1.7142732e-07,dense_mlp,1791
ACTBL2,1.7128434e-07,dense_mlp,1792
AC091057.6,1.7120979e-07,dense_mlp,1793
CRYBG1,1.711798e-07,dense_mlp,1794
MS4A10,1.7117785e-07,dense_mlp,1795
PRAMEF1,1.711177e-07,dense_mlp,1796
FAM24B,1.7106207e-07,dense_mlp,1797
OIT3,1.7099639e-07,dense_mlp,1798
BCL6B,1.7099543e-07,dense_mlp,1799
STRIT1,1.708437e-07,dense_mlp,1800
ZSWIM5,1.7080397e-07,dense_mlp,1801
ITIH6,1.7072574e-07,dense_mlp,1802
MAATS1,1.7065211e-07,dense_mlp,1803
FAM71E2,1.7055297e-07,dense_mlp,1804
NASP,1.7054995e-07,dense_mlp,1805
C10orf62,1.7054386e-07,dense_mlp,1806
MICALL1,1.7054248e-07,dense_mlp,1807
DCDC2,1.7006758e-07,dense_mlp,1808
SAMD9,1.7005385e-07,dense_mlp,1809
NELL1,1.7003464e-07,dense_mlp,1810
FSCB,1.6995591e-07,dense_mlp,1811
NLRP2,1.6991314e-07,dense_mlp,1812
NNAT,1.6979051e-07,dense_mlp,1813
GSTT4,1.6975703e-07,dense_mlp,1814
KLF14,1.697442e-07,dense_mlp,1815
RBPMS,1.6973229e-07,dense_mlp,1816
BNC2,1.6966446e-07,dense_mlp,1817
HIGD1B,1.6961752e-07,dense_mlp,1818
MYOC,1.6957412e-07,dense_mlp,1819
PIH1D3,1.6953013e-07,dense_mlp,1820
CD40,1.6952002e-07,dense_mlp,1821
KLHL33,1.6951007e-07,dense_mlp,1822
CACNA1F,1.6950341e-07,dense_mlp,1823
DNAH8,1.6949329e-07,dense_mlp,1824
SLC4A11,1.6948691e-07,dense_mlp,1825
PKD1L3,1.6942143e-07,dense_mlp,1826
C1QTNF2,1.6942073e-07,dense_mlp,1827
SSUH2,1.6941904e-07,dense_mlp,1828
LMX1A,1.6941118e-07,dense_mlp,1829
SLC15A5,1.6935887e-07,dense_mlp,1830
C11orf88,1.6933217e-07,dense_mlp,1831
CCDC69,1.692597e-07,dense_mlp,1832
TMEM252,1.6895889e-07,dense_mlp,1833
CEP295NL,1.6888183e-07,dense_mlp,1834
LYZL4,1.6886952e-07,dense_mlp,1835
C1QTNF6,1.6883723e-07,dense_mlp,1836
SPATA16,1.6879963e-07,dense_mlp,1837
TMEM269,1.6867016e-07,dense_mlp,1838
TEX38,1.6865663e-07,dense_mlp,1839
BARX2,1.6865307e-07,dense_mlp,1840
C1orf185,1.6847696e-07,dense_mlp,1841
NKX2-6,1.6834751e-07,dense_mlp,1842
SYNGR4,1.6833695e-07,dense_mlp,1843
CLEC18A,1.6830202e-07,dense_mlp,1844
BMPER,1.6828045e-07,dense_mlp,1845
CBY3,1.682713e-07,dense_mlp,1846
RASSF7,1.682343e-07,dense_mlp,1847
PTCHD1,1.6816773e-07,dense_mlp,1848
KRTAP22-2,1.6815927e-07,dense_mlp,1849
BEX5,1.6815603e-07,dense_mlp,1850
OSTN,1.681399e-07,dense_mlp,1851
ZDHHC11B,1.6810684e-07,dense_mlp,1852
C1orf167,1.6807999e-07,dense_mlp,1853
FAM237A,1.6804813e-07,dense_mlp,1854
TEX52,1.6803965e-07,dense_mlp,1855
CASS4,1.679888e-07,dense_mlp,1856
C11orf45,1.6784333e-07,dense_mlp,1857
SPACA9,1.6748336e-07,dense_mlp,1858
CCSER1,1.6747772e-07,dense_mlp,1859
TMEM239,1.673904e-07,dense_mlp,1860
FOXL1,1.673894e-07,dense_mlp,1861
HYPM,1.6733566e-07,dense_mlp,1862
DND1,1.673191e-07,dense_mlp,1863
ZBED9,1.6725635e-07,dense_mlp,1864
C6orf223,1.6719054e-07,dense_mlp,1865
MXRA5,1.6718599e-07,dense_mlp,1866
C20orf141,1.6706014e-07,dense_mlp,1867
TMEM154,1.6703538e-07,dense_mlp,1868
MAGEL2,1.6684811e-07,dense_mlp,1869
ADAD1,1.6682725e-07,dense_mlp,1870
ZDHHC1,1.6681675e-07,dense_mlp,1871
CCDC17,1.667548e-07,dense_mlp,1872
FAM151A,1.6672578e-07,dense_mlp,1873
CRYGN,1.6670873e-07,dense_mlp,1874
MID2,1.6652662e-07,dense_mlp,1875
MAGEB5,1.6640954e-07,dense_mlp,1876
PKD2L1,1.6640057e-07,dense_mlp,1877
GAGE10,1.6635722e-07,dense_mlp,1878
STUM,1.6622907e-07,dense_mlp,1879
DKKL1,1.6621746e-07,dense_mlp,1880
FER1L5,1.6620983e-07,dense_mlp,1881
SP6,1.6606676e-07,dense_mlp,1882
HRCT1,1.6606337e-07,dense_mlp,1883
PKLR,1.6602485e-07,dense_mlp,1884
ELF4,1.6592995e-07,dense_mlp,1885
LRRC3,1.6569396e-07,dense_mlp,1886
ZC3H12D,1.6569375e-07,dense_mlp,1887
TRIM64C,1.6566418e-07,dense_mlp,1888
DDN,1.6565247e-07,dense_mlp,1889
ANKRD29,1.6549443e-07,dense_mlp,1890
CD247,1.6542316e-07,dense_mlp,1891
CDRT15,1.6541631e-07,dense_mlp,1892
CATSPERE,1.6539187e-07,dense_mlp,1893
TLCD4,1.653491e-07,dense_mlp,1894
PABPC4L,1.6532093e-07,dense_mlp,1895
NHLH1,1.6531483e-07,dense_mlp,1896
PSORS1C2,1.652913e-07,dense_mlp,1897
GPR142,1.6524542e-07,dense_mlp,1898
TXNDC8,1.6518098e-07,dense_mlp,1899
EMP2,1.6517947e-07,dense_mlp,1900
IL1RAP,1.6511297e-07,dense_mlp,1901
C2CD4D,1.6510293e-07,dense_mlp,1902
TMEM52B,1.6503368e-07,dense_mlp,1903
AC013470.2,1.6483843e-07,dense_mlp,1904
C2orf50,1.6466666e-07,dense_mlp,1905
HOXC13,1.6465536e-07,dense_mlp,1906
C17orf100,1.6457633e-07,dense_mlp,1907
OOEP,1.6450471e-07,dense_mlp,1908
MEP1A,1.6440717e-07,dense_mlp,1909
MYO7B,1.6439942e-07,dense_mlp,1910
FDCSP,1.643456e-07,dense_mlp,1911
RGS7BP,1.6433745e-07,dense_mlp,1912
C1orf116,1.6433283e-07,dense_mlp,1913
CAGE1,1.6429124e-07,dense_mlp,1914
EVA1B,1.642341e-07,dense_mlp,1915
FADS6,1.6423286e-07,dense_mlp,1916
MEOX1,1.6414683e-07,dense_mlp,1917
IQCC,1.6409103e-07,dense_mlp,1918
PHF11,1.6396466e-07,dense_mlp,1919
MYOZ1,1.6396456e-07,dense_mlp,1920
FSTL5,1.6391321e-07,dense_mlp,1921
FAM90A1,1.6379697e-07,dense_mlp,1922
C20orf173,1.6378065e-07,dense_mlp,1923
SPATA6,1.6361768e-07,dense_mlp,1924
ASCL3,1.6359124e-07,dense_mlp,1925
CCDC141,1.6357454e-07,dense_mlp,1926
SPATA45,1.6357333e-07,dense_mlp,1927
SCML2,1.6348478e-07,dense_mlp,1928
MAZ,1.6333533e-07,dense_mlp,1929
ADGRF4,1.6307412e-07,dense_mlp,1930
ALX4,1.629293e-07,dense_mlp,1931
SLC17A9,1.629025e-07,dense_mlp,1932
PLSCR1,1.6280501e-07,dense_mlp,1933
GZMA,1.625599e-07,dense_mlp,1934
CBLN4,1.6244783e-07,dense_mlp,1935
ODF3,1.622782e-07,dense_mlp,1936
ZNF808,1.6225778e-07,dense_mlp,1937
GLT8D2,1.6218908e-07,dense_mlp,1938
SBK2,1.6206667e-07,dense_mlp,1939
RFLNB,1.6183508e-07,dense_mlp,1940
C2orf16,1.6167057e-07,dense_mlp,1941
INSRR,1.6162006e-07,dense_mlp,1942
NLRP11,1.6159763e-07,dense_mlp,1943
GPR180,1.6159255e-07,dense_mlp,1944
C1QTNF4,1.6149058e-07,dense_mlp,1945
SLC16A5,1.614872e-07,dense_mlp,1946
TSSK2,1.614244e-07,dense_mlp,1947
PPP1R2C,1.6131753e-07,dense_mlp,1948
SPRY4,1.6119897e-07,dense_mlp,1949
GKN1,1.6118338e-07,dense_mlp,1950
BTBD16,1.6115578e-07,dense_mlp,1951
TEX19,1.6113994e-07,dense_mlp,1952
SPZ1,1.6109831e-07,dense_mlp,1953
NANOS1,1.610782e-07,dense_mlp,1954
LRRC37A2,1.6106003e-07,dense_mlp,1955
MEI4,1.6096872e-07,dense_mlp,1956
PYDC2,1.6095355e-07,dense_mlp,1957
SPATA31D1,1.6085355e-07,dense_mlp,1958
PLEKHM1,1.6068277e-07,dense_mlp,1959
DNAH12,1.6066357e-07,dense_mlp,1960
SLC35F2,1.6064882e-07,dense_mlp,1961
CDC20B,1.606178e-07,dense_mlp,1962
TRIM16L,1.6055509e-07,dense_mlp,1963
MORN5,1.6053328e-07,dense_mlp,1964
ECT2L,1.6053104e-07,dense_mlp,1965
MRAP2,1.6050889e-07,dense_mlp,1966
TSPAN1,1.604672e-07,dense_mlp,1967
NKX1-2,1.6039442e-07,dense_mlp,1968
RAMACL,1.6039355e-07,dense_mlp,1969
MKRN2OS,1.6037353e-07,dense_mlp,1970
VSTM2A,1.6032153e-07,dense_mlp,1971
ANKRD22,1.6029037e-07,dense_mlp,1972
MYO5C,1.6012625e-07,dense_mlp,1973
ATP23,1.6010547e-07,dense_mlp,1974
CNFN,1.6006473e-07,dense_mlp,1975
GPR141,1.6006203e-07,dense_mlp,1976
SPATA21,1.6005441e-07,dense_mlp,1977
SPATA4,1.6002024e-07,dense_mlp,1978
ALX1,1.5999808e-07,dense_mlp,1979
SLC16A12,1.5999737e-07,dense_mlp,1980
CCDC65,1.5996808e-07,dense_mlp,1981
LSMEM2,1.5978871e-07,dense_mlp,1982
TMEM255B,1.5974425e-07,dense_mlp,1983
STAC,1.5971717e-07,dense_mlp,1984
OVOL3,1.5971197e-07,dense_mlp,1985
OVCH2,1.5969145e-07,dense_mlp,1986
TTC4,1.5967056e-07,dense_mlp,1987
FCRL5,1.596256e-07,dense_mlp,1988
CNTNAP3,1.5956059e-07,dense_mlp,1989
ARID5A,1.595443e-07,dense_mlp,1990
PRDM15,1.5954234e-07,dense_mlp,1991
DNAAF3,1.5946686e-07,dense_mlp,1992
CLPSL2,1.594291e-07,dense_mlp,1993
ZNF469,1.5931859e-07,dense_mlp,1994
KLF8,1.593104e-07,dense_mlp,1995
ASIP,1.5930533e-07,dense_mlp,1996
RBMXL3,1.5928778e-07,dense_mlp,1997
TBX15,1.5926436e-07,dense_mlp,1998
SMIM10L2A,1.5926071e-07,dense_mlp,1999
DNAH3,1.5925242e-07,dense_mlp,2000
MOB3B,1.5916353e-07,dense_mlp,2001
HMCN2,1.5910261e-07,dense_mlp,2002
CKAP2,1.5901227e-07,dense_mlp,2003
UFSP1,1.5887629e-07,dense_mlp,2004
VSIG2,1.5886145e-07,dense_mlp,2005
METTL24,1.5882725e-07,dense_mlp,2006
MYO1D,1.588147e-07,dense_mlp,2007
SLC25A30,1.5871709e-07,dense_mlp,2008
C12orf71,1.5861403e-07,dense_mlp,2009
RBM44,1.5855463e-07,dense_mlp,2010
C19orf67,1.5852233e-07,dense_mlp,2011
PRPH,1.5851785e-07,dense_mlp,2012
ACRV1,1.5843007e-07,dense_mlp,2013
SPAG17,1.5842333e-07,dense_mlp,2014
ELOA3,1.58407e-07,dense_mlp,2015
MYADM,1.5825543e-07,dense_mlp,2016
C4orf45,1.5814125e-07,dense_mlp,2017
CLSTN2,1.5805404e-07,dense_mlp,2018
ARMH2,1.580126e-07,dense_mlp,2019
NKG7,1.5791719e-07,dense_mlp,2020
DIPK2B,1.5791245e-07,dense_mlp,2021
TSPAN8,1.5789634e-07,dense_mlp,2022
PGPEP1L,1.5786786e-07,dense_mlp,2023
C11orf97,1.5777928e-07,dense_mlp,2024
IRF2BP1,1.5774337e-07,dense_mlp,2025
SMKR1,1.57699e-07,dense_mlp,2026
VAMP5,1.5758108e-07,dense_mlp,2027
CENPV,1.5756368e-07,dense_mlp,2028
APOBEC3F,1.5755994e-07,dense_mlp,2029
C3orf70,1.5754753e-07,dense_mlp,2030
DCDC2B,1.5749498e-07,dense_mlp,2031
CIB3,1.5745246e-07,dense_mlp,2032
NACC2,1.5739526e-07,dense_mlp,2033
PAMR1,1.5732043e-07,dense_mlp,2034
S100A4,1.5728179e-07,dense_mlp,2035
TENM1,1.571296e-07,dense_mlp,2036
DZANK1,1.5711764e-07,dense_mlp,2037
ZBED4,1.5708666e-07,dense_mlp,2038
GPR88,1.5697493e-07,dense_mlp,2039
HEPHL1,1.5685646e-07,dense_mlp,2040
JCAD,1.5683686e-07,dense_mlp,2041
MAP6D1,1.5682463e-07,dense_mlp,2042
PNMA3,1.5673585e-07,dense_mlp,2043
C4orf47,1.5668998e-07,dense_mlp,2044
CYSRT1,1.5660682e-07,dense_mlp,2045
N4BP3,1.5654636e-07,dense_mlp,2046
CCM2L,1.565164e-07,dense_mlp,2047
FSTL4,1.565032e-07,dense_mlp,2048
SIM2,1.5647463e-07,dense_mlp,2049
C16orf90,1.5641723e-07,dense_mlp,2050
TIGD4,1.5638975e-07,dense_mlp,2051
TGM3,1.5636962e-07,dense_mlp,2052
RUFY4,1.5635099e-07,dense_mlp,2053
CRYGB,1.5620645e-07,dense_mlp,2054
DQX1,1.5617206e-07,dense_mlp,2055
HOXD10,1.5614893e-07,dense_mlp,2056
OC90,1.561132e-07,dense_mlp,2057
PDZRN4,1.5606693e-07,dense_mlp,2058
PRSS33,1.5599987e-07,dense_mlp,2059
POU1F1,1.5598498e-07,dense_mlp,2060
TMEM119,1.5595876e-07,dense_mlp,2061
EML6,1.5582815e-07,dense_mlp,2062
FAM47E,1.5581708e-07,dense_mlp,2063
DNAH10,1.557305e-07,dense_mlp,2064
TRIL,1.5570608e-07,dense_mlp,2065
REEP6,1.556728e-07,dense_mlp,2066
TSPAN19,1.5565543e-07,dense_mlp,2067
LHX5,1.5562874e-07,dense_mlp,2068
KY,1.5562006e-07,dense_mlp,2069
TMEM211,1.5557899e-07,dense_mlp,2070
OCSTAMP,1.5556225e-07,dense_mlp,2071
AIFM3,1.5551e-07,dense_mlp,2072
REP15,1.5550509e-07,dense_mlp,2073
FNDC5,1.5543378e-07,dense_mlp,2074
SAMD9L,1.5541295e-07,dense_mlp,2075
AC135068.1,1.552745e-07,dense_mlp,2076
SPATC1,1.5523791e-07,dense_mlp,2077
NLRP9,1.5519745e-07,dense_mlp,2078
EBLN2,1.5518219e-07,dense_mlp,2079
C1orf194,1.5518033e-07,dense_mlp,2080
PAQR5,1.550434e-07,dense_mlp,2081
PSD4,1.5498303e-07,dense_mlp,2082
UPK1B,1.5498053e-07,dense_mlp,2083
RSPH6A,1.5491085e-07,dense_mlp,2084
CCNI2,1.5483064e-07,dense_mlp,2085
ZSCAN1,1.5466554e-07,dense_mlp,2086
TGDS,1.5466009e-07,dense_mlp,2087
CCL14,1.5464416e-07,dense_mlp,2088
ADPRH,1.5450485e-07,dense_mlp,2089
CFAP97D1,1.5450334e-07,dense_mlp,2090
CD83,1.5449967e-07,dense_mlp,2091
KNDC1,1.5449763e-07,dense_mlp,2092
TCP11,1.5447988e-07,dense_mlp,2093
AARD,1.5443497e-07,dense_mlp,2094
ADGRL4,1.5433324e-07,dense_mlp,2095
CILP2,1.5426595e-07,dense_mlp,2096
MACROD2,1.5422435e-07,dense_mlp,2097
AFAP1L1,1.5419292e-07,dense_mlp,2098
C1orf141,1.5416947e-07,dense_mlp,2099
POU5F1B,1.5409563e-07,dense_mlp,2100
CASC4,1.540817e-07,dense_mlp,2101
SLC16A4,1.5401038e-07,dense_mlp,2102
SPATA6L,1.5398565e-07,dense_mlp,2103
PAGE4,1.5394487e-07,dense_mlp,2104
OPALIN,1.5394308e-07,dense_mlp,2105
CABP7,1.5391758e-07,dense_mlp,2106
DCBLD1,1.5388551e-07,dense_mlp,2107
ODF4,1.538528e-07,dense_mlp,2108
ZNF132,1.5375672e-07,dense_mlp,2109
ZG16B,1.5367104e-07,dense_mlp,2110
HCLS1,1.5363538e-07,dense_mlp,2111
C17orf107,1.5356603e-07,dense_mlp,2112
MYMX,1.5345773e-07,dense_mlp,2113
FYB2,1.534128e-07,dense_mlp,2114
EFCAB12,1.533818e-07,dense_mlp,2115
TANC1,1.5335776e-07,dense_mlp,2116
EVA1C,1.5332259e-07,dense_mlp,2117
GK3P,1.5328477e-07,dense_mlp,2118
KLHL38,1.5323134e-07,dense_mlp,2119
SAP25,1.5321486e-07,dense_mlp,2120
TTC24,1.5318692e-07,dense_mlp,2121
C20orf204,1.5315273e-07,dense_mlp,2122
CST2,1.5300306e-07,dense_mlp,2123
SMIM6,1.5289801e-07,dense_mlp,2124
ERG,1.5288826e-07,dense_mlp,2125
EMP3,1.5288411e-07,dense_mlp,2126
GBX1,1.5287253e-07,dense_mlp,2127
KIAA0825,1.5282431e-07,dense_mlp,2128
NEUROD2,1.5279375e-07,dense_mlp,2129
KIAA1210,1.5277429e-07,dense_mlp,2130
C11orf53,1.5276247e-07,dense_mlp,2131
PARP15,1.5264749e-07,dense_mlp,2132
MANSC4,1.5253659e-07,dense_mlp,2133
TSPEAR,1.5253521e-07,dense_mlp,2134
TMEM202,1.5248379e-07,dense_mlp,2135
ERICH2,1.5248145e-07,dense_mlp,2136
CPED1,1.524465e-07,dense_mlp,2137
HPCAL4,1.523519e-07,dense_mlp,2138
GCSAML,1.5234954e-07,dense_mlp,2139
FOXR2,1.5233825e-07,dense_mlp,2140
HHIPL2,1.5233175e-07,dense_mlp,2141
ATAD3A,1.5226341e-07,dense_mlp,2142
RNF148,1.5225552e-07,dense_mlp,2143
ERFL,1.5220908e-07,dense_mlp,2144
DEPDC7,1.5218063e-07,dense_mlp,2145
ARMC4,1.5215211e-07,dense_mlp,2146
AC187653.1,1.5214815e-07,dense_mlp,2147
APOLD1,1.5207993e-07,dense_mlp,2148
GTSF1,1.5195337e-07,dense_mlp,2149
LLCFC1,1.5191486e-07,dense_mlp,2150
LRFN5,1.5184423e-07,dense_mlp,2151
TEX45,1.518409e-07,dense_mlp,2152
ITPRID1,1.5183132e-07,dense_mlp,2153
CREG2,1.5177183e-07,dense_mlp,2154
DHRS7C,1.5174709e-07,dense_mlp,2155
RWDD2B,1.5156094e-07,dense_mlp,2156
DAAM2,1.5150476e-07,dense_mlp,2157
C17orf53,1.5147157e-07,dense_mlp,2158
MYLK3,1.5145586e-07,dense_mlp,2159
CD8B2,1.5143462e-07,dense_mlp,2160
SMIM36,1.5140797e-07,dense_mlp,2161
GKAP1,1.5138009e-07,dense_mlp,2162
TEX43,1.5123521e-07,dense_mlp,2163
IQCA1,1.5119842e-07,dense_mlp,2164
TAGLN,1.5116348e-07,dense_mlp,2165
C3orf85,1.5114884e-07,dense_mlp,2166
C1orf115,1.5114357e-07,dense_mlp,2167
PRSS56,1.5111513e-07,dense_mlp,2168
MPEG1,1.5110136e-07,dense_mlp,2169
HES2,1.5106438e-07,dense_mlp,2170
CABP4,1.509243e-07,dense_mlp,2171
KLLN,1.5092319e-07,dense_mlp,2172
PABPC3,1.5085477e-07,dense_mlp,2173
SMIM18,1.5080714e-07,dense_mlp,2174
LACRT,1.5072035e-07,dense_mlp,2175
ZNF165,1.5070347e-07,dense_mlp,2176
LHFPL4,1.5056816e-07,dense_mlp,2177
OGDHL,1.5056081e-07,dense_mlp,2178
C12orf75,1.5049766e-07,dense_mlp,2179
BMP8B,1.5045796e-07,dense_mlp,2180
TTC39A,1.5042131e-07,dense_mlp,2181
LSMEM1,1.5041175e-07,dense_mlp,2182
KATNAL2,1.5038056e-07,dense_mlp,2183
CRTAC1,1.5023583e-07,dense_mlp,2184
HIST3H2BB,1.5021241e-07,dense_mlp,2185
CCDC170,1.5019992e-07,dense_mlp,2186
RSPH4A,1.5012778e-07,dense_mlp,2187
C6orf15,1.5007782e-07,dense_mlp,2188
FAM189A1,1.500517e-07,dense_mlp,2189
MINDY4,1.5004368e-07,dense_mlp,2190
VSTM2B,1.5002095e-07,dense_mlp,2191
OTOL1,1.4984106e-07,dense_mlp,2192
ZNF672,1.4983908e-07,dense_mlp,2193
ILDR1,1.497845e-07,dense_mlp,2194
MSC,1.4966004e-07,dense_mlp,2195
CADPS2,1.496302e-07,dense_mlp,2196
PXDNL,1.496105e-07,dense_mlp,2197
CALHM4,1.4952943e-07,dense_mlp,2198
XAGE3,1.4941709e-07,dense_mlp,2199
TAF11L11,1.4941278e-07,dense_mlp,2200
SLC16A14,1.4941047e-07,dense_mlp,2201
CHODL,1.4933653e-07,dense_mlp,2202
TSPO2,1.4933646e-07,dense_mlp,2203
CROCC2,1.4925922e-07,dense_mlp,2204
MYOM2,1.4925645e-07,dense_mlp,2205
TMEM19,1.4910299e-07,dense_mlp,2206
GLDN,1.4906637e-07,dense_mlp,2207
SHC4,1.4906392e-07,dense_mlp,2208
TMCO4,1.4900701e-07,dense_mlp,2209
GNB1L,1.4897843e-07,dense_mlp,2210
KCTD8,1.4895548e-07,dense_mlp,2211
MCRIP2,1.4884242e-07,dense_mlp,2212
C17orf50,1.4879673e-07,dense_mlp,2213
ANKRD2,1.4876646e-07,dense_mlp,2214
XKR8,1.4873213e-07,dense_mlp,2215
RAB11FIP1,1.4871956e-07,dense_mlp,2216
TMEM174,1.487144e-07,dense_mlp,2217
SLC37A2,1.486499e-07,dense_mlp,2218
LRRC18,1.4862302e-07,dense_mlp,2219
ZNF618,1.4860096e-07,dense_mlp,2220
FAM43B,1.4858202e-07,dense_mlp,2221
SEPTIN1,1.485786e-07,dense_mlp,2222
MCCD1,1.4857363e-07,dense_mlp,2223
C11orf91,1.482903e-07,dense_mlp,2224
WWC2,1.4826846e-07,dense_mlp,2225
FAM163A,1.4824543e-07,dense_mlp,2226
DRAXIN,1.4822432e-07,dense_mlp,2227
CTXN2,1.4821413e-07,dense_mlp,2228
ASCL4,1.4816804e-07,dense_mlp,2229
MAP7D2,1.4814735e-07,dense_mlp,2230
LRMP,1.48108e-07,dense_mlp,2231
CCDC188,1.4800942e-07,dense_mlp,2232
GTSF1L,1.4791823e-07,dense_mlp,2233
PTPRR,1.4790152e-07,dense_mlp,2234
RBM46,1.4788843e-07,dense_mlp,2235
SRARP,1.4776953e-07,dense_mlp,2236
RASL11A,1.477646e-07,dense_mlp,2237
SLC25A48,1.4775306e-07,dense_mlp,2238
FREM1,1.4772039e-07,dense_mlp,2239
DDI2,1.4769164e-07,dense_mlp,2240
NBDY,1.4758258e-07,dense_mlp,2241
PCDHA7,1.4756681e-07,dense_mlp,2242
FAM227B,1.4738305e-07,dense_mlp,2243
UNC13C,1.4729717e-07,dense_mlp,2244
AP002495.1,1.4728236e-07,dense_mlp,2245
MEIS3,1.4725913e-07,dense_mlp,2246
FAM186A,1.4720777e-07,dense_mlp,2247
GABRG1,1.4710892e-07,dense_mlp,2248
REM2,1.4706416e-07,dense_mlp,2249
CD37,1.4694689e-07,dense_mlp,2250
PTER,1.4693681e-07,dense_mlp,2251
HYDIN,1.4692232e-07,dense_mlp,2252
CARD6,1.4690123e-07,dense_mlp,2253
FCRLB,1.4689977e-07,dense_mlp,2254
TMEM37,1.468721e-07,dense_mlp,2255
VWC2L,1.4686086e-07,dense_mlp,2256
C2CD6,1.467373e-07,dense_mlp,2257
SUN3,1.467183e-07,dense_mlp,2258
ANKK1,1.4670107e-07,dense_mlp,2259
AIF1,1.4668906e-07,dense_mlp,2260
MARC2,1.4666676e-07,dense_mlp,2261
SHFL,1.4657991e-07,dense_mlp,2262
MYCNOS,1.4654687e-07,dense_mlp,2263
CD69,1.465238e-07,dense_mlp,2264
NHSL2,1.4647931e-07,dense_mlp,2265
SMAGP,1.4645995e-07,dense_mlp,2266
HOXD13,1.464421e-07,dense_mlp,2267
PXDC1,1.4631931e-07,dense_mlp,2268
MISP,1.4627203e-07,dense_mlp,2269
WFDC13,1.4624337e-07,dense_mlp,2270
KCTD14,1.4610363e-07,dense_mlp,2271
ENC1,1.4607402e-07,dense_mlp,2272
FAM217A,1.4605318e-07,dense_mlp,2273
ANKDD1B,1.4603404e-07,dense_mlp,2274
NPAS1,1.4602615e-07,dense_mlp,2275
LBH,1.460021e-07,dense_mlp,2276
ODF3L1,1.4598503e-07,dense_mlp,2277
IQUB,1.4594852e-07,dense_mlp,2278
PLCXD3,1.4591387e-07,dense_mlp,2279
BCL2L12,1.4588046e-07,dense_mlp,2280
TMEM163,1.4587575e-07,dense_mlp,2281
ZBTB32,1.4587567e-07,dense_mlp,2282
C1orf226,1.4583247e-07,dense_mlp,2283
PPM1M,1.4579231e-07,dense_mlp,2284
C9orf85,1.4575642e-07,dense_mlp,2285
RCBTB2,1.4573841e-07,dense_mlp,2286
ARRDC2,1.4569743e-07,dense_mlp,2287
TMEM250,1.4568386e-07,dense_mlp,2288
SAMD12,1.456657e-07,dense_mlp,2289
LGSN,1.4563935e-07,dense_mlp,2290
GPRIN3,1.4557594e-07,dense_mlp,2291
LDLRAD1,1.4555262e-07,dense_mlp,2292
ERP27,1.4541577e-07,dense_mlp,2293
TRIM58,1.4534074e-07,dense_mlp,2294
CELSR1,1.452906e-07,dense_mlp,2295
USH2A,1.4520954e-07,dense_mlp,2296
C1QTNF1,1.4517579e-07,dense_mlp,2297
EGFL7,1.4506774e-07,dense_mlp,2298
PNLDC1,1.4500543e-07,dense_mlp,2299
LRP1B,1.449991e-07,dense_mlp,2300
TYW1B,1.448315e-07,dense_mlp,2301
FNDC3A,1.4482632e-07,dense_mlp,2302
CNKSR3,1.4481635e-07,dense_mlp,2303
TMEM52,1.4476194e-07,dense_mlp,2304
EFHC2,1.4467275e-07,dense_mlp,2305
TM4SF19,1.4455435e-07,dense_mlp,2306
LENEP,1.4446354e-07,dense_mlp,2307
SLC18A1,1.4445428e-07,dense_mlp,2308
ZBTB49,1.4440124e-07,dense_mlp,2309
BHLHE23,1.4437067e-07,dense_mlp,2310
PAPLN,1.443468e-07,dense_mlp,2311
SPRR5,1.4433017e-07,dense_mlp,2312
NAP1L2,1.443252e-07,dense_mlp,2313
PALM2-AKAP2,1.4432189e-07,dense_mlp,2314
VASN,1.4432113e-07,dense_mlp,2315
C19orf38,1.4431085e-07,dense_mlp,2316
GAS2L2,1.4426266e-07,dense_mlp,2317
BMP6,1.4422623e-07,dense_mlp,2318
FNDC7,1.4414246e-07,dense_mlp,2319
FOXD4,1.4403093e-07,dense_mlp,2320
CCDC27,1.4393137e-07,dense_mlp,2321
MOK,1.4390767e-07,dense_mlp,2322
CIDEB,1.4382896e-07,dense_mlp,2323
GRID2IP,1.4382127e-07,dense_mlp,2324
PRR23C,1.4376226e-07,dense_mlp,2325
GIN1,1.4375617e-07,dense_mlp,2326
SRL,1.4374534e-07,dense_mlp,2327
LRRC3C,1.4374415e-07,dense_mlp,2328
STRN4,1.4369463e-07,dense_mlp,2329
MS4A18,1.4361468e-07,dense_mlp,2330
ODF3L2,1.4359799e-07,dense_mlp,2331
SEMA3D,1.435893e-07,dense_mlp,2332
HOXD12,1.4358419e-07,dense_mlp,2333
C2orf73,1.4357211e-07,dense_mlp,2334
KATNBL1,1.4354859e-07,dense_mlp,2335
DIRAS3,1.4351328e-07,dense_mlp,2336
AL160269.1,1.4345176e-07,dense_mlp,2337
URAD,1.4342913e-07,dense_mlp,2338
HSPB7,1.4329537e-07,dense_mlp,2339
ZNF683,1.4327738e-07,dense_mlp,2340
GNG14,1.4323192e-07,dense_mlp,2341
CCN4,1.4322433e-07,dense_mlp,2342
SLC35E4,1.4322114e-07,dense_mlp,2343
HOXB9,1.4309305e-07,dense_mlp,2344
TBX22,1.4306498e-07,dense_mlp,2345
DGLUCY,1.4300197e-07,dense_mlp,2346
STAC3,1.4295973e-07,dense_mlp,2347
ZSCAN5B,1.429447e-07,dense_mlp,2348
STEAP2,1.4275216e-07,dense_mlp,2349
SLC22A18AS,1.4274819e-07,dense_mlp,2350
SIAH3,1.4267792e-07,dense_mlp,2351
SEPTIN12,1.4261332e-07,dense_mlp,2352
FGGY,1.4260074e-07,dense_mlp,2353
NAA11,1.4254633e-07,dense_mlp,2354
TMEM88,1.4253084e-07,dense_mlp,2355
PTPRQ,1.4249493e-07,dense_mlp,2356
DCST2,1.4243493e-07,dense_mlp,2357
SCART1,1.4240369e-07,dense_mlp,2358
GDF6,1.423508e-07,dense_mlp,2359
ZNF843,1.4233632e-07,dense_mlp,2360
GIMAP4,1.4233353e-07,dense_mlp,2361
FAP,1.4232869e-07,dense_mlp,2362
ZNF280A,1.4231769e-07,dense_mlp,2363
DAZAP2,1.4231132e-07,dense_mlp,2364
DEPDC4,1.421583e-07,dense_mlp,2365
RAX2,1.4207552e-07,dense_mlp,2366
SMTNL2,1.4201315e-07,dense_mlp,2367
THNSL1,1.419616e-07,dense_mlp,2368
TSPAN32,1.4181674e-07,dense_mlp,2369
GMFB,1.4174083e-07,dense_mlp,2370
RUBCNL,1.4172925e-07,dense_mlp,2371
AVPI1,1.4172709e-07,dense_mlp,2372
NOVA2,1.4171766e-07,dense_mlp,2373
PHLDB3,1.4155962e-07,dense_mlp,2374
PAX9,1.415578e-07,dense_mlp,2375
MTCP1,1.415434e-07,dense_mlp,2376
BNIP5,1.415412e-07,dense_mlp,2377
TMEM212,1.4152585e-07,dense_mlp,2378
HIST1H3G,1.4148642e-07,dense_mlp,2379
CFAP73,1.4145166e-07,dense_mlp,2380
CCDC3,1.4144769e-07,dense_mlp,2381
ADGRF3,1.4137434e-07,dense_mlp,2382
S100G,1.4137248e-07,dense_mlp,2383
XKR5,1.4134808e-07,dense_mlp,2384
CCDC24,1.4120216e-07,dense_mlp,2385
FAM221A,1.4116364e-07,dense_mlp,2386
KLHL26,1.4112517e-07,dense_mlp,2387
NANOGNB,1.4110776e-07,dense_mlp,2388
ZNF513,1.4106932e-07,dense_mlp,2389
MRTO4,1.4103325e-07,dense_mlp,2390
SPAG1,1.4098518e-07,dense_mlp,2391
CDNF,1.4097894e-07,dense_mlp,2392
FUT10,1.4097697e-07,dense_mlp,2393
C2orf80,1.4084303e-07,dense_mlp,2394
C14orf180,1.4080778e-07,dense_mlp,2395
CCDC54,1.40745e-07,dense_mlp,2396
GCSAM,1.4072634e-07,dense_mlp,2397
GUCD1,1.407151e-07,dense_mlp,2398
VWA2,1.406973e-07,dense_mlp,2399
RHBDF1,1.4064055e-07,dense_mlp,2400
BCL2L10,1.4061797e-07,dense_mlp,2401
SMIM1,1.4061183e-07,dense_mlp,2402
RBBP8NL,1.4051946e-07,dense_mlp,2403
HIST1H1A,1.4051184e-07,dense_mlp,2404
ACPP,1.4045249e-07,dense_mlp,2405
NBPF11,1.4039725e-07,dense_mlp,2406
MYO1B,1.4039286e-07,dense_mlp,2407
ARL13A,1.4035972e-07,dense_mlp,2408
CARMIL3,1.4033043e-07,dense_mlp,2409
PRSS53,1.4013268e-07,dense_mlp,2410
MAGEB3,1.4011724e-07,dense_mlp,2411
METTL18,1.401157e-07,dense_mlp,2412
CRYGD,1.400208e-07,dense_mlp,2413
C6orf118,1.399171e-07,dense_mlp,2414
PRAM1,1.3991155e-07,dense_mlp,2415
PHETA1,1.3988169e-07,dense_mlp,2416
ZC3HAV1L,1.3981473e-07,dense_mlp,2417
COBLL1,1.397303e-07,dense_mlp,2418
CFAP46,1.3967536e-07,dense_mlp,2419
TPRG1,1.3965109e-07,dense_mlp,2420
ZDHHC22,1.3961309e-07,dense_mlp,2421
SEC14L5,1.395853e-07,dense_mlp,2422
MARCH4,1.3958099e-07,dense_mlp,2423
VSIG4,1.3957808e-07,dense_mlp,2424
LHFPL6,1.3956583e-07,dense_mlp,2425
FHOD1,1.3955086e-07,dense_mlp,2426
HIST1H2BG,1.3949781e-07,dense_mlp,2427
TEX14,1.3946357e-07,dense_mlp,2428
RASD1,1.3944198e-07,dense_mlp,2429
ARSE,1.3943513e-07,dense_mlp,2430
LST1,1.3940283e-07,dense_mlp,2431
SLC22A31,1.3938974e-07,dense_mlp,2432
SPESP1,1.3931846e-07,dense_mlp,2433
RTL5,1.3928741e-07,dense_mlp,2434
TMPRSS11B,1.3926204e-07,dense_mlp,2435
VSIG10L2,1.3916357e-07,dense_mlp,2436
C2CD4A,1.3916315e-07,dense_mlp,2437
TSPYL6,1.3914403e-07,dense_mlp,2438
ADGRG5,1.3912295e-07,dense_mlp,2439
TMEM104,1.3910717e-07,dense_mlp,2440
CDHR3,1.3905449e-07,dense_mlp,2441
HARBI1,1.3892571e-07,dense_mlp,2442
LCA5L,1.3889381e-07,dense_mlp,2443
SSPO,1.388881e-07,dense_mlp,2444
DEPP1,1.3887428e-07,dense_mlp,2445
RNASE10,1.3883586e-07,dense_mlp,2446
DDX58,1.3880368e-07,dense_mlp,2447
ZIC4,1.3875477e-07,dense_mlp,2448
ANKLE1,1.3875183e-07,dense_mlp,2449
SERTAD4,1.3874724e-07,dense_mlp,2450
AL451007.3,1.386489e-07,dense_mlp,2451
EPHX4,1.3864172e-07,dense_mlp,2452
KLF2,1.3860846e-07,dense_mlp,2453
SHBG,1.386001e-07,dense_mlp,2454
HASPIN,1.3859689e-07,dense_mlp,2455
F8A1,1.3858998e-07,dense_mlp,2456
NAGA,1.3858073e-07,dense_mlp,2457
LGALS14,1.3851512e-07,dense_mlp,2458
CCDC171,1.3849893e-07,dense_mlp,2459
EXD1,1.3848103e-07,dense_mlp,2460
CCDC180,1.3846575e-07,dense_mlp,2461
TULP1,1.3838209e-07,dense_mlp,2462
INSC,1.3837771e-07,dense_mlp,2463
DOCK8-AS1,1.3837271e-07,dense_mlp,2464
SYCE1L,1.3831288e-07,dense_mlp,2465
C9orf24,1.3827857e-07,dense_mlp,2466
ADM5,1.3825374e-07,dense_mlp,2467
ZFYVE19,1.3822196e-07,dense_mlp,2468
SLC6A18,1.3811302e-07,dense_mlp,2469
BICDL2,1.3810887e-07,dense_mlp,2470
ERICH6,1.3809056e-07,dense_mlp,2471
GOLGA8B,1.3806799e-07,dense_mlp,2472
REC114,1.380229e-07,dense_mlp,2473
SLC35F3,1.3798433e-07,dense_mlp,2474
CMYA5,1.379652e-07,dense_mlp,2475
JSRP1,1.3795301e-07,dense_mlp,2476
SYT16,1.379476e-07,dense_mlp,2477
CRIP3,1.3794529e-07,dense_mlp,2478
IGSF1,1.379267e-07,dense_mlp,2479
ELMOD1,1.3790479e-07,dense_mlp,2480
TLX1,1.3789155e-07,dense_mlp,2481
UPK3B,1.3784529e-07,dense_mlp,2482
CST8,1.3782987e-07,dense_mlp,2483
PAWR,1.3780651e-07,dense_mlp,2484
TES,1.376918e-07,dense_mlp,2485
ASPHD2,1.3766635e-07,dense_mlp,2486
MROH6,1.3755582e-07,dense_mlp,2487
MIPOL1,1.3749919e-07,dense_mlp,2488
TTC30B,1.3748101e-07,dense_mlp,2489
SYTL3,1.3747038e-07,dense_mlp,2490
KIAA0586,1.3744815e-07,dense_mlp,2491
ACTL9,1.3737376e-07,dense_mlp,2492
RCSD1,1.3731398e-07,dense_mlp,2493
TIGIT,1.3729763e-07,dense_mlp,2494
S100A5,1.3727359e-07,dense_mlp,2495
KLHL29,1.3726756e-07,dense_mlp,2496
C16orf95,1.3723734e-07,dense_mlp,2497
SEMA4G,1.3723127e-07,dense_mlp,2498
TTC38,1.3721542e-07,dense_mlp,2499
PKDREJ,1.3720987e-07,dense_mlp,2500
QRICH2,1.3719011e-07,dense_mlp,2501
HOXC5,1.3718561e-07,dense_mlp,2502
WDR38,1.3709386e-07,dense_mlp,2503
OSGIN1,1.3707066e-07,dense_mlp,2504
CEMP1,1.3705099e-07,dense_mlp,2505
PLVAP,1.3701546e-07,dense_mlp,2506
ZNF608,1.369786e-07,dense_mlp,2507
DNAI2,1.369147e-07,dense_mlp,2508
CMTM8,1.3682929e-07,dense_mlp,2509
CLRN2,1.3678854e-07,dense_mlp,2510
HIPK4,1.3668695e-07,dense_mlp,2511
LRRC6,1.3665117e-07,dense_mlp,2512
TSC22D1,1.3664173e-07,dense_mlp,2513
CFAP54,1.366067e-07,dense_mlp,2514
SORCS1,1.3658578e-07,dense_mlp,2515
HMGB4,1.3657686e-07,dense_mlp,2516
ONECUT2,1.365761e-07,dense_mlp,2517
TMEM30A,1.3652611e-07,dense_mlp,2518
PRSS36,1.3638721e-07,dense_mlp,2519
C8orf58,1.363266e-07,dense_mlp,2520
TRMT12,1.3629622e-07,dense_mlp,2521
PCDHGA5,1.3628205e-07,dense_mlp,2522
MUTYH,1.3622216e-07,dense_mlp,2523
LCA5,1.3621839e-07,dense_mlp,2524
CLUL1,1.3605124e-07,dense_mlp,2525
TIFAB,1.3601895e-07,dense_mlp,2526
TDRD5,1.3600007e-07,dense_mlp,2527
OSGIN2,1.3596387e-07,dense_mlp,2528
NYNRIN,1.3594087e-07,dense_mlp,2529
MAGEH1,1.3591112e-07,dense_mlp,2530
FAM53A,1.3591003e-07,dense_mlp,2531
ZIC5,1.3587524e-07,dense_mlp,2532
MEST,1.3586846e-07,dense_mlp,2533
CCDC127,1.3583153e-07,dense_mlp,2534
MEIG1,1.3581659e-07,dense_mlp,2535
SPX,1.3577714e-07,dense_mlp,2536
CPNE9,1.3574521e-07,dense_mlp,2537
WDR31,1.3573975e-07,dense_mlp,2538
HGH1,1.3570947e-07,dense_mlp,2539
FRRS1L,1.356945e-07,dense_mlp,2540
PPP1R3F,1.3566435e-07,dense_mlp,2541
CCL24,1.3565624e-07,dense_mlp,2542
TMEM151B,1.3557826e-07,dense_mlp,2543
PRDM6,1.3557718e-07,dense_mlp,2544
SPATA18,1.355579e-07,dense_mlp,2545
SSBP3,1.3554094e-07,dense_mlp,2546
ADGRD2,1.355349e-07,dense_mlp,2547
FAM205C,1.3544786e-07,dense_mlp,2548
RASA4B,1.3543286e-07,dense_mlp,2549
LRRC46,1.3542592e-07,dense_mlp,2550
HABP2,1.3540314e-07,dense_mlp,2551
ANKRD31,1.35355e-07,dense_mlp,2552
SORCS2,1.3532932e-07,dense_mlp,2553
ACTL7B,1.3532515e-07,dense_mlp,2554
CAMK1G,1.3532183e-07,dense_mlp,2555
CFAP206,1.3529592e-07,dense_mlp,2556
COBL,1.3528921e-07,dense_mlp,2557
MAGEB17,1.3527774e-07,dense_mlp,2558
TMEM204,1.3527756e-07,dense_mlp,2559
C12orf50,1.3516079e-07,dense_mlp,2560
DEF8,1.3515454e-07,dense_mlp,2561
CARD16,1.3514656e-07,dense_mlp,2562
PRDM11,1.3513213e-07,dense_mlp,2563
VAX1,1.3511998e-07,dense_mlp,2564
TEX13A,1.3504585e-07,dense_mlp,2565
TMEM246,1.3503869e-07,dense_mlp,2566
GPR78,1.3501634e-07,dense_mlp,2567
CEP295,1.3495172e-07,dense_mlp,2568
TEX35,1.3484753e-07,dense_mlp,2569
TMC7,1.3476789e-07,dense_mlp,2570
C16orf89,1.3472838e-07,dense_mlp,2571
MCMDC2,1.3472534e-07,dense_mlp,2572
FAM181A,1.3470992e-07,dense_mlp,2573
DCAF4L2,1.3468488e-07,dense_mlp,2574
ANTXR2,1.3466206e-07,dense_mlp,2575
TEX26,1.346604e-07,dense_mlp,2576
SYNDIG1L,1.3459683e-07,dense_mlp,2577
DOC2A,1.3458917e-07,dense_mlp,2578
AC087498.1,1.3458335e-07,dense_mlp,2579
PEAK3,1.3456976e-07,dense_mlp,2580
GPR85,1.3455896e-07,dense_mlp,2581
HEATR5A,1.3446643e-07,dense_mlp,2582
TINAGL1,1.3445957e-07,dense_mlp,2583
SNCG,1.344167e-07,dense_mlp,2584
HMX3,1.3441341e-07,dense_mlp,2585
C3orf20,1.344089e-07,dense_mlp,2586
UPK3A,1.3438438e-07,dense_mlp,2587
FAM71F2,1.3433453e-07,dense_mlp,2588
MRAP,1.3429222e-07,dense_mlp,2589
CLMN,1.3428522e-07,dense_mlp,2590
ITIH1,1.3426896e-07,dense_mlp,2591
TMEM221,1.3423941e-07,dense_mlp,2592
FAM185A,1.3423093e-07,dense_mlp,2593
ANKRD18A,1.3412259e-07,dense_mlp,2594
IFI44,1.3411868e-07,dense_mlp,2595
C18orf63,1.3411506e-07,dense_mlp,2596
SNPH,1.3409891e-07,dense_mlp,2597
CENPBD1,1.3405996e-07,dense_mlp,2598
PCDHB6,1.3402715e-07,dense_mlp,2599
SPATA9,1.3388704e-07,dense_mlp,2600
C1QTNF8,1.3387714e-07,dense_mlp,2601
LAMP5,1.3371265e-07,dense_mlp,2602
PIEZO2,1.3368181e-07,dense_mlp,2603
CEP19,1.3367898e-07,dense_mlp,2604
ZMYND15,1.3366024e-07,dense_mlp,2605
CLIC6,1.336514e-07,dense_mlp,2606
TFCP2L1,1.3364576e-07,dense_mlp,2607
FAM110D,1.335953e-07,dense_mlp,2608
RANBP3L,1.3353839e-07,dense_mlp,2609
TMEM45B,1.3353652e-07,dense_mlp,2610
GSDMB,1.335147e-07,dense_mlp,2611
ZC4H2,1.3350645e-07,dense_mlp,2612
PPIAL4G,1.3340485e-07,dense_mlp,2613
CCDC89,1.3335415e-07,dense_mlp,2614
GRTP1,1.3331487e-07,dense_mlp,2615
TMEM82,1.3330781e-07,dense_mlp,2616
SOX18,1.332583e-07,dense_mlp,2617
PRR32,1.3325331e-07,dense_mlp,2618
FATE1,1.3324421e-07,dense_mlp,2619
GIMAP1,1.3311968e-07,dense_mlp,2620
NXPH3,1.3306905e-07,dense_mlp,2621
NAV3,1.3303995e-07,dense_mlp,2622
DIRAS2,1.3300165e-07,dense_mlp,2623
GSAP,1.329634e-07,dense_mlp,2624
NDP,1.3288798e-07,dense_mlp,2625
LY9,1.3287612e-07,dense_mlp,2626
TOR2A,1.3287065e-07,dense_mlp,2627
SCPEP1,1.3284895e-07,dense_mlp,2628
PFN4,1.3282428e-07,dense_mlp,2629
TRIOBP,1.3280369e-07,dense_mlp,2630
WDR73,1.3274628e-07,dense_mlp,2631
SLFN12,1.3272198e-07,dense_mlp,2632
DDIAS,1.3269614e-07,dense_mlp,2633
SAMD15,1.326246e-07,dense_mlp,2634
PLGRKT,1.3261827e-07,dense_mlp,2635
TMA7,1.3258389e-07,dense_mlp,2636
DNAJB8,1.3255745e-07,dense_mlp,2637
MAMSTR,1.3248706e-07,dense_mlp,2638
SPEF2,1.3244913e-07,dense_mlp,2639
SHISAL1,1.3244694e-07,dense_mlp,2640
PRSS54,1.3244333e-07,dense_mlp,2641
SPNS3,1.3237745e-07,dense_mlp,2642
CST9,1.3235929e-07,dense_mlp,2643
CCDC57,1.3231605e-07,dense_mlp,2644
KLF17,1.3231221e-07,dense_mlp,2645
USP27X,1.323038e-07,dense_mlp,2646
GDF7,1.322615e-07,dense_mlp,2647
LINC02218,1.322326e-07,dense_mlp,2648
HOXC6,1.321996e-07,dense_mlp,2649
RDM1,1.321491e-07,dense_mlp,2650
RPGR,1.3214039e-07,dense_mlp,2651
GASK1B,1.3209429e-07,dense_mlp,2652
ZAR1,1.3207695e-07,dense_mlp,2653
SERPINI2,1.3207377e-07,dense_mlp,2654
WDR62,1.3202391e-07,dense_mlp,2655
LKAAEAR1,1.3200149e-07,dense_mlp,2656
DCLK3,1.3193086e-07,dense_mlp,2657
IGLC7,1.3191904e-07,dense_mlp,2658
RAI14,1.3189747e-07,dense_mlp,2659
TMPPE,1.3185759e-07,dense_mlp,2660
OOSP2,1.3182795e-07,dense_mlp,2661
MAPK15,1.3180363e-07,dense_mlp,2662
RAD51AP2,1.3176764e-07,dense_mlp,2663
LVRN,1.3169824e-07,dense_mlp,2664
MTMR11,1.3155012e-07,dense_mlp,2665
FOXF2,1.3154104e-07,dense_mlp,2666
GPR6,1.315346e-07,dense_mlp,2667
FCMR,1.3152037e-07,dense_mlp,2668
TEKT2,1.3140402e-07,dense_mlp,2669
WDR49,1.3139852e-07,dense_mlp,2670
CCDC158,1.3137841e-07,dense_mlp,2671
DUSP27,1.313394e-07,dense_mlp,2672
PCDHB8,1.3133594e-07,dense_mlp,2673
RNF223,1.3133408e-07,dense_mlp,2674
RILPL2,1.31254e-07,dense_mlp,2675
MAGEA6,1.3120776e-07,dense_mlp,2676
PRUNE2,1.3120314e-07,dense_mlp,2677
LRRC53,1.3119306e-07,dense_mlp,2678
LRTM2,1.3111571e-07,dense_mlp,2679
VPS50,1.3110837e-07,dense_mlp,2680
FAM9C,1.3110308e-07,dense_mlp,2681
ANKRD55,1.3106344e-07,dense_mlp,2682
CFAP157,1.3105954e-07,dense_mlp,2683
SULT2B1,1.3102424e-07,dense_mlp,2684
FRMD4B,1.3100698e-07,dense_mlp,2685
ERICH1,1.3092041e-07,dense_mlp,2686
LRRC30,1.307981e-07,dense_mlp,2687
NAALADL1,1.3079786e-07,dense_mlp,2688
CASC1,1.3070671e-07,dense_mlp,2689
PRR9,1.3069591e-07,dense_mlp,2690
LLPH,1.306918e-07,dense_mlp,2691
ZNRF4,1.3058444e-07,dense_mlp,2692
CREM,1.3055782e-07,dense_mlp,2693
SYNPO2L,1.3052889e-07,dense_mlp,2694
WFDC9,1.3050588e-07,dense_mlp,2695
KRTAP6-3,1.3050577e-07,dense_mlp,2696
PAPOLB,1.3043949e-07,dense_mlp,2697
FAM240B,1.3043288e-07,dense_mlp,2698
NAT16,1.3042064e-07,dense_mlp,2699
ADGRA2,1.3039393e-07,dense_mlp,2700
NRAP,1.30326e-07,dense_mlp,2701
RNASE11,1.303209e-07,dense_mlp,2702
SNX22,1.3019802e-07,dense_mlp,2703
CCDC148,1.3018929e-07,dense_mlp,2704
KIAA1324,1.3017744e-07,dense_mlp,2705
ZNF780B,1.3016798e-07,dense_mlp,2706
VSIG1,1.3013418e-07,dense_mlp,2707
IGFBPL1,1.3013032e-07,dense_mlp,2708
SELENOM,1.2997077e-07,dense_mlp,2709
TMEM74B,1.2995423e-07,dense_mlp,2710
NRDE2,1.2990323e-07,dense_mlp,2711
AC015871.1,1.2984215e-07,dense_mlp,2712
GDF3,1.2980064e-07,dense_mlp,2713
DBF4B,1.2978491e-07,dense_mlp,2714
FXYD5,1.2977054e-07,dense_mlp,2715
CDCA3,1.2972363e-07,dense_mlp,2716
CD5,1.2969787e-07,dense_mlp,2717
MYH7,1.2969606e-07,dense_mlp,2718
FCRL6,1.295219e-07,dense_mlp,2719
ABTB2,1.2951598e-07,dense_mlp,2720
RELT,1.2949774e-07,dense_mlp,2721
ZNF385D,1.2948088e-07,dense_mlp,2722
KDM4F,1.2947011e-07,dense_mlp,2723
MYRFL,1.2943855e-07,dense_mlp,2724
CCDC110,1.2939762e-07,dense_mlp,2725
SLFN5,1.2938821e-07,dense_mlp,2726
KLHDC9,1.293632e-07,dense_mlp,2727
CNMD,1.2934731e-07,dense_mlp,2728
KHNYN,1.2930573e-07,dense_mlp,2729
SLC35F1,1.2928264e-07,dense_mlp,2730
C17orf97,1.2927066e-07,dense_mlp,2731
MCTP1,1.2922935e-07,dense_mlp,2732
H6PD,1.2917532e-07,dense_mlp,2733
NUP62CL,1.2916372e-07,dense_mlp,2734
PPP1R3B,1.2914626e-07,dense_mlp,2735
NEFH,1.2897394e-07,dense_mlp,2736
EFCAB8,1.2896258e-07,dense_mlp,2737
CLDND2,1.2893172e-07,dense_mlp,2738
NKPD1,1.288816e-07,dense_mlp,2739
PKIB,1.2884456e-07,dense_mlp,2740
GPR34,1.2883862e-07,dense_mlp,2741
MMP28,1.2877436e-07,dense_mlp,2742
VN1R4,1.2876356e-07,dense_mlp,2743
A3GALT2,1.2875344e-07,dense_mlp,2744
LACC1,1.2872798e-07,dense_mlp,2745
CAMKV,1.2872471e-07,dense_mlp,2746
RTP5,1.2871179e-07,dense_mlp,2747
HEATR4,1.2868712e-07,dense_mlp,2748
GPATCH2,1.2866195e-07,dense_mlp,2749
TNP2,1.2863237e-07,dense_mlp,2750
DRC3,1.2856937e-07,dense_mlp,2751
NLRP6,1.2856812e-07,dense_mlp,2752
C16orf46,1.2854777e-07,dense_mlp,2753
CACNA2D4,1.2847713e-07,dense_mlp,2754
CFAP221,1.2843377e-07,dense_mlp,2755
MKRN3,1.2840799e-07,dense_mlp,2756
ITGB1BP2,1.2838979e-07,dense_mlp,2757
CABCOCO1,1.283349e-07,dense_mlp,2758
SAMD7,1.2830515e-07,dense_mlp,2759
ANKRD34B,1.2828457e-07,dense_mlp,2760
TUNAR,1.2810153e-07,dense_mlp,2761
RGL4,1.2807848e-07,dense_mlp,2762
MRGPRG,1.2805872e-07,dense_mlp,2763
TIGD1,1.280526e-07,dense_mlp,2764
TC2N,1.2803942e-07,dense_mlp,2765
ARL4D,1.2791732e-07,dense_mlp,2766
CCDC194,1.278956e-07,dense_mlp,2767
C6orf58,1.2783926e-07,dense_mlp,2768
MASP2,1.2767657e-07,dense_mlp,2769
ZPLD1,1.2765783e-07,dense_mlp,2770
FAM180B,1.2763032e-07,dense_mlp,2771
MINAR2,1.276268e-07,dense_mlp,2772
CYB5D1,1.2758846e-07,dense_mlp,2773
CLEC11A,1.2757461e-07,dense_mlp,2774
HIST1H3H,1.2757212e-07,dense_mlp,2775
CDYL2,1.2753348e-07,dense_mlp,2776
ANKRD33,1.2749094e-07,dense_mlp,2777
CRYBA2,1.2736555e-07,dense_mlp,2778
TMCO2,1.2723709e-07,dense_mlp,2779
CDH26,1.2715178e-07,dense_mlp,2780
ZNF491,1.2714857e-07,dense_mlp,2781
RSPH3,1.2713258e-07,dense_mlp,2782
ANKRD30BL,1.2704169e-07,dense_mlp,2783
SBK3,1.2698959e-07,dense_mlp,2784
SPATA46,1.2695635e-07,dense_mlp,2785
CALHM6,1.2695473e-07,dense_mlp,2786
TSSK4,1.2694531e-07,dense_mlp,2787
FCGR1B,1.2691628e-07,dense_mlp,2788
CDH22,1.2689281e-07,dense_mlp,2789
TESPA1,1.2685034e-07,dense_mlp,2790
SERPINB9,1.2682317e-07,dense_mlp,2791
CDPF1,1.2681821e-07,dense_mlp,2792
TM4SF1,1.2679318e-07,dense_mlp,2793
TMEM116,1.2674948e-07,dense_mlp,2794
NEFM,1.2673333e-07,dense_mlp,2795
BACE2,1.2667849e-07,dense_mlp,2796
SLC31A2,1.266231e-07,dense_mlp,2797
MAGI3,1.2651053e-07,dense_mlp,2798
H2AFJ,1.264947e-07,dense_mlp,2799
ELFN1,1.2643756e-07,dense_mlp,2800
FHL5,1.2640146e-07,dense_mlp,2801
TRIM7,1.2633524e-07,dense_mlp,2802
C6orf201,1.262701e-07,dense_mlp,2803
MEIKIN,1.2620163e-07,dense_mlp,2804
TSPYL5,1.2619049e-07,dense_mlp,2805
SYCP2L,1.2616793e-07,dense_mlp,2806
VAX2,1.261375e-07,dense_mlp,2807
TCEAL2,1.261108e-07,dense_mlp,2808
RFPL4A,1.260993e-07,dense_mlp,2809
TMEM249,1.2609136e-07,dense_mlp,2810
ANKRD24,1.2603951e-07,dense_mlp,2811
NFIL3,1.2602621e-07,dense_mlp,2812
DPP10,1.2602561e-07,dense_mlp,2813
ST18,1.259386e-07,dense_mlp,2814
USP53,1.2587083e-07,dense_mlp,2815
PARM1,1.2585059e-07,dense_mlp,2816
C9orf129,1.2579362e-07,dense_mlp,2817
MTUS1,1.2576807e-07,dense_mlp,2818
UBAP1L,1.2573616e-07,dense_mlp,2819
ARID3C,1.2568219e-07,dense_mlp,2820
TRAM1L1,1.2567548e-07,dense_mlp,2821
C11orf65,1.2565249e-07,dense_mlp,2822
CRISPLD1,1.2560727e-07,dense_mlp,2823
PRAMEF6,1.256032e-07,dense_mlp,2824
UNC93A,1.2555478e-07,dense_mlp,2825
CACNG5,1.2546163e-07,dense_mlp,2826
ERBB3,1.2542287e-07,dense_mlp,2827
C17orf49,1.2529767e-07,dense_mlp,2828
ARL11,1.2524927e-07,dense_mlp,2829
PPP1R32,1.2523861e-07,dense_mlp,2830
AKAP17A,1.252224e-07,dense_mlp,2831
FADS3,1.2514646e-07,dense_mlp,2832
MEIOC,1.25131e-07,dense_mlp,2833
IQCA1L,1.2507711e-07,dense_mlp,2834
VSIG10L,1.2507519e-07,dense_mlp,2835
KLK11,1.2502146e-07,dense_mlp,2836
DAOA,1.250048e-07,dense_mlp,2837
SNX8,1.2498064e-07,dense_mlp,2838
FAXDC2,1.2488499e-07,dense_mlp,2839
ANKRD37,1.2487277e-07,dense_mlp,2840
LGALS4,1.2486804e-07,dense_mlp,2841
FRMD1,1.2486126e-07,dense_mlp,2842
CSNK1A1L,1.2480503e-07,dense_mlp,2843
TMPRSS15,1.2479887e-07,dense_mlp,2844
ZBTB43,1.2479538e-07,dense_mlp,2845
HIST1H3E,1.2478661e-07,dense_mlp,2846
LINC02694,1.2473892e-07,dense_mlp,2847
FRA10AC1,1.247174e-07,dense_mlp,2848
CCDC87,1.2470309e-07,dense_mlp,2849
COMTD1,1.2469914e-07,dense_mlp,2850
TEX9,1.246763e-07,dense_mlp,2851
CXorf21,1.246741e-07,dense_mlp,2852
SMIM17,1.246417e-07,dense_mlp,2853
NBPF20,1.2458358e-07,dense_mlp,2854
ZNF182,1.2455374e-07,dense_mlp,2855
MEP1B,1.2452448e-07,dense_mlp,2856
KLF6,1.2449524e-07,dense_mlp,2857
CPEB1,1.2447298e-07,dense_mlp,2858
LONRF3,1.2445486e-07,dense_mlp,2859
FAM71F1,1.2444058e-07,dense_mlp,2860
PRR30,1.2432523e-07,dense_mlp,2861
RASSF9,1.2427623e-07,dense_mlp,2862
SIX5,1.2422558e-07,dense_mlp,2863
MAP7D3,1.241608e-07,dense_mlp,2864
ZC2HC1C,1.2415705e-07,dense_mlp,2865
ROBO4,1.2408739e-07,dense_mlp,2866
NANOGP8,1.2408329e-07,dense_mlp,2867
PRAMEF33,1.240723e-07,dense_mlp,2868
ODF1,1.2406207e-07,dense_mlp,2869
ASPDH,1.240617e-07,dense_mlp,2870
TMEM158,1.2405424e-07,dense_mlp,2871
NR1I3,1.2405144e-07,dense_mlp,2872
BLID,1.2399362e-07,dense_mlp,2873
RASL10B,1.2399158e-07,dense_mlp,2874
LGALS16,1.2397686e-07,dense_mlp,2875
YIPF7,1.2391777e-07,dense_mlp,2876
ALPK2,1.2391563e-07,dense_mlp,2877
PAEP,1.2390198e-07,dense_mlp,2878
C11orf42,1.2388442e-07,dense_mlp,2879
PLD5,1.238666e-07,dense_mlp,2880
MRVI1,1.2382696e-07,dense_mlp,2881
POPDC3,1.2379925e-07,dense_mlp,2882
MYRF,1.237745e-07,dense_mlp,2883
PRAMEF12,1.2376833e-07,dense_mlp,2884
CDRT4,1.2375666e-07,dense_mlp,2885
C10orf143,1.2371365e-07,dense_mlp,2886
PRAME,1.2371036e-07,dense_mlp,2887
ZFHX4,1.2366834e-07,dense_mlp,2888
PRPF40B,1.2358993e-07,dense_mlp,2889
CNDP1,1.2357903e-07,dense_mlp,2890
DDX31,1.2356675e-07,dense_mlp,2891
BCAS4,1.2356111e-07,dense_mlp,2892
HSH2D,1.2354913e-07,dense_mlp,2893
VSTM4,1.235476e-07,dense_mlp,2894
NT5DC1,1.235345e-07,dense_mlp,2895
ISL2,1.2352615e-07,dense_mlp,2896
RSPH14,1.2351587e-07,dense_mlp,2897
TXLNB,1.2351401e-07,dense_mlp,2898
ZSWIM4,1.2350448e-07,dense_mlp,2899
HIST1H1E,1.235e-07,dense_mlp,2900
MAP4K1,1.2347077e-07,dense_mlp,2901
RD3L,1.2343881e-07,dense_mlp,2902
PAQR8,1.2343186e-07,dense_mlp,2903
BTBD11,1.2340554e-07,dense_mlp,2904
CCDC32,1.2338094e-07,dense_mlp,2905
KCTD16,1.2337335e-07,dense_mlp,2906
SH3BGR,1.2334583e-07,dense_mlp,2907
MAGEC2,1.2331493e-07,dense_mlp,2908
NXT2,1.2330419e-07,dense_mlp,2909
CARD19,1.2328093e-07,dense_mlp,2910
SNX32,1.2327557e-07,dense_mlp,2911
TRIM61,1.2324969e-07,dense_mlp,2912
C5orf34,1.2324385e-07,dense_mlp,2913
KLHL32,1.2322577e-07,dense_mlp,2914
ANKRD34C,1.2321514e-07,dense_mlp,2915
AL032819.3,1.2321102e-07,dense_mlp,2916
MS4A14,1.2320527e-07,dense_mlp,2917
SMIM41,1.2317282e-07,dense_mlp,2918
FAM214B,1.2316599e-07,dense_mlp,2919
STATH,1.2310247e-07,dense_mlp,2920
GOLGA8O,1.229972e-07,dense_mlp,2921
RMDN1,1.2296516e-07,dense_mlp,2922
SFT2D1,1.2291565e-07,dense_mlp,2923
CRB2,1.2287613e-07,dense_mlp,2924
S100Z,1.2284004e-07,dense_mlp,2925
CCDC63,1.2283733e-07,dense_mlp,2926
BTBD17,1.2282247e-07,dense_mlp,2927
SEPTIN6,1.2278785e-07,dense_mlp,2928
PMFBP1,1.2277637e-07,dense_mlp,2929
SLC39A12,1.226944e-07,dense_mlp,2930
GPALPP1,1.2268272e-07,dense_mlp,2931
ZNF720,1.2265465e-07,dense_mlp,2932
PTTG2,1.226538e-07,dense_mlp,2933
SCYGR8,1.225522e-07,dense_mlp,2934
FSIP1,1.225123e-07,dense_mlp,2935
FOSL2,1.2247095e-07,dense_mlp,2936
TLCD5,1.2244796e-07,dense_mlp,2937
TTC6,1.2241244e-07,dense_mlp,2938
KLHDC8B,1.2239614e-07,dense_mlp,2939
AC104389.5,1.2237372e-07,dense_mlp,2940
DNAAF1,1.2236822e-07,dense_mlp,2941
SLC22A23,1.2236653e-07,dense_mlp,2942
SOBP,1.2236018e-07,dense_mlp,2943
PI15,1.2234105e-07,dense_mlp,2944
PCDHB1,1.2225257e-07,dense_mlp,2945
SUMO4,1.2212902e-07,dense_mlp,2946
PBLD,1.2210369e-07,dense_mlp,2947
RAPGEF6,1.2207563e-07,dense_mlp,2948
NKX6-3,1.2206355e-07,dense_mlp,2949
TMEM275,1.220193e-07,dense_mlp,2950
SLC35G2,1.2200361e-07,dense_mlp,2951
MYORG,1.2191919e-07,dense_mlp,2952
UNG,1.2191427e-07,dense_mlp,2953
FAM92B,1.2188434e-07,dense_mlp,2954
TMEM159,1.2187795e-07,dense_mlp,2955
NEUROD4,1.2187257e-07,dense_mlp,2956
FAM122A,1.218633e-07,dense_mlp,2957
ZNF674,1.2183811e-07,dense_mlp,2958
MDFI,1.2179932e-07,dense_mlp,2959
EPS8L3,1.2179052e-07,dense_mlp,2960
HSF5,1.2177247e-07,dense_mlp,2961
DNAH7,1.2175698e-07,dense_mlp,2962
SAMD10,1.217532e-07,dense_mlp,2963
VSTM2L,1.2170283e-07,dense_mlp,2964
CAMSAP3,1.2168924e-07,dense_mlp,2965
DLEC1,1.216297e-07,dense_mlp,2966
ADCK5,1.2157928e-07,dense_mlp,2967
CCDC184,1.215686e-07,dense_mlp,2968
FBXO48,1.2154364e-07,dense_mlp,2969
SUSD4,1.2154051e-07,dense_mlp,2970
MORN3,1.2152526e-07,dense_mlp,2971
FAM171A2,1.2151219e-07,dense_mlp,2972
ZNF90,1.2150677e-07,dense_mlp,2973
AL162596.1,1.2150366e-07,dense_mlp,2974
ASXL3,1.2149016e-07,dense_mlp,2975
ZFAT,1.2145779e-07,dense_mlp,2976
NPIPB2,1.2140137e-07,dense_mlp,2977
PDE6H,1.2138374e-07,dense_mlp,2978
C19orf54,1.2137943e-07,dense_mlp,2979
LRRC10,1.2132234e-07,dense_mlp,2980
SPINK8,1.2131014e-07,dense_mlp,2981
DDIT4L,1.2121441e-07,dense_mlp,2982
ECHDC3,1.2104948e-07,dense_mlp,2983
DAZL,1.2102537e-07,dense_mlp,2984
ARX,1.210243e-07,dense_mlp,2985
SP140L,1.2101047e-07,dense_mlp,2986
MYH1,1.2097131e-07,dense_mlp,2987
DCAF12L1,1.2090455e-07,dense_mlp,2988
BRINP1,1.2085373e-07,dense_mlp,2989
CALML3,1.2078874e-07,dense_mlp,2990
OR2I1P,1.2078834e-07,dense_mlp,2991
FAM126A,1.207215e-07,dense_mlp,2992
LRRC17,1.2065578e-07,dense_mlp,2993
HAGHL,1.2063866e-07,dense_mlp,2994
MINAR1,1.2061804e-07,dense_mlp,2995
CD7,1.205929e-07,dense_mlp,2996
TUSC1,1.2057919e-07,dense_mlp,2997
TMEM155,1.2046564e-07,dense_mlp,2998
CALHM2,1.2045858e-07,dense_mlp,2999
PTPRE,1.2044977e-07,dense_mlp,3000
PCDHGA12,1.2038663e-07,dense_mlp,3001
ANGPTL5,1.2037482e-07,dense_mlp,3002
RBP7,1.2036836e-07,dense_mlp,3003
MXD3,1.20272e-07,dense_mlp,3004
WFDC3,1.2024793e-07,dense_mlp,3005
FAM89B,1.202479e-07,dense_mlp,3006
AKAIN1,1.2023962e-07,dense_mlp,3007
HS1BP3,1.2017607e-07,dense_mlp,3008
C3orf18,1.2012734e-07,dense_mlp,3009
PRAF2,1.201257e-07,dense_mlp,3010
SKIDA1,1.200193e-07,dense_mlp,3011
LETM2,1.2001446e-07,dense_mlp,3012
SFR1,1.19969e-07,dense_mlp,3013
SHROOM3,1.199526e-07,dense_mlp,3014
NCOA7,1.1987335e-07,dense_mlp,3015
FAM83F,1.1983757e-07,dense_mlp,3016
WDR92,1.1982675e-07,dense_mlp,3017
CCDC28A,1.1974504e-07,dense_mlp,3018
CLUH,1.1969793e-07,dense_mlp,3019
PRDM13,1.1968693e-07,dense_mlp,3020
MYEOV,1.1956746e-07,dense_mlp,3021
ZFAND4,1.195641e-07,dense_mlp,3022
TMC5,1.1954148e-07,dense_mlp,3023
SIX3,1.1949928e-07,dense_mlp,3024
CCDC168,1.1948453e-07,dense_mlp,3025
LIMA1,1.194838e-07,dense_mlp,3026
WFDC6,1.194722e-07,dense_mlp,3027
PI16,1.1946742e-07,dense_mlp,3028
TUSC2,1.1941692e-07,dense_mlp,3029
NRBP2,1.1940806e-07,dense_mlp,3030
FAM180A,1.1938683e-07,dense_mlp,3031
CPAMD8,1.1934493e-07,dense_mlp,3032
C22orf23,1.1934448e-07,dense_mlp,3033
BTBD19,1.1934196e-07,dense_mlp,3034
ZNF366,1.1933868e-07,dense_mlp,3035
EEF1AKMT3,1.1926547e-07,dense_mlp,3036
NOLC1,1.1922155e-07,dense_mlp,3037
ZBTB42,1.19163246e-07,dense_mlp,3038
ZNF852,1.1913254e-07,dense_mlp,3039
TBC1D32,1.1908744e-07,dense_mlp,3040
ZNF784,1.1907557e-07,dense_mlp,3041
WFDC5,1.1900829e-07,dense_mlp,3042
KNOP1,1.1894532e-07,dense_mlp,3043
VWA5A,1.1891819e-07,dense_mlp,3044
ZNFX1,1.1891421e-07,dense_mlp,3045
FOXN4,1.1879192e-07,dense_mlp,3046
TAF11L6,1.1878956e-07,dense_mlp,3047
GCM2,1.1878366e-07,dense_mlp,3048
SMIM23,1.18776256e-07,dense_mlp,3049
MS4A4A,1.1877154e-07,dense_mlp,3050
GCNT2,1.187704e-07,dense_mlp,3051
ADGRF2,1.18766266e-07,dense_mlp,3052
MRO,1.1871414e-07,dense_mlp,3053
SCRT2,1.1864974e-07,dense_mlp,3054
HID1,1.1863736e-07,dense_mlp,3055
ERP29,1.1862463e-07,dense_mlp,3056
MOS,1.1859878e-07,dense_mlp,3057
SPANXN4,1.185637e-07,dense_mlp,3058
ZGLP1,1.1856273e-07,dense_mlp,3059
PLEKHM2,1.1855248e-07,dense_mlp,3060
XKRX,1.18548456e-07,dense_mlp,3061
FAM8A1,1.1853856e-07,dense_mlp,3062
SLC10A5,1.1853817e-07,dense_mlp,3063
NRK,1.18511835e-07,dense_mlp,3064
TBX19,1.1847646e-07,dense_mlp,3065
PRDM5,1.1830844e-07,dense_mlp,3066
PKDCC,1.1830137e-07,dense_mlp,3067
RBM3,1.182478e-07,dense_mlp,3068
RRS1,1.1822127e-07,dense_mlp,3069
METTL7B,1.1821862e-07,dense_mlp,3070
FAM241A,1.1818039e-07,dense_mlp,3071
BCOR,1.1817651e-07,dense_mlp,3072
DDI1,1.181697e-07,dense_mlp,3073
LUZP2,1.1814367e-07,dense_mlp,3074
TMEM144,1.1813366e-07,dense_mlp,3075
GAS2L1,1.18123154e-07,dense_mlp,3076
MAP3K19,1.1808127e-07,dense_mlp,3077
RBM34,1.18068e-07,dense_mlp,3078
NIM1K,1.1797917e-07,dense_mlp,3079
NOS1AP,1.1795956e-07,dense_mlp,3080
C9orf131,1.1794e-07,dense_mlp,3081
IRF2BP2,1.1791712e-07,dense_mlp,3082
NUDT17,1.1786125e-07,dense_mlp,3083
ZYG11A,1.1784619e-07,dense_mlp,3084
L3MBTL3,1.1784208e-07,dense_mlp,3085
NYAP2,1.17830986e-07,dense_mlp,3086
CPVL,1.1781906e-07,dense_mlp,3087
LHX8,1.1774605e-07,dense_mlp,3088
C10orf67,1.17724355e-07,dense_mlp,3089
CCDC38,1.1770481e-07,dense_mlp,3090
DRAM1,1.17703244e-07,dense_mlp,3091
FAM166B,1.1768722e-07,dense_mlp,3092
FAM227A,1.1768594e-07,dense_mlp,3093
GIMAP8,1.17684664e-07,dense_mlp,3094
ABHD8,1.17657684e-07,dense_mlp,3095
FAM218A,1.1764856e-07,dense_mlp,3096
DDX28,1.1764039e-07,dense_mlp,3097
ADAM32,1.1760976e-07,dense_mlp,3098
NWD2,1.175784e-07,dense_mlp,3099
AMOT,1.1750739e-07,dense_mlp,3100
SHISA7,1.17504804e-07,dense_mlp,3101
HIST1H4C,1.1746675e-07,dense_mlp,3102
UBE2QL1,1.1744983e-07,dense_mlp,3103
WDR5B,1.1744622e-07,dense_mlp,3104
SIAE,1.174303e-07,dense_mlp,3105
ADARB2,1.1742288e-07,dense_mlp,3106
CNGB3,1.1742087e-07,dense_mlp,3107
ADGRB1,1.173675e-07,dense_mlp,3108
MFRP,1.173327e-07,dense_mlp,3109
DRC1,1.1732715e-07,dense_mlp,3110
CCDC121,1.1731284e-07,dense_mlp,3111
CDCA4,1.1722754e-07,dense_mlp,3112
SP8,1.17159715e-07,dense_mlp,3113
DRGX,1.171225e-07,dense_mlp,3114
BORCS6,1.1708874e-07,dense_mlp,3115
ZNHIT2,1.17086934e-07,dense_mlp,3116
SLC26A10,1.1706866e-07,dense_mlp,3117
ATPAF2,1.17067344e-07,dense_mlp,3118
MOG,1.17064374e-07,dense_mlp,3119
CCNDBP1,1.17046504e-07,dense_mlp,3120
BLOC1S2,1.1703801e-07,dense_mlp,3121
RNASE13,1.1700532e-07,dense_mlp,3122
KLHL36,1.1699615e-07,dense_mlp,3123
LAMP3,1.1695624e-07,dense_mlp,3124
STPG1,1.16939155e-07,dense_mlp,3125
BANF2,1.16845605e-07,dense_mlp,3126
HAPLN3,1.1684127e-07,dense_mlp,3127
S100A6,1.1682829e-07,dense_mlp,3128
RASGEF1C,1.1679017e-07,dense_mlp,3129
MAP7,1.16778786e-07,dense_mlp,3130
MARVELD1,1.16756645e-07,dense_mlp,3131
LRRD1,1.1674547e-07,dense_mlp,3132
LRRC9,1.16722696e-07,dense_mlp,3133
FAM237B,1.16688234e-07,dense_mlp,3134
RBMS1,1.1658209e-07,dense_mlp,3135
DDX25,1.16566405e-07,dense_mlp,3136
ENG,1.165624e-07,dense_mlp,3137
TMEM62,1.165563e-07,dense_mlp,3138
WDR78,1.16553856e-07,dense_mlp,3139
CCDC150,1.1654132e-07,dense_mlp,3140
LSP1,1.165342e-07,dense_mlp,3141
ZSCAN23,1.1652228e-07,dense_mlp,3142
PHOX2A,1.165195e-07,dense_mlp,3143
FBXO34,1.1650722e-07,dense_mlp,3144
LEXM,1.16365484e-07,dense_mlp,3145
CXorf40A,1.16315164e-07,dense_mlp,3146
CCL15,1.16310744e-07,dense_mlp,3147
ARL14EPL,1.1621502e-07,dense_mlp,3148
CNPY2,1.1617371e-07,dense_mlp,3149
PCDHA13,1.1595336e-07,dense_mlp,3150
SCIN,1.1585734e-07,dense_mlp,3151
PAX1,1.15849176e-07,dense_mlp,3152
TMEM167A,1.15848515e-07,dense_mlp,3153
RBM38,1.15804816e-07,dense_mlp,3154
LY6G6E,1.15775954e-07,dense_mlp,3155
C17orf64,1.1576576e-07,dense_mlp,3156
CD302,1.1572665e-07,dense_mlp,3157
VSX2,1.1570244e-07,dense_mlp,3158
EEF1AKNMT,1.1566637e-07,dense_mlp,3159
STARD9,1.15639125e-07,dense_mlp,3160
TMEM74,1.1562127e-07,dense_mlp,3161
FBXO16,1.155952e-07,dense_mlp,3162
RSBN1L,1.1558721e-07,dense_mlp,3163
FOXJ3,1.15567815e-07,dense_mlp,3164
ZNF219,1.1553605e-07,dense_mlp,3165
TMEM120B,1.1552298e-07,dense_mlp,3166
LCN8,1.1550346e-07,dense_mlp,3167
DNASE1L2,1.1544598e-07,dense_mlp,3168
NPTXR,1.1543984e-07,dense_mlp,3169
TMEM236,1.1540544e-07,dense_mlp,3170
CLDN34,1.1538936e-07,dense_mlp,3171
HEXIM2,1.1523614e-07,dense_mlp,3172
C1QTNF3,1.15225845e-07,dense_mlp,3173
ZNF630,1.15170806e-07,dense_mlp,3174
IGFL3,1.1513462e-07,dense_mlp,3175
SNX25,1.1512783e-07,dense_mlp,3176
KLHL30,1.1512567e-07,dense_mlp,3177
CMPK2,1.1503469e-07,dense_mlp,3178
ARHGAP36,1.15016704e-07,dense_mlp,3179
CCDC114,1.14989426e-07,dense_mlp,3180
DYRK3,1.14952265e-07,dense_mlp,3181
ATRNL1,1.1488556e-07,dense_mlp,3182
TEDDM1,1.1487714e-07,dense_mlp,3183
NUP210L,1.1483004e-07,dense_mlp,3184
GSG1,1.14786445e-07,dense_mlp,3185
ZNF207,1.14778544e-07,dense_mlp,3186
ANKRD45,1.1476395e-07,dense_mlp,3187
DEDD2,1.1474577e-07,dense_mlp,3188
CBX7,1.14742875e-07,dense_mlp,3189
NSUN3,1.14734284e-07,dense_mlp,3190
MAP4K2,1.1464387e-07,dense_mlp,3191
TSPAN9,1.1461824e-07,dense_mlp,3192
NLRP2B,1.145926e-07,dense_mlp,3193
CCDC81,1.14569154e-07,dense_mlp,3194
ZNF511,1.1456167e-07,dense_mlp,3195
CCDC153,1.1452644e-07,dense_mlp,3196
C8orf82,1.14502e-07,dense_mlp,3197
DHX34,1.1448466e-07,dense_mlp,3198
ARRDC4,1.1435279e-07,dense_mlp,3199
NEMP2,1.14350044e-07,dense_mlp,3200
RIMS2,1.1429738e-07,dense_mlp,3201
DNAH14,1.14288746e-07,dense_mlp,3202
CCDC61,1.14272005e-07,dense_mlp,3203
MAP10,1.14254185e-07,dense_mlp,3204
PINLYP,1.14212455e-07,dense_mlp,3205
SEMA6B,1.1420009e-07,dense_mlp,3206
STXBP4,1.14161125e-07,dense_mlp,3207
MS4A7,1.1411654e-07,dense_mlp,3208
TCTE3,1.1407585e-07,dense_mlp,3209
LAX1,1.13984036e-07,dense_mlp,3210
ANKS4B,1.1396366e-07,dense_mlp,3211
YBX3,1.1392465e-07,dense_mlp,3212
FAM9A,1.13918254e-07,dense_mlp,3213
ARMC10,1.1390023e-07,dense_mlp,3214
CELF4,1.1389306e-07,dense_mlp,3215
SLC23A3,1.1388921e-07,dense_mlp,3216
SELENOV,1.1387936e-07,dense_mlp,3217
FAM155A,1.1383647e-07,dense_mlp,3218
GLIPR1L1,1.1383577e-07,dense_mlp,3219
DNAJC16,1.1381901e-07,dense_mlp,3220
MARVELD3,1.13727616e-07,dense_mlp,3221
ZNF365,1.1371255e-07,dense_mlp,3222
ANGPTL6,1.1371085e-07,dense_mlp,3223
CRLF3,1.1370667e-07,dense_mlp,3224
MAP6,1.1368604e-07,dense_mlp,3225
MIER2,1.1367682e-07,dense_mlp,3226
TBC1D8,1.1364706e-07,dense_mlp,3227
ZNF404,1.13632545e-07,dense_mlp,3228
ADAM28,1.1358422e-07,dense_mlp,3229
SLC43A3,1.13529005e-07,dense_mlp,3230
RPUSD2,1.1347514e-07,dense_mlp,3231
PLSCR2,1.1344401e-07,dense_mlp,3232
ASMTL,1.1342643e-07,dense_mlp,3233
GARNL3,1.1339659e-07,dense_mlp,3234
VMAC,1.1338888e-07,dense_mlp,3235
C2orf83,1.1335756e-07,dense_mlp,3236
PCDHGA11,1.13349294e-07,dense_mlp,3237
GINM1,1.1331077e-07,dense_mlp,3238
CCNL1,1.1328211e-07,dense_mlp,3239
KANK4,1.13281324e-07,dense_mlp,3240
URGCP,1.1322949e-07,dense_mlp,3241
RWDD2A,1.13219464e-07,dense_mlp,3242
GTPBP8,1.1321004e-07,dense_mlp,3243
H2AFX,1.1319938e-07,dense_mlp,3244
CSNK1G1,1.1314496e-07,dense_mlp,3245
WDR90,1.1313984e-07,dense_mlp,3246
AKAP4,1.1313881e-07,dense_mlp,3247
TEDC1,1.1311482e-07,dense_mlp,3248
DYDC1,1.13104115e-07,dense_mlp,3249
TFAP4,1.1309849e-07,dense_mlp,3250
TMEM200B,1.1309164e-07,dense_mlp,3251
RASD2,1.13064274e-07,dense_mlp,3252
ADAL,1.13058995e-07,dense_mlp,3253
PIP4P2,1.1304946e-07,dense_mlp,3254
SYNJ2BP,1.1303852e-07,dense_mlp,3255
CCDC86,1.1303513e-07,dense_mlp,3256
ARMH4,1.1293067e-07,dense_mlp,3257
RHBDL1,1.1292093e-07,dense_mlp,3258
PRSS38,1.12914556e-07,dense_mlp,3259
SEL1L3,1.1286972e-07,dense_mlp,3260
GPR63,1.1284335e-07,dense_mlp,3261
CASTOR3,1.1283491e-07,dense_mlp,3262
TMEM120A,1.1281561e-07,dense_mlp,3263
RCN2,1.12790964e-07,dense_mlp,3264
FPGS,1.1276803e-07,dense_mlp,3265
LBHD1,1.12749035e-07,dense_mlp,3266
NEURL4,1.12749e-07,dense_mlp,3267
CSNKA2IP,1.1273233e-07,dense_mlp,3268
EDDM3A,1.1269452e-07,dense_mlp,3269
MCTS1,1.1269098e-07,dense_mlp,3270
ZNF536,1.12660594e-07,dense_mlp,3271
FAHD2B,1.12658945e-07,dense_mlp,3272
CPXCR1,1.12645694e-07,dense_mlp,3273
TMEM220,1.12636094e-07,dense_mlp,3274
TMSB10,1.1260617e-07,dense_mlp,3275
TSNAXIP1,1.1259357e-07,dense_mlp,3276
CROCC,1.12566156e-07,dense_mlp,3277
DNAJB2,1.1254689e-07,dense_mlp,3278
TM2D3,1.1253737e-07,dense_mlp,3279
MARCH3,1.1252153e-07,dense_mlp,3280
SMIM30,1.1252074e-07,dense_mlp,3281
CTXN3,1.1251687e-07,dense_mlp,3282
ZNF414,1.12490035e-07,dense_mlp,3283
CYTL1,1.1245354e-07,dense_mlp,3284
TSPAN2,1.1245181e-07,dense_mlp,3285
C22orf31,1.12422924e-07,dense_mlp,3286
RFX4,1.12408216e-07,dense_mlp,3287
C7orf31,1.1235769e-07,dense_mlp,3288
RNF227,1.1235595e-07,dense_mlp,3289
C5orf60,1.1234612e-07,dense_mlp,3290
CACNG1,1.1232447e-07,dense_mlp,3291
PCDHGA10,1.1224861e-07,dense_mlp,3292
HBQ1,1.1223723e-07,dense_mlp,3293
IGSF9B,1.12207104e-07,dense_mlp,3294
SYPL1,1.12155654e-07,dense_mlp,3295
GABRE,1.1213775e-07,dense_mlp,3296
ANKDD1A,1.1208568e-07,dense_mlp,3297
TTC30A,1.1206442e-07,dense_mlp,3298
SEC14L4,1.1205342e-07,dense_mlp,3299
FAM117A,1.1199214e-07,dense_mlp,3300
PRRX1,1.11986694e-07,dense_mlp,3301
ANKEF1,1.119834e-07,dense_mlp,3302
MYPOP,1.1197025e-07,dense_mlp,3303
TIMP4,1.1191057e-07,dense_mlp,3304
TMEM80,1.1191017e-07,dense_mlp,3305
IQCD,1.11831206e-07,dense_mlp,3306
REXO5,1.1182108e-07,dense_mlp,3307
NFKBID,1.11783905e-07,dense_mlp,3308
CDC42BPG,1.1175167e-07,dense_mlp,3309
MS4A6A,1.1174251e-07,dense_mlp,3310
LAPTM4B,1.1173729e-07,dense_mlp,3311
ZNF883,1.1163842e-07,dense_mlp,3312
HEPN1,1.11628346e-07,dense_mlp,3313
DOC2B,1.1160701e-07,dense_mlp,3314
TXNDC9,1.11531214e-07,dense_mlp,3315
PRR19,1.1144485e-07,dense_mlp,3316
SECTM1,1.1140047e-07,dense_mlp,3317
SLC15A2,1.1138341e-07,dense_mlp,3318
RUNDC3B,1.11382576e-07,dense_mlp,3319
ATOH8,1.1137279e-07,dense_mlp,3320
C10orf99,1.11369275e-07,dense_mlp,3321
NEURL3,1.1133797e-07,dense_mlp,3322
THAP2,1.11249776e-07,dense_mlp,3323
TEX54,1.1124923e-07,dense_mlp,3324
PIRT,1.1121135e-07,dense_mlp,3325
TM6SF1,1.11190225e-07,dense_mlp,3326
MYNN,1.11148715e-07,dense_mlp,3327
THEMIS,1.111481e-07,dense_mlp,3328
HNRNPCL2,1.1114057e-07,dense_mlp,3329
RASL12,1.1111489e-07,dense_mlp,3330
TMEM173,1.11104626e-07,dense_mlp,3331
POM121L12,1.1109822e-07,dense_mlp,3332
PDC,1.1108085e-07,dense_mlp,3333
MAGEA1,1.1106193e-07,dense_mlp,3334
TBL2,1.1103007e-07,dense_mlp,3335
LIX1,1.1097694e-07,dense_mlp,3336
FAHD2A,1.10950474e-07,dense_mlp,3337
CCDC181,1.1093264e-07,dense_mlp,3338
PCNX3,1.1091553e-07,dense_mlp,3339
TRIML2,1.10901254e-07,dense_mlp,3340
TMEM176A,1.1082692e-07,dense_mlp,3341
CARD10,1.1082472e-07,dense_mlp,3342
CPQ,1.1081305e-07,dense_mlp,3343
TMEM38A,1.1080746e-07,dense_mlp,3344
CD3EAP,1.1080667e-07,dense_mlp,3345
RAB11FIP5,1.10801466e-07,dense_mlp,3346
PHETA2,1.1079662e-07,dense_mlp,3347
SRRM5,1.1079357e-07,dense_mlp,3348
UBALD1,1.10776085e-07,dense_mlp,3349
SUB1,1.1075924e-07,dense_mlp,3350
TMEM241,1.10751046e-07,dense_mlp,3351
RNF208,1.107301e-07,dense_mlp,3352
SCGN,1.10725715e-07,dense_mlp,3353
ADAMDEC1,1.1072231e-07,dense_mlp,3354
CCNYL1,1.1070573e-07,dense_mlp,3355
GPR149,1.1068349e-07,dense_mlp,3356
C2orf92,1.1067482e-07,dense_mlp,3357
DNAJC27,1.1066918e-07,dense_mlp,3358
FAM229B,1.1062121e-07,dense_mlp,3359
PCDHGA3,1.10611715e-07,dense_mlp,3360
C2CD4B,1.10590236e-07,dense_mlp,3361
MZF1,1.1051722e-07,dense_mlp,3362
PCDHB7,1.1044075e-07,dense_mlp,3363
RBAK,1.1042467e-07,dense_mlp,3364
SMCO4,1.10415804e-07,dense_mlp,3365
SFTA2,1.1032822e-07,dense_mlp,3366
PLSCR4,1.1028571e-07,dense_mlp,3367
PRSS12,1.1028541e-07,dense_mlp,3368
TMEM60,1.10226004e-07,dense_mlp,3369
LDB3,1.1022221e-07,dense_mlp,3370
WDR76,1.10196474e-07,dense_mlp,3371
FSD2,1.1018433e-07,dense_mlp,3372
AADACL2,1.1013979e-07,dense_mlp,3373
PNMA8B,1.101389e-07,dense_mlp,3374
ADAD2,1.1008915e-07,dense_mlp,3375
CCDC117,1.1008738e-07,dense_mlp,3376
DNAJC28,1.100765e-07,dense_mlp,3377
CSPP1,1.100673e-07,dense_mlp,3378
ROPN1B,1.1006658e-07,dense_mlp,3379
C19orf57,1.0995947e-07,dense_mlp,3380
CFAP44,1.09932365e-07,dense_mlp,3381
MCMBP,1.09916954e-07,dense_mlp,3382
AC072022.2,1.09915696e-07,dense_mlp,3383
CHI3L2,1.0987827e-07,dense_mlp,3384
SPG21,1.0987742e-07,dense_mlp,3385
SIDT2,1.09828186e-07,dense_mlp,3386
GPR19,1.09820576e-07,dense_mlp,3387
KIAA1614,1.09800666e-07,dense_mlp,3388
SH3TC2,1.0979862e-07,dense_mlp,3389
SCFD2,1.0979711e-07,dense_mlp,3390
FJX1,1.0977371e-07,dense_mlp,3391
RADIL,1.09727274e-07,dense_mlp,3392
CXCL17,1.0967457e-07,dense_mlp,3393
TMEM181,1.0966321e-07,dense_mlp,3394
ASCL5,1.0965116e-07,dense_mlp,3395
C2orf74,1.0960317e-07,dense_mlp,3396
MAGEF1,1.09602226e-07,dense_mlp,3397
PRR15,1.0957875e-07,dense_mlp,3398
ETV2,1.09578416e-07,dense_mlp,3399
FASTKD3,1.09576554e-07,dense_mlp,3400
C16orf92,1.0955283e-07,dense_mlp,3401
POF1B,1.0953463e-07,dense_mlp,3402
STH,1.09532266e-07,dense_mlp,3403
SPRY3,1.0951015e-07,dense_mlp,3404
PPP1R3G,1.0950828e-07,dense_mlp,3405
YY2,1.0949944e-07,dense_mlp,3406
CA11,1.0949497e-07,dense_mlp,3407
AIDA,1.0943417e-07,dense_mlp,3408
MYCT1,1.0942102e-07,dense_mlp,3409
MRFAP1,1.0939634e-07,dense_mlp,3410
C4orf19,1.09334366e-07,dense_mlp,3411
LRRC43,1.0929738e-07,dense_mlp,3412
MAST3,1.0928188e-07,dense_mlp,3413
C6orf47,1.0927369e-07,dense_mlp,3414
YPEL4,1.09236886e-07,dense_mlp,3415
LRCH1,1.0918565e-07,dense_mlp,3416
LRMDA,1.09155934e-07,dense_mlp,3417
BNIPL,1.0913529e-07,dense_mlp,3418
UBTD1,1.0911812e-07,dense_mlp,3419
RTP4,1.09107035e-07,dense_mlp,3420
EN2,1.0908996e-07,dense_mlp,3421
AIPL1,1.0908969e-07,dense_mlp,3422
SAMD13,1.0902825e-07,dense_mlp,3423
ERMN,1.0901085e-07,dense_mlp,3424
LRRC55,1.0900556e-07,dense_mlp,3425
CNNM4,1.0895359e-07,dense_mlp,3426
SPATA32,1.0891093e-07,dense_mlp,3427
TMEM176B,1.0889306e-07,dense_mlp,3428
MOCS1,1.08876215e-07,dense_mlp,3429
C10orf142,1.0887082e-07,dense_mlp,3430
ZNF408,1.08864214e-07,dense_mlp,3431
SCRN2,1.0885875e-07,dense_mlp,3432
DIRAS1,1.0883167e-07,dense_mlp,3433
DRICH1,1.0882523e-07,dense_mlp,3434
ZCWPW2,1.08795675e-07,dense_mlp,3435
IFFO2,1.0879208e-07,dense_mlp,3436
IFITM10,1.0877764e-07,dense_mlp,3437
DUSP19,1.0875389e-07,dense_mlp,3438
WDR7,1.0874448e-07,dense_mlp,3439
SPAG8,1.0873544e-07,dense_mlp,3440
MNS1,1.08731236e-07,dense_mlp,3441
FAM81A,1.087121e-07,dense_mlp,3442
CCDC15,1.08700206e-07,dense_mlp,3443
CCDC120,1.0864272e-07,dense_mlp,3444
UBAP2,1.0862957e-07,dense_mlp,3445
CRELD2,1.0859275e-07,dense_mlp,3446
ZNF296,1.0859015e-07,dense_mlp,3447
S100A3,1.08541734e-07,dense_mlp,3448
TSPAN3,1.08517476e-07,dense_mlp,3449
EVI2B,1.08514534e-07,dense_mlp,3450
LRIF1,1.0847827e-07,dense_mlp,3451
PIK3IP1,1.0843372e-07,dense_mlp,3452
MBNL3,1.0841696e-07,dense_mlp,3453
NECAB3,1.0841095e-07,dense_mlp,3454
TMPRSS9,1.0838572e-07,dense_mlp,3455
EXD3,1.08377705e-07,dense_mlp,3456
CCDC160,1.0836117e-07,dense_mlp,3457
CFAP69,1.08240656e-07,dense_mlp,3458
TRIB2,1.08224114e-07,dense_mlp,3459
PRTG,1.0820967e-07,dense_mlp,3460
RIPK4,1.08203004e-07,dense_mlp,3461
CCDC191,1.0818622e-07,dense_mlp,3462
RBM43,1.0813762e-07,dense_mlp,3463
TTC9B,1.08115024e-07,dense_mlp,3464
JRK,1.080692e-07,dense_mlp,3465
C6orf163,1.08032594e-07,dense_mlp,3466
TERC,1.0798666e-07,dense_mlp,3467
HSF4,1.0797003e-07,dense_mlp,3468
NAIF1,1.07966486e-07,dense_mlp,3469
UAP1L1,1.0795107e-07,dense_mlp,3470
ZSWIM3,1.0792705e-07,dense_mlp,3471
SH3PXD2B,1.0786435e-07,dense_mlp,3472
SVEP1,1.0783398e-07,dense_mlp,3473
TLCD3A,1.0783387e-07,dense_mlp,3474
RCOR2,1.0776707e-07,dense_mlp,3475
LIME1,1.0773381e-07,dense_mlp,3476
MTCL1,1.0773121e-07,dense_mlp,3477
MSS51,1.07727494e-07,dense_mlp,3478
PDZD7,1.0772295e-07,dense_mlp,3479
DDTL,1.0771366e-07,dense_mlp,3480
TGM7,1.07701624e-07,dense_mlp,3481
MPZL2,1.0767531e-07,dense_mlp,3482
TMEM213,1.0761632e-07,dense_mlp,3483
SFT2D3,1.0761484e-07,dense_mlp,3484
TOP3B,1.0760249e-07,dense_mlp,3485
PCDHA1,1.0758388e-07,dense_mlp,3486
CEP85L,1.0757007e-07,dense_mlp,3487
TMEM207,1.0756273e-07,dense_mlp,3488
EFCAB11,1.0755229e-07,dense_mlp,3489
TMEM187,1.0751581e-07,dense_mlp,3490
MAP9,1.0750423e-07,dense_mlp,3491
MS4A1,1.0749542e-07,dense_mlp,3492
TMEM192,1.0748077e-07,dense_mlp,3493
ZNF407,1.0746404e-07,dense_mlp,3494
TESK2,1.0745885e-07,dense_mlp,3495
SLC7A2,1.0739667e-07,dense_mlp,3496
B3GNTL1,1.07382085e-07,dense_mlp,3497
DNAH1,1.0731732e-07,dense_mlp,3498
TGFB1I1,1.0731595e-07,dense_mlp,3499
IQCJ,1.07307784e-07,dense_mlp,3500
RTL8A,1.0729728e-07,dense_mlp,3501
CLDN24,1.0725342e-07,dense_mlp,3502
GLIS2,1.0725103e-07,dense_mlp,3503
MTSS2,1.0724995e-07,dense_mlp,3504
DRC7,1.07236545e-07,dense_mlp,3505
PLCXD2,1.0722347e-07,dense_mlp,3506
AMZ1,1.0721225e-07,dense_mlp,3507
ZDHHC24,1.0720848e-07,dense_mlp,3508
RUSC1,1.072056e-07,dense_mlp,3509
SLC17A2,1.0713784e-07,dense_mlp,3510
EPB41L4A,1.071169e-07,dense_mlp,3511
UBL4B,1.0710845e-07,dense_mlp,3512
HAP1,1.0702573e-07,dense_mlp,3513
IQCN,1.0700445e-07,dense_mlp,3514
HIST1H2AG,1.07001426e-07,dense_mlp,3515
GPR179,1.06959625e-07,dense_mlp,3516
SLC7A14,1.0693667e-07,dense_mlp,3517
MAP3K6,1.0693556e-07,dense_mlp,3518
RASIP1,1.0693303e-07,dense_mlp,3519
IL17D,1.06931886e-07,dense_mlp,3520
FOXD4L5,1.0693155e-07,dense_mlp,3521
TSSK3,1.0691337e-07,dense_mlp,3522
PLLP,1.06879845e-07,dense_mlp,3523
DUSP28,1.06851445e-07,dense_mlp,3524
C15orf65,1.06828985e-07,dense_mlp,3525
ADGRD1,1.0682891e-07,dense_mlp,3526
JPH1,1.0680488e-07,dense_mlp,3527
BFSP2,1.0679823e-07,dense_mlp,3528
PLIN5,1.0675082e-07,dense_mlp,3529
RBM19,1.0673005e-07,dense_mlp,3530
C19orf81,1.0665489e-07,dense_mlp,3531
C17orf58,1.0661291e-07,dense_mlp,3532
NRM,1.0658914e-07,dense_mlp,3533
SPATA2L,1.0653843e-07,dense_mlp,3534
POU2AF1,1.06520204e-07,dense_mlp,3535
LGALS2,1.06520126e-07,dense_mlp,3536
ABI3BP,1.064587e-07,dense_mlp,3537
LRRC23,1.06446834e-07,dense_mlp,3538
L3MBTL4,1.0642167e-07,dense_mlp,3539
HIST1H2AK,1.0639424e-07,dense_mlp,3540
NINJ2,1.0639338e-07,dense_mlp,3541
MIR1915HG,1.063714e-07,dense_mlp,3542
PUM3,1.06356445e-07,dense_mlp,3543
PRR27,1.06315845e-07,dense_mlp,3544
NEUROG1,1.06312164e-07,dense_mlp,3545
TMCO1,1.0630611e-07,dense_mlp,3546
GPANK1,1.0621256e-07,dense_mlp,3547
PATE2,1.0618479e-07,dense_mlp,3548
SFMBT2,1.06163505e-07,dense_mlp,3549
SLC18B1,1.0616065e-07,dense_mlp,3550
BRICD5,1.06151575e-07,dense_mlp,3551
TMTC3,1.0612894e-07,dense_mlp,3552
TEX33,1.0610402e-07,dense_mlp,3553
TNP1,1.0608866e-07,dense_mlp,3554
RNF175,1.0607067e-07,dense_mlp,3555
MOSMO,1.0606301e-07,dense_mlp,3556
MDP1,1.05993294e-07,dense_mlp,3557
C21orf58,1.0597839e-07,dense_mlp,3558
RBPMS2,1.0594513e-07,dense_mlp,3559
ANKUB1,1.0592919e-07,dense_mlp,3560
ILDR2,1.05858156e-07,dense_mlp,3561
CRIP1,1.058422e-07,dense_mlp,3562
MIA,1.0583525e-07,dense_mlp,3563
AJM1,1.058273e-07,dense_mlp,3564
FMN2,1.0582036e-07,dense_mlp,3565
CCN5,1.057757e-07,dense_mlp,3566
CD163L1,1.05748946e-07,dense_mlp,3567
FRYL,1.0574353e-07,dense_mlp,3568
PEX5L,1.0570913e-07,dense_mlp,3569
INTS6L,1.0569997e-07,dense_mlp,3570
LRIG3,1.05682695e-07,dense_mlp,3571
DTD2,1.05663034e-07,dense_mlp,3572
SPACA6,1.0565986e-07,dense_mlp,3573
C10orf90,1.0564587e-07,dense_mlp,3574
KLHL35,1.056387e-07,dense_mlp,3575
CWF19L1,1.0563346e-07,dense_mlp,3576
STRIP2,1.0562892e-07,dense_mlp,3577
TEF,1.0562298e-07,dense_mlp,3578
SPATA31A1,1.05615705e-07,dense_mlp,3579
METTL4,1.05612514e-07,dense_mlp,3580
NRSN1,1.0561235e-07,dense_mlp,3581
FICD,1.0561215e-07,dense_mlp,3582
PRR5L,1.0559823e-07,dense_mlp,3583
PHLDB2,1.05581904e-07,dense_mlp,3584
HIST2H2BE,1.055704e-07,dense_mlp,3585
SMIM2,1.0544935e-07,dense_mlp,3586
BRD3,1.0543401e-07,dense_mlp,3587
CORO1B,1.05424625e-07,dense_mlp,3588
SIX4,1.0535632e-07,dense_mlp,3589
PCP4L1,1.0535147e-07,dense_mlp,3590
CCDC163,1.0530744e-07,dense_mlp,3591
SSX2IP,1.0529274e-07,dense_mlp,3592
PNMA8A,1.05278296e-07,dense_mlp,3593
FNDC11,1.0523464e-07,dense_mlp,3594
PCDHGA1,1.0521062e-07,dense_mlp,3595
ZKSCAN2,1.05202e-07,dense_mlp,3596
THEMIS2,1.0519547e-07,dense_mlp,3597
CCHCR1,1.0518597e-07,dense_mlp,3598
ADTRP,1.0518278e-07,dense_mlp,3599
LACTB2,1.05178685e-07,dense_mlp,3600
BFAR,1.0509011e-07,dense_mlp,3601
CDKL1,1.05087615e-07,dense_mlp,3602
BEND6,1.05078655e-07,dense_mlp,3603
HIST1H4B,1.050435e-07,dense_mlp,3604
TRIM66,1.0501763e-07,dense_mlp,3605
VSIG10,1.0501389e-07,dense_mlp,3606
PKD1L1,1.0501209e-07,dense_mlp,3607
C2orf81,1.05002314e-07,dense_mlp,3608
NFATC2IP,1.0498124e-07,dense_mlp,3609
LACTB,1.049735e-07,dense_mlp,3610
PRPSAP1,1.04942806e-07,dense_mlp,3611
ASPRV1,1.0494167e-07,dense_mlp,3612
TMEM251,1.0492652e-07,dense_mlp,3613
POM121C,1.0490451e-07,dense_mlp,3614
SKOR1,1.0490114e-07,dense_mlp,3615
SSC4D,1.0489361e-07,dense_mlp,3616
AL354761.1,1.048572e-07,dense_mlp,3617
CDK17,1.04843096e-07,dense_mlp,3618
TNFAIP2,1.04840716e-07,dense_mlp,3619
PPP1R14C,1.0481065e-07,dense_mlp,3620
PCDH8,1.0480936e-07,dense_mlp,3621
TRANK1,1.0478355e-07,dense_mlp,3622
ING1,1.0473354e-07,dense_mlp,3623
NAA50,1.04670086e-07,dense_mlp,3624
SPINT3,1.0464304e-07,dense_mlp,3625
AVIL,1.04634886e-07,dense_mlp,3626
ZDHHC12,1.0462577e-07,dense_mlp,3627
DBNDD1,1.0461551e-07,dense_mlp,3628
SLC9A3R2,1.04614e-07,dense_mlp,3629
HTRA3,1.04604695e-07,dense_mlp,3630
C2orf69,1.0459773e-07,dense_mlp,3631
ZBTB2,1.0456633e-07,dense_mlp,3632
LZTS3,1.04564755e-07,dense_mlp,3633
AC011195.2,1.04540305e-07,dense_mlp,3634
IQCH,1.0450823e-07,dense_mlp,3635
TMCC3,1.0447636e-07,dense_mlp,3636
TTLL13P,1.04461265e-07,dense_mlp,3637
OR5D3P,1.0445916e-07,dense_mlp,3638
RCAN1,1.04434e-07,dense_mlp,3639
KRBOX4,1.044336e-07,dense_mlp,3640
ORAI3,1.0442642e-07,dense_mlp,3641
C7orf61,1.04381314e-07,dense_mlp,3642
AC132217.2,1.04367004e-07,dense_mlp,3643
TBX4,1.04336706e-07,dense_mlp,3644
ERFE,1.0422971e-07,dense_mlp,3645
MOAP1,1.0422509e-07,dense_mlp,3646
STMND1,1.04224725e-07,dense_mlp,3647
LYSMD2,1.04213015e-07,dense_mlp,3648
PDCL2,1.0416562e-07,dense_mlp,3649
KANTR,1.0415917e-07,dense_mlp,3650
C18orf21,1.0415893e-07,dense_mlp,3651
WDR25,1.0415443e-07,dense_mlp,3652
IGFN1,1.04134045e-07,dense_mlp,3653
L1TD1,1.0405429e-07,dense_mlp,3654
PEX11G,1.0402194e-07,dense_mlp,3655
ZNF107,1.0402142e-07,dense_mlp,3656
MYH13,1.040105e-07,dense_mlp,3657
PTP4A3,1.03970734e-07,dense_mlp,3658
TUB,1.0396844e-07,dense_mlp,3659
CKS2,1.0392986e-07,dense_mlp,3660
R3HCC1L,1.0389962e-07,dense_mlp,3661
CCDC113,1.0383599e-07,dense_mlp,3662
TMEM134,1.0383594e-07,dense_mlp,3663
MLF1,1.03802606e-07,dense_mlp,3664
HOXA5,1.0376501e-07,dense_mlp,3665
ARMH1,1.03732845e-07,dense_mlp,3666
GPN2,1.0373172e-07,dense_mlp,3667
MIER3,1.0370503e-07,dense_mlp,3668
CHRDL2,1.03632864e-07,dense_mlp,3669
BICC1,1.0360792e-07,dense_mlp,3670
CMTM5,1.0360401e-07,dense_mlp,3671
PCGF3,1.035787e-07,dense_mlp,3672
CCDC91,1.03570535e-07,dense_mlp,3673
SLC9A3R1,1.0356622e-07,dense_mlp,3674
SCAF1,1.0356104e-07,dense_mlp,3675
SASS6,1.0353853e-07,dense_mlp,3676
PALM3,1.0353113e-07,dense_mlp,3677
VSTM5,1.0353022e-07,dense_mlp,3678
EVI2A,1.0351952e-07,dense_mlp,3679
TMEM265,1.03509635e-07,dense_mlp,3680
CFAP58,1.0350404e-07,dense_mlp,3681
PREP,1.034839e-07,dense_mlp,3682
PARP12,1.0347166e-07,dense_mlp,3683
CCDC173,1.0341702e-07,dense_mlp,3684
CA8,1.0338387e-07,dense_mlp,3685
FUBP3,1.0337116e-07,dense_mlp,3686
DNAJC1,1.03347276e-07,dense_mlp,3687
SPEF1,1.0328568e-07,dense_mlp,3688
TTPAL,1.0325802e-07,dense_mlp,3689
SHROOM1,1.03255815e-07,dense_mlp,3690
RHBDD3,1.0320291e-07,dense_mlp,3691
ZFX,1.03185485e-07,dense_mlp,3692
TOMM34,1.0314411e-07,dense_mlp,3693
AFF1,1.03128556e-07,dense_mlp,3694
NRARP,1.0312665e-07,dense_mlp,3695
VWA5B2,1.0306326e-07,dense_mlp,3696
PPP2R2B,1.0304581e-07,dense_mlp,3697
LRRC3B,1.03018685e-07,dense_mlp,3698
HSPBAP1,1.0299836e-07,dense_mlp,3699
PCNX4,1.02982185e-07,dense_mlp,3700
GRINA,1.02962964e-07,dense_mlp,3701
ZNF85,1.0289265e-07,dense_mlp,3702
WEE2,1.0289001e-07,dense_mlp,3703
GLT8D1,1.0288037e-07,dense_mlp,3704
CCDC71L,1.02818746e-07,dense_mlp,3705
MACC1,1.0280981e-07,dense_mlp,3706
AC093323.1,1.0280421e-07,dense_mlp,3707
FDXACB1,1.02753724e-07,dense_mlp,3708
SCGB1C2,1.02706814e-07,dense_mlp,3709
GNL2,1.02697555e-07,dense_mlp,3710
MSMB,1.02680026e-07,dense_mlp,3711
HNRNPUL2,1.0265697e-07,dense_mlp,3712
CTXND1,1.02635845e-07,dense_mlp,3713
CSDC2,1.0262263e-07,dense_mlp,3714
DERPC,1.02607494e-07,dense_mlp,3715
ABHD13,1.0258312e-07,dense_mlp,3716
TMCO6,1.0255151e-07,dense_mlp,3717
ZSCAN5C,1.02502526e-07,dense_mlp,3718
LDLRAD3,1.02483654e-07,dense_mlp,3719
NPM3,1.02457726e-07,dense_mlp,3720
GOLPH3L,1.0243366e-07,dense_mlp,3721
PGGHG,1.0241076e-07,dense_mlp,3722
C20orf96,1.02403256e-07,dense_mlp,3723
SH3BP5L,1.0240259e-07,dense_mlp,3724
FLVCR2,1.023884e-07,dense_mlp,3725
TMEM61,1.023536e-07,dense_mlp,3726
FAM149A,1.0227542e-07,dense_mlp,3727
RPUSD1,1.022545e-07,dense_mlp,3728
ZFPL1,1.0225233e-07,dense_mlp,3729
C1QL4,1.0220416e-07,dense_mlp,3730
OTULINL,1.0216631e-07,dense_mlp,3731
VNN3,1.0211917e-07,dense_mlp,3732
CCDC97,1.0211833e-07,dense_mlp,3733
CCDC142,1.0208606e-07,dense_mlp,3734
ZNF69,1.02083305e-07,dense_mlp,3735
TGFBRAP1,1.0206824e-07,dense_mlp,3736
HORMAD1,1.0203655e-07,dense_mlp,3737
PRR22,1.0191489e-07,dense_mlp,3738
GLIS1,1.0191441e-07,dense_mlp,3739
FAT3,1.01883856e-07,dense_mlp,3740
TMX4,1.0187459e-07,dense_mlp,3741
TLE7,1.01841216e-07,dense_mlp,3742
RUSC2,1.01812155e-07,dense_mlp,3743
HOMEZ,1.0180538e-07,dense_mlp,3744
TOE1,1.01772294e-07,dense_mlp,3745
RASSF8,1.0167711e-07,dense_mlp,3746
TMEM63C,1.01668e-07,dense_mlp,3747
SURF6,1.0163199e-07,dense_mlp,3748
TMIGD3,1.01625716e-07,dense_mlp,3749
RUNX1T1,1.0159245e-07,dense_mlp,3750
SERPINF1,1.0156355e-07,dense_mlp,3751
FRG1,1.0147926e-07,dense_mlp,3752
FAM3B,1.0147065e-07,dense_mlp,3753
IGSF22,1.0146622e-07,dense_mlp,3754
C1QL3,1.0140755e-07,dense_mlp,3755
PCDHGB7,1.01395635e-07,dense_mlp,3756
LRRCC1,1.0131939e-07,dense_mlp,3757
PCDHB16,1.0125138e-07,dense_mlp,3758
POPDC2,1.0119353e-07,dense_mlp,3759
ADSSL1,1.011606e-07,dense_mlp,3760
LYG1,1.01112036e-07,dense_mlp,3761
GRWD1,1.010951e-07,dense_mlp,3762
CALML6,1.0108455e-07,dense_mlp,3763
ARL6IP1,1.0107997e-07,dense_mlp,3764
EPB42,1.0107691e-07,dense_mlp,3765
NXN,1.0105917e-07,dense_mlp,3766
ZNF131,1.01056344e-07,dense_mlp,3767
PHRF1,1.01041394e-07,dense_mlp,3768
ROBO3,1.0100972e-07,dense_mlp,3769
RFPL4B,1.00984934e-07,dense_mlp,3770
IGLON5,1.00969785e-07,dense_mlp,3771
SCML4,1.0094361e-07,dense_mlp,3772
ATP5MD,1.0093312e-07,dense_mlp,3773
FHIT,1.0092615e-07,dense_mlp,3774
FAM184A,1.00884215e-07,dense_mlp,3775
DTWD2,1.0088352e-07,dense_mlp,3776
KBTBD12,1.00873265e-07,dense_mlp,3777
DLK2,1.0084624e-07,dense_mlp,3778
TAC4,1.00832246e-07,dense_mlp,3779
RTTN,1.00811306e-07,dense_mlp,3780
PCDHA5,1.00789904e-07,dense_mlp,3781
LMTK3,1.0078736e-07,dense_mlp,3782
SH2D3C,1.00780774e-07,dense_mlp,3783
CLEC14A,1.0074758e-07,dense_mlp,3784
TMEM243,1.0074561e-07,dense_mlp,3785
PIM2,1.0073511e-07,dense_mlp,3786
CERKL,1.0073218e-07,dense_mlp,3787
EML1,1.0073036e-07,dense_mlp,3788
FAIM2,1.00729345e-07,dense_mlp,3789
TMCC2,1.0068693e-07,dense_mlp,3790
NEMP1,1.00681845e-07,dense_mlp,3791
PACRG,1.0065032e-07,dense_mlp,3792
ISLR2,1.00649984e-07,dense_mlp,3793
RNFT1,1.0064608e-07,dense_mlp,3794
PPP5D1,1.0059907e-07,dense_mlp,3795
OTUD6A,1.005941e-07,dense_mlp,3796
DNAJC12,1.00559944e-07,dense_mlp,3797
ZNF781,1.00558175e-07,dense_mlp,3798
PRRG1,1.00534706e-07,dense_mlp,3799
SPIRE2,1.00528545e-07,dense_mlp,3800
CCDC40,1.00514676e-07,dense_mlp,3801
CT47B1,1.00498696e-07,dense_mlp,3802
IGSF3,1.0049248e-07,dense_mlp,3803
CXorf38,1.0049169e-07,dense_mlp,3804
RPRM,1.00479625e-07,dense_mlp,3805
KLK6,1.0045116e-07,dense_mlp,3806
RECQL,1.0043937e-07,dense_mlp,3807
FAM76A,1.00404876e-07,dense_mlp,3808
PCDHA10,1.00352956e-07,dense_mlp,3809
MARS,1.0032573e-07,dense_mlp,3810
C19orf73,1.0032269e-07,dense_mlp,3811
SPATA24,1.00320484e-07,dense_mlp,3812
SPATA8,1.0031792e-07,dense_mlp,3813
CMTM2,1.0031739e-07,dense_mlp,3814
LRIT1,1.0031322e-07,dense_mlp,3815
MBTD1,1.0030087e-07,dense_mlp,3816
TEX22,1.00270825e-07,dense_mlp,3817
ACTR3B,1.0026792e-07,dense_mlp,3818
DNAAF4,1.0023044e-07,dense_mlp,3819
FGD6,1.002075e-07,dense_mlp,3820
THUMPD2,1.00146906e-07,dense_mlp,3821
SLC39A9,1.0013107e-07,dense_mlp,3822
ULK4,1.0011978e-07,dense_mlp,3823
BTG3,1.001138e-07,dense_mlp,3824
C15orf41,1.00105574e-07,dense_mlp,3825
KLK10,1.0006899e-07,dense_mlp,3826
ZNF622,1.0005253e-07,dense_mlp,3827
INAFM1,1.0002455e-07,dense_mlp,3828
CLN6,1.0002159e-07,dense_mlp,3829
TCIM,9.999782e-08,dense_mlp,3830
BLOC1S5,9.999776e-08,dense_mlp,3831
BEND3,9.999323e-08,dense_mlp,3832
N6AMT1,9.999317e-08,dense_mlp,3833
MEGF8,9.998044e-08,dense_mlp,3834
NFKBIZ,9.984808e-08,dense_mlp,3835
CCDC166,9.983022e-08,dense_mlp,3836
SRPX,9.9791805e-08,dense_mlp,3837
ALDH16A1,9.9783705e-08,dense_mlp,3838
CELA1,9.977249e-08,dense_mlp,3839
SLC7A6OS,9.9763106e-08,dense_mlp,3840
SETMAR,9.975166e-08,dense_mlp,3841
YIPF1,9.9741165e-08,dense_mlp,3842
FAM204A,9.972973e-08,dense_mlp,3843
PLGLB2,9.9708096e-08,dense_mlp,3844
SFTA3,9.969517e-08,dense_mlp,3845
LYSMD4,9.965781e-08,dense_mlp,3846
TMEM268,9.9650215e-08,dense_mlp,3847
TSPAN4,9.963852e-08,dense_mlp,3848
FIZ1,9.9628195e-08,dense_mlp,3849
DDX60L,9.9614354e-08,dense_mlp,3850
ADPRHL1,9.958429e-08,dense_mlp,3851
PRIMPOL,9.956103e-08,dense_mlp,3852
DSTN,9.949932e-08,dense_mlp,3853
MAD2L1BP,9.94957e-08,dense_mlp,3854
FETUB,9.9493555e-08,dense_mlp,3855
NLRP5,9.949177e-08,dense_mlp,3856
TCOF1,9.947419e-08,dense_mlp,3857
HHIPL1,9.94701e-08,dense_mlp,3858
SFXN5,9.945435e-08,dense_mlp,3859
SPIN2B,9.941696e-08,dense_mlp,3860
ZMYM6,9.9395635e-08,dense_mlp,3861
SAMD4A,9.9313745e-08,dense_mlp,3862
TMEFF1,9.930975e-08,dense_mlp,3863
TMEM160,9.921786e-08,dense_mlp,3864
S100A13,9.921723e-08,dense_mlp,3865
IGFLR1,9.9147655e-08,dense_mlp,3866
C3orf67,9.913267e-08,dense_mlp,3867
NEK10,9.913197e-08,dense_mlp,3868
SNORC,9.9083884e-08,dense_mlp,3869
FAM135B,9.902021e-08,dense_mlp,3870
C22orf15,9.89718e-08,dense_mlp,3871
TMEM171,9.891585e-08,dense_mlp,3872
DISP3,9.891448e-08,dense_mlp,3873
TECPR1,9.88883e-08,dense_mlp,3874
TMEM232,9.888777e-08,dense_mlp,3875
OGFRL1,9.884915e-08,dense_mlp,3876
PANX3,9.881527e-08,dense_mlp,3877
TMEM121,9.8811654e-08,dense_mlp,3878
DNAJC4,9.8782856e-08,dense_mlp,3879
C1orf122,9.877242e-08,dense_mlp,3880
TPRG1L,9.8769235e-08,dense_mlp,3881
MFHAS1,9.87402e-08,dense_mlp,3882
MMS22L,9.871807e-08,dense_mlp,3883
CHURC1,9.870202e-08,dense_mlp,3884
LGALSL,9.8679806e-08,dense_mlp,3885
SLC16A6,9.865311e-08,dense_mlp,3886
GAREM1,9.865086e-08,dense_mlp,3887
C18orf25,9.863863e-08,dense_mlp,3888
CCDC179,9.862635e-08,dense_mlp,3889
KRBOX1,9.8617164e-08,dense_mlp,3890
INSYN2B,9.857857e-08,dense_mlp,3891
KIAA1217,9.855281e-08,dense_mlp,3892
PPP1R42,9.854832e-08,dense_mlp,3893
TRIM59,9.850858e-08,dense_mlp,3894
CYB5D2,9.849707e-08,dense_mlp,3895
CPSF4L,9.8487426e-08,dense_mlp,3896
SYNC,9.8486396e-08,dense_mlp,3897
THAP5,9.844697e-08,dense_mlp,3898
KLHL6,9.844066e-08,dense_mlp,3899
MALL,9.841362e-08,dense_mlp,3900
PCDHA6,9.8409146e-08,dense_mlp,3901
PHOX2B,9.840215e-08,dense_mlp,3902
WDR34,9.8295864e-08,dense_mlp,3903
CCDC39,9.829292e-08,dense_mlp,3904
PCDHA4,9.828062e-08,dense_mlp,3905
ADIG,9.827988e-08,dense_mlp,3906
FBXL2,9.827885e-08,dense_mlp,3907
DEPTOR,9.826966e-08,dense_mlp,3908
ZBTB8B,9.826949e-08,dense_mlp,3909
SLC25A46,9.823698e-08,dense_mlp,3910
RBM48,9.823429e-08,dense_mlp,3911
STOML1,9.822672e-08,dense_mlp,3912
SPAG5,9.821695e-08,dense_mlp,3913
PRRT1,9.8203216e-08,dense_mlp,3914
NUAK2,9.818698e-08,dense_mlp,3915
TMPRSS5,9.8135885e-08,dense_mlp,3916
EIF6,9.8128154e-08,dense_mlp,3917
USP38,9.811722e-08,dense_mlp,3918
NXPE2,9.810967e-08,dense_mlp,3919
PCDHA3,9.8096734e-08,dense_mlp,3920
DNAH6,9.8076775e-08,dense_mlp,3921
LHX6,9.806319e-08,dense_mlp,3922
GRID2,9.805933e-08,dense_mlp,3923
DNHD1,9.805541e-08,dense_mlp,3924
TJP3,9.8028394e-08,dense_mlp,3925
RREB1,9.802544e-08,dense_mlp,3926
SNX7,9.802176e-08,dense_mlp,3927
TIPARP,9.8019996e-08,dense_mlp,3928
NFE2L3,9.8008904e-08,dense_mlp,3929
CEP128,9.7990515e-08,dense_mlp,3930
ANKMY2,9.793777e-08,dense_mlp,3931
PTPA,9.788802e-08,dense_mlp,3932
C4orf46,9.7761315e-08,dense_mlp,3933
NINJ1,9.774753e-08,dense_mlp,3934
PINX1,9.774059e-08,dense_mlp,3935
AGAP1,9.7730464e-08,dense_mlp,3936
FANCD2OS,9.7727124e-08,dense_mlp,3937
SLFNL1,9.7712174e-08,dense_mlp,3938
PPP1R3D,9.761726e-08,dense_mlp,3939
TKTL1,9.7616216e-08,dense_mlp,3940
C12orf45,9.760233e-08,dense_mlp,3941
CNTNAP4,9.756146e-08,dense_mlp,3942
EN1,9.75542e-08,dense_mlp,3943
FHL3,9.7551045e-08,dense_mlp,3944
PRSS45P,9.754994e-08,dense_mlp,3945
CABYR,9.7532336e-08,dense_mlp,3946
SOX21,9.7484914e-08,dense_mlp,3947
FKBP7,9.7482356e-08,dense_mlp,3948
TRIM51,9.74711e-08,dense_mlp,3949
PLA2G2C,9.742545e-08,dense_mlp,3950
CCDC96,9.74222e-08,dense_mlp,3951
BCL2L15,9.7394626e-08,dense_mlp,3952
PNCK,9.737324e-08,dense_mlp,3953
CDKN3,9.737277e-08,dense_mlp,3954
SPATC1L,9.7336354e-08,dense_mlp,3955
KLHL4,9.7330414e-08,dense_mlp,3956
ATE1,9.732881e-08,dense_mlp,3957
CCDC154,9.731918e-08,dense_mlp,3958
CLIC1,9.7277606e-08,dense_mlp,3959
TTC9,9.7268426e-08,dense_mlp,3960
MTFP1,9.7264554e-08,dense_mlp,3961
SHLD1,9.725643e-08,dense_mlp,3962
TMEM9,9.725586e-08,dense_mlp,3963
ANXA10,9.723733e-08,dense_mlp,3964
SPATA12,9.723025e-08,dense_mlp,3965
DALRD3,9.7193656e-08,dense_mlp,3966
GGT2,9.719013e-08,dense_mlp,3967
ZNF766,9.718522e-08,dense_mlp,3968
C5orf15,9.716017e-08,dense_mlp,3969
DNAJB12,9.715981e-08,dense_mlp,3970
PLEK2,9.715678e-08,dense_mlp,3971
WDFY4,9.714716e-08,dense_mlp,3972
BCLAF3,9.7142916e-08,dense_mlp,3973
PPP2R2C,9.7137814e-08,dense_mlp,3974
EIF4EBP3,9.71243e-08,dense_mlp,3975
MYCBP,9.711251e-08,dense_mlp,3976
PPP1R16B,9.708881e-08,dense_mlp,3977
RFX7,9.708852e-08,dense_mlp,3978
SBDS,9.7063754e-08,dense_mlp,3979
TJAP1,9.706178e-08,dense_mlp,3980
SH2D7,9.7054595e-08,dense_mlp,3981
SH2D4B,9.698494e-08,dense_mlp,3982
JAGN1,9.696729e-08,dense_mlp,3983
PLSCR3,9.696647e-08,dense_mlp,3984
TMEM201,9.696591e-08,dense_mlp,3985
ATXN7L1,9.6955034e-08,dense_mlp,3986
ZNF98,9.693066e-08,dense_mlp,3987
GREB1L,9.690094e-08,dense_mlp,3988
MDH1B,9.689211e-08,dense_mlp,3989
ZXDB,9.6879596e-08,dense_mlp,3990
SSBP4,9.684923e-08,dense_mlp,3991
SLCO3A1,9.6804115e-08,dense_mlp,3992
SUSD2,9.677287e-08,dense_mlp,3993
NUDT18,9.677068e-08,dense_mlp,3994
IPCEF1,9.675342e-08,dense_mlp,3995
CTTNBP2,9.6743804e-08,dense_mlp,3996
FAM155B,9.669328e-08,dense_mlp,3997
DACT3,9.667927e-08,dense_mlp,3998
SLC45A4,9.665467e-08,dense_mlp,3999
SLC35D3,9.6647184e-08,dense_mlp,4000
GGTLC1,9.663155e-08,dense_mlp,4001
METTL8,9.66249e-08,dense_mlp,4002
ABT1,9.6617605e-08,dense_mlp,4003
CES5A,9.661621e-08,dense_mlp,4004
TMEM225B,9.6606975e-08,dense_mlp,4005
GRAMD1A,9.658713e-08,dense_mlp,4006
PDCD6,9.65706e-08,dense_mlp,4007
PROP1,9.6540234e-08,dense_mlp,4008
STXBP5,9.6511236e-08,dense_mlp,4009
ATXN7L2,9.6492215e-08,dense_mlp,4010
FOXRED2,9.6443145e-08,dense_mlp,4011
ZNF831,9.64371e-08,dense_mlp,4012
ZNF449,9.6431144e-08,dense_mlp,4013
ZDHHC13,9.6428074e-08,dense_mlp,4014
PLEKHN1,9.641055e-08,dense_mlp,4015
RD3,9.638627e-08,dense_mlp,4016
WDR87,9.637375e-08,dense_mlp,4017
ZNF628,9.630867e-08,dense_mlp,4018
AC233723.1,9.627978e-08,dense_mlp,4019
TECPR2,9.624718e-08,dense_mlp,4020
ADAP2,9.6187954e-08,dense_mlp,4021
HOXA13,9.61845e-08,dense_mlp,4022
NPIPB15,9.617972e-08,dense_mlp,4023
SH3D21,9.6143715e-08,dense_mlp,4024
FAM222A,9.607236e-08,dense_mlp,4025
MS4A4E,9.60654e-08,dense_mlp,4026
PGM5,9.6055594e-08,dense_mlp,4027
TLX2,9.596224e-08,dense_mlp,4028
RFLNA,9.5926424e-08,dense_mlp,4029
CDKL2,9.592285e-08,dense_mlp,4030
TSPAN6,9.5909904e-08,dense_mlp,4031
TRAF4,9.587327e-08,dense_mlp,4032
THAP10,9.582003e-08,dense_mlp,4033
VWA8,9.5815444e-08,dense_mlp,4034
HDDC3,9.579595e-08,dense_mlp,4035
CD248,9.579276e-08,dense_mlp,4036
KLHL7,9.576904e-08,dense_mlp,4037
SRPK3,9.574578e-08,dense_mlp,4038
MTFR1,9.572615e-08,dense_mlp,4039
DNAAF5,9.5725824e-08,dense_mlp,4040
HMG20A,9.571852e-08,dense_mlp,4041
NAA15,9.570795e-08,dense_mlp,4042
STOX2,9.564594e-08,dense_mlp,4043
PCDH11X,9.561542e-08,dense_mlp,4044
AHNAK,9.561324e-08,dense_mlp,4045
KIAA1328,9.560317e-08,dense_mlp,4046
KRCC1,9.560198e-08,dense_mlp,4047
ARL4A,9.5570634e-08,dense_mlp,4048
ISOC2,9.556502e-08,dense_mlp,4049
FAM114A1,9.5547634e-08,dense_mlp,4050
CCN6,9.554493e-08,dense_mlp,4051
UBALD2,9.553271e-08,dense_mlp,4052
QSOX2,9.553007e-08,dense_mlp,4053
IBA57,9.552565e-08,dense_mlp,4054
RUNDC3A,9.549452e-08,dense_mlp,4055
TMCC1,9.548916e-08,dense_mlp,4056
DCAF12,9.5487096e-08,dense_mlp,4057
MAJIN,9.547851e-08,dense_mlp,4058
DCHS2,9.544695e-08,dense_mlp,4059
ANKFN1,9.5434146e-08,dense_mlp,4060
C10orf82,9.5385744e-08,dense_mlp,4061
ZNF804A,9.5377516e-08,dense_mlp,4062
MFSD4B,9.537527e-08,dense_mlp,4063
FGF17,9.536053e-08,dense_mlp,4064
SOWAHA,9.532304e-08,dense_mlp,4065
KCTD12,9.529616e-08,dense_mlp,4066
RTN2,9.529134e-08,dense_mlp,4067
CD1E,9.5288115e-08,dense_mlp,4068
HIST4H4,9.52864e-08,dense_mlp,4069
GLTPD2,9.526743e-08,dense_mlp,4070
IMPG2,9.521868e-08,dense_mlp,4071
AIRE,9.521826e-08,dense_mlp,4072
KIAA1586,9.521719e-08,dense_mlp,4073
ARMH3,9.519622e-08,dense_mlp,4074
UBR5,9.517981e-08,dense_mlp,4075
CDH20,9.5158526e-08,dense_mlp,4076
SMYD4,9.515585e-08,dense_mlp,4077
PLAG1,9.514748e-08,dense_mlp,4078
LINC02693,9.514491e-08,dense_mlp,4079
ANKMY1,9.512293e-08,dense_mlp,4080
CDADC1,9.5102315e-08,dense_mlp,4081
SCYL2,9.506268e-08,dense_mlp,4082
PNMA6A,9.5055874e-08,dense_mlp,4083
ARNTL,9.5028646e-08,dense_mlp,4084
FERMT1,9.499566e-08,dense_mlp,4085
HAPLN4,9.499359e-08,dense_mlp,4086
LIM2,9.496944e-08,dense_mlp,4087
DYRK4,9.494731e-08,dense_mlp,4088
FAM110B,9.494374e-08,dense_mlp,4089
RBMS3,9.492689e-08,dense_mlp,4090
DNAJA3,9.492635e-08,dense_mlp,4091
TMEM260,9.491114e-08,dense_mlp,4092
SIL1,9.4871275e-08,dense_mlp,4093
DNAJB13,9.4852524e-08,dense_mlp,4094
FAM89A,9.483891e-08,dense_mlp,4095
PMIS2,9.483844e-08,dense_mlp,4096
TTC26,9.478522e-08,dense_mlp,4097
OSBP2,9.4749694e-08,dense_mlp,4098
ACYP1,9.472212e-08,dense_mlp,4099
NATD1,9.469829e-08,dense_mlp,4100
RHBDL3,9.465336e-08,dense_mlp,4101
GDAP1L1,9.465014e-08,dense_mlp,4102
RCOR3,9.4627445e-08,dense_mlp,4103
LDB2,9.462249e-08,dense_mlp,4104
LRRN2,9.458506e-08,dense_mlp,4105
ZBTB7B,9.457952e-08,dense_mlp,4106
C12orf56,9.4538365e-08,dense_mlp,4107
STK40,9.4533576e-08,dense_mlp,4108
RPH3A,9.452782e-08,dense_mlp,4109
C20orf144,9.452469e-08,dense_mlp,4110
USP35,9.451106e-08,dense_mlp,4111
VWC2,9.4504635e-08,dense_mlp,4112
RNF207,9.447635e-08,dense_mlp,4113
HES6,9.4464085e-08,dense_mlp,4114
MARF1,9.4453256e-08,dense_mlp,4115
SAR1A,9.4446925e-08,dense_mlp,4116
MAPK8IP1,9.44452e-08,dense_mlp,4117
SYNM,9.4430895e-08,dense_mlp,4118
TMEM151A,9.442716e-08,dense_mlp,4119
SYNDIG1,9.441334e-08,dense_mlp,4120
TSNARE1,9.437207e-08,dense_mlp,4121
YBEY,9.436962e-08,dense_mlp,4122
SHOC1,9.4365234e-08,dense_mlp,4123
CHAMP1,9.436466e-08,dense_mlp,4124
ARL8B,9.4343356e-08,dense_mlp,4125
GDF9,9.431443e-08,dense_mlp,4126
LRP2BP,9.4297455e-08,dense_mlp,4127
SYNPR,9.4238914e-08,dense_mlp,4128
NOXRED1,9.4221186e-08,dense_mlp,4129
NCDN,9.419631e-08,dense_mlp,4130
TNS2,9.418401e-08,dense_mlp,4131
SOX8,9.415378e-08,dense_mlp,4132
GPR107,9.4139345e-08,dense_mlp,4133
CDCA7,9.413781e-08,dense_mlp,4134
NECAB2,9.411742e-08,dense_mlp,4135
NEDD9,9.411174e-08,dense_mlp,4136
SDAD1,9.404713e-08,dense_mlp,4137
FASTKD1,9.4033766e-08,dense_mlp,4138
CRYGS,9.4007355e-08,dense_mlp,4139
KIAA1324L,9.3994025e-08,dense_mlp,4140
RNASEH2B,9.396933e-08,dense_mlp,4141
MAP3K15,9.394078e-08,dense_mlp,4142
ENKUR,9.393996e-08,dense_mlp,4143
HSPB3,9.39102e-08,dense_mlp,4144
WDR72,9.389919e-08,dense_mlp,4145
DEPDC1,9.387889e-08,dense_mlp,4146
CARS,9.386752e-08,dense_mlp,4147
TMSB15B-1,9.382805e-08,dense_mlp,4148
OXR1,9.381391e-08,dense_mlp,4149
NBPF19,9.377585e-08,dense_mlp,4150
OTOS,9.3771376e-08,dense_mlp,4151
PDRG1,9.3746294e-08,dense_mlp,4152
TTC23,9.37383e-08,dense_mlp,4153
ZC3H6,9.371835e-08,dense_mlp,4154
FAM78A,9.366327e-08,dense_mlp,4155
PITX1,9.360395e-08,dense_mlp,4156
RSRC1,9.3601045e-08,dense_mlp,4157
CCDC122,9.359608e-08,dense_mlp,4158
C17orf80,9.354203e-08,dense_mlp,4159
MYO15B,9.3534396e-08,dense_mlp,4160
MEIS2,9.352364e-08,dense_mlp,4161
CAAP1,9.350009e-08,dense_mlp,4162
ATP13A3,9.3494e-08,dense_mlp,4163
PRICKLE3,9.346434e-08,dense_mlp,4164
CSMD2,9.3425946e-08,dense_mlp,4165
LRP11,9.3414684e-08,dense_mlp,4166
AC025287.4,9.3389055e-08,dense_mlp,4167
GPR155,9.3386724e-08,dense_mlp,4168
GDPD2,9.3385005e-08,dense_mlp,4169
ZNF239,9.338012e-08,dense_mlp,4170
KIAA0930,9.336789e-08,dense_mlp,4171
PCYOX1,9.335544e-08,dense_mlp,4172
OCEL1,9.333205e-08,dense_mlp,4173
HIST1H2AC,9.332494e-08,dense_mlp,4174
QRSL1,9.3320104e-08,dense_mlp,4175
MLYCD,9.3302596e-08,dense_mlp,4176
C14orf28,9.32122e-08,dense_mlp,4177
CLN8,9.321055e-08,dense_mlp,4178
ARPIN,9.313588e-08,dense_mlp,4179
OCIAD2,9.309356e-08,dense_mlp,4180
XKR9,9.307999e-08,dense_mlp,4181
SMYD5,9.305588e-08,dense_mlp,4182
PHTF1,9.300062e-08,dense_mlp,4183
IFNAR2,9.2957144e-08,dense_mlp,4184
FRMD6,9.295636e-08,dense_mlp,4185
ISOC1,9.2951886e-08,dense_mlp,4186
CNP,9.2933334e-08,dense_mlp,4187
CCL23,9.291925e-08,dense_mlp,4188
ARMC9,9.290536e-08,dense_mlp,4189
VPS13B,9.29012e-08,dense_mlp,4190
TM9SF4,9.286185e-08,dense_mlp,4191
LRRIQ3,9.283293e-08,dense_mlp,4192
MAP3K21,9.282166e-08,dense_mlp,4193
MIEF2,9.281296e-08,dense_mlp,4194
DPY19L1,9.281104e-08,dense_mlp,4195
PARVG,9.280148e-08,dense_mlp,4196
SCAPER,9.279442e-08,dense_mlp,4197
LNP1,9.2774776e-08,dense_mlp,4198
OPA3,9.2766285e-08,dense_mlp,4199
SPPL2C,9.275195e-08,dense_mlp,4200
PCGF1,9.2735085e-08,dense_mlp,4201
OBP2B,9.2691465e-08,dense_mlp,4202
RFPL1,9.2685966e-08,dense_mlp,4203
CPLANE2,9.266702e-08,dense_mlp,4204
ZSCAN20,9.2647944e-08,dense_mlp,4205
TOGARAM2,9.262513e-08,dense_mlp,4206
PBK,9.256872e-08,dense_mlp,4207
SHOX2,9.256411e-08,dense_mlp,4208
NIFK,9.2563e-08,dense_mlp,4209
PPP1R9A,9.2541754e-08,dense_mlp,4210
KIAA1211,9.253119e-08,dense_mlp,4211
BCAM,9.252709e-08,dense_mlp,4212
IL17B,9.24978e-08,dense_mlp,4213
DUS4L,9.249493e-08,dense_mlp,4214
ZNF526,9.2476185e-08,dense_mlp,4215
FAM168B,9.2474934e-08,dense_mlp,4216
C11orf1,9.2467346e-08,dense_mlp,4217
WFDC1,9.2461e-08,dense_mlp,4218
MEAK7,9.244476e-08,dense_mlp,4219
FOXL2NB,9.2431954e-08,dense_mlp,4220
LMBRD2,9.242947e-08,dense_mlp,4221
FOXO6,9.23967e-08,dense_mlp,4222
CCDC200,9.225954e-08,dense_mlp,4223
FAM240A,9.225594e-08,dense_mlp,4224
SHLD2,9.225584e-08,dense_mlp,4225
ANKRD18B,9.225154e-08,dense_mlp,4226
NFATC4,9.223996e-08,dense_mlp,4227
DYRK1B,9.2224724e-08,dense_mlp,4228
TSPAN10,9.216917e-08,dense_mlp,4229
RNASEH2A,9.216097e-08,dense_mlp,4230
TMCO3,9.2149826e-08,dense_mlp,4231
ARL15,9.213867e-08,dense_mlp,4232
ZNF117,9.2118505e-08,dense_mlp,4233
AFG1L,9.211494e-08,dense_mlp,4234
LZTR1,9.2100656e-08,dense_mlp,4235
TMEM86A,9.209789e-08,dense_mlp,4236
TPPP3,9.209662e-08,dense_mlp,4237
PODN,9.208467e-08,dense_mlp,4238
IQCF2,9.2042896e-08,dense_mlp,4239
TMEM234,9.203988e-08,dense_mlp,4240
TMEM88B,9.202937e-08,dense_mlp,4241
ZNF862,9.2012336e-08,dense_mlp,4242
NRBF2,9.19978e-08,dense_mlp,4243
SPEG,9.198904e-08,dense_mlp,4244
SH3BGRL2,9.197728e-08,dense_mlp,4245
LRRC66,9.196484e-08,dense_mlp,4246
APOL3,9.1957006e-08,dense_mlp,4247
CDKN2AIP,9.194954e-08,dense_mlp,4248
EVI5L,9.193138e-08,dense_mlp,4249
C16orf96,9.1930424e-08,dense_mlp,4250
CLK2,9.192207e-08,dense_mlp,4251
OXLD1,9.191514e-08,dense_mlp,4252
DUSP18,9.189748e-08,dense_mlp,4253
ELMO3,9.189716e-08,dense_mlp,4254
TNFAIP8L1,9.188994e-08,dense_mlp,4255
FAM3D,9.187798e-08,dense_mlp,4256
GRID1,9.1844626e-08,dense_mlp,4257
TM9SF3,9.1818066e-08,dense_mlp,4258
STMN4,9.181067e-08,dense_mlp,4259
CASKIN2,9.175845e-08,dense_mlp,4260
DNASE1,9.174297e-08,dense_mlp,4261
CCDC62,9.16741e-08,dense_mlp,4262
RECQL5,9.16633e-08,dense_mlp,4263
ZMYM3,9.163041e-08,dense_mlp,4264
ZSCAN18,9.162702e-08,dense_mlp,4265
STOX1,9.1618574e-08,dense_mlp,4266
RASGEF1B,9.1615505e-08,dense_mlp,4267
SPOUT1,9.161054e-08,dense_mlp,4268
CBFA2T3,9.1584646e-08,dense_mlp,4269
RELL2,9.1580226e-08,dense_mlp,4270
RNF215,9.1578784e-08,dense_mlp,4271
FAM160A1,9.15677e-08,dense_mlp,4272
TCEAL1,9.155704e-08,dense_mlp,4273
PGBD4,9.153756e-08,dense_mlp,4274
KANK2,9.153545e-08,dense_mlp,4275
C6orf52,9.1531405e-08,dense_mlp,4276
VMO1,9.151106e-08,dense_mlp,4277
TRAF5,9.147978e-08,dense_mlp,4278
SERGEF,9.144993e-08,dense_mlp,4279
HSPB11,9.144166e-08,dense_mlp,4280
HEATR9,9.143257e-08,dense_mlp,4281
FCRL1,9.14227e-08,dense_mlp,4282
PRICKLE2,9.1414414e-08,dense_mlp,4283
BCAP29,9.141044e-08,dense_mlp,4284
PTOV1,9.139569e-08,dense_mlp,4285
ZNF7,9.137525e-08,dense_mlp,4286
BMP3,9.134445e-08,dense_mlp,4287
PTPN21,9.133051e-08,dense_mlp,4288
TESC,9.1325724e-08,dense_mlp,4289
DDX19A,9.131835e-08,dense_mlp,4290
PCDHB5,9.129886e-08,dense_mlp,4291
SLC6A17,9.128955e-08,dense_mlp,4292
TWISTNB,9.12288e-08,dense_mlp,4293
HES4,9.1204186e-08,dense_mlp,4294
POC5,9.118775e-08,dense_mlp,4295
RANBP6,9.1062944e-08,dense_mlp,4296
PSRC1,9.105222e-08,dense_mlp,4297
SLC25A34,9.1013426e-08,dense_mlp,4298
REEP4,9.1013256e-08,dense_mlp,4299
KLF1,9.101077e-08,dense_mlp,4300
TM9SF2,9.1004566e-08,dense_mlp,4301
RAD54L,9.099339e-08,dense_mlp,4302
RRP1B,9.098792e-08,dense_mlp,4303
CATSPERZ,9.096029e-08,dense_mlp,4304
ZBTB5,9.095977e-08,dense_mlp,4305
THSD8,9.0943416e-08,dense_mlp,4306
ZNF229,9.092595e-08,dense_mlp,4307
C1RL,9.092419e-08,dense_mlp,4308
H3F3A,9.0895085e-08,dense_mlp,4309
C3orf62,9.0894495e-08,dense_mlp,4310
RRNAD1,9.088523e-08,dense_mlp,4311
RAD54L2,9.088329e-08,dense_mlp,4312
TMEM14C,9.085747e-08,dense_mlp,4313
NAALADL2,9.083401e-08,dense_mlp,4314
PRAMEF15,9.079636e-08,dense_mlp,4315
ZRANB3,9.0790316e-08,dense_mlp,4316
DNAJC14,9.077493e-08,dense_mlp,4317
C8orf37,9.0764146e-08,dense_mlp,4318
SEMA3C,9.0740514e-08,dense_mlp,4319
ZSCAN29,9.073831e-08,dense_mlp,4320
OLFML3,9.0730026e-08,dense_mlp,4321
ZFR2,9.0728264e-08,dense_mlp,4322
TMEM53,9.072376e-08,dense_mlp,4323
S100A16,9.071349e-08,dense_mlp,4324
ZNF284,9.071125e-08,dense_mlp,4325
SAPCD2,9.070304e-08,dense_mlp,4326
EIF4EBP2,9.068344e-08,dense_mlp,4327
SAAL1,9.067678e-08,dense_mlp,4328
RUNX2,9.064779e-08,dense_mlp,4329
ARMC2,9.062944e-08,dense_mlp,4330
BCL3,9.062248e-08,dense_mlp,4331
PITHD1,9.0596146e-08,dense_mlp,4332
CCNB1IP1,9.051768e-08,dense_mlp,4333
CARMIL2,9.051369e-08,dense_mlp,4334
CDYL,9.048767e-08,dense_mlp,4335
MEGF10,9.0473044e-08,dense_mlp,4336
FOCAD,9.0464745e-08,dense_mlp,4337
EFCAB13,9.043801e-08,dense_mlp,4338
HIST3H2A,9.042899e-08,dense_mlp,4339
TP53INP2,9.041792e-08,dense_mlp,4340
RTP3,9.038344e-08,dense_mlp,4341
ROGDI,9.038247e-08,dense_mlp,4342
SLC25A41,9.034953e-08,dense_mlp,4343
SEPTIN4,9.032927e-08,dense_mlp,4344
NRROS,9.032286e-08,dense_mlp,4345
CPNE5,9.02756e-08,dense_mlp,4346
BIVM,9.022357e-08,dense_mlp,4347
ADGRG2,9.021981e-08,dense_mlp,4348
TCHP,9.019341e-08,dense_mlp,4349
TSPAN18,9.0166566e-08,dense_mlp,4350
ELMOD3,9.0139494e-08,dense_mlp,4351
LYZL2,9.010952e-08,dense_mlp,4352
ZFAND1,9.0105246e-08,dense_mlp,4353
BRSK2,9.010157e-08,dense_mlp,4354
DCAF4L1,9.0093664e-08,dense_mlp,4355
LRRC69,9.008977e-08,dense_mlp,4356
LINGO3,9.0062436e-08,dense_mlp,4357
SLC39A13,9.004661e-08,dense_mlp,4358
NDUFA4L2,9.0045965e-08,dense_mlp,4359
MOB4,9.00412e-08,dense_mlp,4360
SREK1IP1,9.00154e-08,dense_mlp,4361
FAM189B,9.000521e-08,dense_mlp,4362
LLGL2,9.0000775e-08,dense_mlp,4363
FAM78B,8.998766e-08,dense_mlp,4364
PLXDC2,8.9974414e-08,dense_mlp,4365
NWD1,8.9973504e-08,dense_mlp,4366
C1orf159,8.9967024e-08,dense_mlp,4367
GRASP,8.995979e-08,dense_mlp,4368
ELK3,8.995716e-08,dense_mlp,4369
TXNL4B,8.991788e-08,dense_mlp,4370
TMEM117,8.9912746e-08,dense_mlp,4371
GIMAP2,8.990949e-08,dense_mlp,4372
NIPSNAP3A,8.988031e-08,dense_mlp,4373
ACTR6,8.985973e-08,dense_mlp,4374
ABCC12,8.9859405e-08,dense_mlp,4375
PBX4,8.985425e-08,dense_mlp,4376
LCNL1,8.98392e-08,dense_mlp,4377
CDK3,8.976124e-08,dense_mlp,4378
METTL25,8.974049e-08,dense_mlp,4379
HLF,8.971697e-08,dense_mlp,4380
LRRC14B,8.967997e-08,dense_mlp,4381
PNPLA1,8.9679276e-08,dense_mlp,4382
TMEFF2,8.964504e-08,dense_mlp,4383
SIPA1L3,8.963593e-08,dense_mlp,4384
SAYSD1,8.963567e-08,dense_mlp,4385
DYTN,8.9619306e-08,dense_mlp,4386
LANCL2,8.955779e-08,dense_mlp,4387
PRELID3B,8.9536066e-08,dense_mlp,4388
ZNF501,8.950881e-08,dense_mlp,4389
KDF1,8.9497384e-08,dense_mlp,4390
ZFYVE26,8.9476316e-08,dense_mlp,4391
TMEM64,8.9446594e-08,dense_mlp,4392
BRAT1,8.944263e-08,dense_mlp,4393
EFHC1,8.9436796e-08,dense_mlp,4394
GTDC1,8.943161e-08,dense_mlp,4395
TSHZ2,8.942801e-08,dense_mlp,4396
ANKRD36,8.941573e-08,dense_mlp,4397
TENT5D,8.941279e-08,dense_mlp,4398
KCNT2,8.939826e-08,dense_mlp,4399
FBLL1,8.935815e-08,dense_mlp,4400
TRIM16,8.9301125e-08,dense_mlp,4401
IMMP1L,8.929747e-08,dense_mlp,4402
GAS7,8.9293536e-08,dense_mlp,4403
AIF1L,8.924344e-08,dense_mlp,4404
BTBD3,8.9215845e-08,dense_mlp,4405
MSTO1,8.916964e-08,dense_mlp,4406
TRAF3IP2,8.913903e-08,dense_mlp,4407
FOXD1,8.9119396e-08,dense_mlp,4408
IGSF8,8.911316e-08,dense_mlp,4409
PRCD,8.9112916e-08,dense_mlp,4410
KLHL8,8.910656e-08,dense_mlp,4411
DISP1,8.9063256e-08,dense_mlp,4412
SCAMP2,8.9045244e-08,dense_mlp,4413
PUS10,8.89879e-08,dense_mlp,4414
CEP104,8.896551e-08,dense_mlp,4415
CTXND2,8.894713e-08,dense_mlp,4416
NRL,8.8940716e-08,dense_mlp,4417
FAM151B,8.8936716e-08,dense_mlp,4418
GORAB,8.891032e-08,dense_mlp,4419
PCDH17,8.889045e-08,dense_mlp,4420
TRIP6,8.8866706e-08,dense_mlp,4421
CELF6,8.8854364e-08,dense_mlp,4422
ARMC12,8.881807e-08,dense_mlp,4423
TCP10L,8.880166e-08,dense_mlp,4424
DNAAF2,8.878896e-08,dense_mlp,4425
ANKRD13C,8.878702e-08,dense_mlp,4426
TMEM255A,8.8779885e-08,dense_mlp,4427
ZNF57,8.877367e-08,dense_mlp,4428
TMEM135,8.876166e-08,dense_mlp,4429
PPM1J,8.873466e-08,dense_mlp,4430
CIP2A,8.872993e-08,dense_mlp,4431
CHIC1,8.871824e-08,dense_mlp,4432
WDR53,8.8716355e-08,dense_mlp,4433
FAM13C,8.869004e-08,dense_mlp,4434
PRTFDC1,8.8689895e-08,dense_mlp,4435
NBL1,8.8665296e-08,dense_mlp,4436
PSKH1,8.8654424e-08,dense_mlp,4437
CAVIN3,8.864798e-08,dense_mlp,4438
THAP1,8.859782e-08,dense_mlp,4439
NPVF,8.858788e-08,dense_mlp,4440
HLX,8.8580784e-08,dense_mlp,4441
ZNF319,8.857999e-08,dense_mlp,4442
TMEM63B,8.8565976e-08,dense_mlp,4443
SLC25A39,8.85465e-08,dense_mlp,4444
PAM,8.850759e-08,dense_mlp,4445
EPB41L4B,8.8479155e-08,dense_mlp,4446
GLIPR1L2,8.845275e-08,dense_mlp,4447
RHBDD1,8.838667e-08,dense_mlp,4448
C19orf48,8.837858e-08,dense_mlp,4449
PIP5KL1,8.8346994e-08,dense_mlp,4450
ZDHHC14,8.833457e-08,dense_mlp,4451
WBP2,8.832763e-08,dense_mlp,4452
AP3D1,8.8299075e-08,dense_mlp,4453
FGL1,8.8296254e-08,dense_mlp,4454
SPIN3,8.82902e-08,dense_mlp,4455
CHFR,8.828775e-08,dense_mlp,4456
MYZAP,8.827614e-08,dense_mlp,4457
DEFB133,8.827357e-08,dense_mlp,4458
CNTNAP3B,8.8271634e-08,dense_mlp,4459
WDR86,8.823201e-08,dense_mlp,4460
CCDC80,8.822098e-08,dense_mlp,4461
RFX1,8.821191e-08,dense_mlp,4462
ZNF251,8.8201574e-08,dense_mlp,4463
C1orf43,8.8186965e-08,dense_mlp,4464
TEX53,8.816913e-08,dense_mlp,4465
MOB2,8.8164896e-08,dense_mlp,4466
C9orf16,8.816388e-08,dense_mlp,4467
CLBA1,8.813375e-08,dense_mlp,4468
TMSB15B,8.81143e-08,dense_mlp,4469
BOK,8.810275e-08,dense_mlp,4470
GPR156,8.8088264e-08,dense_mlp,4471
DNAJC21,8.8079275e-08,dense_mlp,4472
CERCAM,8.802699e-08,dense_mlp,4473
KRBA1,8.802696e-08,dense_mlp,4474
NEXMIF,8.800125e-08,dense_mlp,4475
SRRM4,8.7994124e-08,dense_mlp,4476
NIBAN2,8.796441e-08,dense_mlp,4477
ATP5MGL,8.7959656e-08,dense_mlp,4478
FAM43A,8.794248e-08,dense_mlp,4479
NAGPA,8.794114e-08,dense_mlp,4480
AEN,8.7927965e-08,dense_mlp,4481
CCDC137,8.792584e-08,dense_mlp,4482
CORO2A,8.790945e-08,dense_mlp,4483
TMPRSS11A,8.787949e-08,dense_mlp,4484
IQSEC2,8.786789e-08,dense_mlp,4485
JPH4,8.7853195e-08,dense_mlp,4486
CNNM2,8.785044e-08,dense_mlp,4487
ZNF891,8.78461e-08,dense_mlp,4488
PHLDA3,8.7809475e-08,dense_mlp,4489
PARD3B,8.7782624e-08,dense_mlp,4490
PRRX2,8.775673e-08,dense_mlp,4491
DCDC2C,8.775127e-08,dense_mlp,4492
OTUD4,8.774332e-08,dense_mlp,4493
CARD14,8.773508e-08,dense_mlp,4494
MFSD1,8.770792e-08,dense_mlp,4495
SMIM13,8.766321e-08,dense_mlp,4496
CCNJL,8.765025e-08,dense_mlp,4497
FNDC1,8.764722e-08,dense_mlp,4498
CIR1,8.7636174e-08,dense_mlp,4499
CCDC82,8.7620165e-08,dense_mlp,4500
FBXO8,8.761035e-08,dense_mlp,4501
PCDHB9,8.759282e-08,dense_mlp,4502
TMEM184C,8.7588525e-08,dense_mlp,4503
ZSWIM9,8.7553104e-08,dense_mlp,4504
ABHD15,8.755273e-08,dense_mlp,4505
IGBP1,8.754691e-08,dense_mlp,4506
GPATCH2L,8.753647e-08,dense_mlp,4507
BAHCC1,8.75222e-08,dense_mlp,4508
IRF2BPL,8.750789e-08,dense_mlp,4509
AMMECR1L,8.7483905e-08,dense_mlp,4510
ANKRD13D,8.7471e-08,dense_mlp,4511
CSMD1,8.746768e-08,dense_mlp,4512
LARP6,8.7442366e-08,dense_mlp,4513
MPPED2,8.743545e-08,dense_mlp,4514
DNAJC22,8.742947e-08,dense_mlp,4515
TRABD,8.7419274e-08,dense_mlp,4516
TMEM41A,8.741828e-08,dense_mlp,4517
JAZF1,8.7415906e-08,dense_mlp,4518
ZNF396,8.739286e-08,dense_mlp,4519
ACAP2,8.7392216e-08,dense_mlp,4520
CCDC174,8.739161e-08,dense_mlp,4521
TMEM231,8.7375035e-08,dense_mlp,4522
SYT4,8.737435e-08,dense_mlp,4523
KLF3,8.737341e-08,dense_mlp,4524
TM4SF4,8.7304834e-08,dense_mlp,4525
PTPRT,8.73002e-08,dense_mlp,4526
MOSPD1,8.7270166e-08,dense_mlp,4527
CELF5,8.7250115e-08,dense_mlp,4528
TIGD6,8.724475e-08,dense_mlp,4529
TCEAL4,8.723525e-08,dense_mlp,4530
AMMECR1,8.722059e-08,dense_mlp,4531
FMN1,8.719631e-08,dense_mlp,4532
FER1L6,8.715968e-08,dense_mlp,4533
SEMA3F,8.715436e-08,dense_mlp,4534
CRYBA4,8.713098e-08,dense_mlp,4535
PRSS22,8.712705e-08,dense_mlp,4536
RNASEH2C,8.712475e-08,dense_mlp,4537
PDLIM4,8.712265e-08,dense_mlp,4538
ZNF283,8.7111296e-08,dense_mlp,4539
FAM98C,8.7106336e-08,dense_mlp,4540
RBM45,8.7091095e-08,dense_mlp,4541
YJEFN3,8.7064954e-08,dense_mlp,4542
CLK3,8.704986e-08,dense_mlp,4543
PALLD,8.7003336e-08,dense_mlp,4544
CISD3,8.700321e-08,dense_mlp,4545
TMEM38B,8.6997304e-08,dense_mlp,4546
PAQR7,8.697651e-08,dense_mlp,4547
SMIM15,8.696418e-08,dense_mlp,4548
CCDC138,8.694016e-08,dense_mlp,4549
C9orf72,8.693999e-08,dense_mlp,4550
REELD1,8.693927e-08,dense_mlp,4551
TMUB1,8.6896215e-08,dense_mlp,4552
DHRS7,8.687926e-08,dense_mlp,4553
RGN,8.687743e-08,dense_mlp,4554
CRIP2,8.687456e-08,dense_mlp,4555
ATP5MPL,8.686497e-08,dense_mlp,4556
TMEM79,8.68612e-08,dense_mlp,4557
AOAH,8.684852e-08,dense_mlp,4558
RRP12,8.6848125e-08,dense_mlp,4559
ACTL8,8.681772e-08,dense_mlp,4560
DDX55,8.676103e-08,dense_mlp,4561
GAGE1,8.673396e-08,dense_mlp,4562
SLC22A10,8.6724846e-08,dense_mlp,4563
SNX10,8.671819e-08,dense_mlp,4564
GDPGP1,8.670624e-08,dense_mlp,4565
PCDHGA7,8.67047e-08,dense_mlp,4566
ZNF780A,8.669718e-08,dense_mlp,4567
TAFA5,8.668564e-08,dense_mlp,4568
LIX1L,8.6662844e-08,dense_mlp,4569
MON2,8.665342e-08,dense_mlp,4570
ZNF232,8.6646295e-08,dense_mlp,4571
PGAP2,8.663601e-08,dense_mlp,4572
GBA,8.658085e-08,dense_mlp,4573
ERGIC3,8.65804e-08,dense_mlp,4574
CDKL4,8.657447e-08,dense_mlp,4575
MPV17L2,8.656642e-08,dense_mlp,4576
MROH1,8.656312e-08,dense_mlp,4577
ENDOG,8.6518064e-08,dense_mlp,4578
RNF166,8.650037e-08,dense_mlp,4579
GLYR1,8.6481954e-08,dense_mlp,4580
AFF2,8.64738e-08,dense_mlp,4581
TDRD10,8.6466535e-08,dense_mlp,4582
HHLA3,8.6429424e-08,dense_mlp,4583
RNPEPL1,8.638161e-08,dense_mlp,4584
KBTBD11,8.6375884e-08,dense_mlp,4585
MFSD13A,8.636152e-08,dense_mlp,4586
SPATA33,8.635502e-08,dense_mlp,4587
SAMD14,8.635427e-08,dense_mlp,4588
ELSPBP1,8.6343e-08,dense_mlp,4589
C3orf14,8.631516e-08,dense_mlp,4590
TOB2,8.629789e-08,dense_mlp,4591
BORCS7,8.625383e-08,dense_mlp,4592
MYO1F,8.61793e-08,dense_mlp,4593
THAP7,8.6177685e-08,dense_mlp,4594
CLK1,8.617708e-08,dense_mlp,4595
INVS,8.6166494e-08,dense_mlp,4596
APCDD1,8.616487e-08,dense_mlp,4597
ELMSAN1,8.6152575e-08,dense_mlp,4598
C11orf71,8.6117836e-08,dense_mlp,4599
MNX1,8.611736e-08,dense_mlp,4600
C1orf52,8.603653e-08,dense_mlp,4601
ESS2,8.601336e-08,dense_mlp,4602
NUFIP1,8.6010765e-08,dense_mlp,4603
RARS,8.6007844e-08,dense_mlp,4604
C4orf36,8.599294e-08,dense_mlp,4605
C15orf61,8.599054e-08,dense_mlp,4606
PRMT9,8.5981846e-08,dense_mlp,4607
SH3YL1,8.597302e-08,dense_mlp,4608
TANGO6,8.596578e-08,dense_mlp,4609
AKAP8,8.59282e-08,dense_mlp,4610
WDR17,8.5925336e-08,dense_mlp,4611
UBXN2A,8.591976e-08,dense_mlp,4612
DDX50,8.591866e-08,dense_mlp,4613
FAM133B,8.5885866e-08,dense_mlp,4614
RERGL,8.588052e-08,dense_mlp,4615
SLC2A4RG,8.586356e-08,dense_mlp,4616
TG,8.586333e-08,dense_mlp,4617
MPND,8.584442e-08,dense_mlp,4618
ARMC6,8.582409e-08,dense_mlp,4619
ABRA,8.5822826e-08,dense_mlp,4620
GOLGA7B,8.579562e-08,dense_mlp,4621
C19orf44,8.578147e-08,dense_mlp,4622
CCDC183,8.577229e-08,dense_mlp,4623
ARMCX4,8.574122e-08,dense_mlp,4624
UPK2,8.572777e-08,dense_mlp,4625
SPTY2D1,8.571983e-08,dense_mlp,4626
CCDC106,8.571173e-08,dense_mlp,4627
LRRN1,8.570539e-08,dense_mlp,4628
ZFP57,8.5692385e-08,dense_mlp,4629
TTBK1,8.56922e-08,dense_mlp,4630
LRRN3,8.567069e-08,dense_mlp,4631
ANKRD33B,8.5662045e-08,dense_mlp,4632
ZNF805,8.566087e-08,dense_mlp,4633
CYP27C1,8.561996e-08,dense_mlp,4634
H1FX,8.560297e-08,dense_mlp,4635
SCML1,8.559889e-08,dense_mlp,4636
POC1A,8.5584176e-08,dense_mlp,4637
GGNBP2,8.5576794e-08,dense_mlp,4638
SHD,8.5561766e-08,dense_mlp,4639
TBC1D31,8.5556735e-08,dense_mlp,4640
COA7,8.554415e-08,dense_mlp,4641
DIXDC1,8.550452e-08,dense_mlp,4642
TMEM150A,8.546591e-08,dense_mlp,4643
SCAF11,8.546264e-08,dense_mlp,4644
ZNF362,8.545912e-08,dense_mlp,4645
CCDC189,8.544741e-08,dense_mlp,4646
CELSR2,8.54456e-08,dense_mlp,4647
ZBTB45,8.5433854e-08,dense_mlp,4648
SCAF4,8.53796e-08,dense_mlp,4649
ARMC7,8.536843e-08,dense_mlp,4650
ZNF518A,8.531839e-08,dense_mlp,4651
MFF,8.531266e-08,dense_mlp,4652
LPXN,8.530714e-08,dense_mlp,4653
LMLN,8.530054e-08,dense_mlp,4654
RBMXL1,8.527798e-08,dense_mlp,4655
CELSR3,8.526967e-08,dense_mlp,4656
ANKRD40,8.5263196e-08,dense_mlp,4657
FAM174A,8.525403e-08,dense_mlp,4658
PRIMA1,8.5235804e-08,dense_mlp,4659
PIMREG,8.519507e-08,dense_mlp,4660
DMWD,8.518722e-08,dense_mlp,4661
CYB561D1,8.5182236e-08,dense_mlp,4662
RUBCN,8.5178435e-08,dense_mlp,4663
PPP1R3E,8.516389e-08,dense_mlp,4664
AP3S2,8.5147285e-08,dense_mlp,4665
VWDE,8.514416e-08,dense_mlp,4666
GPRASP1,8.512633e-08,dense_mlp,4667
NIT1,8.509857e-08,dense_mlp,4668
EIF4E1B,8.5096886e-08,dense_mlp,4669
PLTP,8.509424e-08,dense_mlp,4670
ZMYND11,8.508437e-08,dense_mlp,4671
ATG2A,8.507883e-08,dense_mlp,4672
VSNL1,8.5077886e-08,dense_mlp,4673
XRRA1,8.498242e-08,dense_mlp,4674
CIB1,8.497882e-08,dense_mlp,4675
MAGEE2,8.4967425e-08,dense_mlp,4676
ANKAR,8.495976e-08,dense_mlp,4677
FAF1,8.494414e-08,dense_mlp,4678
HSPA14-1,8.492195e-08,dense_mlp,4679
CPO,8.4912244e-08,dense_mlp,4680
INSYN1,8.4909914e-08,dense_mlp,4681
NEPRO,8.4892136e-08,dense_mlp,4682
PLEKHJ1,8.4887276e-08,dense_mlp,4683
XPNPEP1,8.487677e-08,dense_mlp,4684
SYNE3,8.486861e-08,dense_mlp,4685
C1orf53,8.475062e-08,dense_mlp,4686
SIMC1,8.472719e-08,dense_mlp,4687
HTATIP2,8.471991e-08,dense_mlp,4688
SLC12A9,8.471925e-08,dense_mlp,4689
GNPTAB,8.47107e-08,dense_mlp,4690
SNTG1,8.470488e-08,dense_mlp,4691
HDDC2,8.469662e-08,dense_mlp,4692
TBKBP1,8.468352e-08,dense_mlp,4693
KIAA1755,8.4680266e-08,dense_mlp,4694
TMEM208,8.4666304e-08,dense_mlp,4695
PPP1R16A,8.466443e-08,dense_mlp,4696
CLSTN1,8.4655625e-08,dense_mlp,4697
SERP2,8.4646864e-08,dense_mlp,4698
TSPYL1,8.4646274e-08,dense_mlp,4699
LMBR1,8.4620225e-08,dense_mlp,4700
KIAA0040,8.4614406e-08,dense_mlp,4701
EFCAB6,8.460161e-08,dense_mlp,4702
CD276,8.458148e-08,dense_mlp,4703
XKR4,8.4581394e-08,dense_mlp,4704
EID2B,8.457436e-08,dense_mlp,4705
XPO4,8.454878e-08,dense_mlp,4706
LRRC57,8.454207e-08,dense_mlp,4707
AIG1,8.454031e-08,dense_mlp,4708
RPF2,8.453987e-08,dense_mlp,4709
WASHC3,8.4535436e-08,dense_mlp,4710
RIMS4,8.452223e-08,dense_mlp,4711
HMGXB4,8.452133e-08,dense_mlp,4712
NDRG4,8.448863e-08,dense_mlp,4713
CCDC77,8.447402e-08,dense_mlp,4714
SERPINI1,8.446369e-08,dense_mlp,4715
SRA1,8.445894e-08,dense_mlp,4716
DHX33,8.444922e-08,dense_mlp,4717
RETREG3,8.442611e-08,dense_mlp,4718
OGFR,8.441018e-08,dense_mlp,4719
TTYH1,8.4367144e-08,dense_mlp,4720
P3H4,8.4320654e-08,dense_mlp,4721
SASH1,8.431951e-08,dense_mlp,4722
CUEDC1,8.4317556e-08,dense_mlp,4723
FAM189A2,8.423395e-08,dense_mlp,4724
BAHD1,8.420282e-08,dense_mlp,4725
TWSG1,8.415002e-08,dense_mlp,4726
PID1,8.414546e-08,dense_mlp,4727
TTK,8.412939e-08,dense_mlp,4728
TRMT10B,8.4102396e-08,dense_mlp,4729
ZCCHC2,8.4093905e-08,dense_mlp,4730
CLSTN3,8.409306e-08,dense_mlp,4731
TUBE1,8.4059e-08,dense_mlp,4732
SPOCK1,8.4058115e-08,dense_mlp,4733
FAM183A,8.405427e-08,dense_mlp,4734
ANKRD34A,8.4027974e-08,dense_mlp,4735
GPR61,8.401564e-08,dense_mlp,4736
CDCA2,8.401236e-08,dense_mlp,4737
C10orf88,8.399864e-08,dense_mlp,4738
HAPLN2,8.395931e-08,dense_mlp,4739
TMEM45A,8.3942666e-08,dense_mlp,4740
PHACTR4,8.392965e-08,dense_mlp,4741
SULF1,8.392954e-08,dense_mlp,4742
DCAF12L2,8.392503e-08,dense_mlp,4743
ZNF527,8.392443e-08,dense_mlp,4744
ARMCX2,8.39227e-08,dense_mlp,4745
FAM219A,8.3921506e-08,dense_mlp,4746
ARPP21,8.390841e-08,dense_mlp,4747
YTHDF3,8.387965e-08,dense_mlp,4748
TMEM190,8.386455e-08,dense_mlp,4749
RNF212,8.383086e-08,dense_mlp,4750
MAGIX,8.3825306e-08,dense_mlp,4751
TMEM72,8.3813646e-08,dense_mlp,4752
TM6SF2,8.378923e-08,dense_mlp,4753
GPATCH11,8.3767226e-08,dense_mlp,4754
SP2,8.3760675e-08,dense_mlp,4755
CCDC18,8.375911e-08,dense_mlp,4756
RC3H2,8.371929e-08,dense_mlp,4757
IQSEC1,8.368435e-08,dense_mlp,4758
CASKIN1,8.367961e-08,dense_mlp,4759
ZNF835,8.367379e-08,dense_mlp,4760
HPCAL1,8.3673356e-08,dense_mlp,4761
TTC3,8.366923e-08,dense_mlp,4762
TPPP,8.3647215e-08,dense_mlp,4763
PTGES3L,8.364224e-08,dense_mlp,4764
TONSL,8.363336e-08,dense_mlp,4765
PASK,8.3624485e-08,dense_mlp,4766
TSGA10IP,8.362045e-08,dense_mlp,4767
MORC4,8.360737e-08,dense_mlp,4768
PRR12,8.360447e-08,dense_mlp,4769
IGHE,8.359318e-08,dense_mlp,4770
RNF187,8.3572424e-08,dense_mlp,4771
PALD1,8.354301e-08,dense_mlp,4772
ERBB4,8.353658e-08,dense_mlp,4773
B4GALNT4,8.3515154e-08,dense_mlp,4774
MTDH,8.3495074e-08,dense_mlp,4775
EXPH5,8.349361e-08,dense_mlp,4776
CCDC115,8.345133e-08,dense_mlp,4777
C16orf86,8.344251e-08,dense_mlp,4778
MARCKSL1,8.3407976e-08,dense_mlp,4779
ANGEL2,8.339727e-08,dense_mlp,4780
ZC3H12B,8.339379e-08,dense_mlp,4781
PSORS1C1,8.33904e-08,dense_mlp,4782
LRRC40,8.3354166e-08,dense_mlp,4783
C15orf40,8.334104e-08,dense_mlp,4784
STK17B,8.331473e-08,dense_mlp,4785
ZBTB37,8.331216e-08,dense_mlp,4786
VTCN1,8.3310496e-08,dense_mlp,4787
RIMS3,8.330803e-08,dense_mlp,4788
ASPM,8.330295e-08,dense_mlp,4789
MAP3K9,8.329625e-08,dense_mlp,4790
SHISAL2B,8.3283936e-08,dense_mlp,4791
HPS6,8.3275246e-08,dense_mlp,4792
TBC1D9,8.325959e-08,dense_mlp,4793
CHST9,8.324e-08,dense_mlp,4794
HOXA10,8.3201726e-08,dense_mlp,4795
ADSS,8.3188155e-08,dense_mlp,4796
ZNF789,8.317343e-08,dense_mlp,4797
ABHD14A,8.314855e-08,dense_mlp,4798
C2CD2,8.313369e-08,dense_mlp,4799
NOP53,8.3126345e-08,dense_mlp,4800
IDNK,8.31219e-08,dense_mlp,4801
FAM171B,8.311684e-08,dense_mlp,4802
ZNF853,8.31069e-08,dense_mlp,4803
ABTB1,8.310649e-08,dense_mlp,4804
HDGFL3,8.309082e-08,dense_mlp,4805
SH3BP2,8.308616e-08,dense_mlp,4806
NAA80,8.30753e-08,dense_mlp,4807
BZW2,8.306998e-08,dense_mlp,4808
ERMAP,8.3055575e-08,dense_mlp,4809
VEPH1,8.305533e-08,dense_mlp,4810
IPP,8.305303e-08,dense_mlp,4811
ZNF44,8.304924e-08,dense_mlp,4812
SPIN4,8.303533e-08,dense_mlp,4813
ZNHIT6,8.302017e-08,dense_mlp,4814
FNDC10,8.30084e-08,dense_mlp,4815
C22orf39,8.2998866e-08,dense_mlp,4816
DISC1,8.2971965e-08,dense_mlp,4817
FKBP15,8.29616e-08,dense_mlp,4818
DCDC1,8.294788e-08,dense_mlp,4819
PPIC,8.29411e-08,dense_mlp,4820
C16orf70,8.2923556e-08,dense_mlp,4821
UEVLD,8.2914724e-08,dense_mlp,4822
SLC25A53,8.2888405e-08,dense_mlp,4823
CEMIP2,8.2840415e-08,dense_mlp,4824
NSMF,8.283814e-08,dense_mlp,4825
CC2D1A,8.2791416e-08,dense_mlp,4826
DHRS12,8.278764e-08,dense_mlp,4827
STMP1,8.2787246e-08,dense_mlp,4828
CCDC102B,8.277479e-08,dense_mlp,4829
C12orf74,8.277063e-08,dense_mlp,4830
ZNF76,8.2760764e-08,dense_mlp,4831
SIRT7,8.274729e-08,dense_mlp,4832
C1orf198,8.273991e-08,dense_mlp,4833
THAP11,8.272989e-08,dense_mlp,4834
ZBTB46,8.269913e-08,dense_mlp,4835
ZMIZ1,8.2695095e-08,dense_mlp,4836
CRYBB1,8.2686256e-08,dense_mlp,4837
NOMO1,8.26858e-08,dense_mlp,4838
MSANTD4,8.266828e-08,dense_mlp,4839
RNF151,8.265933e-08,dense_mlp,4840
KRIT1,8.2656314e-08,dense_mlp,4841
VPS9D1,8.2625945e-08,dense_mlp,4842
WDR97,8.260922e-08,dense_mlp,4843
SEPTIN10,8.2587114e-08,dense_mlp,4844
ZMYND12,8.258459e-08,dense_mlp,4845
EBPL,8.252045e-08,dense_mlp,4846
SUSD6,8.2519975e-08,dense_mlp,4847
KLHL24,8.2499554e-08,dense_mlp,4848
RNASE4,8.248114e-08,dense_mlp,4849
METTL6,8.246999e-08,dense_mlp,4850
PPP1R36,8.246883e-08,dense_mlp,4851
AP3B2,8.2465654e-08,dense_mlp,4852
SP110,8.2439406e-08,dense_mlp,4853
PCMTD1,8.240584e-08,dense_mlp,4854
CLIC4,8.240467e-08,dense_mlp,4855
SLC35F6,8.240433e-08,dense_mlp,4856
ANGEL1,8.2402636e-08,dense_mlp,4857
KIAA1109,8.239144e-08,dense_mlp,4858
WDR47,8.238504e-08,dense_mlp,4859
NIN,8.2376125e-08,dense_mlp,4860
NLE1,8.236976e-08,dense_mlp,4861
FIBIN,8.232962e-08,dense_mlp,4862
SPINDOC,8.2323126e-08,dense_mlp,4863
CSRNP1,8.2309825e-08,dense_mlp,4864
SNX11,8.230876e-08,dense_mlp,4865
SMAP2,8.230146e-08,dense_mlp,4866
SERF2,8.230004e-08,dense_mlp,4867
PGBD5,8.229697e-08,dense_mlp,4868
ZNF177,8.228723e-08,dense_mlp,4869
PRSS27,8.225189e-08,dense_mlp,4870
SMCO3,8.222155e-08,dense_mlp,4871
TEX30,8.218761e-08,dense_mlp,4872
SVOP,8.21766e-08,dense_mlp,4873
HUNK,8.2174424e-08,dense_mlp,4874
LNX2,8.2155864e-08,dense_mlp,4875
SIK2,8.2129304e-08,dense_mlp,4876
TNFAIP8L2,8.21012e-08,dense_mlp,4877
LAYN,8.208975e-08,dense_mlp,4878
SFXN3,8.208048e-08,dense_mlp,4879
PAQR4,8.2079715e-08,dense_mlp,4880
PRDX5,8.206279e-08,dense_mlp,4881
N4BP2L1,8.2059024e-08,dense_mlp,4882
CAVIN4,8.205145e-08,dense_mlp,4883
FAM167A,8.2051436e-08,dense_mlp,4884
TRIQK,8.204086e-08,dense_mlp,4885
FUT11,8.2020264e-08,dense_mlp,4886
IQCK,8.201985e-08,dense_mlp,4887
C9orf116,8.201509e-08,dense_mlp,4888
BRD3OS,8.198228e-08,dense_mlp,4889
FAM228B,8.1973084e-08,dense_mlp,4890
EDF1,8.197305e-08,dense_mlp,4891
SERTAD2,8.1961105e-08,dense_mlp,4892
PEAR1,8.192131e-08,dense_mlp,4893
LRWD1,8.1897305e-08,dense_mlp,4894
IKZF5,8.187198e-08,dense_mlp,4895
DNAJC18,8.185253e-08,dense_mlp,4896
CSNK1G3,8.184207e-08,dense_mlp,4897
GAREM2,8.18118e-08,dense_mlp,4898
PARP3,8.1792784e-08,dense_mlp,4899
ZNF341,8.1788954e-08,dense_mlp,4900
PURA,8.17798e-08,dense_mlp,4901
CAMK2N2,8.177405e-08,dense_mlp,4902
C12orf57,8.174716e-08,dense_mlp,4903
PTPDC1,8.1732786e-08,dense_mlp,4904
LRRFIP2,8.173017e-08,dense_mlp,4905
RFTN2,8.1714035e-08,dense_mlp,4906
MLLT6,8.1684625e-08,dense_mlp,4907
DPCD,8.167872e-08,dense_mlp,4908
HIVEP2,8.165486e-08,dense_mlp,4909
TATDN3,8.163791e-08,dense_mlp,4910
CRYBG3,8.163027e-08,dense_mlp,4911
RASL11B,8.162363e-08,dense_mlp,4912
PLPBP,8.158067e-08,dense_mlp,4913
TSPAN17,8.157191e-08,dense_mlp,4914
ANXA4,8.153198e-08,dense_mlp,4915
SERPINE3,8.152446e-08,dense_mlp,4916
SPPL3,8.151982e-08,dense_mlp,4917
PHYHD1,8.14847e-08,dense_mlp,4918
LRRC29,8.1462105e-08,dense_mlp,4919
CACHD1,8.146189e-08,dense_mlp,4920
KIFC3,8.145641e-08,dense_mlp,4921
CFAP70,8.145018e-08,dense_mlp,4922
OLFM1,8.1428325e-08,dense_mlp,4923
TRO,8.142397e-08,dense_mlp,4924
HECA,8.141665e-08,dense_mlp,4925
STXBP6,8.1415585e-08,dense_mlp,4926
PLAC8L1,8.138883e-08,dense_mlp,4927
C11orf49,8.135054e-08,dense_mlp,4928
NTMT1,8.1317246e-08,dense_mlp,4929
TRPS1,8.130559e-08,dense_mlp,4930
SCRN1,8.128046e-08,dense_mlp,4931
TXNDC17,8.127581e-08,dense_mlp,4932
PGAP3,8.1275445e-08,dense_mlp,4933
LBX2,8.121609e-08,dense_mlp,4934
ZNF280D,8.120942e-08,dense_mlp,4935
GMCL1,8.120415e-08,dense_mlp,4936
CFAP61,8.1202224e-08,dense_mlp,4937
SALL2,8.119985e-08,dense_mlp,4938
NEBL,8.1183956e-08,dense_mlp,4939
TMEM147,8.114109e-08,dense_mlp,4940
TAFA2,8.1123815e-08,dense_mlp,4941
LIMD2,8.1080714e-08,dense_mlp,4942
PPP4R3B,8.105376e-08,dense_mlp,4943
JKAMP,8.104873e-08,dense_mlp,4944
MTG1,8.104225e-08,dense_mlp,4945
PTBP2,8.103636e-08,dense_mlp,4946
ZNF787,8.103037e-08,dense_mlp,4947
RSRP1,8.099956e-08,dense_mlp,4948
HARS,8.0994305e-08,dense_mlp,4949
TNKS1BP1,8.096889e-08,dense_mlp,4950
SERTAD1,8.095732e-08,dense_mlp,4951
ZNF502,8.09573e-08,dense_mlp,4952
IRX3,8.093773e-08,dense_mlp,4953
ZMAT4,8.09267e-08,dense_mlp,4954
PCDH18,8.0920195e-08,dense_mlp,4955
TCEANC2,8.091811e-08,dense_mlp,4956
INF2,8.0902396e-08,dense_mlp,4957
TMEM47,8.0902126e-08,dense_mlp,4958
CCDC107,8.0886764e-08,dense_mlp,4959
CSRNP2,8.0872e-08,dense_mlp,4960
ZNF518B,8.0858136e-08,dense_mlp,4961
SMIM4,8.08566e-08,dense_mlp,4962
MSMP,8.0854825e-08,dense_mlp,4963
SYAP1,8.084416e-08,dense_mlp,4964
FOPNL,8.083857e-08,dense_mlp,4965
ANTXR1,8.082613e-08,dense_mlp,4966
MIF4GD,8.079572e-08,dense_mlp,4967
IGDCC3,8.0789874e-08,dense_mlp,4968
HMGN3,8.074723e-08,dense_mlp,4969
CLHC1,8.074006e-08,dense_mlp,4970
ZBTB4,8.073166e-08,dense_mlp,4971
STK32A,8.073115e-08,dense_mlp,4972
PCNX2,8.0713185e-08,dense_mlp,4973
HYLS1,8.0710485e-08,dense_mlp,4974
DAP,8.068954e-08,dense_mlp,4975
TCF20,8.0685794e-08,dense_mlp,4976
SLC35C2,8.068073e-08,dense_mlp,4977
ZSWIM2,8.0661934e-08,dense_mlp,4978
SCARB1,8.063425e-08,dense_mlp,4979
TMEM229B,8.059812e-08,dense_mlp,4980
EPRS,8.057947e-08,dense_mlp,4981
RWDD4,8.057783e-08,dense_mlp,4982
NCBP3,8.0566046e-08,dense_mlp,4983
C8orf88,8.056108e-08,dense_mlp,4984
DHDH,8.054592e-08,dense_mlp,4985
SAPCD1,8.052558e-08,dense_mlp,4986
ENKD1,8.051973e-08,dense_mlp,4987
CNTLN,8.0517765e-08,dense_mlp,4988
KIAA0355,8.050941e-08,dense_mlp,4989
PDE4B,8.045469e-08,dense_mlp,4990
ZMYM1,8.0454384e-08,dense_mlp,4991
BX255925.3,8.0437104e-08,dense_mlp,4992
PLCXD1,8.043657e-08,dense_mlp,4993
MINDY1,8.0427476e-08,dense_mlp,4994
ARFGEF1,8.041073e-08,dense_mlp,4995
ZBED5,8.038646e-08,dense_mlp,4996
TMEM14B,8.0381476e-08,dense_mlp,4997
DHRS13,8.0377454e-08,dense_mlp,4998
DHRS1,8.0296445e-08,dense_mlp,4999
PPIF,8.02914e-08,dense_mlp,5000
SEC14L2,8.026384e-08,dense_mlp,5001
DOP1B,8.025732e-08,dense_mlp,5002
ELAC1,8.025615e-08,dense_mlp,5003
TP53I11,8.0252256e-08,dense_mlp,5004
MPP2,8.0244384e-08,dense_mlp,5005
YPEL3,8.024254e-08,dense_mlp,5006
C11orf95,8.0242515e-08,dense_mlp,5007
ABRACL,8.023543e-08,dense_mlp,5008
LRIT3,8.021514e-08,dense_mlp,5009
LYSMD1,8.021173e-08,dense_mlp,5010
C16orf58,8.0199754e-08,dense_mlp,5011
RNF167,8.018609e-08,dense_mlp,5012
ZMIZ2,8.0180605e-08,dense_mlp,5013
PDIA4,8.017534e-08,dense_mlp,5014
EIF1B,8.017532e-08,dense_mlp,5015
LRRC37B,8.012364e-08,dense_mlp,5016
GADD45G,8.01089e-08,dense_mlp,5017
ASPHD1,8.0048665e-08,dense_mlp,5018
FTCDNL1,8.004469e-08,dense_mlp,5019
TRIM67,8.00111e-08,dense_mlp,5020
NCKAP5,8.000819e-08,dense_mlp,5021
CISD1,7.999711e-08,dense_mlp,5022
ZGRF1,7.997785e-08,dense_mlp,5023
PMP2,7.996266e-08,dense_mlp,5024
SMTNL1,7.994764e-08,dense_mlp,5025
SLC30A9,7.991742e-08,dense_mlp,5026
ARRDC3,7.9875946e-08,dense_mlp,5027
MILR1,7.98623e-08,dense_mlp,5028
XPNPEP3,7.985606e-08,dense_mlp,5029
TMEM131,7.985363e-08,dense_mlp,5030
KLHDC1,7.985116e-08,dense_mlp,5031
TTC28,7.984924e-08,dense_mlp,5032
IMPAD1,7.983948e-08,dense_mlp,5033
CETN3,7.9820595e-08,dense_mlp,5034
ZBTB14,7.982003e-08,dense_mlp,5035
LYST,7.980222e-08,dense_mlp,5036
SVIL,7.978675e-08,dense_mlp,5037
SUSD3,7.974599e-08,dense_mlp,5038
PTGFRN,7.970155e-08,dense_mlp,5039
C11orf74,7.9696434e-08,dense_mlp,5040
TKTL2,7.968192e-08,dense_mlp,5041
CCNJ,7.9678955e-08,dense_mlp,5042
ZSWIM1,7.967326e-08,dense_mlp,5043
CMTM7,7.967092e-08,dense_mlp,5044
MCF2L2,7.966719e-08,dense_mlp,5045
FBXO28,7.9638234e-08,dense_mlp,5046
MICALL2,7.962534e-08,dense_mlp,5047
USP36,7.961685e-08,dense_mlp,5048
NT5C3A,7.9558845e-08,dense_mlp,5049
JPH2,7.954755e-08,dense_mlp,5050
TRIM23,7.9543575e-08,dense_mlp,5051
BTBD10,7.9513065e-08,dense_mlp,5052
EFHD1,7.950672e-08,dense_mlp,5053
EFS,7.9506144e-08,dense_mlp,5054
FAM83D,7.950471e-08,dense_mlp,5055
ZFYVE27,7.94806e-08,dense_mlp,5056
RBM12B,7.942281e-08,dense_mlp,5057
KCTD18,7.939177e-08,dense_mlp,5058
POU5F2,7.938669e-08,dense_mlp,5059
ZNF181,7.931151e-08,dense_mlp,5060
ERG28,7.927613e-08,dense_mlp,5061
PLAA,7.9274294e-08,dense_mlp,5062
JRKL,7.923708e-08,dense_mlp,5063
OOSP4A,7.923533e-08,dense_mlp,5064
SLC45A1,7.922997e-08,dense_mlp,5065
SOGA1,7.9227796e-08,dense_mlp,5066
GALK2,7.920845e-08,dense_mlp,5067
STK35,7.9190116e-08,dense_mlp,5068
SERTAD3,7.91841e-08,dense_mlp,5069
SLC25A24,7.918111e-08,dense_mlp,5070
FBXO46,7.917173e-08,dense_mlp,5071
SLC25A43,7.915657e-08,dense_mlp,5072
POGLUT2,7.914653e-08,dense_mlp,5073
PDZD2,7.914592e-08,dense_mlp,5074
MAL,7.9122294e-08,dense_mlp,5075
MMD2,7.910581e-08,dense_mlp,5076
TRERF1,7.909371e-08,dense_mlp,5077
TBC1D19,7.906247e-08,dense_mlp,5078
AKAP11,7.906098e-08,dense_mlp,5079
NDNF,7.9015386e-08,dense_mlp,5080
COIL,7.899278e-08,dense_mlp,5081
DDX51,7.899261e-08,dense_mlp,5082
TAPBPL,7.8975944e-08,dense_mlp,5083
IKZF4,7.8973464e-08,dense_mlp,5084
PCDHB11,7.895309e-08,dense_mlp,5085
EML5,7.894702e-08,dense_mlp,5086
ATXN7L3B,7.893996e-08,dense_mlp,5087
TMEM165,7.88652e-08,dense_mlp,5088
BTNL3,7.886336e-08,dense_mlp,5089
HMGN5,7.884215e-08,dense_mlp,5090
WDR63,7.883337e-08,dense_mlp,5091
TMEM114,7.881959e-08,dense_mlp,5092
HDX,7.8805854e-08,dense_mlp,5093
NUDCD1,7.879059e-08,dense_mlp,5094
LRRC25,7.8782186e-08,dense_mlp,5095
HEG1,7.877288e-08,dense_mlp,5096
GPATCH8,7.876371e-08,dense_mlp,5097
TMEM43,7.876287e-08,dense_mlp,5098
TDRP,7.8757736e-08,dense_mlp,5099
SHISA2,7.8757346e-08,dense_mlp,5100
ZFP41,7.87571e-08,dense_mlp,5101
RNF11,7.8754105e-08,dense_mlp,5102
FAM229A,7.873707e-08,dense_mlp,5103
CCDC130,7.873666e-08,dense_mlp,5104
BPTF,7.871806e-08,dense_mlp,5105
VEZF1,7.868018e-08,dense_mlp,5106
KIAA0513,7.867364e-08,dense_mlp,5107
YPEL2,7.866135e-08,dense_mlp,5108
AFF3,7.8631665e-08,dense_mlp,5109
USP40,7.8616e-08,dense_mlp,5110
PCDHB4,7.8602305e-08,dense_mlp,5111
TTC7A,7.8598234e-08,dense_mlp,5112
TSSC4,7.8576804e-08,dense_mlp,5113
OSER1,7.855057e-08,dense_mlp,5114
TUBD1,7.8527165e-08,dense_mlp,5115
ANKRD52,7.851305e-08,dense_mlp,5116
FLYWCH2,7.850142e-08,dense_mlp,5117
CMIP,7.849739e-08,dense_mlp,5118
NCOA5,7.8473505e-08,dense_mlp,5119
PPP1R21,7.846632e-08,dense_mlp,5120
TMEM164,7.84547e-08,dense_mlp,5121
MN1,7.8445446e-08,dense_mlp,5122
CHRAC1,7.842903e-08,dense_mlp,5123
P4HTM,7.8423405e-08,dense_mlp,5124
SPATA22,7.841431e-08,dense_mlp,5125
SARAF,7.839605e-08,dense_mlp,5126
TSGA10,7.8392794e-08,dense_mlp,5127
ZBTB9,7.836906e-08,dense_mlp,5128
MEGF11,7.833603e-08,dense_mlp,5129
PABPC5,7.831883e-08,dense_mlp,5130
ZNF646,7.8309725e-08,dense_mlp,5131
SLC10A4,7.8305106e-08,dense_mlp,5132
ZSCAN30,7.830127e-08,dense_mlp,5133
KLRC3,7.830037e-08,dense_mlp,5134
GPR1,7.829598e-08,dense_mlp,5135
PRPF39,7.829008e-08,dense_mlp,5136
TMEM242,7.827857e-08,dense_mlp,5137
DUSP22,7.8261515e-08,dense_mlp,5138
FAM126B,7.826071e-08,dense_mlp,5139
STK33,7.824773e-08,dense_mlp,5140
HIST1H1D,7.8236056e-08,dense_mlp,5141
SCYL3,7.823288e-08,dense_mlp,5142
NXF3,7.823127e-08,dense_mlp,5143
LARP4B,7.8230926e-08,dense_mlp,5144
TEX29,7.823034e-08,dense_mlp,5145
TANGO2,7.819885e-08,dense_mlp,5146
UBFD1,7.819456e-08,dense_mlp,5147
SLC25A23,7.8176235e-08,dense_mlp,5148
NUDT1,7.8155864e-08,dense_mlp,5149
UBXN2B,7.813814e-08,dense_mlp,5150
DUSP26,7.813533e-08,dense_mlp,5151
RNF145,7.8130974e-08,dense_mlp,5152
RTL10,7.8128046e-08,dense_mlp,5153
RNPEP,7.811113e-08,dense_mlp,5154
AKAP7,7.810416e-08,dense_mlp,5155
HOOK3,7.809884e-08,dense_mlp,5156
STAP1,7.809759e-08,dense_mlp,5157
NUCKS1,7.809672e-08,dense_mlp,5158
FAT1,7.8087254e-08,dense_mlp,5159
STAU2,7.807408e-08,dense_mlp,5160
FBXO36,7.807226e-08,dense_mlp,5161
MYEF2,7.806467e-08,dense_mlp,5162
OLIG2,7.805156e-08,dense_mlp,5163
ZNF451,7.804971e-08,dense_mlp,5164
ZNF277,7.803132e-08,dense_mlp,5165
RABEP2,7.802443e-08,dense_mlp,5166
HNRNPH3,7.802212e-08,dense_mlp,5167
TMTC2,7.8021586e-08,dense_mlp,5168
GPT2,7.800817e-08,dense_mlp,5169
PDCD10,7.800451e-08,dense_mlp,5170
ZNF574,7.79794e-08,dense_mlp,5171
SAXO2,7.796858e-08,dense_mlp,5172
PLEKHF2,7.794674e-08,dense_mlp,5173
DUSP14,7.792184e-08,dense_mlp,5174
TMEM253,7.7921094e-08,dense_mlp,5175
ZBTB44,7.791818e-08,dense_mlp,5176
ZSCAN22,7.790976e-08,dense_mlp,5177
DIPK1C,7.786084e-08,dense_mlp,5178
TMEM39B,7.785773e-08,dense_mlp,5179
CCDC178,7.7840355e-08,dense_mlp,5180
MAPK1IP1L,7.7812985e-08,dense_mlp,5181
GHRL,7.781131e-08,dense_mlp,5182
KLHL17,7.780706e-08,dense_mlp,5183
ABHD18,7.780502e-08,dense_mlp,5184
PRR7,7.7743536e-08,dense_mlp,5185
RILPL1,7.773946e-08,dense_mlp,5186
SLC30A7,7.772835e-08,dense_mlp,5187
ZNF576,7.770222e-08,dense_mlp,5188
TBC1D30,7.766624e-08,dense_mlp,5189
CCSER2,7.761261e-08,dense_mlp,5190
ZBTB3,7.75631e-08,dense_mlp,5191
FKBP3,7.756229e-08,dense_mlp,5192
TMEM44,7.755767e-08,dense_mlp,5193
DNALI1,7.75461e-08,dense_mlp,5194
TBCE-1,7.754584e-08,dense_mlp,5195
HSF2,7.753251e-08,dense_mlp,5196
EFCAB1,7.7517846e-08,dense_mlp,5197
COPS9,7.7484195e-08,dense_mlp,5198
OCIAD1,7.746983e-08,dense_mlp,5199
TMEM267,7.744729e-08,dense_mlp,5200
SRBD1,7.742952e-08,dense_mlp,5201
BRWD3,7.741582e-08,dense_mlp,5202
CCDC198,7.739897e-08,dense_mlp,5203
DDX54,7.7389394e-08,dense_mlp,5204
CRAMP1,7.73679e-08,dense_mlp,5205
ZBTB10,7.735213e-08,dense_mlp,5206
SPATA7,7.734918e-08,dense_mlp,5207
DHX29,7.732414e-08,dense_mlp,5208
FAM47B,7.730298e-08,dense_mlp,5209
SURF2,7.7286956e-08,dense_mlp,5210
C5orf30,7.728276e-08,dense_mlp,5211
C11orf80,7.727962e-08,dense_mlp,5212
ETV5,7.72777e-08,dense_mlp,5213
YTHDF1,7.727489e-08,dense_mlp,5214
KITLG,7.726475e-08,dense_mlp,5215
C16orf74,7.723337e-08,dense_mlp,5216
PPDPF,7.72123e-08,dense_mlp,5217
AP1AR,7.718993e-08,dense_mlp,5218
ZBTB11,7.710976e-08,dense_mlp,5219
HMGN1,7.710266e-08,dense_mlp,5220
EAPP,7.707525e-08,dense_mlp,5221
AP5M1,7.707355e-08,dense_mlp,5222
ZDBF2,7.706439e-08,dense_mlp,5223
GPR137C,7.7058885e-08,dense_mlp,5224
ADGRL2,7.704412e-08,dense_mlp,5225
BAZ2B,7.700069e-08,dense_mlp,5226
SKIV2L,7.698658e-08,dense_mlp,5227
KIAA2013,7.69788e-08,dense_mlp,5228
ANKRD11,7.691893e-08,dense_mlp,5229
PCID2,7.691093e-08,dense_mlp,5230
CD82,7.690061e-08,dense_mlp,5231
JPT1,7.6899816e-08,dense_mlp,5232
CLGN,7.688672e-08,dense_mlp,5233
PTCD2,7.6879644e-08,dense_mlp,5234
STIM2,7.6860026e-08,dense_mlp,5235
C11orf68,7.6859465e-08,dense_mlp,5236
C4orf50,7.6835924e-08,dense_mlp,5237
ZNF629,7.682381e-08,dense_mlp,5238
PGBD2,7.6802635e-08,dense_mlp,5239
C6orf89,7.679508e-08,dense_mlp,5240
FHL1,7.678967e-08,dense_mlp,5241
RTCA,7.6785575e-08,dense_mlp,5242
PTPRN,7.678143e-08,dense_mlp,5243
DPP8,7.67747e-08,dense_mlp,5244
LRRC59,7.676553e-08,dense_mlp,5245
ZPR1,7.676501e-08,dense_mlp,5246
ZBED3,7.673785e-08,dense_mlp,5247
CEP55,7.670338e-08,dense_mlp,5248
PRXL2C,7.669596e-08,dense_mlp,5249
SNAP47,7.6614576e-08,dense_mlp,5250
MINDY2,7.660793e-08,dense_mlp,5251
ZSCAN26,7.660102e-08,dense_mlp,5252
KLF10,7.659038e-08,dense_mlp,5253
PCDHA2,7.657572e-08,dense_mlp,5254
SFSWAP,7.6560205e-08,dense_mlp,5255
CIZ1,7.655953e-08,dense_mlp,5256
PHPT1,7.655013e-08,dense_mlp,5257
RBM18,7.6540864e-08,dense_mlp,5258
TNNI3K,7.653397e-08,dense_mlp,5259
MLXIP,7.649449e-08,dense_mlp,5260
TMEM87B,7.645045e-08,dense_mlp,5261
TUFT1,7.644593e-08,dense_mlp,5262
MCC,7.643184e-08,dense_mlp,5263
KAZALD1,7.63995e-08,dense_mlp,5264
WSCD1,7.639583e-08,dense_mlp,5265
C19orf12,7.638279e-08,dense_mlp,5266
TMEM81,7.635364e-08,dense_mlp,5267
DEAF1,7.634047e-08,dense_mlp,5268
CKAP2L,7.632946e-08,dense_mlp,5269
ANKRD13B,7.632118e-08,dense_mlp,5270
REPIN1,7.63022e-08,dense_mlp,5271
GAS8,7.629637e-08,dense_mlp,5272
ZSCAN9,7.628347e-08,dense_mlp,5273
PDIK1L,7.626437e-08,dense_mlp,5274
TMEM200C,7.624591e-08,dense_mlp,5275
ZNF316,7.624446e-08,dense_mlp,5276
ZNF142,7.6241655e-08,dense_mlp,5277
SPINK13,7.6220225e-08,dense_mlp,5278
TFPI,7.6191675e-08,dense_mlp,5279
C12orf29,7.6174544e-08,dense_mlp,5280
TRUB1,7.616991e-08,dense_mlp,5281
LCORL,7.615367e-08,dense_mlp,5282
ATXN2,7.614563e-08,dense_mlp,5283
C20orf27,7.614012e-08,dense_mlp,5284
BEX4,7.613996e-08,dense_mlp,5285
CAMK2N1,7.6139344e-08,dense_mlp,5286
C7orf25,7.60686e-08,dense_mlp,5287
SENP6,7.606347e-08,dense_mlp,5288
RNF38,7.606215e-08,dense_mlp,5289
NTAN1,7.6052096e-08,dense_mlp,5290
TOP1MT,7.602115e-08,dense_mlp,5291
CACUL1,7.5998486e-08,dense_mlp,5292
SLC38A6,7.599644e-08,dense_mlp,5293
PRRT2,7.597447e-08,dense_mlp,5294
CCDC92,7.5957445e-08,dense_mlp,5295
SEPTIN11,7.594968e-08,dense_mlp,5296
ZSCAN12,7.593417e-08,dense_mlp,5297
CADPS,7.592715e-08,dense_mlp,5298
PPP1R15B,7.584003e-08,dense_mlp,5299
RMDN2,7.583075e-08,dense_mlp,5300
NSG2,7.578391e-08,dense_mlp,5301
MKRN2,7.575353e-08,dense_mlp,5302
GATB,7.573912e-08,dense_mlp,5303
EMC9,7.5728686e-08,dense_mlp,5304
MARCH2,7.571196e-08,dense_mlp,5305
ETV3L,7.5697365e-08,dense_mlp,5306
BTF3L4,7.568669e-08,dense_mlp,5307
SMTN,7.567699e-08,dense_mlp,5308
SHLD3,7.567266e-08,dense_mlp,5309
RNF170,7.567265e-08,dense_mlp,5310
SPATA5L1,7.566252e-08,dense_mlp,5311
FBRS,7.5654654e-08,dense_mlp,5312
NAP1L3,7.5613066e-08,dense_mlp,5313
SS18L2,7.5606174e-08,dense_mlp,5314
ITPRIPL2,7.559746e-08,dense_mlp,5315
EXO5,7.5589355e-08,dense_mlp,5316
SWI5,7.5583856e-08,dense_mlp,5317
GATC,7.556964e-08,dense_mlp,5318
ANGPTL2,7.5560685e-08,dense_mlp,5319
PDCL3,7.5540484e-08,dense_mlp,5320
FAM124A,7.5514606e-08,dense_mlp,5321
TTC39C,7.550566e-08,dense_mlp,5322
NOP16,7.549385e-08,dense_mlp,5323
KLHL14,7.549108e-08,dense_mlp,5324
SMARCAD1,7.5487144e-08,dense_mlp,5325
RALGPS1,7.547588e-08,dense_mlp,5326
PBX2,7.54716e-08,dense_mlp,5327
ZCCHC14,7.547025e-08,dense_mlp,5328
ITLN2,7.5451766e-08,dense_mlp,5329
KIAA1549L,7.543947e-08,dense_mlp,5330
HAMP,7.543166e-08,dense_mlp,5331
TMEM70,7.5426925e-08,dense_mlp,5332
IPO13,7.54174e-08,dense_mlp,5333
SPRYD3,7.5381415e-08,dense_mlp,5334
TPBGL,7.536762e-08,dense_mlp,5335
C12orf66,7.535509e-08,dense_mlp,5336
PCDH9,7.5354194e-08,dense_mlp,5337
NDUFA4,7.534188e-08,dense_mlp,5338
DCAF15,7.5329545e-08,dense_mlp,5339
MEX3B,7.5329005e-08,dense_mlp,5340
ARL6IP6,7.532274e-08,dense_mlp,5341
ERI2,7.5322134e-08,dense_mlp,5342
DNAJB14,7.531182e-08,dense_mlp,5343
SMIM19,7.5305856e-08,dense_mlp,5344
CEP170B,7.530379e-08,dense_mlp,5345
PCDHGB6,7.5280056e-08,dense_mlp,5346
NAV2,7.5267735e-08,dense_mlp,5347
NXPH1,7.5240145e-08,dense_mlp,5348
RNF24,7.523981e-08,dense_mlp,5349
GDAP2,7.523668e-08,dense_mlp,5350
FAM160B1,7.5222594e-08,dense_mlp,5351
MCM9,7.5205605e-08,dense_mlp,5352
STKLD1,7.5191785e-08,dense_mlp,5353
NEK3,7.515242e-08,dense_mlp,5354
C11orf96,7.5142644e-08,dense_mlp,5355
AAMDC,7.5134544e-08,dense_mlp,5356
SLC25A35,7.5109845e-08,dense_mlp,5357
MPPE1,7.510715e-08,dense_mlp,5358
ANP32B,7.507716e-08,dense_mlp,5359
VIPAS39,7.504659e-08,dense_mlp,5360
YIPF5,7.5012444e-08,dense_mlp,5361
CDR2,7.498089e-08,dense_mlp,5362
FAM210B,7.4972085e-08,dense_mlp,5363
SPATA17,7.496956e-08,dense_mlp,5364
FEZ1,7.495786e-08,dense_mlp,5365
MAST4,7.495026e-08,dense_mlp,5366
L3HYPDH,7.494397e-08,dense_mlp,5367
SEMA3B,7.491836e-08,dense_mlp,5368
LRRC73,7.490689e-08,dense_mlp,5369
GPR158,7.4904634e-08,dense_mlp,5370
POU6F1,7.489958e-08,dense_mlp,5371
LANCL1,7.4844245e-08,dense_mlp,5372
TMBIM6,7.482483e-08,dense_mlp,5373
GMEB2,7.4821514e-08,dense_mlp,5374
ZNF880,7.481962e-08,dense_mlp,5375
FAM131A,7.481563e-08,dense_mlp,5376
THUMPD3,7.481055e-08,dense_mlp,5377
LENG8,7.479568e-08,dense_mlp,5378
TMA16,7.478258e-08,dense_mlp,5379
PKNOX2,7.476e-08,dense_mlp,5380
DEC1,7.475276e-08,dense_mlp,5381
FBXO42,7.4750176e-08,dense_mlp,5382
SLC41A3,7.4733954e-08,dense_mlp,5383
ZNF134,7.472505e-08,dense_mlp,5384
CCDC51,7.471688e-08,dense_mlp,5385
AMN1,7.470366e-08,dense_mlp,5386
SPATS2,7.470105e-08,dense_mlp,5387
C17orf113,7.466105e-08,dense_mlp,5388
ANXA7,7.4655276e-08,dense_mlp,5389
TOM1L2,7.4648305e-08,dense_mlp,5390
GPR137,7.464671e-08,dense_mlp,5391
ARIH2OS,7.46174e-08,dense_mlp,5392
MIEN1,7.461615e-08,dense_mlp,5393
HHATL,7.461193e-08,dense_mlp,5394
ITM2C,7.458114e-08,dense_mlp,5395
FAM76B,7.457459e-08,dense_mlp,5396
MAP3K10,7.455945e-08,dense_mlp,5397
LMNB2,7.455383e-08,dense_mlp,5398
SCMH1,7.4551586e-08,dense_mlp,5399
QARS,7.454531e-08,dense_mlp,5400
TMEM145,7.453885e-08,dense_mlp,5401
EIF2D,7.452394e-08,dense_mlp,5402
IRX5,7.452163e-08,dense_mlp,5403
SEZ6L2,7.449063e-08,dense_mlp,5404
SH3BGRL,7.446243e-08,dense_mlp,5405
TMEM106B,7.445559e-08,dense_mlp,5406
TMEM106A,7.4451435e-08,dense_mlp,5407
TPPP2,7.444057e-08,dense_mlp,5408
SPICE1,7.4438724e-08,dense_mlp,5409
ZNF878,7.443351e-08,dense_mlp,5410
IER3IP1,7.442658e-08,dense_mlp,5411
AAR2,7.4396546e-08,dense_mlp,5412
SYNPO,7.4393355e-08,dense_mlp,5413
SLC66A3,7.4367236e-08,dense_mlp,5414
APOL6,7.4359725e-08,dense_mlp,5415
FBXO45,7.433758e-08,dense_mlp,5416
E4F1,7.4330295e-08,dense_mlp,5417
ZC3H7B,7.432876e-08,dense_mlp,5418
SORBS2,7.431881e-08,dense_mlp,5419
ZYX,7.431824e-08,dense_mlp,5420
MORN4,7.430978e-08,dense_mlp,5421
MROH7,7.4307664e-08,dense_mlp,5422
PLEKHB2,7.430736e-08,dense_mlp,5423
WDR66,7.430601e-08,dense_mlp,5424
SSBP2,7.426994e-08,dense_mlp,5425
EGFL8,7.426895e-08,dense_mlp,5426
PPTC7,7.42575e-08,dense_mlp,5427
MTERF2,7.4236894e-08,dense_mlp,5428
TMED8,7.4201665e-08,dense_mlp,5429
STX12,7.4142164e-08,dense_mlp,5430
ZDHHC4,7.4135905e-08,dense_mlp,5431
SNX4,7.4108726e-08,dense_mlp,5432
OGFOD3,7.409883e-08,dense_mlp,5433
ZNF318,7.4096356e-08,dense_mlp,5434
ZSCAN16,7.408647e-08,dense_mlp,5435
ADGRF1,7.406394e-08,dense_mlp,5436
ERMP1,7.4061546e-08,dense_mlp,5437
EMC1,7.405815e-08,dense_mlp,5438
LYAR,7.403957e-08,dense_mlp,5439
TMED1,7.403831e-08,dense_mlp,5440
CCNQ,7.40359e-08,dense_mlp,5441
CHMP1B,7.402695e-08,dense_mlp,5442
HSF2BP,7.40261e-08,dense_mlp,5443
BAALC,7.4025934e-08,dense_mlp,5444
LUC7L2,7.402293e-08,dense_mlp,5445
CAMSAP1,7.4012625e-08,dense_mlp,5446
CLK4,7.400415e-08,dense_mlp,5447
GTF2IRD1,7.400027e-08,dense_mlp,5448
AUNIP,7.3982946e-08,dense_mlp,5449
CFAP36,7.39703e-08,dense_mlp,5450
FAM102B,7.394635e-08,dense_mlp,5451
H2AFZ,7.392861e-08,dense_mlp,5452
GAS2L3,7.392716e-08,dense_mlp,5453
GSE1,7.391576e-08,dense_mlp,5454
ADGRA3,7.391349e-08,dense_mlp,5455
ZNF462,7.389234e-08,dense_mlp,5456
LRRC45,7.389031e-08,dense_mlp,5457
CENPJ,7.388276e-08,dense_mlp,5458
FKBP11,7.3866936e-08,dense_mlp,5459
THAP6,7.3839345e-08,dense_mlp,5460
FAM210A,7.383906e-08,dense_mlp,5461
POGLUT3,7.381804e-08,dense_mlp,5462
C2orf72,7.381539e-08,dense_mlp,5463
AC118549.1,7.380806e-08,dense_mlp,5464
RTKN2,7.380732e-08,dense_mlp,5465
KIAA0895L,7.3797764e-08,dense_mlp,5466
TEX49,7.3793096e-08,dense_mlp,5467
PCDHGA6,7.378929e-08,dense_mlp,5468
MAGEE1,7.3754805e-08,dense_mlp,5469
TMEM109,7.374199e-08,dense_mlp,5470
BCORL1,7.373078e-08,dense_mlp,5471
PRRC2A,7.37292e-08,dense_mlp,5472
CLIP4,7.372256e-08,dense_mlp,5473
HEXD,7.369994e-08,dense_mlp,5474
SEPTIN8,7.369197e-08,dense_mlp,5475
RAVER2,7.368863e-08,dense_mlp,5476
TMEM69,7.368669e-08,dense_mlp,5477
EFCAB14,7.368592e-08,dense_mlp,5478
DAZAP1,7.366506e-08,dense_mlp,5479
PLBD2,7.366183e-08,dense_mlp,5480
LINC00672,7.365566e-08,dense_mlp,5481
UFM1,7.3654235e-08,dense_mlp,5482
BOLA3,7.362176e-08,dense_mlp,5483
CCDC88B,7.360369e-08,dense_mlp,5484
SLC10A7,7.359986e-08,dense_mlp,5485
ATPAF1,7.3585454e-08,dense_mlp,5486
MFSD6,7.355631e-08,dense_mlp,5487
DMTF1,7.3554666e-08,dense_mlp,5488
SMIM8,7.352194e-08,dense_mlp,5489
FBXO3,7.3516574e-08,dense_mlp,5490
APBB2,7.3511174e-08,dense_mlp,5491
DESI2,7.350982e-08,dense_mlp,5492
DYM,7.3494775e-08,dense_mlp,5493
RNH1,7.3494434e-08,dense_mlp,5494
CNST,7.346843e-08,dense_mlp,5495
WDR61,7.346697e-08,dense_mlp,5496
ZCWPW1,7.346649e-08,dense_mlp,5497
BMP2K,7.3463994e-08,dense_mlp,5498
MAP3K12,7.345625e-08,dense_mlp,5499
RNFT2,7.343984e-08,dense_mlp,5500
VAT1L,7.3434634e-08,dense_mlp,5501
TENM4,7.341455e-08,dense_mlp,5502
LRGUK,7.3405694e-08,dense_mlp,5503
CCDC186,7.33953e-08,dense_mlp,5504
NT5DC2,7.338642e-08,dense_mlp,5505
CIART,7.333902e-08,dense_mlp,5506
PBOV1,7.333014e-08,dense_mlp,5507
CCDC13,7.3319754e-08,dense_mlp,5508
PGPEP1,7.330915e-08,dense_mlp,5509
ARMT1,7.330551e-08,dense_mlp,5510
C1orf94,7.329033e-08,dense_mlp,5511
TMEM132B,7.328661e-08,dense_mlp,5512
TBC1D12,7.328633e-08,dense_mlp,5513
TMEM217,7.327611e-08,dense_mlp,5514
LRATD2,7.327502e-08,dense_mlp,5515
PROM2,7.327197e-08,dense_mlp,5516
PRRT4,7.326945e-08,dense_mlp,5517
TMEM179,7.3263564e-08,dense_mlp,5518
FAIM,7.325461e-08,dense_mlp,5519
PHYHIPL,7.325043e-08,dense_mlp,5520
TCEA2,7.324735e-08,dense_mlp,5521
TMEM100,7.324614e-08,dense_mlp,5522
NGDN,7.321913e-08,dense_mlp,5523
UBAC2,7.32152e-08,dense_mlp,5524
PROX1,7.3203495e-08,dense_mlp,5525
BEND7,7.319901e-08,dense_mlp,5526
LRRC42,7.317806e-08,dense_mlp,5527
TMSB15A,7.3177205e-08,dense_mlp,5528
MAPK8IP3,7.3148755e-08,dense_mlp,5529
ZDHHC6,7.3145905e-08,dense_mlp,5530
BOLA1,7.31459e-08,dense_mlp,5531
FAM49A,7.313659e-08,dense_mlp,5532
ZNF48,7.3122024e-08,dense_mlp,5533
EIF1,7.3120795e-08,dense_mlp,5534
GLIS3,7.3119864e-08,dense_mlp,5535
CORO7,7.3116105e-08,dense_mlp,5536
GLI4,7.31142e-08,dense_mlp,5537
CCDC112,7.311191e-08,dense_mlp,5538
ADCK2,7.310611e-08,dense_mlp,5539
NOM1,7.310407e-08,dense_mlp,5540
NAT8L,7.309067e-08,dense_mlp,5541
WDR74,7.308711e-08,dense_mlp,5542
LY6G5B,7.306808e-08,dense_mlp,5543
GSX1,7.305596e-08,dense_mlp,5544
CEP44,7.3050195e-08,dense_mlp,5545
SCIMP,7.304242e-08,dense_mlp,5546
SDCBP2,7.304173e-08,dense_mlp,5547
DZIP1L,7.3034116e-08,dense_mlp,5548
ECHDC1,7.302351e-08,dense_mlp,5549
IER5L,7.3006134e-08,dense_mlp,5550
RABL6,7.300231e-08,dense_mlp,5551
DMXL1,7.300069e-08,dense_mlp,5552
MAPK8IP2,7.294337e-08,dense_mlp,5553
MLLT10,7.294141e-08,dense_mlp,5554
CPEB2,7.292605e-08,dense_mlp,5555
CDIP1,7.290443e-08,dense_mlp,5556
ZFAND2B,7.289763e-08,dense_mlp,5557
GNPTG,7.289497e-08,dense_mlp,5558
TCEAL8,7.288669e-08,dense_mlp,5559
CALCOCO1,7.2801186e-08,dense_mlp,5560
PRR3,7.278875e-08,dense_mlp,5561
HIST1H2AE,7.277297e-08,dense_mlp,5562
NUDCD3,7.276435e-08,dense_mlp,5563
PDCD2L,7.27593e-08,dense_mlp,5564
CMTR1,7.275641e-08,dense_mlp,5565
TNPO3,7.2746715e-08,dense_mlp,5566
PABPC1L,7.272361e-08,dense_mlp,5567
SMIM3,7.2715956e-08,dense_mlp,5568
KLHDC8A,7.27032e-08,dense_mlp,5569
ZCCHC9,7.2656256e-08,dense_mlp,5570
USP31,7.265154e-08,dense_mlp,5571
STX7,7.264153e-08,dense_mlp,5572
ITPRIPL1,7.263005e-08,dense_mlp,5573
ASF1B,7.2627515e-08,dense_mlp,5574
FAM49B,7.2627444e-08,dense_mlp,5575
TMEM178A,7.261738e-08,dense_mlp,5576
LTO1,7.2612266e-08,dense_mlp,5577
FNBP4,7.260812e-08,dense_mlp,5578
GPN3,7.2597494e-08,dense_mlp,5579
LRRC27,7.258977e-08,dense_mlp,5580
AP3M2,7.256973e-08,dense_mlp,5581
ST7,7.256021e-08,dense_mlp,5582
DDX19B,7.254484e-08,dense_mlp,5583
KBTBD4,7.254048e-08,dense_mlp,5584
ZFAND2A,7.250095e-08,dense_mlp,5585
ADGRB2,7.248899e-08,dense_mlp,5586
VPS13D,7.2472304e-08,dense_mlp,5587
PLEKHH1,7.2471245e-08,dense_mlp,5588
SYT6,7.2468296e-08,dense_mlp,5589
PDZD8,7.245552e-08,dense_mlp,5590
ZNF850,7.241955e-08,dense_mlp,5591
TMEM131L,7.241758e-08,dense_mlp,5592
STRBP,7.241128e-08,dense_mlp,5593
TMEM54,7.240804e-08,dense_mlp,5594
ATRAID,7.2404504e-08,dense_mlp,5595
ZYG11B,7.239621e-08,dense_mlp,5596
PUSL1,7.2360145e-08,dense_mlp,5597
ZMPSTE24,7.236002e-08,dense_mlp,5598
UBP1,7.234693e-08,dense_mlp,5599
TENT5A,7.234006e-08,dense_mlp,5600
KIAA1671,7.2335986e-08,dense_mlp,5601
DDX56,7.232483e-08,dense_mlp,5602
RBM6,7.2319395e-08,dense_mlp,5603
WWC3,7.230545e-08,dense_mlp,5604
LIN28B,7.229075e-08,dense_mlp,5605
PRELID2,7.228875e-08,dense_mlp,5606
NBPF1,7.228346e-08,dense_mlp,5607
AC073111.4,7.226729e-08,dense_mlp,5608
CCDC126,7.225867e-08,dense_mlp,5609
LETMD1,7.225334e-08,dense_mlp,5610
H2AFY,7.2244944e-08,dense_mlp,5611
FCGRT,7.224289e-08,dense_mlp,5612
MARC1,7.222013e-08,dense_mlp,5613
CTBS,7.221485e-08,dense_mlp,5614
GPATCH4,7.2214156e-08,dense_mlp,5615
STMN3,7.217671e-08,dense_mlp,5616
PBX3,7.216618e-08,dense_mlp,5617
SLC25A25,7.214792e-08,dense_mlp,5618
PODXL,7.212876e-08,dense_mlp,5619
CLIP2,7.211808e-08,dense_mlp,5620
STK36,7.211223e-08,dense_mlp,5621
TMEM25,7.210846e-08,dense_mlp,5622
LUZP1,7.208968e-08,dense_mlp,5623
URI1,7.205391e-08,dense_mlp,5624
BTAF1,7.2052615e-08,dense_mlp,5625
CLPB,7.203543e-08,dense_mlp,5626
IRGQ,7.197456e-08,dense_mlp,5627
ZBTB20,7.196972e-08,dense_mlp,5628
RNF121,7.195025e-08,dense_mlp,5629
FAM160A2,7.191949e-08,dense_mlp,5630
GSKIP,7.191807e-08,dense_mlp,5631
CECR2,7.191007e-08,dense_mlp,5632
FAM174C,7.190828e-08,dense_mlp,5633
SLC66A2,7.189389e-08,dense_mlp,5634
SIPA1L2,7.1879725e-08,dense_mlp,5635
CCDC85B,7.186216e-08,dense_mlp,5636
CPEB4,7.1842486e-08,dense_mlp,5637
CENPB,7.184022e-08,dense_mlp,5638
MOB3A,7.183433e-08,dense_mlp,5639
THAP8,7.182077e-08,dense_mlp,5640
KLF7,7.181792e-08,dense_mlp,5641
PHACTR3,7.181087e-08,dense_mlp,5642
DHX30,7.180854e-08,dense_mlp,5643
ANKRA2,7.178482e-08,dense_mlp,5644
CYP4Z1,7.177591e-08,dense_mlp,5645
INAVA,7.177435e-08,dense_mlp,5646
HIRIP3,7.1762045e-08,dense_mlp,5647
ZBTB7A,7.174101e-08,dense_mlp,5648
NAF1,7.17382e-08,dense_mlp,5649
BICDL1,7.173763e-08,dense_mlp,5650
PCDHAC1,7.1737e-08,dense_mlp,5651
WDR27,7.17328e-08,dense_mlp,5652
NOP9,7.172291e-08,dense_mlp,5653
TMEM106C,7.1681825e-08,dense_mlp,5654
C6orf226,7.168072e-08,dense_mlp,5655
KLHDC4,7.166594e-08,dense_mlp,5656
TCTA,7.16625e-08,dense_mlp,5657
NLRP7,7.166121e-08,dense_mlp,5658
CNPPD1,7.162119e-08,dense_mlp,5659
CPXM1,7.160196e-08,dense_mlp,5660
HINT3,7.158599e-08,dense_mlp,5661
LRPAP1,7.158352e-08,dense_mlp,5662
MYO1E,7.156352e-08,dense_mlp,5663
TIGD3,7.155628e-08,dense_mlp,5664
MAST2,7.155269e-08,dense_mlp,5665
DNAL1,7.153485e-08,dense_mlp,5666
CFAP100,7.1516624e-08,dense_mlp,5667
NIF3L1,7.1490014e-08,dense_mlp,5668
MKI67,7.148342e-08,dense_mlp,5669
TMEM9B,7.146757e-08,dense_mlp,5670
PPAN,7.144175e-08,dense_mlp,5671
SARM1,7.143653e-08,dense_mlp,5672
CFDP1,7.143204e-08,dense_mlp,5673
GVQW3,7.142234e-08,dense_mlp,5674
C9orf40,7.1408515e-08,dense_mlp,5675
GPM6B,7.137809e-08,dense_mlp,5676
ULK2,7.137144e-08,dense_mlp,5677
SKA3,7.136272e-08,dense_mlp,5678
PM20D2,7.134766e-08,dense_mlp,5679
SNX19,7.1333176e-08,dense_mlp,5680
ASTE1,7.132369e-08,dense_mlp,5681
CSRP2,7.131474e-08,dense_mlp,5682
PROSER1,7.130371e-08,dense_mlp,5683
TRPT1,7.129055e-08,dense_mlp,5684
NT5DC3,7.127935e-08,dense_mlp,5685
ARMC1,7.127623e-08,dense_mlp,5686
RAPGEFL1,7.124977e-08,dense_mlp,5687
PCDH1,7.1227944e-08,dense_mlp,5688
CCDC157,7.119504e-08,dense_mlp,5689
FSD1L,7.1192176e-08,dense_mlp,5690
FAM117B,7.118583e-08,dense_mlp,5691
PITPNC1,7.1140285e-08,dense_mlp,5692
SLC16A9,7.1127914e-08,dense_mlp,5693
ZXDA,7.11194e-08,dense_mlp,5694
ZNF580,7.1117924e-08,dense_mlp,5695
DCLK1,7.109201e-08,dense_mlp,5696
SMARCAL1,7.1081175e-08,dense_mlp,5697
ZBTB6,7.108047e-08,dense_mlp,5698
FOXN3,7.107115e-08,dense_mlp,5699
ZNF16,7.1054714e-08,dense_mlp,5700
MOSPD3,7.104844e-08,dense_mlp,5701
FAM193A,7.104293e-08,dense_mlp,5702
EMC2,7.104082e-08,dense_mlp,5703
APLP1,7.1011534e-08,dense_mlp,5704
TCEAL5,7.099192e-08,dense_mlp,5705
TMEM108,7.0969676e-08,dense_mlp,5706
SLC49A4,7.0958265e-08,dense_mlp,5707
RAB28,7.095679e-08,dense_mlp,5708
UFSP2,7.09532e-08,dense_mlp,5709
ZMAT3,7.0951636e-08,dense_mlp,5710
HP1BP3,7.088975e-08,dense_mlp,5711
METTL2A,7.0880496e-08,dense_mlp,5712
RABL3,7.086714e-08,dense_mlp,5713
YIPF4,7.082361e-08,dense_mlp,5714
MRTFB,7.0799615e-08,dense_mlp,5715
RPAIN,7.078924e-08,dense_mlp,5716
OSCP1,7.078387e-08,dense_mlp,5717
TMEM237,7.0767875e-08,dense_mlp,5718
ASTN1,7.0767435e-08,dense_mlp,5719
METAP1D,7.073183e-08,dense_mlp,5720
TAPT1,7.070751e-08,dense_mlp,5721
LLGL1,7.0689616e-08,dense_mlp,5722
TMEM33,7.0664306e-08,dense_mlp,5723
KCTD2,7.065646e-08,dense_mlp,5724
TMEM168,7.065389e-08,dense_mlp,5725
IPO9,7.064382e-08,dense_mlp,5726
KIAA1191,7.062263e-08,dense_mlp,5727
SIK3,7.061234e-08,dense_mlp,5728
SMIM27,7.060755e-08,dense_mlp,5729
SH3GLB2,7.060158e-08,dense_mlp,5730
ATP6AP1L,7.05994e-08,dense_mlp,5731
UBXN8,7.0598844e-08,dense_mlp,5732
CERT1,7.059296e-08,dense_mlp,5733
ZBTB24,7.05912e-08,dense_mlp,5734
LAP3,7.0553014e-08,dense_mlp,5735
NIPSNAP3B,7.051382e-08,dense_mlp,5736
CGREF1,7.051267e-08,dense_mlp,5737
CMTM3,7.0487566e-08,dense_mlp,5738
DRAM2,7.044476e-08,dense_mlp,5739
USP6,7.043974e-08,dense_mlp,5740
FXR2,7.043146e-08,dense_mlp,5741
TMEM99,7.042684e-08,dense_mlp,5742
TVP23A,7.040427e-08,dense_mlp,5743
LRCH2,7.039624e-08,dense_mlp,5744
SYNGR3,7.037546e-08,dense_mlp,5745
WBP1,7.0365864e-08,dense_mlp,5746
LGALS8,7.0364536e-08,dense_mlp,5747
FBXO47,7.0358006e-08,dense_mlp,5748
LARP4,7.035388e-08,dense_mlp,5749
MARCH5,7.034432e-08,dense_mlp,5750
TTC17,7.034276e-08,dense_mlp,5751
IQCG,7.034003e-08,dense_mlp,5752
SMIM7,7.033253e-08,dense_mlp,5753
ARL16,7.032654e-08,dense_mlp,5754
LRRC38,7.031261e-08,dense_mlp,5755
HELQ,7.0304665e-08,dense_mlp,5756
VWCE,7.0302775e-08,dense_mlp,5757
CDKL5,7.0288685e-08,dense_mlp,5758
LDOC1,7.027104e-08,dense_mlp,5759
ERGIC2,7.026493e-08,dense_mlp,5760
PLEKHM3,7.024368e-08,dense_mlp,5761
MYLK2,7.0242464e-08,dense_mlp,5762
ATP5IF1,7.023276e-08,dense_mlp,5763
RNF149,7.017225e-08,dense_mlp,5764
RIC8B,7.0161484e-08,dense_mlp,5765
CPEB3,7.012366e-08,dense_mlp,5766
LYRM1,7.011748e-08,dense_mlp,5767
TNS1,7.009239e-08,dense_mlp,5768
ZBTB8A,7.005966e-08,dense_mlp,5769
TRMO,7.004534e-08,dense_mlp,5770
ZNF653,7.002991e-08,dense_mlp,5771
MYCL,7.002507e-08,dense_mlp,5772
CREBZF,7.001257e-08,dense_mlp,5773
RUNDC1,7.000139e-08,dense_mlp,5774
PCMTD2,6.999869e-08,dense_mlp,5775
TMEM178B,6.998666e-08,dense_mlp,5776
NUDT16L1,6.998597e-08,dense_mlp,5777
BRINP2,6.995475e-08,dense_mlp,5778
LRRC39,6.9930785e-08,dense_mlp,5779
RNF122,6.993003e-08,dense_mlp,5780
ZNF503,6.989884e-08,dense_mlp,5781
ZNF639,6.988556e-08,dense_mlp,5782
FAM186B,6.98626e-08,dense_mlp,5783
FAM234B,6.9857016e-08,dense_mlp,5784
NMD3,6.9854494e-08,dense_mlp,5785
SART3,6.984842e-08,dense_mlp,5786
PRPF4B,6.9814774e-08,dense_mlp,5787
ABHD2,6.9802766e-08,dense_mlp,5788
SERBP1,6.9789046e-08,dense_mlp,5789
MICAL2,6.9786736e-08,dense_mlp,5790
GAL3ST3,6.978454e-08,dense_mlp,5791
GPBP1L1,6.9783376e-08,dense_mlp,5792
EPDR1,6.9778345e-08,dense_mlp,5793
SMOX,6.977117e-08,dense_mlp,5794
OLFM2,6.9768085e-08,dense_mlp,5795
ARMCX5,6.97662e-08,dense_mlp,5796
MDM1,6.975619e-08,dense_mlp,5797
CDKL3,6.9753646e-08,dense_mlp,5798
EFCAB10,6.975185e-08,dense_mlp,5799
C2orf66,6.973063e-08,dense_mlp,5800
HTRA4,6.97238e-08,dense_mlp,5801
APTX,6.9719874e-08,dense_mlp,5802
FCHSD2,6.971686e-08,dense_mlp,5803
PTCD1,6.97019e-08,dense_mlp,5804
COA8,6.969087e-08,dense_mlp,5805
PEF1,6.968604e-08,dense_mlp,5806
HMBOX1,6.968403e-08,dense_mlp,5807
LYSMD3,6.967712e-08,dense_mlp,5808
SPHKAP,6.966047e-08,dense_mlp,5809
FAM120A,6.965573e-08,dense_mlp,5810
ZADH2,6.96518e-08,dense_mlp,5811
FMR1,6.96297e-08,dense_mlp,5812
AAGAB,6.962312e-08,dense_mlp,5813
LRRC58,6.961215e-08,dense_mlp,5814
ZC3H13,6.955097e-08,dense_mlp,5815
MFSD5,6.954603e-08,dense_mlp,5816
ZNF84,6.952985e-08,dense_mlp,5817
TMEM203,6.9528724e-08,dense_mlp,5818
PRDM10,6.951542e-08,dense_mlp,5819
FNDC3B,6.948411e-08,dense_mlp,5820
BROX,6.9479725e-08,dense_mlp,5821
C2orf88,6.946744e-08,dense_mlp,5822
MAGI1,6.9465344e-08,dense_mlp,5823
FAM216A,6.944333e-08,dense_mlp,5824
SNN,6.940105e-08,dense_mlp,5825
PIH1D1,6.938856e-08,dense_mlp,5826
ZNF22,6.937074e-08,dense_mlp,5827
CAPRIN2,6.933695e-08,dense_mlp,5828
METRN,6.9332955e-08,dense_mlp,5829
MBLAC2,6.9319846e-08,dense_mlp,5830
TMEM222,6.9317e-08,dense_mlp,5831
PHACTR1,6.929552e-08,dense_mlp,5832
SYT17,6.924257e-08,dense_mlp,5833
BIN3,6.924133e-08,dense_mlp,5834
UBLCP1,6.923689e-08,dense_mlp,5835
AMER2,6.923351e-08,dense_mlp,5836
ODF3B,6.9222594e-08,dense_mlp,5837
LMO4,6.922141e-08,dense_mlp,5838
TRA2A,6.919978e-08,dense_mlp,5839
C4orf3,6.918953e-08,dense_mlp,5840
ZNF260,6.917977e-08,dense_mlp,5841
ZNF281,6.9153046e-08,dense_mlp,5842
ZNF35,6.914662e-08,dense_mlp,5843
CCNL2,6.91392e-08,dense_mlp,5844
PSD3,6.913494e-08,dense_mlp,5845
FAM174B,6.9133456e-08,dense_mlp,5846
PCDHA12,6.912327e-08,dense_mlp,5847
KIAA1841,6.9119004e-08,dense_mlp,5848
MAPRE2,6.91163e-08,dense_mlp,5849
ANTKMT,6.911018e-08,dense_mlp,5850
CHAF1B,6.910163e-08,dense_mlp,5851
ZNF652,6.908145e-08,dense_mlp,5852
SMIM5,6.9069074e-08,dense_mlp,5853
CTXN1,6.9067596e-08,dense_mlp,5854
TLK2,6.902061e-08,dense_mlp,5855
AKAP6,6.8981684e-08,dense_mlp,5856
SSH2,6.898026e-08,dense_mlp,5857
TMEM185B,6.8971126e-08,dense_mlp,5858
RASSF2,6.8968355e-08,dense_mlp,5859
THAP12,6.896431e-08,dense_mlp,5860
C16orf87,6.89521e-08,dense_mlp,5861
UBE4B,6.893984e-08,dense_mlp,5862
TCP11L2,6.892675e-08,dense_mlp,5863
TRIP13,6.8891545e-08,dense_mlp,5864
CCDC146,6.887971e-08,dense_mlp,5865
SLAMF9,6.8875195e-08,dense_mlp,5866
KATNA1,6.885729e-08,dense_mlp,5867
MBNL2,6.883952e-08,dense_mlp,5868
IPO4,6.879435e-08,dense_mlp,5869
DDX60,6.87904e-08,dense_mlp,5870
LPP,6.87734e-08,dense_mlp,5871
HSPB2,6.876647e-08,dense_mlp,5872
CHRNB1,6.8693346e-08,dense_mlp,5873
AP5S1,6.867999e-08,dense_mlp,5874
PHF12,6.865407e-08,dense_mlp,5875
VMA21,6.8640716e-08,dense_mlp,5876
MFSD11,6.86388e-08,dense_mlp,5877
SFT2D2,6.863378e-08,dense_mlp,5878
CXorf56,6.862679e-08,dense_mlp,5879
TTC9C,6.861706e-08,dense_mlp,5880
MFSD3,6.8613225e-08,dense_mlp,5881
MPP3,6.860106e-08,dense_mlp,5882
ZC3H14,6.8577314e-08,dense_mlp,5883
PACS2,6.856777e-08,dense_mlp,5884
RNF150,6.855286e-08,dense_mlp,5885
TMEM170A,6.8508065e-08,dense_mlp,5886
CDK5RAP3,6.8497e-08,dense_mlp,5887
POGZ,6.848104e-08,dense_mlp,5888
WBP1L,6.847526e-08,dense_mlp,5889
TSPAN31,6.846004e-08,dense_mlp,5890
YPEL1,6.8451016e-08,dense_mlp,5891
SHE,6.844121e-08,dense_mlp,5892
UBR3,6.8434666e-08,dense_mlp,5893
CAMTA1,6.842794e-08,dense_mlp,5894
IGIP,6.8376835e-08,dense_mlp,5895
RMC1,6.835138e-08,dense_mlp,5896
IFRD2,6.83428e-08,dense_mlp,5897
SDF4,6.834155e-08,dense_mlp,5898
RNF157,6.833969e-08,dense_mlp,5899
NDFIP1,6.831449e-08,dense_mlp,5900
ENOSF1,6.829762e-08,dense_mlp,5901
CAMSAP2,6.828715e-08,dense_mlp,5902
NFXL1,6.826662e-08,dense_mlp,5903
TSSK6,6.826562e-08,dense_mlp,5904
NOL4L,6.8234726e-08,dense_mlp,5905
KRTCAP3,6.8218476e-08,dense_mlp,5906
EVI5,6.8184235e-08,dense_mlp,5907
TNPO2,6.817926e-08,dense_mlp,5908
MAB21L1,6.816534e-08,dense_mlp,5909
METRNL,6.815184e-08,dense_mlp,5910
UBXN4,6.813303e-08,dense_mlp,5911
DENND10,6.812187e-08,dense_mlp,5912
FAM199X,6.8117345e-08,dense_mlp,5913
CRYZ,6.8112904e-08,dense_mlp,5914
WDHD1,6.808011e-08,dense_mlp,5915
PTRHD1,6.80692e-08,dense_mlp,5916
PDZD4,6.80475e-08,dense_mlp,5917
HDHD2,6.802492e-08,dense_mlp,5918
TTI2,6.802318e-08,dense_mlp,5919
FAM111A,6.8001484e-08,dense_mlp,5920
ZBTB18,6.799638e-08,dense_mlp,5921
NKTR,6.798692e-08,dense_mlp,5922
CLPTM1,6.798091e-08,dense_mlp,5923
DUS1L,6.79753e-08,dense_mlp,5924
TTC14,6.7966276e-08,dense_mlp,5925
CORO2B,6.794924e-08,dense_mlp,5926
PRXL2A,6.794696e-08,dense_mlp,5927
CIAO2A,6.791774e-08,dense_mlp,5928
C5orf22,6.7909234e-08,dense_mlp,5929
PRR36,6.790713e-08,dense_mlp,5930
WDR41,6.787401e-08,dense_mlp,5931
LRRK1,6.78671e-08,dense_mlp,5932
LZIC,6.785983e-08,dense_mlp,5933
DLX2,6.783069e-08,dense_mlp,5934
SNX21,6.782102e-08,dense_mlp,5935
RANBP17,6.781838e-08,dense_mlp,5936
RALYL,6.7808685e-08,dense_mlp,5937
TMEM169,6.7798105e-08,dense_mlp,5938
TTC13,6.7797835e-08,dense_mlp,5939
AATK,6.779082e-08,dense_mlp,5940
TBC1D22A,6.778897e-08,dense_mlp,5941
ZFP91,6.7780334e-08,dense_mlp,5942
ZFYVE21,6.7775886e-08,dense_mlp,5943
FEZ2,6.7757355e-08,dense_mlp,5944
SCAMP3,6.7745695e-08,dense_mlp,5945
ZFYVE1,6.7739855e-08,dense_mlp,5946
C1orf74,6.7739556e-08,dense_mlp,5947
TTC39B,6.7724955e-08,dense_mlp,5948
LRRC4C,6.769472e-08,dense_mlp,5949
NUPR1,6.769389e-08,dense_mlp,5950
SMPDL3A,6.768485e-08,dense_mlp,5951
SNX13,6.767897e-08,dense_mlp,5952
GANC,6.763962e-08,dense_mlp,5953
NIBAN3,6.761228e-08,dense_mlp,5954
FAM207A,6.759065e-08,dense_mlp,5955
EOGT,6.757444e-08,dense_mlp,5956
GDF11,6.7529555e-08,dense_mlp,5957
SMIM10L1,6.75255e-08,dense_mlp,5958
MPP5,6.7518236e-08,dense_mlp,5959
UNC45A,6.751419e-08,dense_mlp,5960
CIB4,6.749236e-08,dense_mlp,5961
SBK1,6.748789e-08,dense_mlp,5962
DDT,6.745792e-08,dense_mlp,5963
SLC38A7,6.74518e-08,dense_mlp,5964
TRIM65,6.744968e-08,dense_mlp,5965
TROAP,6.744517e-08,dense_mlp,5966
EIF4ENIF1,6.7417744e-08,dense_mlp,5967
C1orf216,6.740797e-08,dense_mlp,5968
BORCS5,6.7407136e-08,dense_mlp,5969
PSPC1,6.739631e-08,dense_mlp,5970
ZBED8,6.739405e-08,dense_mlp,5971
SCRN3,6.738106e-08,dense_mlp,5972
CREB5,6.7380846e-08,dense_mlp,5973
BSDC1,6.734982e-08,dense_mlp,5974
PDCD5,6.734701e-08,dense_mlp,5975
SMIM29,6.734245e-08,dense_mlp,5976
MARCH8,6.7318304e-08,dense_mlp,5977
RSBN1,6.7291644e-08,dense_mlp,5978
THEM6,6.728193e-08,dense_mlp,5979
CLPTM1L,6.724456e-08,dense_mlp,5980
DHX32,6.724311e-08,dense_mlp,5981
WDR60,6.7231056e-08,dense_mlp,5982
HFM1,6.722708e-08,dense_mlp,5983
CLUAP1,6.721752e-08,dense_mlp,5984
FBXO25,6.719688e-08,dense_mlp,5985
CYB561D2,6.7175804e-08,dense_mlp,5986
NSA2,6.714111e-08,dense_mlp,5987
BTBD9,6.71361e-08,dense_mlp,5988
ZNF593,6.713458e-08,dense_mlp,5989
RBM12,6.712628e-08,dense_mlp,5990
LAPTM5,6.711122e-08,dense_mlp,5991
LASP1,6.710316e-08,dense_mlp,5992
CCDC136,6.709951e-08,dense_mlp,5993
FAM120AOS,6.706587e-08,dense_mlp,5994
SPA17,6.7052106e-08,dense_mlp,5995
TMEM183A,6.703514e-08,dense_mlp,5996
HPF1,6.702271e-08,dense_mlp,5997
ILKAP,6.700703e-08,dense_mlp,5998
SRCAP,6.69877e-08,dense_mlp,5999
DIP2A,6.698126e-08,dense_mlp,6000
KARS,6.6977975e-08,dense_mlp,6001
EBF4,6.697595e-08,dense_mlp,6002
TCEAL3,6.6943635e-08,dense_mlp,6003
BLCAP,6.6918794e-08,dense_mlp,6004
MACROD1,6.69176e-08,dense_mlp,6005
SGTB,6.690421e-08,dense_mlp,6006
LYPLAL1,6.68812e-08,dense_mlp,6007
TARS,6.686577e-08,dense_mlp,6008
NCS1,6.6863215e-08,dense_mlp,6009
MYO16,6.683685e-08,dense_mlp,6010
C8orf76,6.6835874e-08,dense_mlp,6011
SLC35G1,6.683531e-08,dense_mlp,6012
TPD52L2,6.6812355e-08,dense_mlp,6013
HOXD8,6.6808624e-08,dense_mlp,6014
C11orf58,6.680297e-08,dense_mlp,6015
EDRF1,6.677661e-08,dense_mlp,6016
CCDC151,6.6773794e-08,dense_mlp,6017
ZHX1,6.674761e-08,dense_mlp,6018
ALKBH6,6.671996e-08,dense_mlp,6019
MPZL1,6.667899e-08,dense_mlp,6020
CCDC30,6.667594e-08,dense_mlp,6021
HIC2,6.666027e-08,dense_mlp,6022
DIS3L,6.663088e-08,dense_mlp,6023
C18orf32,6.661989e-08,dense_mlp,6024
KLHL28,6.661793e-08,dense_mlp,6025
LMTK2,6.661712e-08,dense_mlp,6026
RSRC2,6.6615584e-08,dense_mlp,6027
RBM4B,6.660818e-08,dense_mlp,6028
STK38L,6.660354e-08,dense_mlp,6029
PHF21B,6.658963e-08,dense_mlp,6030
FAM181B,6.657091e-08,dense_mlp,6031
SUGCT,6.656256e-08,dense_mlp,6032
IFFO1,6.655657e-08,dense_mlp,6033
USP46,6.6556254e-08,dense_mlp,6034
RNF214,6.654858e-08,dense_mlp,6035
CRIM1,6.652827e-08,dense_mlp,6036
HEPACAM,6.652251e-08,dense_mlp,6037
TTC21A,6.651186e-08,dense_mlp,6038
HMGXB3,6.6505514e-08,dense_mlp,6039
FAM110A,6.65047e-08,dense_mlp,6040
CCDC124,6.647827e-08,dense_mlp,6041
CCNY,6.646368e-08,dense_mlp,6042
RALY,6.645609e-08,dense_mlp,6043
FAM200A,6.6452735e-08,dense_mlp,6044
CYBC1,6.644856e-08,dense_mlp,6045
PLP2,6.6406145e-08,dense_mlp,6046
ERRFI1,6.636036e-08,dense_mlp,6047
C20orf194,6.635854e-08,dense_mlp,6048
TMEM128,6.633683e-08,dense_mlp,6049
ZBTB47,6.629266e-08,dense_mlp,6050
POGK,6.6289424e-08,dense_mlp,6051
SIVA1,6.6268164e-08,dense_mlp,6052
TLCD3B,6.6265684e-08,dense_mlp,6053
DDX18,6.6253406e-08,dense_mlp,6054
UPRT,6.625038e-08,dense_mlp,6055
PRDM2,6.624508e-08,dense_mlp,6056
PKIG,6.622417e-08,dense_mlp,6057
RBM15B,6.622412e-08,dense_mlp,6058
SDR39U1,6.621966e-08,dense_mlp,6059
TMEM185A,6.62158e-08,dense_mlp,6060
TLN2,6.621461e-08,dense_mlp,6061
HIST1H4J,6.620923e-08,dense_mlp,6062
RAP2A,6.620126e-08,dense_mlp,6063
ZNF578,6.619707e-08,dense_mlp,6064
NAA40,6.619578e-08,dense_mlp,6065
TMEM140,6.618836e-08,dense_mlp,6066
GRAMD2B,6.618491e-08,dense_mlp,6067
SULF2,6.615405e-08,dense_mlp,6068
ANXA11,6.614788e-08,dense_mlp,6069
RNF44,6.6139066e-08,dense_mlp,6070
SNX16,6.613673e-08,dense_mlp,6071
PARPBP,6.611322e-08,dense_mlp,6072
AVL9,6.609951e-08,dense_mlp,6073
ANKRD44,6.6069084e-08,dense_mlp,6074
PTMS,6.6061084e-08,dense_mlp,6075
UBR7,6.605682e-08,dense_mlp,6076
ENOX2,6.6055904e-08,dense_mlp,6077
LITAF,6.600622e-08,dense_mlp,6078
MAPKBP1,6.597564e-08,dense_mlp,6079
TDRD3,6.5969125e-08,dense_mlp,6080
AMER3,6.596054e-08,dense_mlp,6081
RIC8A,6.595476e-08,dense_mlp,6082
TM7SF3,6.594897e-08,dense_mlp,6083
LYRM9,6.59427e-08,dense_mlp,6084
PLEKHH3,6.591143e-08,dense_mlp,6085
PHB,6.590703e-08,dense_mlp,6086
ZNF575,6.590076e-08,dense_mlp,6087
TAZ,6.589944e-08,dense_mlp,6088
AMIGO1,6.588026e-08,dense_mlp,6089
DNAJC30,6.5874055e-08,dense_mlp,6090
RASSF1,6.583136e-08,dense_mlp,6091
USB1,6.5810106e-08,dense_mlp,6092
TMTC4,6.580838e-08,dense_mlp,6093
XKR7,6.5782764e-08,dense_mlp,6094
SH3RF3,6.577865e-08,dense_mlp,6095
GTPBP1,6.576593e-08,dense_mlp,6096
STK17A,6.57322e-08,dense_mlp,6097
ELK4,6.573075e-08,dense_mlp,6098
DTX3,6.569812e-08,dense_mlp,6099
KATNAL1,6.5691744e-08,dense_mlp,6100
SLC4A1AP,6.568514e-08,dense_mlp,6101
TSHZ3,6.567075e-08,dense_mlp,6102
HOOK2,6.5643924e-08,dense_mlp,6103
APMAP,6.5636684e-08,dense_mlp,6104
HSPB6,6.562345e-08,dense_mlp,6105
MESD,6.558989e-08,dense_mlp,6106
DUSP21,6.557589e-08,dense_mlp,6107
C14orf93,6.557438e-08,dense_mlp,6108
CFAP97,6.554472e-08,dense_mlp,6109
GRK4,6.552167e-08,dense_mlp,6110
TARSL2,6.54986e-08,dense_mlp,6111
ZNF280C,6.549752e-08,dense_mlp,6112
FBRSL1,6.549664e-08,dense_mlp,6113
ANKRD13A,6.549627e-08,dense_mlp,6114
RAB11FIP4,6.547045e-08,dense_mlp,6115
BMT2,6.543392e-08,dense_mlp,6116
ICK,6.542934e-08,dense_mlp,6117
CUTA,6.540905e-08,dense_mlp,6118
GPR135,6.5374635e-08,dense_mlp,6119
STK39,6.5366876e-08,dense_mlp,6120
EYS,6.536423e-08,dense_mlp,6121
GCNA,6.5328045e-08,dense_mlp,6122
EFR3B,6.5317835e-08,dense_mlp,6123
TXLNG,6.531374e-08,dense_mlp,6124
SPRYD7,6.531168e-08,dense_mlp,6125
MEPCE,6.5290955e-08,dense_mlp,6126
JAKMIP2,6.528585e-08,dense_mlp,6127
SH3BP5,6.52623e-08,dense_mlp,6128
IFI27L2,6.524919e-08,dense_mlp,6129
QSER1,6.524132e-08,dense_mlp,6130
APOL4,6.524067e-08,dense_mlp,6131
C2CD2L,6.522154e-08,dense_mlp,6132
SEC63,6.518795e-08,dense_mlp,6133
IRAK1BP1,6.517205e-08,dense_mlp,6134
CYHR1,6.516004e-08,dense_mlp,6135
MIPEP,6.515854e-08,dense_mlp,6136
CCDC85C,6.5149514e-08,dense_mlp,6137
SCARF2,6.5132554e-08,dense_mlp,6138
DIP2B,6.512764e-08,dense_mlp,6139
PAXBP1,6.51174e-08,dense_mlp,6140
SHROOM2,6.5058195e-08,dense_mlp,6141
ZNF410,6.505112e-08,dense_mlp,6142
TEX51,6.5048944e-08,dense_mlp,6143
FIBP,6.5019954e-08,dense_mlp,6144
PCDHB12,6.501654e-08,dense_mlp,6145
ALKBH1,6.50156e-08,dense_mlp,6146
IGSF6,6.500848e-08,dense_mlp,6147
ZBTB40,6.4994296e-08,dense_mlp,6148
KCTD5,6.4981045e-08,dense_mlp,6149
TSTD2,6.49627e-08,dense_mlp,6150
KATNB1,6.49611e-08,dense_mlp,6151
TMEM8B,6.495133e-08,dense_mlp,6152
NKD1,6.494954e-08,dense_mlp,6153
MTPN,6.4924e-08,dense_mlp,6154
MAST1,6.491316e-08,dense_mlp,6155
WFIKKN1,6.489603e-08,dense_mlp,6156
OLIG1,6.4893925e-08,dense_mlp,6157
APOL2,6.489071e-08,dense_mlp,6158
GPATCH3,6.486177e-08,dense_mlp,6159
CCDC47,6.484731e-08,dense_mlp,6160
DGCR2,6.484635e-08,dense_mlp,6161
RASL10A,6.4830296e-08,dense_mlp,6162
SMCR8,6.482839e-08,dense_mlp,6163
SMOC1,6.48025e-08,dense_mlp,6164
ANKS6,6.479549e-08,dense_mlp,6165
SWSAP1,6.4752896e-08,dense_mlp,6166
EFCAB2,6.472902e-08,dense_mlp,6167
METTL16,6.472432e-08,dense_mlp,6168
PDGFC,6.467239e-08,dense_mlp,6169
DNAJC15,6.465905e-08,dense_mlp,6170
TCEA3,6.465634e-08,dense_mlp,6171
IARS,6.463782e-08,dense_mlp,6172
TBCK,6.463521e-08,dense_mlp,6173
DUSP11,6.4627656e-08,dense_mlp,6174
ATXN1L,6.460699e-08,dense_mlp,6175
ZNF768,6.458814e-08,dense_mlp,6176
TMEM132E,6.457767e-08,dense_mlp,6177
ZNF488,6.4571786e-08,dense_mlp,6178
EPM2AIP1,6.4555586e-08,dense_mlp,6179
SPECC1,6.4535e-08,dense_mlp,6180
DUS3L,6.44723e-08,dense_mlp,6181
PYROXD1,6.444663e-08,dense_mlp,6182
CBLN2,6.4441004e-08,dense_mlp,6183
PLP1,6.444069e-08,dense_mlp,6184
SLC35E1,6.441238e-08,dense_mlp,6185
NFS1,6.43892e-08,dense_mlp,6186
MTCH2,6.438557e-08,dense_mlp,6187
NKAIN3,6.438453e-08,dense_mlp,6188
LYPD6,6.437978e-08,dense_mlp,6189
SLC10A3,6.4367704e-08,dense_mlp,6190
LSM14B,6.434016e-08,dense_mlp,6191
POU3F4,6.43252e-08,dense_mlp,6192
FAM120C,6.4319124e-08,dense_mlp,6193
AZI2,6.431348e-08,dense_mlp,6194
RASSF4,6.428011e-08,dense_mlp,6195
ANKRD50,6.427498e-08,dense_mlp,6196
SEMA4C,6.424834e-08,dense_mlp,6197
NAA16,6.423152e-08,dense_mlp,6198
PCSK1N,6.416199e-08,dense_mlp,6199
ARMCX6,6.415448e-08,dense_mlp,6200
SDF2,6.414787e-08,dense_mlp,6201
NUSAP1,6.414298e-08,dense_mlp,6202
VPS26C,6.412516e-08,dense_mlp,6203
MARCH9,6.4103006e-08,dense_mlp,6204
PRR11,6.408206e-08,dense_mlp,6205
TEP1,6.407756e-08,dense_mlp,6206
CCDC6,6.4072815e-08,dense_mlp,6207
ZNF148,6.404538e-08,dense_mlp,6208
CINP,6.404409e-08,dense_mlp,6209
TIGD5,6.4043334e-08,dense_mlp,6210
CCDC90B,6.40425e-08,dense_mlp,6211
FAM217B,6.403035e-08,dense_mlp,6212
TCAF1,6.397944e-08,dense_mlp,6213
FBH1,6.397385e-08,dense_mlp,6214
FNDC4,6.396691e-08,dense_mlp,6215
ZFP64,6.3942096e-08,dense_mlp,6216
ZNF174,6.3936774e-08,dense_mlp,6217
CCDC7,6.393202e-08,dense_mlp,6218
PHOSPHO2,6.391228e-08,dense_mlp,6219
HAX1,6.387178e-08,dense_mlp,6220
TIMM29,6.386953e-08,dense_mlp,6221
CISD2,6.3836225e-08,dense_mlp,6222
ZNF438,6.3832886e-08,dense_mlp,6223
PSD,6.383111e-08,dense_mlp,6224
RNF141,6.3813474e-08,dense_mlp,6225
ZMYND10,6.380427e-08,dense_mlp,6226
KRI1,6.379864e-08,dense_mlp,6227
PTRH1,6.379804e-08,dense_mlp,6228
TMEM14A,6.379213e-08,dense_mlp,6229
DONSON,6.378844e-08,dense_mlp,6230
ASAP3,6.378138e-08,dense_mlp,6231
TTC31,6.3762975e-08,dense_mlp,6232
MAP3K4,6.371271e-08,dense_mlp,6233
CPNE2,6.3709386e-08,dense_mlp,6234
MLLT11,6.370177e-08,dense_mlp,6235
GZF1,6.369188e-08,dense_mlp,6236
EML2,6.367395e-08,dense_mlp,6237
ROM1,6.3666796e-08,dense_mlp,6238
ZMYND19,6.366031e-08,dense_mlp,6239
LDAH,6.365716e-08,dense_mlp,6240
TRNP1,6.364658e-08,dense_mlp,6241
DHRS11,6.3596055e-08,dense_mlp,6242
STYX,6.358217e-08,dense_mlp,6243
CEP68,6.358009e-08,dense_mlp,6244
URB2,6.353767e-08,dense_mlp,6245
RNF165,6.353283e-08,dense_mlp,6246
C1orf174,6.352295e-08,dense_mlp,6247
RBIS,6.349044e-08,dense_mlp,6248
ZNF106,6.3474545e-08,dense_mlp,6249
MPP6,6.34672e-08,dense_mlp,6250
SLMAP,6.3455445e-08,dense_mlp,6251
C12orf76,6.344522e-08,dense_mlp,6252
RBM33,6.343829e-08,dense_mlp,6253
TTC7B,6.3436765e-08,dense_mlp,6254
ZNF322,6.343371e-08,dense_mlp,6255
CCDC134,6.339554e-08,dense_mlp,6256
DUSP23,6.339395e-08,dense_mlp,6257
FAXC,6.3374046e-08,dense_mlp,6258
ZBTB39,6.336665e-08,dense_mlp,6259
TGFBR3L,6.336659e-08,dense_mlp,6260
MB21D2,6.336649e-08,dense_mlp,6261
GRAMD1B,6.334861e-08,dense_mlp,6262
DNAJC9,6.334816e-08,dense_mlp,6263
PPP1R12C,6.331818e-08,dense_mlp,6264
EXOC6B,6.329617e-08,dense_mlp,6265
FAM104B,6.329254e-08,dense_mlp,6266
RFXAP,6.328744e-08,dense_mlp,6267
TMEM42,6.3265894e-08,dense_mlp,6268
ICA1L,6.3259414e-08,dense_mlp,6269
TMEM245,6.3248045e-08,dense_mlp,6270
NRDC,6.324747e-08,dense_mlp,6271
GSG1L,6.3246105e-08,dense_mlp,6272
ANXA2R,6.3246006e-08,dense_mlp,6273
TEX46,6.3241856e-08,dense_mlp,6274
TTC1,6.3212745e-08,dense_mlp,6275
CELA3A,6.321056e-08,dense_mlp,6276
ZSCAN2,6.3193575e-08,dense_mlp,6277
GPR108,6.3189994e-08,dense_mlp,6278
TIGD2,6.317908e-08,dense_mlp,6279
TLK1,6.316569e-08,dense_mlp,6280
CNNM3,6.3152065e-08,dense_mlp,6281
BSCL2,6.314987e-08,dense_mlp,6282
SLC49A3,6.314172e-08,dense_mlp,6283
ADGRB3,6.3141556e-08,dense_mlp,6284
DNAJB4,6.314116e-08,dense_mlp,6285
C4orf33,6.313566e-08,dense_mlp,6286
ZNRD2,6.311684e-08,dense_mlp,6287
PLEKHB1,6.3079014e-08,dense_mlp,6288
LEMD1,6.3062366e-08,dense_mlp,6289
CPT1C,6.303628e-08,dense_mlp,6290
FUNDC2,6.30271e-08,dense_mlp,6291
ZNF572,6.302605e-08,dense_mlp,6292
LRRC75B,6.3021936e-08,dense_mlp,6293
ZFP3,6.3015946e-08,dense_mlp,6294
ASAP2,6.299708e-08,dense_mlp,6295
IMMP2L,6.2984434e-08,dense_mlp,6296
FAM222B,6.29692e-08,dense_mlp,6297
TMEM161A,6.29435e-08,dense_mlp,6298
CRIPT,6.293006e-08,dense_mlp,6299
N4BP2L2,6.291262e-08,dense_mlp,6300
CCDC66,6.289913e-08,dense_mlp,6301
CTNNAL1,6.2887985e-08,dense_mlp,6302
TMEM18,6.286907e-08,dense_mlp,6303
HDHD5,6.2868764e-08,dense_mlp,6304
ERMARD,6.283624e-08,dense_mlp,6305
KBTBD2,6.2817655e-08,dense_mlp,6306
ZBTB26,6.279433e-08,dense_mlp,6307
RFTN1,6.277379e-08,dense_mlp,6308
RTL6,6.276905e-08,dense_mlp,6309
PSD2,6.274973e-08,dense_mlp,6310
GRAMD1C,6.268907e-08,dense_mlp,6311
FASTK,6.267791e-08,dense_mlp,6312
PIGQ,6.263603e-08,dense_mlp,6313
PLPP7,6.2624096e-08,dense_mlp,6314
ZNF581,6.260696e-08,dense_mlp,6315
FAM161A,6.2594204e-08,dense_mlp,6316
RNF169,6.2589834e-08,dense_mlp,6317
FAM136A,6.256881e-08,dense_mlp,6318
FAM118B,6.256044e-08,dense_mlp,6319
ZNF66,6.2548594e-08,dense_mlp,6320
TMEM189,6.25459e-08,dense_mlp,6321
PBDC1,6.254513e-08,dense_mlp,6322
SMCHD1,6.2543634e-08,dense_mlp,6323
C8orf48,6.252518e-08,dense_mlp,6324
NCKAP5L,6.2523725e-08,dense_mlp,6325
LRRC20,6.2523284e-08,dense_mlp,6326
SALL3,6.2508484e-08,dense_mlp,6327
ENTR1,6.250508e-08,dense_mlp,6328
KBTBD3,6.249139e-08,dense_mlp,6329
FRY,6.248877e-08,dense_mlp,6330
UBL7,6.247661e-08,dense_mlp,6331
ZCCHC17,6.247405e-08,dense_mlp,6332
AASDH,6.2458476e-08,dense_mlp,6333
SOGA3,6.245595e-08,dense_mlp,6334
LEPROT,6.243028e-08,dense_mlp,6335
WRAP73,6.240003e-08,dense_mlp,6336
ESF1,6.238355e-08,dense_mlp,6337
RBM15,6.23669e-08,dense_mlp,6338
IBTK,6.2363966e-08,dense_mlp,6339
FOXP1,6.235756e-08,dense_mlp,6340
CNTROB,6.2335246e-08,dense_mlp,6341
C12orf49,6.230294e-08,dense_mlp,6342
TXNRD3,6.229634e-08,dense_mlp,6343
CDK5RAP1,6.229295e-08,dense_mlp,6344
SPATA31E1,6.228939e-08,dense_mlp,6345
SAMD1,6.226981e-08,dense_mlp,6346
UNC13A,6.225108e-08,dense_mlp,6347
DDX59,6.223719e-08,dense_mlp,6348
MANSC1,6.2235536e-08,dense_mlp,6349
RAPGEF5,6.2219065e-08,dense_mlp,6350
RABIF,6.2218035e-08,dense_mlp,6351
C6orf136,6.220928e-08,dense_mlp,6352
ZNF346,6.2188676e-08,dense_mlp,6353
MEX3D,6.216964e-08,dense_mlp,6354
CNIH4,6.2166365e-08,dense_mlp,6355
MDN1,6.213936e-08,dense_mlp,6356
CMTR2,6.213448e-08,dense_mlp,6357
ERI3,6.2128024e-08,dense_mlp,6358
KRBA2,6.211582e-08,dense_mlp,6359
C5orf24,6.211454e-08,dense_mlp,6360
DIPK2A,6.2110246e-08,dense_mlp,6361
KLRC4,6.210737e-08,dense_mlp,6362
MTX3,6.210566e-08,dense_mlp,6363
ZNF83,6.210051e-08,dense_mlp,6364
NDFIP2,6.2086926e-08,dense_mlp,6365
LZTS2,6.208095e-08,dense_mlp,6366
FLII,6.207504e-08,dense_mlp,6367
NEK8,6.2068885e-08,dense_mlp,6368
S100A2,6.206092e-08,dense_mlp,6369
CNPY4,6.201133e-08,dense_mlp,6370
AFDN,6.2008255e-08,dense_mlp,6371
ELFN2,6.197803e-08,dense_mlp,6372
ATPSCKMT,6.196903e-08,dense_mlp,6373
MATN2,6.195467e-08,dense_mlp,6374
MARK1,6.1916055e-08,dense_mlp,6375
NDRG2,6.191601e-08,dense_mlp,6376
ACP2,6.190757e-08,dense_mlp,6377
BTBD7,6.1891605e-08,dense_mlp,6378
MTFR1L,6.189044e-08,dense_mlp,6379
PUS1,6.184981e-08,dense_mlp,6380
HSDL1,6.184638e-08,dense_mlp,6381
SPAG16,6.1822796e-08,dense_mlp,6382
CCDC14,6.181877e-08,dense_mlp,6383
PPP1R11,6.1815314e-08,dense_mlp,6384
NKRF,6.1794594e-08,dense_mlp,6385
PCDHGC5,6.1793926e-08,dense_mlp,6386
RETREG2,6.167408e-08,dense_mlp,6387
CAPS,6.166764e-08,dense_mlp,6388
TMEM39A,6.165459e-08,dense_mlp,6389
CLCC1,6.164591e-08,dense_mlp,6390
SLAIN2,6.162967e-08,dense_mlp,6391
SNHG32,6.162244e-08,dense_mlp,6392
SNX6,6.161728e-08,dense_mlp,6393
MTHFSD,6.160804e-08,dense_mlp,6394
DSTYK,6.159898e-08,dense_mlp,6395
SBNO1,6.157821e-08,dense_mlp,6396
TMEM214,6.1573225e-08,dense_mlp,6397
C14orf132,6.156846e-08,dense_mlp,6398
TLNRD1,6.15424e-08,dense_mlp,6399
TELO2,6.152786e-08,dense_mlp,6400
MSANTD3,6.1520474e-08,dense_mlp,6401
PPP1R37,6.151116e-08,dense_mlp,6402
WFDC12,6.151078e-08,dense_mlp,6403
LEPROTL1,6.14631e-08,dense_mlp,6404
APPBP2,6.145812e-08,dense_mlp,6405
CADM4,6.1456866e-08,dense_mlp,6406
SEPTIN9,6.1429795e-08,dense_mlp,6407
ZC3H12C,6.142934e-08,dense_mlp,6408
SLC35E3,6.141382e-08,dense_mlp,6409
HEATR3,6.139987e-08,dense_mlp,6410
PARP11,6.139826e-08,dense_mlp,6411
SLF1,6.1390686e-08,dense_mlp,6412
SEMA6C,6.137156e-08,dense_mlp,6413
MYBPHL,6.136505e-08,dense_mlp,6414
SMIM14,6.1351784e-08,dense_mlp,6415
GATD1,6.133321e-08,dense_mlp,6416
BAZ1A,6.133099e-08,dense_mlp,6417
UNK,6.1327825e-08,dense_mlp,6418
ARID3B,6.1306814e-08,dense_mlp,6419
ELMOD2,6.1300135e-08,dense_mlp,6420
LARP1B,6.129267e-08,dense_mlp,6421
MFSD14B,6.128488e-08,dense_mlp,6422
ANKS1B,6.127398e-08,dense_mlp,6423
RTN1,6.126097e-08,dense_mlp,6424
ZNF823,6.125633e-08,dense_mlp,6425
PCBP3,6.1241145e-08,dense_mlp,6426
DHX57,6.12262e-08,dense_mlp,6427
FBXO33,6.1207615e-08,dense_mlp,6428
ZNF367,6.120635e-08,dense_mlp,6429
NEK4,6.119437e-08,dense_mlp,6430
MAP3K13,6.119402e-08,dense_mlp,6431
VMP1,6.118033e-08,dense_mlp,6432
ATCAY,6.115925e-08,dense_mlp,6433
INAFM2,6.1151155e-08,dense_mlp,6434
IFI27L1,6.1130315e-08,dense_mlp,6435
NBEAL1,6.112279e-08,dense_mlp,6436
GK5,6.11041e-08,dense_mlp,6437
DESI1,6.110291e-08,dense_mlp,6438
INIP,6.1097865e-08,dense_mlp,6439
PPP6R2,6.108423e-08,dense_mlp,6440
PXK,6.107796e-08,dense_mlp,6441
TAOK2,6.107474e-08,dense_mlp,6442
PCDHGA9,6.107053e-08,dense_mlp,6443
CFL2,6.10632e-08,dense_mlp,6444
BRIX1,6.105352e-08,dense_mlp,6445
PAK1IP1,6.103363e-08,dense_mlp,6446
DDAH2,6.1012756e-08,dense_mlp,6447
SCRT1,6.0993884e-08,dense_mlp,6448
PLCL1,6.0993514e-08,dense_mlp,6449
KIZ,6.098995e-08,dense_mlp,6450
PPP4R1,6.098893e-08,dense_mlp,6451
PHF3,6.095808e-08,dense_mlp,6452
ATXN2L,6.092296e-08,dense_mlp,6453
RTL8B,6.087817e-08,dense_mlp,6454
USPL1,6.087222e-08,dense_mlp,6455
MCUR1,6.085859e-08,dense_mlp,6456
ERCC6L2,6.084722e-08,dense_mlp,6457
FAM200B,6.081892e-08,dense_mlp,6458
TARBP1,6.0805284e-08,dense_mlp,6459
SYT13,6.07883e-08,dense_mlp,6460
WASHC5,6.0779e-08,dense_mlp,6461
SLC25A40,6.074279e-08,dense_mlp,6462
GPN1,6.072793e-08,dense_mlp,6463
SLC35A5,6.070795e-08,dense_mlp,6464
ILVBL,6.069529e-08,dense_mlp,6465
DBNDD2,6.066525e-08,dense_mlp,6466
DEXI,6.0662366e-08,dense_mlp,6467
NCLN,6.065634e-08,dense_mlp,6468
STK19,6.065034e-08,dense_mlp,6469
EMC6,6.064584e-08,dense_mlp,6470
HSFX3,6.06378e-08,dense_mlp,6471
CDHR1,6.063773e-08,dense_mlp,6472
GPR137B,6.063618e-08,dense_mlp,6473
PPP1R14B,6.059907e-08,dense_mlp,6474
DKK3,6.059189e-08,dense_mlp,6475
ZSWIM6,6.056188e-08,dense_mlp,6476
CDK16,6.0544416e-08,dense_mlp,6477
FBXO38,6.053734e-08,dense_mlp,6478
UBQLN4,6.0516506e-08,dense_mlp,6479
PLEKHO1,6.0511056e-08,dense_mlp,6480
TRAF3IP1,6.050925e-08,dense_mlp,6481
SBNO2,6.0502586e-08,dense_mlp,6482
PNRC1,6.0495005e-08,dense_mlp,6483
HBP1,6.0482776e-08,dense_mlp,6484
C12orf73,6.047995e-08,dense_mlp,6485
GLOD4,6.0452834e-08,dense_mlp,6486
ZMAT1,6.042579e-08,dense_mlp,6487
UHRF1BP1L,6.041442e-08,dense_mlp,6488
FILIP1L,6.0368386e-08,dense_mlp,6489
LSM12,6.0348e-08,dense_mlp,6490
SZRD1,6.030574e-08,dense_mlp,6491
GLMP,6.029749e-08,dense_mlp,6492
WDFY2,6.0281664e-08,dense_mlp,6493
DHX40,6.0276236e-08,dense_mlp,6494
ADGRL1,6.027528e-08,dense_mlp,6495
ZBTB38,6.0263304e-08,dense_mlp,6496
TBC1D9B,6.02618e-08,dense_mlp,6497
HSPBP1,6.025089e-08,dense_mlp,6498
TMEM123,6.0243266e-08,dense_mlp,6499
PLXNB2,6.021476e-08,dense_mlp,6500
DNAJB5,6.0211306e-08,dense_mlp,6501
CCPG1,6.0202076e-08,dense_mlp,6502
LRBA,6.019084e-08,dense_mlp,6503
PTTG1IP,6.0158825e-08,dense_mlp,6504
ZNF236,6.0127824e-08,dense_mlp,6505
EID1,6.0126624e-08,dense_mlp,6506
PLS3,6.009943e-08,dense_mlp,6507
SUCO,6.0097044e-08,dense_mlp,6508
EEF1AKMT4,6.008226e-08,dense_mlp,6509
CPLANE1,6.008127e-08,dense_mlp,6510
TRAM2,6.007075e-08,dense_mlp,6511
DCBLD2,6.006897e-08,dense_mlp,6512
PDXP,6.006206e-08,dense_mlp,6513
ARMCX1,6.0055115e-08,dense_mlp,6514
PCDHGA8,6.003346e-08,dense_mlp,6515
KRTCAP2,6.002478e-08,dense_mlp,6516
KIAA0408,6.002272e-08,dense_mlp,6517
JDP2,6.000431e-08,dense_mlp,6518
PATZ1,6.0002606e-08,dense_mlp,6519
NFKBIL1,5.995201e-08,dense_mlp,6520
HEATR6,5.994511e-08,dense_mlp,6521
SEZ6,5.993795e-08,dense_mlp,6522
PHTF2,5.993509e-08,dense_mlp,6523
DIP2C,5.991186e-08,dense_mlp,6524
LY6G5C,5.991011e-08,dense_mlp,6525
SRFBP1,5.9909716e-08,dense_mlp,6526
GOLT1B,5.989826e-08,dense_mlp,6527
UBASH3B,5.989054e-08,dense_mlp,6528
RP9,5.988503e-08,dense_mlp,6529
CEND1,5.988463e-08,dense_mlp,6530
SERAC1,5.988455e-08,dense_mlp,6531
ZNF8,5.984639e-08,dense_mlp,6532
PAIP2B,5.983524e-08,dense_mlp,6533
HCFC1R1,5.983402e-08,dense_mlp,6534
SENP7,5.982574e-08,dense_mlp,6535
GPRC5B,5.9824515e-08,dense_mlp,6536
AIFM1,5.981949e-08,dense_mlp,6537
STK32C,5.981568e-08,dense_mlp,6538
HPS3,5.9800975e-08,dense_mlp,6539
CLDND1,5.9798644e-08,dense_mlp,6540
APC2,5.979115e-08,dense_mlp,6541
MRFAP1L1,5.976798e-08,dense_mlp,6542
MAP4K5,5.976518e-08,dense_mlp,6543
AKTIP,5.975654e-08,dense_mlp,6544
ARL10,5.969861e-08,dense_mlp,6545
RUFY2,5.9692745e-08,dense_mlp,6546
PHF13,5.968953e-08,dense_mlp,6547
LRCH4,5.968881e-08,dense_mlp,6548
FAM102A,5.9673056e-08,dense_mlp,6549
VOPP1,5.966623e-08,dense_mlp,6550
SCP2D1,5.965308e-08,dense_mlp,6551
SYT14,5.961072e-08,dense_mlp,6552
CTDSPL,5.96092e-08,dense_mlp,6553
NPEPL1,5.9599014e-08,dense_mlp,6554
RTF2,5.9554015e-08,dense_mlp,6555
HMGB3,5.9552303e-08,dense_mlp,6556
CDV3,5.954644e-08,dense_mlp,6557
WDYHV1,5.9543396e-08,dense_mlp,6558
ATAD5,5.949626e-08,dense_mlp,6559
CKLF,5.9488485e-08,dense_mlp,6560
NPAS3,5.9487668e-08,dense_mlp,6561
TMEM94,5.946983e-08,dense_mlp,6562
CASD1,5.9466668e-08,dense_mlp,6563
ACAP3,5.9450016e-08,dense_mlp,6564
LRP3,5.9414695e-08,dense_mlp,6565
PNMA8C,5.9400534e-08,dense_mlp,6566
HEATR5B,5.9397646e-08,dense_mlp,6567
TMEM68,5.9396676e-08,dense_mlp,6568
CGRRF1,5.937259e-08,dense_mlp,6569
TMEM107,5.9367682e-08,dense_mlp,6570
ZBTB25,5.936572e-08,dense_mlp,6571
MADD,5.9363916e-08,dense_mlp,6572
HDGFL2,5.935306e-08,dense_mlp,6573
SPATA5,5.9351716e-08,dense_mlp,6574
ZSCAN31,5.9338856e-08,dense_mlp,6575
ZDHHC18,5.9307165e-08,dense_mlp,6576
MFSD8,5.9297278e-08,dense_mlp,6577
KTI12,5.925594e-08,dense_mlp,6578
SEC23B,5.9241536e-08,dense_mlp,6579
PCDHGB2,5.9241398e-08,dense_mlp,6580
BEND5,5.9239582e-08,dense_mlp,6581
SNX17,5.921931e-08,dense_mlp,6582
NIPSNAP1,5.921321e-08,dense_mlp,6583
ELAVL3,5.9210418e-08,dense_mlp,6584
PACC1,5.9194907e-08,dense_mlp,6585
CCDC34,5.9185723e-08,dense_mlp,6586
ARVCF,5.9180422e-08,dense_mlp,6587
TASOR2,5.9162694e-08,dense_mlp,6588
SON,5.915524e-08,dense_mlp,6589
MREG,5.915287e-08,dense_mlp,6590
EPG5,5.9141453e-08,dense_mlp,6591
KIAA0556,5.9137736e-08,dense_mlp,6592
PCED1A,5.9125917e-08,dense_mlp,6593
MIDN,5.9114367e-08,dense_mlp,6594
HIST1H1B,5.9063698e-08,dense_mlp,6595
SYNGR2,5.905852e-08,dense_mlp,6596
MORN2,5.9039927e-08,dense_mlp,6597
DNPEP,5.897522e-08,dense_mlp,6598
ZRANB2,5.8967785e-08,dense_mlp,6599
SELENOW,5.8963867e-08,dense_mlp,6600
DUSP15,5.8940362e-08,dense_mlp,6601
RBFA,5.889657e-08,dense_mlp,6602
ZNF644,5.8894393e-08,dense_mlp,6603
OXNAD1,5.8886187e-08,dense_mlp,6604
USF3,5.8878996e-08,dense_mlp,6605
IGFL2,5.8865727e-08,dense_mlp,6606
GPRASP2,5.88288e-08,dense_mlp,6607
AP5Z1,5.8817815e-08,dense_mlp,6608
SLC25A33,5.8813956e-08,dense_mlp,6609
ZNF723,5.877656e-08,dense_mlp,6610
ANKRD46,5.8759166e-08,dense_mlp,6611
BZW1,5.875145e-08,dense_mlp,6612
SPATS2L,5.8740046e-08,dense_mlp,6613
SHCBP1,5.8737637e-08,dense_mlp,6614
PPP4R3A,5.8703336e-08,dense_mlp,6615
SMIM12,5.869986e-08,dense_mlp,6616
SP4,5.8693054e-08,dense_mlp,6617
VPS26B,5.8677635e-08,dense_mlp,6618
TCEAL7,5.866235e-08,dense_mlp,6619
TSHZ1,5.864922e-08,dense_mlp,6620
ZNF326,5.8640705e-08,dense_mlp,6621
RESF1,5.8635393e-08,dense_mlp,6622
STAU1,5.8625073e-08,dense_mlp,6623
PCDHGA2,5.8598136e-08,dense_mlp,6624
TCEAL9,5.8589578e-08,dense_mlp,6625
MMP23B,5.8580685e-08,dense_mlp,6626
SAT2,5.857138e-08,dense_mlp,6627
ZSCAN21,5.8551198e-08,dense_mlp,6628
FAM171A1,5.854131e-08,dense_mlp,6629
PIBF1,5.8530436e-08,dense_mlp,6630
ZFP62,5.851146e-08,dense_mlp,6631
STX8,5.847915e-08,dense_mlp,6632
CALML4,5.847598e-08,dense_mlp,6633
SETD5,5.8472516e-08,dense_mlp,6634
NXPE3,5.8471418e-08,dense_mlp,6635
PUS7L,5.8461335e-08,dense_mlp,6636
SYT3,5.8421037e-08,dense_mlp,6637
C1orf56,5.840706e-08,dense_mlp,6638
C2orf42,5.8406087e-08,dense_mlp,6639
HYI,5.8391073e-08,dense_mlp,6640
LRRC47,5.8354903e-08,dense_mlp,6641
FMC1,5.8338344e-08,dense_mlp,6642
C15orf39,5.833397e-08,dense_mlp,6643
AHDC1,5.8332297e-08,dense_mlp,6644
PPP1R18,5.8294752e-08,dense_mlp,6645
RER1,5.829352e-08,dense_mlp,6646
ZUP1,5.8291274e-08,dense_mlp,6647
TMEM91,5.825697e-08,dense_mlp,6648
ZNF516,5.8254017e-08,dense_mlp,6649
CXXC4,5.822001e-08,dense_mlp,6650
NME9,5.8203828e-08,dense_mlp,6651
GPM6A,5.8192043e-08,dense_mlp,6652
EHBP1,5.8166542e-08,dense_mlp,6653
SLAIN1,5.8138575e-08,dense_mlp,6654
ZNF821,5.810697e-08,dense_mlp,6655
SFXN1,5.8100536e-08,dense_mlp,6656
HINFP,5.8091405e-08,dense_mlp,6657
ECD,5.808185e-08,dense_mlp,6658
SEC62,5.8071375e-08,dense_mlp,6659
ASTN2,5.807054e-08,dense_mlp,6660
MTLN,5.80664e-08,dense_mlp,6661
RNF26,5.8060927e-08,dense_mlp,6662
SPRYD4,5.804419e-08,dense_mlp,6663
STYXL1,5.8043707e-08,dense_mlp,6664
CYB561,5.8030952e-08,dense_mlp,6665
WDR83OS,5.8003476e-08,dense_mlp,6666
SELENOH,5.7982867e-08,dense_mlp,6667
RECQL4,5.797973e-08,dense_mlp,6668
STK16,5.792307e-08,dense_mlp,6669
MFSD9,5.789357e-08,dense_mlp,6670
ARL5B,5.7871247e-08,dense_mlp,6671
UNC119,5.7870142e-08,dense_mlp,6672
TBC1D22B,5.7857676e-08,dense_mlp,6673
GLRX2,5.7848755e-08,dense_mlp,6674
ANKRD39,5.7847e-08,dense_mlp,6675
ENOX1,5.7838875e-08,dense_mlp,6676
KLHL23,5.783446e-08,dense_mlp,6677
C1QL1,5.7811498e-08,dense_mlp,6678
PHLDB1,5.780049e-08,dense_mlp,6679
KIAA1958,5.7795877e-08,dense_mlp,6680
PRRC2C,5.7788878e-08,dense_mlp,6681
PPP1R26,5.778874e-08,dense_mlp,6682
R3HDM2,5.7788096e-08,dense_mlp,6683
VPS13C,5.7778514e-08,dense_mlp,6684
ATP6V1FNB,5.777847e-08,dense_mlp,6685
C17orf75,5.7775008e-08,dense_mlp,6686
TXNDC16,5.7774525e-08,dense_mlp,6687
ZNF330,5.775985e-08,dense_mlp,6688
TIAF1,5.7721543e-08,dense_mlp,6689
ANKRD12,5.7711773e-08,dense_mlp,6690
GLIPR2,5.7699598e-08,dense_mlp,6691
NOVA1,5.7697e-08,dense_mlp,6692
CIC,5.769024e-08,dense_mlp,6693
CYREN,5.7679472e-08,dense_mlp,6694
CFAP298,5.7662433e-08,dense_mlp,6695
ARRDC1,5.7642826e-08,dense_mlp,6696
EXD2,5.762777e-08,dense_mlp,6697
TBCEL,5.7613132e-08,dense_mlp,6698
TRMT2A,5.7602385e-08,dense_mlp,6699
HSDL2,5.7592594e-08,dense_mlp,6700
RELCH,5.758956e-08,dense_mlp,6701
CBLN1,5.7588533e-08,dense_mlp,6702
TOGARAM1,5.7572365e-08,dense_mlp,6703
C16orf72,5.756189e-08,dense_mlp,6704
TATDN1,5.7547044e-08,dense_mlp,6705
CALY,5.754586e-08,dense_mlp,6706
TMEM254,5.753643e-08,dense_mlp,6707
TMEM121B,5.7484257e-08,dense_mlp,6708
GABPB1,5.748188e-08,dense_mlp,6709
SCYL1,5.748159e-08,dense_mlp,6710
PLAGL2,5.7481085e-08,dense_mlp,6711
ZBTB12,5.7446066e-08,dense_mlp,6712
ZNF512,5.743088e-08,dense_mlp,6713
RPF1,5.742797e-08,dense_mlp,6714
TRNAU1AP,5.737279e-08,dense_mlp,6715
ANKRD54,5.7346277e-08,dense_mlp,6716
NOL8,5.733567e-08,dense_mlp,6717
STIMATE,5.733102e-08,dense_mlp,6718
LINS1,5.7309297e-08,dense_mlp,6719
SECISBP2L,5.7300873e-08,dense_mlp,6720
TSR2,5.729805e-08,dense_mlp,6721
PPP1R35,5.7280403e-08,dense_mlp,6722
FLVCR1,5.7221573e-08,dense_mlp,6723
ACP1,5.7216532e-08,dense_mlp,6724
KCTD9,5.718728e-08,dense_mlp,6725
R3HDM4,5.7156676e-08,dense_mlp,6726
PDZRN3,5.710196e-08,dense_mlp,6727
SDF2L1,5.7084794e-08,dense_mlp,6728
ZBTB22,5.7077102e-08,dense_mlp,6729
FAM214A,5.7073876e-08,dense_mlp,6730
TMEM41B,5.7057047e-08,dense_mlp,6731
AMZ2,5.7030466e-08,dense_mlp,6732
RC3H1,5.7004367e-08,dense_mlp,6733
TTI1,5.700375e-08,dense_mlp,6734
HECTD4,5.6999774e-08,dense_mlp,6735
XPR1,5.6992057e-08,dense_mlp,6736
SEMA4B,5.6961095e-08,dense_mlp,6737
R3HCC1,5.694484e-08,dense_mlp,6738
DMXL2,5.693612e-08,dense_mlp,6739
SCNM1,5.6896134e-08,dense_mlp,6740
QRICH1,5.6876914e-08,dense_mlp,6741
PKIA,5.686837e-08,dense_mlp,6742
ZNF879,5.6866945e-08,dense_mlp,6743
ZNF695,5.6856678e-08,dense_mlp,6744
NAT14,5.6855566e-08,dense_mlp,6745
TACC2,5.6841415e-08,dense_mlp,6746
VARS,5.6834047e-08,dense_mlp,6747
RNF13,5.6812134e-08,dense_mlp,6748
ZCCHC24,5.6804325e-08,dense_mlp,6749
CCDC93,5.6775857e-08,dense_mlp,6750
NCBP2AS2,5.676078e-08,dense_mlp,6751
CYB561A3,5.6759365e-08,dense_mlp,6752
HPS5,5.6758303e-08,dense_mlp,6753
WDR13,5.67499e-08,dense_mlp,6754
PPP1R7,5.6738877e-08,dense_mlp,6755
STRN3,5.6717635e-08,dense_mlp,6756
CMSS1,5.6713112e-08,dense_mlp,6757
TEX261,5.6690443e-08,dense_mlp,6758
ZCCHC4,5.6686055e-08,dense_mlp,6759
MARCH6,5.666664e-08,dense_mlp,6760
C1orf162,5.666588e-08,dense_mlp,6761
CCDC28B,5.6662866e-08,dense_mlp,6762
CSRNP3,5.6644016e-08,dense_mlp,6763
EMP1,5.664242e-08,dense_mlp,6764
BORCS8,5.6639742e-08,dense_mlp,6765
ZNHIT1,5.6607522e-08,dense_mlp,6766
AKNA,5.659645e-08,dense_mlp,6767
WDFY3,5.6589773e-08,dense_mlp,6768
KIAA2026,5.654944e-08,dense_mlp,6769
SOCS7,5.6543392e-08,dense_mlp,6770
ZNF384,5.65292e-08,dense_mlp,6771
KLHL15,5.6509357e-08,dense_mlp,6772
ZNRD1,5.649514e-08,dense_mlp,6773
MYCBP2,5.6495093e-08,dense_mlp,6774
C12orf10,5.6481472e-08,dense_mlp,6775
PRR14,5.6481262e-08,dense_mlp,6776
THYN1,5.6471663e-08,dense_mlp,6777
TTC37,5.641736e-08,dense_mlp,6778
NES,5.64171e-08,dense_mlp,6779
LSG1,5.640815e-08,dense_mlp,6780
TANC2,5.633998e-08,dense_mlp,6781
C12orf4,5.633231e-08,dense_mlp,6782
VSIR,5.630109e-08,dense_mlp,6783
MED12L,5.6287703e-08,dense_mlp,6784
PTPRM,5.6272654e-08,dense_mlp,6785
PAQR9,5.627186e-08,dense_mlp,6786
STX2,5.626925e-08,dense_mlp,6787
ERC2,5.6220724e-08,dense_mlp,6788
EMC8,5.6207277e-08,dense_mlp,6789
ZNF276,5.619676e-08,dense_mlp,6790
NKAIN1,5.618492e-08,dense_mlp,6791
CLN5,5.6176003e-08,dense_mlp,6792
SLC22A24,5.6158946e-08,dense_mlp,6793
PCDHB13,5.6067467e-08,dense_mlp,6794
SCAND1,5.604412e-08,dense_mlp,6795
C21orf91,5.603573e-08,dense_mlp,6796
TBC1D5,5.60303e-08,dense_mlp,6797
MPDZ,5.6004104e-08,dense_mlp,6798
KCNJ13,5.600196e-08,dense_mlp,6799
ROMO1,5.599892e-08,dense_mlp,6800
RERE,5.5962104e-08,dense_mlp,6801
RABAC1,5.595825e-08,dense_mlp,6802
PTPRG,5.593605e-08,dense_mlp,6803
HEXIM1,5.5881063e-08,dense_mlp,6804
XXYLT1,5.587335e-08,dense_mlp,6805
TMEM209,5.5866387e-08,dense_mlp,6806
GNL1,5.5844456e-08,dense_mlp,6807
UBN2,5.5833905e-08,dense_mlp,6808
VN1R1,5.580374e-08,dense_mlp,6809
TSPAN11,5.577003e-08,dense_mlp,6810
PRR14L,5.5768357e-08,dense_mlp,6811
SLC25A38,5.5744547e-08,dense_mlp,6812
STIL,5.5734912e-08,dense_mlp,6813
TTC33,5.5724797e-08,dense_mlp,6814
MXI1,5.572306e-08,dense_mlp,6815
SFMBT1,5.571162e-08,dense_mlp,6816
SSH1,5.5706916e-08,dense_mlp,6817
PEPD,5.569614e-08,dense_mlp,6818
YARS,5.568283e-08,dense_mlp,6819
ARL5A,5.565256e-08,dense_mlp,6820
FAM98A,5.5646677e-08,dense_mlp,6821
CACFD1,5.564222e-08,dense_mlp,6822
URB1,5.564144e-08,dense_mlp,6823
TMEM259,5.5634565e-08,dense_mlp,6824
TIGD7,5.5612585e-08,dense_mlp,6825
TMEM218,5.5607796e-08,dense_mlp,6826
SPTY2D1OS,5.5592448e-08,dense_mlp,6827
SLC35F5,5.5569934e-08,dense_mlp,6828
MFSD10,5.556922e-08,dense_mlp,6829
CPLX2,5.556269e-08,dense_mlp,6830
CREBL2,5.5556754e-08,dense_mlp,6831
MEGF9,5.5497765e-08,dense_mlp,6832
DARS,5.5479855e-08,dense_mlp,6833
TEPSIN,5.5453693e-08,dense_mlp,6834
CCDC167,5.5422635e-08,dense_mlp,6835
EFR3A,5.5414684e-08,dense_mlp,6836
SEPTIN5,5.540152e-08,dense_mlp,6837
TTF2,5.539813e-08,dense_mlp,6838
SNX15,5.539503e-08,dense_mlp,6839
LRCH3,5.5394928e-08,dense_mlp,6840
SHF,5.538661e-08,dense_mlp,6841
KIAA0895,5.537804e-08,dense_mlp,6842
ZNF800,5.5353297e-08,dense_mlp,6843
C5orf51,5.5336614e-08,dense_mlp,6844
ZDHHC17,5.532813e-08,dense_mlp,6845
CCDC43,5.5301644e-08,dense_mlp,6846
TRIM47,5.5299736e-08,dense_mlp,6847
SWT1,5.528057e-08,dense_mlp,6848
IFRD1,5.527861e-08,dense_mlp,6849
OARD1,5.5269386e-08,dense_mlp,6850
SLC30A4,5.524661e-08,dense_mlp,6851
TMEM263,5.515747e-08,dense_mlp,6852
ADGRL3,5.5155606e-08,dense_mlp,6853
PHF14,5.512937e-08,dense_mlp,6854
PTK7,5.5085977e-08,dense_mlp,6855
MECP2,5.508525e-08,dense_mlp,6856
KANSL1L,5.5079582e-08,dense_mlp,6857
YIPF3,5.50624e-08,dense_mlp,6858
LCOR,5.50459e-08,dense_mlp,6859
FAM53C,5.5044946e-08,dense_mlp,6860
MXRA7,5.5026696e-08,dense_mlp,6861
LRRC28,5.4998353e-08,dense_mlp,6862
MAP7D1,5.4958324e-08,dense_mlp,6863
C8orf33,5.495767e-08,dense_mlp,6864
CLASRP,5.495234e-08,dense_mlp,6865
TTC27,5.4944685e-08,dense_mlp,6866
WDR54,5.4932855e-08,dense_mlp,6867
CELF2,5.4927384e-08,dense_mlp,6868
C11orf24,5.4919166e-08,dense_mlp,6869
VPS8,5.491916e-08,dense_mlp,6870
ZNF836,5.487665e-08,dense_mlp,6871
NETO2,5.485278e-08,dense_mlp,6872
IRGM,5.4845188e-08,dense_mlp,6873
GHITM,5.481589e-08,dense_mlp,6874
CNN3,5.4812208e-08,dense_mlp,6875
MITD1,5.4803532e-08,dense_mlp,6876
SYNRG,5.4799685e-08,dense_mlp,6877
PRADC1,5.4789712e-08,dense_mlp,6878
SLC25A36,5.4771782e-08,dense_mlp,6879
EHBP1L1,5.4758086e-08,dense_mlp,6880
ELOF1,5.471341e-08,dense_mlp,6881
FKBP10,5.4708234e-08,dense_mlp,6882
REXO4,5.4706057e-08,dense_mlp,6883
CORO1C,5.4638452e-08,dense_mlp,6884
ZNF609,5.4626337e-08,dense_mlp,6885
SNX29,5.4616937e-08,dense_mlp,6886
SETD4,5.4611622e-08,dense_mlp,6887
SCAMP4,5.4607966e-08,dense_mlp,6888
C2orf68,5.458726e-08,dense_mlp,6889
C12orf65,5.4581232e-08,dense_mlp,6890
EIF2A,5.4567927e-08,dense_mlp,6891
DDX27,5.4522467e-08,dense_mlp,6892
PNMA1,5.4521415e-08,dense_mlp,6893
ATF7,5.4518363e-08,dense_mlp,6894
PPM1G,5.4508302e-08,dense_mlp,6895
TEDC2,5.4501573e-08,dense_mlp,6896
MORC3,5.4498315e-08,dense_mlp,6897
GSR,5.4490435e-08,dense_mlp,6898
KIF1BP,5.44753e-08,dense_mlp,6899
DPY19L4,5.4461342e-08,dense_mlp,6900
FAM111B,5.4445998e-08,dense_mlp,6901
MAP4K3,5.4382024e-08,dense_mlp,6902
ST7L,5.4363994e-08,dense_mlp,6903
NUMBL,5.4354615e-08,dense_mlp,6904
ARL6IP4,5.4346927e-08,dense_mlp,6905
OTUD6B,5.433915e-08,dense_mlp,6906
PRUNE1,5.4317994e-08,dense_mlp,6907
ANKRD10,5.4300564e-08,dense_mlp,6908
UNC50,5.4291696e-08,dense_mlp,6909
TMX1,5.4286826e-08,dense_mlp,6910
RSL1D1,5.4280342e-08,dense_mlp,6911
PLCL2,5.425887e-08,dense_mlp,6912
NACC1,5.425669e-08,dense_mlp,6913
SARS,5.424749e-08,dense_mlp,6914
PWP1,5.420744e-08,dense_mlp,6915
UHRF1BP1,5.4197596e-08,dense_mlp,6916
CALCOCO2,5.4153052e-08,dense_mlp,6917
AKIRIN1,5.4140084e-08,dense_mlp,6918
NAA25,5.413989e-08,dense_mlp,6919
SEC14L1,5.4131466e-08,dense_mlp,6920
KIAA0753,5.4119894e-08,dense_mlp,6921
NETO1,5.4111112e-08,dense_mlp,6922
REXO1,5.409186e-08,dense_mlp,6923
C19orf47,5.4074704e-08,dense_mlp,6924
RALGPS2,5.4072917e-08,dense_mlp,6925
NTPCR,5.404054e-08,dense_mlp,6926
CGGBP1,5.395035e-08,dense_mlp,6927
SNX1,5.393896e-08,dense_mlp,6928
CDC123,5.3900088e-08,dense_mlp,6929
MEX3A,5.3883642e-08,dense_mlp,6930
PCDHA9,5.384899e-08,dense_mlp,6931
RNF112,5.381836e-08,dense_mlp,6932
SLC46A3,5.381086e-08,dense_mlp,6933
WDFY1,5.379767e-08,dense_mlp,6934
CHAF1A,5.379307e-08,dense_mlp,6935
VEZT,5.3792967e-08,dense_mlp,6936
ZNF292,5.3776898e-08,dense_mlp,6937
KXD1,5.3764296e-08,dense_mlp,6938
DPP6,5.3757212e-08,dense_mlp,6939
ZXDC,5.3738074e-08,dense_mlp,6940
WDR89,5.364339e-08,dense_mlp,6941
UBTD2,5.3571362e-08,dense_mlp,6942
ZNF345,5.3569522e-08,dense_mlp,6943
ANKRD49,5.3565092e-08,dense_mlp,6944
PCDHB10,5.3555645e-08,dense_mlp,6945
ZNF358,5.354926e-08,dense_mlp,6946
HIST1H2BN,5.3548092e-08,dense_mlp,6947
TOB1,5.353111e-08,dense_mlp,6948
HIST1H2BH,5.3521184e-08,dense_mlp,6949
NAT9,5.35144e-08,dense_mlp,6950
SESTD1,5.350552e-08,dense_mlp,6951
ZNF829,5.349844e-08,dense_mlp,6952
BRI3BP,5.347325e-08,dense_mlp,6953
CEP85,5.3458407e-08,dense_mlp,6954
ZNF783,5.344669e-08,dense_mlp,6955
NENF,5.343965e-08,dense_mlp,6956
SMIM26,5.3439276e-08,dense_mlp,6957
C9orf64,5.3431425e-08,dense_mlp,6958
GMEB1,5.3407614e-08,dense_mlp,6959
NFE2L1,5.3396466e-08,dense_mlp,6960
DTWD1,5.3396214e-08,dense_mlp,6961
HERPUD2,5.3389943e-08,dense_mlp,6962
ZDHHC16,5.3383566e-08,dense_mlp,6963
FAM219B,5.337739e-08,dense_mlp,6964
ATG2B,5.337728e-08,dense_mlp,6965
CMTM4,5.337479e-08,dense_mlp,6966
GRAMD4,5.335916e-08,dense_mlp,6967
REEP3,5.335773e-08,dense_mlp,6968
CARF,5.3342408e-08,dense_mlp,6969
TRAFD1,5.3330435e-08,dense_mlp,6970
SAC3D1,5.329245e-08,dense_mlp,6971
NUDT22,5.3289728e-08,dense_mlp,6972
LAPTM4A,5.3222028e-08,dense_mlp,6973
RABGAP1L,5.3217178e-08,dense_mlp,6974
ANKRD16,5.3214183e-08,dense_mlp,6975
CCDC71,5.321251e-08,dense_mlp,6976
RELL1,5.3199877e-08,dense_mlp,6977
RCN3,5.3185754e-08,dense_mlp,6978
CFAP20,5.3167934e-08,dense_mlp,6979
YAE1,5.310916e-08,dense_mlp,6980
DDX24,5.3098628e-08,dense_mlp,6981
ZNF275,5.3087142e-08,dense_mlp,6982
KIAA0232,5.3072736e-08,dense_mlp,6983
ALKBH4,5.3041568e-08,dense_mlp,6984
PNKD,5.303932e-08,dense_mlp,6985
C19orf25,5.302415e-08,dense_mlp,6986
ZC2HC1A,5.3019036e-08,dense_mlp,6987
ZNF587B,5.2949495e-08,dense_mlp,6988
SELENOO,5.2945268e-08,dense_mlp,6989
HIST1H1C,5.2940084e-08,dense_mlp,6990
NCL,5.291845e-08,dense_mlp,6991
IGSF11,5.2914363e-08,dense_mlp,6992
ZNF507,5.290788e-08,dense_mlp,6993
ANKS1A,5.2887312e-08,dense_mlp,6994
REEP5,5.288312e-08,dense_mlp,6995
WRNIP1,5.2870543e-08,dense_mlp,6996
ZBTB34,5.2866092e-08,dense_mlp,6997
ST5,5.285452e-08,dense_mlp,6998
TMEM167B,5.2850154e-08,dense_mlp,6999
CEP120,5.2849156e-08,dense_mlp,7000
ICA1,5.282397e-08,dense_mlp,7001
ZBTB1,5.2823204e-08,dense_mlp,7002
TNRC18,5.282091e-08,dense_mlp,7003
SPIN1,5.2813608e-08,dense_mlp,7004
GRIPAP1,5.2804566e-08,dense_mlp,7005
CARHSP1,5.280453e-08,dense_mlp,7006
TMEM240,5.280013e-08,dense_mlp,7007
BRSK1,5.274983e-08,dense_mlp,7008
TMEM143,5.2742653e-08,dense_mlp,7009
BBX,5.269995e-08,dense_mlp,7010
SLC30A6,5.2695743e-08,dense_mlp,7011
C4orf48,5.266273e-08,dense_mlp,7012
WARS,5.2659363e-08,dense_mlp,7013
TMEM59L,5.263785e-08,dense_mlp,7014
NOL3,5.261956e-08,dense_mlp,7015
FOXN2,5.2594807e-08,dense_mlp,7016
DCLK2,5.2578176e-08,dense_mlp,7017
NOA1,5.2523813e-08,dense_mlp,7018
ITFG1,5.2513116e-08,dense_mlp,7019
HELZ,5.2511055e-08,dense_mlp,7020
HEMK1,5.250412e-08,dense_mlp,7021
ENDOV,5.2475674e-08,dense_mlp,7022
DCHS1,5.2465047e-08,dense_mlp,7023
WDR37,5.2458656e-08,dense_mlp,7024
KIAA1143,5.244834e-08,dense_mlp,7025
NAP1L5,5.2431155e-08,dense_mlp,7026
SPG11,5.2422767e-08,dense_mlp,7027
TIPRL,5.2416024e-08,dense_mlp,7028
C1orf109,5.241277e-08,dense_mlp,7029
LRIG2,5.2397112e-08,dense_mlp,7030
ILRUN,5.2382447e-08,dense_mlp,7031
ETV1,5.2373114e-08,dense_mlp,7032
FHDC1,5.237222e-08,dense_mlp,7033
EPC2,5.236638e-08,dense_mlp,7034
CLYBL,5.2356963e-08,dense_mlp,7035
PNMA2,5.230749e-08,dense_mlp,7036
ABCF3,5.229858e-08,dense_mlp,7037
INKA1,5.2286588e-08,dense_mlp,7038
ZPBP,5.2285607e-08,dense_mlp,7039
CAND2,5.2284854e-08,dense_mlp,7040
AKIRIN2,5.228147e-08,dense_mlp,7041
TNFRSF19,5.2268614e-08,dense_mlp,7042
ETAA1,5.2263168e-08,dense_mlp,7043
JMJD8,5.2231773e-08,dense_mlp,7044
DPP9,5.2230376e-08,dense_mlp,7045
GTPBP6,5.220634e-08,dense_mlp,7046
KMT2E,5.2193435e-08,dense_mlp,7047
PABPC4,5.2191222e-08,dense_mlp,7048
GTF2I,5.2182997e-08,dense_mlp,7049
CSE1L,5.2178425e-08,dense_mlp,7050
THAP4,5.2163443e-08,dense_mlp,7051
MAP1A,5.2130087e-08,dense_mlp,7052
H1F0,5.2111403e-08,dense_mlp,7053
POLDIP2,5.2088613e-08,dense_mlp,7054
SNX24,5.2079752e-08,dense_mlp,7055
RO60,5.2066568e-08,dense_mlp,7056
OXSR1,5.206e-08,dense_mlp,7057
RPAP3,5.2044243e-08,dense_mlp,7058
TRMT1L,5.201087e-08,dense_mlp,7059
AC092835.1,5.2007394e-08,dense_mlp,7060
AFAP1,5.2003216e-08,dense_mlp,7061
RIC3,5.199632e-08,dense_mlp,7062
TMEM199,5.1976325e-08,dense_mlp,7063
JPT2,5.1952366e-08,dense_mlp,7064
AGAP3,5.1947207e-08,dense_mlp,7065
INA,5.1944237e-08,dense_mlp,7066
SLC39A11,5.1921926e-08,dense_mlp,7067
BCAS3,5.191889e-08,dense_mlp,7068
TMEM170B,5.190769e-08,dense_mlp,7069
KCTD17,5.187237e-08,dense_mlp,7070
SEPHS1,5.187001e-08,dense_mlp,7071
LONRF2,5.186342e-08,dense_mlp,7072
DENR,5.180043e-08,dense_mlp,7073
JTB,5.177466e-08,dense_mlp,7074
CEP350,5.175816e-08,dense_mlp,7075
NFX1,5.1732723e-08,dense_mlp,7076
ARPC5L,5.1730975e-08,dense_mlp,7077
TMEM17,5.172792e-08,dense_mlp,7078
FGFR1OP,5.1723987e-08,dense_mlp,7079
SRCIN1,5.170906e-08,dense_mlp,7080
SGSM1,5.1663335e-08,dense_mlp,7081
FAM107B,5.16588e-08,dense_mlp,7082
PCDHB14,5.1634032e-08,dense_mlp,7083
SOX12,5.159896e-08,dense_mlp,7084
DNAJC25,5.1589e-08,dense_mlp,7085
PROSER3,5.1583996e-08,dense_mlp,7086
RSAD1,5.1571757e-08,dense_mlp,7087
CCNI,5.1571515e-08,dense_mlp,7088
MANBAL,5.1563198e-08,dense_mlp,7089
TMEM35B,5.1543257e-08,dense_mlp,7090
N4BP2,5.152924e-08,dense_mlp,7091
TSKU,5.1517667e-08,dense_mlp,7092
MMP24OS,5.148509e-08,dense_mlp,7093
SRRD,5.1472835e-08,dense_mlp,7094
STRIP1,5.146843e-08,dense_mlp,7095
MFSD14A,5.1433783e-08,dense_mlp,7096
ADGRG1,5.141577e-08,dense_mlp,7097
ANKS3,5.139174e-08,dense_mlp,7098
TBC1D23,5.1372524e-08,dense_mlp,7099
FAM160B2,5.135729e-08,dense_mlp,7100
ANKIB1,5.1356466e-08,dense_mlp,7101
KCTD11,5.135075e-08,dense_mlp,7102
PAXX,5.1321486e-08,dense_mlp,7103
RTL8C,5.1301313e-08,dense_mlp,7104
PCDHGC3,5.128739e-08,dense_mlp,7105
GFOD2,5.128311e-08,dense_mlp,7106
ZNF280B,5.1270053e-08,dense_mlp,7107
DNTTIP2,5.1268184e-08,dense_mlp,7108
MPLKIP,5.1247753e-08,dense_mlp,7109
SLCO5A1,5.1242594e-08,dense_mlp,7110
CTIF,5.120572e-08,dense_mlp,7111
TBRG1,5.1176098e-08,dense_mlp,7112
CELF1,5.111648e-08,dense_mlp,7113
OGA,5.111229e-08,dense_mlp,7114
CAMK1D,5.1110003e-08,dense_mlp,7115
NAP1L4,5.1106245e-08,dense_mlp,7116
AKIP1,5.10645e-08,dense_mlp,7117
APPL2,5.1042914e-08,dense_mlp,7118
YY1AP1,5.100954e-08,dense_mlp,7119
SNX12,5.100581e-08,dense_mlp,7120
GCAT,5.100353e-08,dense_mlp,7121
PWWP3A,5.0974045e-08,dense_mlp,7122
NKAIN4,5.095948e-08,dense_mlp,7123
KHDC4,5.093978e-08,dense_mlp,7124
EMSY,5.0933565e-08,dense_mlp,7125
CCDC149,5.0923177e-08,dense_mlp,7126
TMEM35A,5.0892723e-08,dense_mlp,7127
NREP,5.087674e-08,dense_mlp,7128
BEX1,5.087401e-08,dense_mlp,7129
ITPRID2,5.0847532e-08,dense_mlp,7130
G2E3,5.0788053e-08,dense_mlp,7131
FHOD3,5.0776855e-08,dense_mlp,7132
FAM122B,5.0776393e-08,dense_mlp,7133
XBP1,5.076456e-08,dense_mlp,7134
CCDC50,5.0754526e-08,dense_mlp,7135
TTC32,5.073243e-08,dense_mlp,7136
GUF1,5.0722978e-08,dense_mlp,7137
EIPR1,5.072176e-08,dense_mlp,7138
JPH3,5.0714586e-08,dense_mlp,7139
GON4L,5.0690808e-08,dense_mlp,7140
ERGIC1,5.0685756e-08,dense_mlp,7141
AFTPH,5.0685504e-08,dense_mlp,7142
ACYP2,5.067853e-08,dense_mlp,7143
MAP1S,5.0675567e-08,dense_mlp,7144
MXD1,5.0666934e-08,dense_mlp,7145
CRELD1,5.0623218e-08,dense_mlp,7146
SLF2,5.0607778e-08,dense_mlp,7147
LARP7,5.059531e-08,dense_mlp,7148
GPR89B,5.057213e-08,dense_mlp,7149
SGSM3,5.056079e-08,dense_mlp,7150
CIRBP,5.0557727e-08,dense_mlp,7151
CAPRIN1,5.0543836e-08,dense_mlp,7152
CELF3,5.054286e-08,dense_mlp,7153
NUDT9,5.0512018e-08,dense_mlp,7154
NOL7,5.049817e-08,dense_mlp,7155
SELENON,5.0490208e-08,dense_mlp,7156
C1orf21,5.0482683e-08,dense_mlp,7157
CDK14,5.0481876e-08,dense_mlp,7158
AGFG2,5.0442882e-08,dense_mlp,7159
ZNF841,5.042879e-08,dense_mlp,7160
SNX14,5.0392988e-08,dense_mlp,7161
ZSWIM7,5.0392092e-08,dense_mlp,7162
MIER1,5.0360665e-08,dense_mlp,7163
C16orf91,5.0325138e-08,dense_mlp,7164
USP32,5.0315336e-08,dense_mlp,7165
CDKN2AIPNL,5.0286967e-08,dense_mlp,7166
DDX10,5.0243266e-08,dense_mlp,7167
ZFYVE9,5.0236324e-08,dense_mlp,7168
C6orf62,5.0236217e-08,dense_mlp,7169
R3HDM1,5.017759e-08,dense_mlp,7170
FAM3A,5.0145466e-08,dense_mlp,7171
ZFP82,5.0117634e-08,dense_mlp,7172
AHSA1,5.011595e-08,dense_mlp,7173
BTBD8,5.010923e-08,dense_mlp,7174
GIGYF1,5.0091153e-08,dense_mlp,7175
PCDH10,5.0018397e-08,dense_mlp,7176
RFWD3,4.998462e-08,dense_mlp,7177
API5,4.994075e-08,dense_mlp,7178
LMBR1L,4.99172e-08,dense_mlp,7179
NSG1,4.983021e-08,dense_mlp,7180
MKNK2,4.982835e-08,dense_mlp,7181
MAP2,4.9826692e-08,dense_mlp,7182
FUBP1,4.982449e-08,dense_mlp,7183
ERH,4.9766385e-08,dense_mlp,7184
KCTD10,4.9748248e-08,dense_mlp,7185
SETBP1,4.9741914e-08,dense_mlp,7186
PHF23,4.9720995e-08,dense_mlp,7187
ZMYM4,4.9715624e-08,dense_mlp,7188
MSANTD2,4.968392e-08,dense_mlp,7189
GATAD1,4.9643408e-08,dense_mlp,7190
TMX2,4.9643283e-08,dense_mlp,7191
TXNDC12,4.9633698e-08,dense_mlp,7192
SLC35B1,4.9627225e-08,dense_mlp,7193
ERC1,4.9618126e-08,dense_mlp,7194
C11orf54,4.9596316e-08,dense_mlp,7195
TM2D1,4.958341e-08,dense_mlp,7196
MACF1,4.9569465e-08,dense_mlp,7197
PURG,4.954799e-08,dense_mlp,7198
TSPYL4,4.9507356e-08,dense_mlp,7199
METTL15,4.94978e-08,dense_mlp,7200
ZZEF1,4.9491877e-08,dense_mlp,7201
NUDCD2,4.9482498e-08,dense_mlp,7202
SUGP2,4.9451053e-08,dense_mlp,7203
ZFHX2,4.9443386e-08,dense_mlp,7204
ZCCHC3,4.9392774e-08,dense_mlp,7205
ENHO,4.936436e-08,dense_mlp,7206
FAM172A,4.9352437e-08,dense_mlp,7207
NPAT,4.9351e-08,dense_mlp,7208
MTSS1,4.933786e-08,dense_mlp,7209
TMEM175,4.93363e-08,dense_mlp,7210
FAM53B,4.933279e-08,dense_mlp,7211
POC1B,4.932009e-08,dense_mlp,7212
OGFOD2,4.9297853e-08,dense_mlp,7213
RPAP1,4.9292506e-08,dense_mlp,7214
EIF1AD,4.9273325e-08,dense_mlp,7215
PGBD1,4.9268838e-08,dense_mlp,7216
MELK,4.9263353e-08,dense_mlp,7217
MLF2,4.9260915e-08,dense_mlp,7218
SINHCAF,4.92462e-08,dense_mlp,7219
SAMD4B,4.9238285e-08,dense_mlp,7220
KLHDC2,4.916626e-08,dense_mlp,7221
TBCCD1,4.9101253e-08,dense_mlp,7222
YIF1B,4.9099835e-08,dense_mlp,7223
PBXIP1,4.9073847e-08,dense_mlp,7224
ELAVL4,4.907351e-08,dense_mlp,7225
SYBU,4.9038828e-08,dense_mlp,7226
DPY19L3,4.9032415e-08,dense_mlp,7227
ANKHD1,4.9005987e-08,dense_mlp,7228
ZDHHC15,4.9004775e-08,dense_mlp,7229
TRMT2B,4.9003e-08,dense_mlp,7230
HMCES,4.893145e-08,dense_mlp,7231
TMEM205,4.8908994e-08,dense_mlp,7232
C14orf119,4.8895537e-08,dense_mlp,7233
CSDE1,4.8882715e-08,dense_mlp,7234
UMAD1,4.886549e-08,dense_mlp,7235
FAM192A,4.8854826e-08,dense_mlp,7236
RBM23,4.8824475e-08,dense_mlp,7237
KLF12,4.881037e-08,dense_mlp,7238
LDLRAD4,4.880653e-08,dense_mlp,7239
INKA2,4.8767074e-08,dense_mlp,7240
TMEM65,4.876039e-08,dense_mlp,7241
TSTA3,4.87492e-08,dense_mlp,7242
YIPF2,4.8746976e-08,dense_mlp,7243
BCCIP,4.8740908e-08,dense_mlp,7244
MYT1,4.8703864e-08,dense_mlp,7245
NDRG3,4.8694524e-08,dense_mlp,7246
ANKRD7,4.8689266e-08,dense_mlp,7247
METTL9,4.8663548e-08,dense_mlp,7248
ZER1,4.8649078e-08,dense_mlp,7249
WASHC4,4.8644367e-08,dense_mlp,7250
TMEM138,4.8632767e-08,dense_mlp,7251
ATRN,4.8608253e-08,dense_mlp,7252
C2orf49,4.8603898e-08,dense_mlp,7253
CRYZL1,4.8595428e-08,dense_mlp,7254
ANKRD42,4.852106e-08,dense_mlp,7255
RRP15,4.8514483e-08,dense_mlp,7256
PCDHB2,4.8477553e-08,dense_mlp,7257
KHDC1,4.845638e-08,dense_mlp,7258
BCL2L13,4.844741e-08,dense_mlp,7259
PNISR,4.843142e-08,dense_mlp,7260
PRRC2B,4.8414982e-08,dense_mlp,7261
NAV1,4.8405457e-08,dense_mlp,7262
ZNF444,4.840042e-08,dense_mlp,7263
PPP1R9B,4.8383043e-08,dense_mlp,7264
RMND1,4.838144e-08,dense_mlp,7265
LIMCH1,4.8347466e-08,dense_mlp,7266
FOXP4,4.832769e-08,dense_mlp,7267
FRMD5,4.8320725e-08,dense_mlp,7268
NHSL1,4.8305413e-08,dense_mlp,7269
UBAP2L,4.8294325e-08,dense_mlp,7270
CDR2L,4.8274075e-08,dense_mlp,7271
TAGLN3,4.8270135e-08,dense_mlp,7272
SH3GLB1,4.825327e-08,dense_mlp,7273
ITGB1BP1,4.8226944e-08,dense_mlp,7274
CLEC16A,4.8196707e-08,dense_mlp,7275
RFX5,4.8176002e-08,dense_mlp,7276
TPRA1,4.8168392e-08,dense_mlp,7277
SNRK,4.8130236e-08,dense_mlp,7278
TMEM8A,4.8124253e-08,dense_mlp,7279
TMEM50A,4.8080317e-08,dense_mlp,7280
NOC3L,4.802394e-08,dense_mlp,7281
GAL3ST4,4.801858e-08,dense_mlp,7282
IAH1,4.80061e-08,dense_mlp,7283
ZNF594,4.800093e-08,dense_mlp,7284
RANBP3,4.7991207e-08,dense_mlp,7285
ZFR,4.7972694e-08,dense_mlp,7286
SETX,4.7939306e-08,dense_mlp,7287
DIPK1A,4.7911822e-08,dense_mlp,7288
GXYLT1,4.7874476e-08,dense_mlp,7289
UTP23,4.7773014e-08,dense_mlp,7290
TMEM141,4.7761922e-08,dense_mlp,7291
ABHD11,4.7748394e-08,dense_mlp,7292
ZNF329,4.773429e-08,dense_mlp,7293
PPP2R3C,4.772655e-08,dense_mlp,7294
PCIF1,4.7676583e-08,dense_mlp,7295
ZNF524,4.7672952e-08,dense_mlp,7296
PCNX1,4.7672398e-08,dense_mlp,7297
GASK1A,4.7666866e-08,dense_mlp,7298
SFXN2,4.7659263e-08,dense_mlp,7299
NOL4,4.7657064e-08,dense_mlp,7300
GLCCI1,4.761703e-08,dense_mlp,7301
PCDHB3,4.7586926e-08,dense_mlp,7302
TEFM,4.7586067e-08,dense_mlp,7303
ALKBH7,4.7476167e-08,dense_mlp,7304
FAM234A,4.7468703e-08,dense_mlp,7305
RNF10,4.746104e-08,dense_mlp,7306
PYM1,4.7451124e-08,dense_mlp,7307
RAPH1,4.743426e-08,dense_mlp,7308
TSPAN13,4.735367e-08,dense_mlp,7309
TCP11L1,4.732086e-08,dense_mlp,7310
CCDC9B,4.7253955e-08,dense_mlp,7311
CDAN1,4.724602e-08,dense_mlp,7312
TENT2,4.7244722e-08,dense_mlp,7313
CCDC84,4.7243002e-08,dense_mlp,7314
B3GNT10,4.72425e-08,dense_mlp,7315
TM9SF1,4.7222375e-08,dense_mlp,7316
ACVR1,4.7204914e-08,dense_mlp,7317
PRRC1,4.7189932e-08,dense_mlp,7318
FBXL6,4.7164516e-08,dense_mlp,7319
SCAMP5,4.715233e-08,dense_mlp,7320
NUTF2,4.7130502e-08,dense_mlp,7321
C3orf38,4.711023e-08,dense_mlp,7322
PALM,4.704661e-08,dense_mlp,7323
SCAF8,4.6976897e-08,dense_mlp,7324
ODR4,4.6913833e-08,dense_mlp,7325
SAFB2,4.688085e-08,dense_mlp,7326
ABHD16A,4.6864514e-08,dense_mlp,7327
BTBD2,4.6854595e-08,dense_mlp,7328
MMD,4.6845077e-08,dense_mlp,7329
RNF180,4.683519e-08,dense_mlp,7330
MBNL1,4.682461e-08,dense_mlp,7331
RHBDD2,4.6816762e-08,dense_mlp,7332
ZC3H7A,4.6799617e-08,dense_mlp,7333
SLC37A3,4.6796103e-08,dense_mlp,7334
NVL,4.6767354e-08,dense_mlp,7335
CCSAP,4.6765546e-08,dense_mlp,7336
FAM168A,4.6722192e-08,dense_mlp,7337
TMEM182,4.672023e-08,dense_mlp,7338
ZNF654,4.6680764e-08,dense_mlp,7339
DIDO1,4.667677e-08,dense_mlp,7340
H2AFY2,4.6653778e-08,dense_mlp,7341
EID2,4.6653454e-08,dense_mlp,7342
TRIM44,4.6632454e-08,dense_mlp,7343
TMUB2,4.6604356e-08,dense_mlp,7344
SEPTIN3,4.657948e-08,dense_mlp,7345
ZNF24,4.656482e-08,dense_mlp,7346
GSTCD,4.6561883e-08,dense_mlp,7347
SMARCA1,4.653552e-08,dense_mlp,7348
TOR3A,4.6535106e-08,dense_mlp,7349
SPIRE1,4.6529344e-08,dense_mlp,7350
TRIM52,4.6506113e-08,dense_mlp,7351
ARGLU1,4.649767e-08,dense_mlp,7352
TSC22D2,4.6490246e-08,dense_mlp,7353
GABPB2,4.6484242e-08,dense_mlp,7354
EMC7,4.6466006e-08,dense_mlp,7355
THAP9,4.64606e-08,dense_mlp,7356
APBB3,4.6432422e-08,dense_mlp,7357
ATMIN,4.635921e-08,dense_mlp,7358
GNL3L,4.622488e-08,dense_mlp,7359
TCTEX1D2,4.622086e-08,dense_mlp,7360
CREB1,4.6169056e-08,dense_mlp,7361
ZCCHC18,4.6167234e-08,dense_mlp,7362
TMEM161B,4.6143004e-08,dense_mlp,7363
HMGN4,4.6127738e-08,dense_mlp,7364
TM2D2,4.6121016e-08,dense_mlp,7365
WDSUB1,4.6116064e-08,dense_mlp,7366
ZNF146,4.6110134e-08,dense_mlp,7367
NARS,4.6080554e-08,dense_mlp,7368
PAQR6,4.601825e-08,dense_mlp,7369
FAM162A,4.600144e-08,dense_mlp,7370
CEP170,4.5997485e-08,dense_mlp,7371
RSPRY1,4.5974236e-08,dense_mlp,7372
IPO11,4.5965884e-08,dense_mlp,7373
VXN,4.5919695e-08,dense_mlp,7374
SNX30,4.5877048e-08,dense_mlp,7375
GPR173,4.582846e-08,dense_mlp,7376
DBR1,4.5818975e-08,dense_mlp,7377
HIST1H2BB,4.5801304e-08,dense_mlp,7378
MRNIP,4.580096e-08,dense_mlp,7379
ZBTB21,4.5734218e-08,dense_mlp,7380
WDPCP,4.5672255e-08,dense_mlp,7381
MICAL3,4.56121e-08,dense_mlp,7382
XKR6,4.5610577e-08,dense_mlp,7383
FSD1,4.560212e-08,dense_mlp,7384
VPS13A,4.557996e-08,dense_mlp,7385
ASNSD1,4.557663e-08,dense_mlp,7386
ZNF428,4.5567226e-08,dense_mlp,7387
TBC1D2B,4.5562008e-08,dense_mlp,7388
FRMD4A,4.5561634e-08,dense_mlp,7389
ZHX2,4.5479705e-08,dense_mlp,7390
TOR1AIP2,4.5476778e-08,dense_mlp,7391
ANP32E,4.539425e-08,dense_mlp,7392
PMS1,4.5378602e-08,dense_mlp,7393
MLC1,4.5373227e-08,dense_mlp,7394
CDCA7L,4.536794e-08,dense_mlp,7395
GTPBP10,4.535791e-08,dense_mlp,7396
BMERB1,4.535096e-08,dense_mlp,7397
TMEM127,4.5345182e-08,dense_mlp,7398
CAMTA2,4.5333973e-08,dense_mlp,7399
KNSTRN,4.5308944e-08,dense_mlp,7400
EFL1,4.5301693e-08,dense_mlp,7401
MTG2,4.5286438e-08,dense_mlp,7402
XPO7,4.528585e-08,dense_mlp,7403
MEA1,4.5285404e-08,dense_mlp,7404
BRMS1L,4.5238956e-08,dense_mlp,7405
SPAG7,4.5154344e-08,dense_mlp,7406
XPO6,4.514315e-08,dense_mlp,7407
MINDY3,4.511571e-08,dense_mlp,7408
LRRC24,4.5115232e-08,dense_mlp,7409
TFCP2,4.5070212e-08,dense_mlp,7410
S100PBP,4.5031452e-08,dense_mlp,7411
MARCH7,4.5021995e-08,dense_mlp,7412
PDLIM2,4.5011674e-08,dense_mlp,7413
ECPAS,4.499464e-08,dense_mlp,7414
CEP95,4.492415e-08,dense_mlp,7415
TSC22D4,4.4870934e-08,dense_mlp,7416
RAD54B,4.4847162e-08,dense_mlp,7417
C1orf131,4.483321e-08,dense_mlp,7418
KLHL18,4.482287e-08,dense_mlp,7419
IVNS1ABP,4.4712028e-08,dense_mlp,7420
TOX4,4.4702034e-08,dense_mlp,7421
RBBP9,4.4646853e-08,dense_mlp,7422
NUP58,4.460015e-08,dense_mlp,7423
EI24,4.459369e-08,dense_mlp,7424
ZHX3,4.4581853e-08,dense_mlp,7425
NUFIP2,4.4560014e-08,dense_mlp,7426
SPATA20,4.4514366e-08,dense_mlp,7427
NAA20,4.4468386e-08,dense_mlp,7428
KCTD20,4.446335e-08,dense_mlp,7429
RAVER1,4.4446647e-08,dense_mlp,7430
NAA60,4.4446598e-08,dense_mlp,7431
CTDSPL2,4.444525e-08,dense_mlp,7432
YTHDF2,4.443868e-08,dense_mlp,7433
CHIC2,4.442813e-08,dense_mlp,7434
PTBP3,4.441411e-08,dense_mlp,7435
DENND11,4.4411106e-08,dense_mlp,7436
MTCH1,4.4389875e-08,dense_mlp,7437
TMEM184B,4.4263555e-08,dense_mlp,7438
GPR162,4.422333e-08,dense_mlp,7439
RMDN3,4.4211806e-08,dense_mlp,7440
NUB1,4.415605e-08,dense_mlp,7441
NUP98,4.4099913e-08,dense_mlp,7442
ZNF623,4.4088605e-08,dense_mlp,7443
BCL2L2,4.406474e-08,dense_mlp,7444
NFAT5,4.405857e-08,dense_mlp,7445
HIPK3,4.405515e-08,dense_mlp,7446
DIPK1B,4.40262e-08,dense_mlp,7447
GOLPH3,4.4013177e-08,dense_mlp,7448
EMC10,4.396269e-08,dense_mlp,7449
RITA1,4.396175e-08,dense_mlp,7450
C3orf33,4.3945477e-08,dense_mlp,7451
SPECC1L,4.39415e-08,dense_mlp,7452
ZC3H10,4.3939686e-08,dense_mlp,7453
ZMYM5,4.391738e-08,dense_mlp,7454
TMEM198,4.3818666e-08,dense_mlp,7455
ZNF32,4.3738037e-08,dense_mlp,7456
DOP1A,4.371258e-08,dense_mlp,7457
LUC7L,4.3709367e-08,dense_mlp,7458
SELENOT,4.361218e-08,dense_mlp,7459
CFAP410,4.358847e-08,dense_mlp,7460
THAP3,4.358785e-08,dense_mlp,7461
ATL1,4.3583075e-08,dense_mlp,7462
TOMM40L,4.356609e-08,dense_mlp,7463
C7orf50,4.356488e-08,dense_mlp,7464
IGSF9,4.356e-08,dense_mlp,7465
NARF,4.3530747e-08,dense_mlp,7466
RCBTB1,4.3415973e-08,dense_mlp,7467
ATXN10,4.341187e-08,dense_mlp,7468
C19orf53,4.3367947e-08,dense_mlp,7469
CTNND2,4.3358376e-08,dense_mlp,7470
CEBPZOS,4.3274127e-08,dense_mlp,7471
WDR55,4.321389e-08,dense_mlp,7472
ADPRHL2,4.3174186e-08,dense_mlp,7473
TMEM97,4.3109203e-08,dense_mlp,7474
EWSR1,4.306165e-08,dense_mlp,7475
RBM41,4.3032493e-08,dense_mlp,7476
PPP2R3A,4.3009017e-08,dense_mlp,7477
IGSF21,4.300491e-08,dense_mlp,7478
ATL3,4.296789e-08,dense_mlp,7479
PRMT2,4.2810708e-08,dense_mlp,7480
TACC1,4.2798938e-08,dense_mlp,7481
FAM122C,4.279516e-08,dense_mlp,7482
DEDD,4.2768914e-08,dense_mlp,7483
METTL5,4.276293e-08,dense_mlp,7484
VIRMA,4.2753985e-08,dense_mlp,7485
RLF,4.2698574e-08,dense_mlp,7486
HAGH,4.2680778e-08,dense_mlp,7487
SNX27,4.2636653e-08,dense_mlp,7488
REEP2,4.255887e-08,dense_mlp,7489
C7orf26,4.2554902e-08,dense_mlp,7490
PACRGL,4.2549722e-08,dense_mlp,7491
USP54,4.252698e-08,dense_mlp,7492
IGDCC4,4.2504702e-08,dense_mlp,7493
KIAA0319L,4.238652e-08,dense_mlp,7494
CDC42SE1,4.2076877e-08,dense_mlp,7495
AARSD1,4.205417e-08,dense_mlp,7496
NYAP1,4.2017636e-08,dense_mlp,7497
CRB1,4.197891e-08,dense_mlp,7498
SGSM2,4.190476e-08,dense_mlp,7499
SPART,4.1875115e-08,dense_mlp,7500
CNRIP1,4.1861792e-08,dense_mlp,7501
LSM14A,4.185992e-08,dense_mlp,7502
C18orf54,4.183289e-08,dense_mlp,7503
ARFIP1,4.181671e-08,dense_mlp,7504
NKAPD1,4.1761872e-08,dense_mlp,7505
DUSP12,4.168165e-08,dense_mlp,7506
TRIR,4.1675374e-08,dense_mlp,7507
ANKRD6,4.166282e-08,dense_mlp,7508
CEBPZ,4.15989e-08,dense_mlp,7509
SHISA4,4.1574662e-08,dense_mlp,7510
ALPK3,4.155738e-08,dense_mlp,7511
NOL10,4.1531113e-08,dense_mlp,7512
MIIP,4.150574e-08,dense_mlp,7513
TMEM101,4.1476746e-08,dense_mlp,7514
PRPF38B,4.1366803e-08,dense_mlp,7515
MAP3K2,4.128995e-08,dense_mlp,7516
SPNS1,4.1266556e-08,dense_mlp,7517
GARS,4.1266198e-08,dense_mlp,7518
MPHOSPH9,4.1227445e-08,dense_mlp,7519
NME5,4.1186475e-08,dense_mlp,7520
RASSF3,4.116974e-08,dense_mlp,7521
WIZ,4.1131752e-08,dense_mlp,7522
TAMM41,4.1129443e-08,dense_mlp,7523
KIAA0100,4.1086768e-08,dense_mlp,7524
RIBC1,4.107719e-08,dense_mlp,7525
NAA10,4.1014893e-08,dense_mlp,7526
WDR44,4.0963506e-08,dense_mlp,7527
C12orf43,4.095544e-08,dense_mlp,7528
C1orf112,4.0954372e-08,dense_mlp,7529
ATAD2B,4.086899e-08,dense_mlp,7530
NONO,4.083619e-08,dense_mlp,7531
PRPSAP2,4.083361e-08,dense_mlp,7532
CTTNBP2NL,4.077984e-08,dense_mlp,7533
PTAR1,4.063327e-08,dense_mlp,7534
ATXN1,4.0623945e-08,dense_mlp,7535
NCOA4,4.0582286e-08,dense_mlp,7536
GTPBP4,4.0576868e-08,dense_mlp,7537
MFAP3L,4.046831e-08,dense_mlp,7538
PREPL,4.04559e-08,dense_mlp,7539
PAIP2,4.044142e-08,dense_mlp,7540
TMEM256,4.04346e-08,dense_mlp,7541
TMEM230,4.0421916e-08,dense_mlp,7542
FAM193B,4.0379152e-08,dense_mlp,7543
PEG10,4.0362206e-08,dense_mlp,7544
HNRNPLL,4.0339312e-08,dense_mlp,7545
UBL3,4.0334232e-08,dense_mlp,7546
NUCB2,4.027349e-08,dense_mlp,7547
LARS,4.0242632e-08,dense_mlp,7548
TXNDC15,4.0082185e-08,dense_mlp,7549
ARL14EP,3.9998227e-08,dense_mlp,7550
CCM2,3.990989e-08,dense_mlp,7551
ZNF397,3.9833672e-08,dense_mlp,7552
METTL17,3.974649e-08,dense_mlp,7553
PGAM5,3.9746467e-08,dense_mlp,7554
RUFY3,3.97227e-08,dense_mlp,7555
CUEDC2,3.9624737e-08,dense_mlp,7556
CTDSP1,3.9600845e-08,dense_mlp,7557
TCAIM,3.9586773e-08,dense_mlp,7558
ZFAND3,3.956616e-08,dense_mlp,7559
TMED4,3.9556703e-08,dense_mlp,7560
SUSD1,3.9215216e-08,dense_mlp,7561
STK25,3.9116298e-08,dense_mlp,7562
SMAP1,3.9025927e-08,dense_mlp,7563
PURB,3.8965087e-08,dense_mlp,7564
C2orf76,3.8905778e-08,dense_mlp,7565
SLC38A10,3.8874568e-08,dense_mlp,7566
TOX3,3.8798287e-08,dense_mlp,7567
AARS,3.8787633e-08,dense_mlp,7568
ARNTL2,3.8685393e-08,dense_mlp,7569
SELENOF,3.8444682e-08,dense_mlp,7570
ZBTB48,3.8415312e-08,dense_mlp,7571
ETV3,3.8206156e-08,dense_mlp,7572
LRRC4,3.80949e-08,dense_mlp,7573
SEZ6L,3.8005197e-08,dense_mlp,7574
MTURN,3.7824275e-08,dense_mlp,7575
TBPL1,3.776524e-08,dense_mlp,7576
SLTM,3.76211e-08,dense_mlp,7577
RIPOR1,3.7331763e-08,dense_mlp,7578
RFXANK,3.7296182e-08,dense_mlp,7579
CYP20A1,3.7277108e-08,dense_mlp,7580
MARK2,3.7257685e-08,dense_mlp,7581
SLX4IP,3.7243385e-08,dense_mlp,7582
ANKRD17,3.7175415e-08,dense_mlp,7583
TDRD7,3.7120138e-08,dense_mlp,7584
CZIB,3.6966e-08,dense_mlp,7585
ZNF121,3.666999e-08,dense_mlp,7586
SACS,3.6533756e-08,dense_mlp,7587
GIGYF2,3.6457923e-08,dense_mlp,7588
ZGPAT,3.643087e-08,dense_mlp,7589
MAP4,3.633812e-08,dense_mlp,7590
CDK20,3.615093e-08,dense_mlp,7591
METTL7A,3.6088206e-08,dense_mlp,7592
UFC1,3.607031e-08,dense_mlp,7593
SCARA3,3.6045783e-08,dense_mlp,7594
DUT,3.598654e-08,dense_mlp,7595
CCDC159,3.58755e-08,dense_mlp,7596
DTD1,3.5504357e-08,dense_mlp,7597
SH3BGRL3,3.533917e-08,dense_mlp,7598
SLC48A1,3.528343e-08,dense_mlp,7599
MARCH1,3.5256743e-08,dense_mlp,7600
LNPK,3.5209197e-08,dense_mlp,7601
METTL26,3.5010405e-08,dense_mlp,7602
MANEAL,3.463688e-08,dense_mlp,7603
VGLL4,3.463084e-08,dense_mlp,7604
UBXN6,3.404657e-08,dense_mlp,7605
NRSN2,3.3599658e-08,dense_mlp,7606
TMEM248,3.335856e-08,dense_mlp,7607
MAK16,3.3322706e-08,dense_mlp,7608
FAM98B,3.320842e-08,dense_mlp,7609
NCAM2,3.3098257e-08,dense_mlp,7610
SELENOK,3.2596546e-08,dense_mlp,7611
RPP25L,3.1517132e-08,dense_mlp,7612
ECI2,3.1479143e-08,dense_mlp,7613
GPBP1,2.9937777e-08,dense_mlp,7614
ZBTB41,2.9742255e-08,dense_mlp,7615
FAM177A1,2.9252961e-08,dense_mlp,7616
TMEM50B,2.673385e-08,dense_mlp,7617
