gene,shap_importance,stream,shap_rank
ZNF664,0.0019547564,pathway_binn,1
CCNC,0.001375721,pathway_binn,2
ZNF711,0.0013739631,pathway_binn,3
MED4,0.0012812432,pathway_binn,4
ZNF436,0.0011721733,pathway_binn,5
ZNF559,0.0011344621,pathway_binn,6
ZNF75A,0.0010743501,pathway_binn,7
ZNF25,0.001066946,pathway_binn,8
ZNF655,0.00097571866,pathway_binn,9
ZNF562,0.0009557346,pathway_binn,10
MED20,0.0009377476,pathway_binn,11
ZNF300,0.00088723836,pathway_binn,12
MED14,0.00087454956,pathway_binn,13
ZNF33A,0.00078669935,pathway_binn,14
ZNF268,0.00077886606,pathway_binn,15
ACTG1,0.000732059,pathway_binn,16
ZNF676,0.0007200722,pathway_binn,17
ZNF793,0.0007062138,pathway_binn,18
ZNF254,0.00062443974,pathway_binn,19
NBEA,0.000620056,pathway_binn,20
ZNF445,0.00054193294,pathway_binn,21
ZNF138,0.00052539515,pathway_binn,22
ZFP1,0.0005223535,pathway_binn,23
ZNF70,0.0005193153,pathway_binn,24
ZNF263,0.00051513896,pathway_binn,25
ZNF492,0.0005108924,pathway_binn,26
CDH2,0.00049446034,pathway_binn,27
MED16,0.00049246475,pathway_binn,28
ZNF561,0.0004913862,pathway_binn,29
ZNF184,0.00045978298,pathway_binn,30
ZNF586,0.00045447843,pathway_binn,31
ZNF620,0.00043118067,pathway_binn,32
ZNF317,0.00042282464,pathway_binn,33
ZSCAN25,0.00038805715,pathway_binn,34
ZFP28,0.00038772335,pathway_binn,35
ZNF257,0.000384476,pathway_binn,36
ZNF33B,0.0003803543,pathway_binn,37
ZNF333,0.0003741409,pathway_binn,38
ZNF772,0.00037245316,pathway_binn,39
ZNF510,0.00035714035,pathway_binn,40
ZNF195,0.00035651418,pathway_binn,41
ZNF43,0.00035094118,pathway_binn,42
ZNF197,0.00034716935,pathway_binn,43
ZNF248,0.00033591062,pathway_binn,44
ZNF568,0.00033296706,pathway_binn,45
ZNF626,0.000332587,pathway_binn,46
ZNF483,0.00033223143,pathway_binn,47
ZFP30,0.00032354365,pathway_binn,48
ZNF713,0.00032109095,pathway_binn,49
CD14,0.00031765495,pathway_binn,50
ZNF180,0.0003079559,pathway_binn,51
ZNF621,0.00030583836,pathway_binn,52
CTNNA1,0.00030281048,pathway_binn,53
ZNF398,0.00029393056,pathway_binn,54
ZNF205,0.0002929016,pathway_binn,55
ZNF689,0.00028955814,pathway_binn,56
MED8,0.00028779512,pathway_binn,57
MED30,0.00028662145,pathway_binn,58
TICAM1,0.0002841475,pathway_binn,59
ZNF660,0.0002831053,pathway_binn,60
ZNF493,0.0002814604,pathway_binn,61
MED1,0.00028046,pathway_binn,62
ZNF302,0.00028041023,pathway_binn,63
ZNF697,0.00027768247,pathway_binn,64
ZNF354C,0.00026389892,pathway_binn,65
ZNF570,0.000263366,pathway_binn,66
ZNF544,0.00026083266,pathway_binn,67
ZNF708,0.00025628743,pathway_binn,68
ZNF717,0.00025627777,pathway_binn,69
ZNF730,0.00025291616,pathway_binn,70
ZNF557,0.00025104752,pathway_binn,71
ZNF681,0.0002498225,pathway_binn,72
ZNF441,0.00024844927,pathway_binn,73
TLR4,0.00024754967,pathway_binn,74
ZNF782,0.0002473812,pathway_binn,75
MED13,0.00024586305,pathway_binn,76
ZFP90,0.00024345868,pathway_binn,77
ZNF175,0.00023945652,pathway_binn,78
ZNF677,0.00023777645,pathway_binn,79
ZNF331,0.00023486809,pathway_binn,80
ZNF605,0.00022868052,pathway_binn,81
ZNF606,0.00022498365,pathway_binn,82
ZNF625,0.00021985947,pathway_binn,83
ZNF569,0.00021740221,pathway_binn,84
ZNF627,0.00021624147,pathway_binn,85
ZNF724,0.00021446407,pathway_binn,86
ZNF124,0.00020950731,pathway_binn,87
ZNF709,0.0002091032,pathway_binn,88
ZNF234,0.00020484552,pathway_binn,89
GLRA1,0.00020214151,pathway_binn,90
ZNF426,0.00020000372,pathway_binn,91
MED7,0.00019189101,pathway_binn,92
ZNF500,0.00019019611,pathway_binn,93
ZNF17,0.00018723584,pathway_binn,94
ZNF540,0.00018176365,pathway_binn,95
LY96,0.0001786977,pathway_binn,96
ZNF41,0.00017842022,pathway_binn,97
ZKSCAN8,0.00017790102,pathway_binn,98
ZNF34,0.00017750815,pathway_binn,99
ZNF74,0.00017561695,pathway_binn,100
ZNF548,0.00017204648,pathway_binn,101
ZNF212,0.00017156778,pathway_binn,102
ZNF585B,0.00016939943,pathway_binn,103
ZNF496,0.00016846335,pathway_binn,104
ZNF256,0.0001665295,pathway_binn,105
MED17,0.00016556596,pathway_binn,106
ZNF250,0.00016370669,pathway_binn,107
ZNF554,0.00016360592,pathway_binn,108
ZNF226,0.00016069827,pathway_binn,109
ZNF224,0.00015755129,pathway_binn,110
ZNF14,0.00015744775,pathway_binn,111
ZNF266,0.00015730271,pathway_binn,112
ZNF200,0.00015565424,pathway_binn,113
ZNF671,0.00015288469,pathway_binn,114
MED26,0.00015265227,pathway_binn,115
ZNF619,0.00014999534,pathway_binn,116
ZNF136,0.00014756208,pathway_binn,117
ZNF550,0.0001447635,pathway_binn,118
ZNF480,0.0001391243,pathway_binn,119
ZNF26,0.00013612112,pathway_binn,120
ZNF23,0.0001340457,pathway_binn,121
ZNF584,0.00013367842,pathway_binn,122
ZNF799,0.00013336357,pathway_binn,123
ZNF484,0.00012912149,pathway_binn,124
ZNF614,0.00012898509,pathway_binn,125
ZNF92,0.00012872482,pathway_binn,126
ZNF549,0.00012725167,pathway_binn,127
MED15,0.00012539019,pathway_binn,128
ZNF777,0.00012537956,pathway_binn,129
ZNF285,0.00012523349,pathway_binn,130
ZSCAN32,0.00012490652,pathway_binn,131
ZNF786,0.00012468513,pathway_binn,132
ZNF383,0.00012379665,pathway_binn,133
ZNF514,0.00012379138,pathway_binn,134
ZNF565,0.00012214227,pathway_binn,135
ZNF558,0.000119046665,pathway_binn,136
ZNF778,0.00011877033,pathway_binn,137
TRIM28,0.00011851473,pathway_binn,138
ZNF343,0.00011835855,pathway_binn,139
ZNF688,0.00011780481,pathway_binn,140
ZNF486,0.00011772821,pathway_binn,141
ZNF101,0.0001170139,pathway_binn,142
ZNF354A,0.000115712086,pathway_binn,143
ZNF460,0.000115692215,pathway_binn,144
ZNF610,0.000114749426,pathway_binn,145
ZNF669,0.000113580325,pathway_binn,146
MED27,0.00011180509,pathway_binn,147
MED12,0.00010786136,pathway_binn,148
ZNF282,0.00010631298,pathway_binn,149
MED6,0.000105641295,pathway_binn,150
ZNF552,0.00010347376,pathway_binn,151
ZNF253,0.00010305946,pathway_binn,152
ZNF45,0.00010160369,pathway_binn,153
ZNF18,0.00010039248,pathway_binn,154
ZNF311,0.000100145124,pathway_binn,155
MED24,9.9790166e-05,pathway_binn,156
ZNF680,9.9659526e-05,pathway_binn,157
ZNF785,9.911336e-05,pathway_binn,158
ZNF169,9.908525e-05,pathway_binn,159
ZNF519,9.894607e-05,pathway_binn,160
ZKSCAN5,9.825567e-05,pathway_binn,161
ZNF740,9.788394e-05,pathway_binn,162
ZNF595,9.7552074e-05,pathway_binn,163
ZNF668,9.6904325e-05,pathway_binn,164
ZNF202,9.669578e-05,pathway_binn,165
ZNF112,9.663279e-05,pathway_binn,166
ZNF597,9.660696e-05,pathway_binn,167
MED23,9.574359e-05,pathway_binn,168
ZNF790,9.556273e-05,pathway_binn,169
ZNF382,9.541312e-05,pathway_binn,170
ZNF222,9.3679366e-05,pathway_binn,171
ZNF776,9.006614e-05,pathway_binn,172
GLRB,8.953367e-05,pathway_binn,173
ZNF442,8.9378496e-05,pathway_binn,174
ZNF682,8.751305e-05,pathway_binn,175
ZNF678,8.708537e-05,pathway_binn,176
MED10,8.440593e-05,pathway_binn,177
ZNF30,8.4026244e-05,pathway_binn,178
ZKSCAN3,8.389318e-05,pathway_binn,179
ZNF19,8.385732e-05,pathway_binn,180
ZNF736,8.2936145e-05,pathway_binn,181
ZNF704,8.116996e-05,pathway_binn,182
ZNF696,8.112875e-05,pathway_binn,183
ZNF599,8.1046586e-05,pathway_binn,184
ZNF430,8.058895e-05,pathway_binn,185
ZNF543,7.8298515e-05,pathway_binn,186
ZNF567,7.694386e-05,pathway_binn,187
ZNF692,7.6908e-05,pathway_binn,188
ZNF710,7.606345e-05,pathway_binn,189
ZNF703,7.517057e-05,pathway_binn,190
MED25,7.476693e-05,pathway_binn,191
ZNF354B,7.4717325e-05,pathway_binn,192
ZNF235,7.401867e-05,pathway_binn,193
ZNF624,7.316647e-05,pathway_binn,194
ZFP69,7.134752e-05,pathway_binn,195
ZNF221,7.053359e-05,pathway_binn,196
ZNF471,6.9242225e-05,pathway_binn,197
ZNF155,6.889574e-05,pathway_binn,198
CDK8,6.828701e-05,pathway_binn,199
ZNF267,6.82412e-05,pathway_binn,200
ZNF324,6.7625595e-05,pathway_binn,201
ZNF10,6.5684275e-05,pathway_binn,202
ZNF473,6.559601e-05,pathway_binn,203
ZNF747,6.544217e-05,pathway_binn,204
NECTIN2,6.3849715e-05,pathway_binn,205
ZNF607,6.303086e-05,pathway_binn,206
ZNF454,6.229083e-05,pathway_binn,207
ZNF706,6.0290356e-05,pathway_binn,208
ZNF20,5.9952086e-05,pathway_binn,209
ZNF3,5.9912923e-05,pathway_binn,210
ZNF589,5.9436414e-05,pathway_binn,211
ZNF490,5.839947e-05,pathway_binn,212
ZFP69B,5.7938716e-05,pathway_binn,213
ZNF587,5.7264966e-05,pathway_binn,214
ZNF658,5.6020355e-05,pathway_binn,215
ZNF729,5.5823064e-05,pathway_binn,216
ZNF274,5.4919805e-05,pathway_binn,217
CDH11,5.455401e-05,pathway_binn,218
ZNF71,5.4497043e-05,pathway_binn,219
ZNF839,5.3467087e-05,pathway_binn,220
ZKSCAN7,5.2999145e-05,pathway_binn,221
ZNF75D,5.078105e-05,pathway_binn,222
ZNF160,5.0780563e-05,pathway_binn,223
ZNF791,4.985458e-05,pathway_binn,224
ZNF37A,4.880969e-05,pathway_binn,225
ZNF99,4.878964e-05,pathway_binn,226
ZNF773,4.799075e-05,pathway_binn,227
ZNF419,4.7687845e-05,pathway_binn,228
ZIK1,4.6372646e-05,pathway_binn,229
ZNF547,4.6179888e-05,pathway_binn,230
ZNF566,4.547555e-05,pathway_binn,231
ZNF770,4.4600383e-05,pathway_binn,232
ZNF470,4.4112847e-05,pathway_binn,233
ZNF667,4.399501e-05,pathway_binn,234
ZNF546,4.2544354e-05,pathway_binn,235
ZNF334,4.1573792e-05,pathway_binn,236
ZNF571,4.084861e-05,pathway_binn,237
ZNF140,4.074513e-05,pathway_binn,238
ZNF114,4.0183277e-05,pathway_binn,239
ZNF225,3.9932565e-05,pathway_binn,240
ZNF649,3.856774e-05,pathway_binn,241
ZNF517,3.8114358e-05,pathway_binn,242
ZNF347,3.7228616e-05,pathway_binn,243
ZNF555,3.7120746e-05,pathway_binn,244
ZNF573,3.6650654e-05,pathway_binn,245
ZNF446,3.646889e-05,pathway_binn,246
ZNF775,3.588275e-05,pathway_binn,247
ZNF613,3.565307e-05,pathway_binn,248
ZNF416,3.4414807e-05,pathway_binn,249
ZFP14,3.4392047e-05,pathway_binn,250
TICAM2,3.4305303e-05,pathway_binn,251
ZNF564,3.3449196e-05,pathway_binn,252
CADM1,3.3254804e-05,pathway_binn,253
ZFP2,3.1432173e-05,pathway_binn,254
ZNF211,3.133541e-05,pathway_binn,255
ZNF641,3.088873e-05,pathway_binn,256
ZNF133,3.0507124e-05,pathway_binn,257
ZNF738,3.0349971e-05,pathway_binn,258
ZKSCAN1,2.9119652e-05,pathway_binn,259
ZNF432,2.8765173e-05,pathway_binn,260
ZNF304,2.7831282e-05,pathway_binn,261
ZNF230,2.6230664e-05,pathway_binn,262
ZNF714,2.5809375e-05,pathway_binn,263
NECTIN3,2.5405456e-05,pathway_binn,264
ZNF215,2.5147561e-05,pathway_binn,265
ZNF583,2.4604857e-05,pathway_binn,266
ZNF77,2.4494617e-05,pathway_binn,267
ZNF699,2.4079207e-05,pathway_binn,268
ZKSCAN4,2.3623432e-05,pathway_binn,269
ZNF485,2.3365008e-05,pathway_binn,270
ZNF691,2.182839e-05,pathway_binn,271
ZNF213,2.1678785e-05,pathway_binn,272
CDH6,2.127035e-05,pathway_binn,273
ZNF771,2.0982206e-05,pathway_binn,274
ZNF684,2.0572987e-05,pathway_binn,275
CADM3,1.9518533e-05,pathway_binn,276
ZNF415,1.8423776e-05,pathway_binn,277
ZNF154,1.8316576e-05,pathway_binn,278
ZNF264,1.752085e-05,pathway_binn,279
ZNF337,1.700208e-05,pathway_binn,280
CTNND1,1.6688484e-05,pathway_binn,281
ZNF189,1.6201595e-05,pathway_binn,282
ZNF394,1.6155214e-05,pathway_binn,283
ACTB,1.6114676e-05,pathway_binn,284
ZNF875,1.5693704e-05,pathway_binn,285
ZNF577,1.5575408e-05,pathway_binn,286
ZNF429,1.5575e-05,pathway_binn,287
ZNF560,1.5337931e-05,pathway_binn,288
CTNNB1,1.5317757e-05,pathway_binn,289
JUP,1.4988205e-05,pathway_binn,290
ZNF582,1.3763646e-05,pathway_binn,291
ZNF675,1.3464985e-05,pathway_binn,292
ZNF707,1.334333e-05,pathway_binn,293
ZNF530,1.323247e-05,pathway_binn,294
ZNF420,1.2597605e-05,pathway_binn,295
ZNF700,1.1942573e-05,pathway_binn,296
ZNF774,1.1868297e-05,pathway_binn,297
NECTIN1,1.145034e-05,pathway_binn,298
ZNF563,1.1041538e-05,pathway_binn,299
ZNF135,1.0924044e-05,pathway_binn,300
ZNF718,1.0270925e-05,pathway_binn,301
CDH10,1.0220843e-05,pathway_binn,302
ZNF350,9.854158e-06,pathway_binn,303
CDH24,9.071212e-06,pathway_binn,304
ZNF670,8.92453e-06,pathway_binn,305
CDH4,8.894483e-06,pathway_binn,306
ZNF12,8.58077e-06,pathway_binn,307
ZNF727,8.529211e-06,pathway_binn,308
ZNF157,8.399286e-06,pathway_binn,309
ZNF2,7.589478e-06,pathway_binn,310
ZNF585A,7.3023784e-06,pathway_binn,311
ZNF273,7.1106474e-06,pathway_binn,312
ZFP37,6.20871e-06,pathway_binn,313
ZNF792,5.790974e-06,pathway_binn,314
CADM2,5.769424e-06,pathway_binn,315
ZNF433,5.758589e-06,pathway_binn,316
ZNF461,5.749862e-06,pathway_binn,317
CDH5,5.7460084e-06,pathway_binn,318
ZIM2,5.705947e-06,pathway_binn,319
ZNF596,5.2817863e-06,pathway_binn,320
ZNF233,5.2385362e-06,pathway_binn,321
ZNF223,5.2226164e-06,pathway_binn,322
ZNF425,4.997477e-06,pathway_binn,323
ZNF79,4.906413e-06,pathway_binn,324
ZNF431,4.3195973e-06,pathway_binn,325
ZNF662,4.171508e-06,pathway_binn,326
ZNF439,3.912636e-06,pathway_binn,327
ZNF141,3.2221963e-06,pathway_binn,328
HTR3E,2.8510221e-06,pathway_binn,329
ZNF227,2.6820135e-06,pathway_binn,330
ZNF286A,2.6330147e-06,pathway_binn,331
CDH13,2.373069e-06,pathway_binn,332
ZNF287,2.2540812e-06,pathway_binn,333
ZNF440,1.8594689e-06,pathway_binn,334
CDH7,1.3718735e-06,pathway_binn,335
MED31,1.3337173e-06,pathway_binn,336
ZNF804B,1.2377907e-06,pathway_binn,337
CDH12,1.2138529e-06,pathway_binn,338
ZNF679,1.0143308e-06,pathway_binn,339
ZNF556,8.8671936e-07,pathway_binn,340
CDH9,8.361512e-07,pathway_binn,341
ZNF100,8.249719e-07,pathway_binn,342
CDH3,7.5290137e-07,pathway_binn,343
ANG,5.933391e-07,pathway_binn,344
ZNF705A,4.695428e-07,pathway_binn,345
CDH1,3.4101828e-07,pathway_binn,346
CDH8,1.7888715e-07,pathway_binn,347
ZNF764,1.6797821e-07,pathway_binn,348
ZNF529,7.752224e-08,pathway_binn,349
GLRA2,9.073729e-09,pathway_binn,350
OXA1L,0.0,pathway_binn,351
SLC22A17,0.0,pathway_binn,352
IL25,0.0,pathway_binn,353
OR6J1,0.0,pathway_binn,354
AP1G2,0.0,pathway_binn,355
DHRS4,0.0,pathway_binn,356
CPNE6,0.0,pathway_binn,357
DAD1,0.0,pathway_binn,358
SLC7A7,0.0,pathway_binn,359
OR4E1,0.0,pathway_binn,360
SLC7A8,0.0,pathway_binn,361
CEBPE,0.0,pathway_binn,362
ARHGEF40,0.0,pathway_binn,363
PCK2,0.0,pathway_binn,364
HNRNPC,0.0,pathway_binn,365
SUPT16H,0.0,pathway_binn,366
ABHD4,0.0,pathway_binn,367
CHD8,0.0,pathway_binn,368
RNASE8,0.0,pathway_binn,369
MMP14,0.0,pathway_binn,370
RNASE7,0.0,pathway_binn,371
RAB2B,0.0,pathway_binn,372
ACIN1,0.0,pathway_binn,373
PRMT5,0.0,pathway_binn,374
HAUS4,0.0,pathway_binn,375
AJUBA,0.0,pathway_binn,376
METTL3,0.0,pathway_binn,377
OR5AU1,0.0,pathway_binn,378
OR10G3,0.0,pathway_binn,379
PSMB5,0.0,pathway_binn,380
PSMB11,0.0,pathway_binn,381
OR10G2,0.0,pathway_binn,382
LRP10,0.0,pathway_binn,383
MNAT1,0.0,pathway_binn,384
TRMT5,0.0,pathway_binn,385
PRKCH,0.0,pathway_binn,386
HIF1A,0.0,pathway_binn,387
SNAPC1,0.0,pathway_binn,388
KCNH5,0.0,pathway_binn,389
RHOJ,0.0,pathway_binn,390
MGAT2,0.0,pathway_binn,391
PPP2R5E,0.0,pathway_binn,392
SGPP1,0.0,pathway_binn,393
SYNE2,0.0,pathway_binn,394
MTHFD1,0.0,pathway_binn,395
AKAP5,0.0,pathway_binn,396
HSPA2,0.0,pathway_binn,397
PLEKHG3,0.0,pathway_binn,398
SPTB,0.0,pathway_binn,399
GPHB5,0.0,pathway_binn,400
SOCS4,0.0,pathway_binn,401
LGALS3,0.0,pathway_binn,402
DLGAP5,0.0,pathway_binn,403
ATG14,0.0,pathway_binn,404
TBPL2,0.0,pathway_binn,405
KTN1,0.0,pathway_binn,406
PELI2,0.0,pathway_binn,407
OTX2,0.0,pathway_binn,408
SIX1,0.0,pathway_binn,409
NAA30,0.0,pathway_binn,410
ACTR10,0.0,pathway_binn,411
PSMA3,0.0,pathway_binn,412
ARID4A,0.0,pathway_binn,413
TIMM9,0.0,pathway_binn,414
DACT1,0.0,pathway_binn,415
DAAM1,0.0,pathway_binn,416
PPM1A,0.0,pathway_binn,417
EXOC5,0.0,pathway_binn,418
SLC10A1,0.0,pathway_binn,419
SLC8A3,0.0,pathway_binn,420
COX16,0.0,pathway_binn,421
ADAM21,0.0,pathway_binn,422
ADAM20,0.0,pathway_binn,423
SIPA1L1,0.0,pathway_binn,424
RGS6,0.0,pathway_binn,425
GPX2,0.0,pathway_binn,426
DCAF4,0.0,pathway_binn,427
RBM25,0.0,pathway_binn,428
PSEN1,0.0,pathway_binn,429
NUMB,0.0,pathway_binn,430
RIOX1,0.0,pathway_binn,431
ACOT1,0.0,pathway_binn,432
ACOT4,0.0,pathway_binn,433
PTGR2,0.0,pathway_binn,434
DPF3,0.0,pathway_binn,435
RAB15,0.0,pathway_binn,436
FNTB,0.0,pathway_binn,437
MAX,0.0,pathway_binn,438
FUT8,0.0,pathway_binn,439
GPHN,0.0,pathway_binn,440
ATP6V1D,0.0,pathway_binn,441
EIF2S1,0.0,pathway_binn,442
PIGH,0.0,pathway_binn,443
SRSF5,0.0,pathway_binn,444
VTI1B,0.0,pathway_binn,445
RDH11,0.0,pathway_binn,446
RDH12,0.0,pathway_binn,447
RAD51B,0.0,pathway_binn,448
ZFP36L1,0.0,pathway_binn,449
ACTN1,0.0,pathway_binn,450
DCAF5,0.0,pathway_binn,451
GALNT16,0.0,pathway_binn,452
ARG2,0.0,pathway_binn,453
CTSG,0.0,pathway_binn,454
GZMH,0.0,pathway_binn,455
GZMB,0.0,pathway_binn,456
FOXG1,0.0,pathway_binn,457
PRKD1,0.0,pathway_binn,458
SCFD1,0.0,pathway_binn,459
AP4S1,0.0,pathway_binn,460
GCH1,0.0,pathway_binn,461
NUBPL,0.0,pathway_binn,462
ARHGAP5,0.0,pathway_binn,463
EGLN3,0.0,pathway_binn,464
SPTSSA,0.0,pathway_binn,465
SRP54,0.0,pathway_binn,466
PRORP,0.0,pathway_binn,467
NFKBIA,0.0,pathway_binn,468
RALGAPA1,0.0,pathway_binn,469
HECTD1,0.0,pathway_binn,470
DCAF11,0.0,pathway_binn,471
FITM1,0.0,pathway_binn,472
PSME1,0.0,pathway_binn,473
PSME2,0.0,pathway_binn,474
RNF31,0.0,pathway_binn,475
IRF9,0.0,pathway_binn,476
REC8,0.0,pathway_binn,477
CHMP4A,0.0,pathway_binn,478
CMA1,0.0,pathway_binn,479
GMPR2,0.0,pathway_binn,480
TINF2,0.0,pathway_binn,481
TGM1,0.0,pathway_binn,482
RABGGTA,0.0,pathway_binn,483
LTB4R2,0.0,pathway_binn,484
LTB4R,0.0,pathway_binn,485
ADCY4,0.0,pathway_binn,486
RIPK3,0.0,pathway_binn,487
NEDD8,0.0,pathway_binn,488
DMAC2L,0.0,pathway_binn,489
SAV1,0.0,pathway_binn,490
PYGL,0.0,pathway_binn,491
TRIM9,0.0,pathway_binn,492
GNG2,0.0,pathway_binn,493
RTRAF,0.0,pathway_binn,494
NID2,0.0,pathway_binn,495
MBIP,0.0,pathway_binn,496
PTGER2,0.0,pathway_binn,497
ERO1A,0.0,pathway_binn,498
PSMC6,0.0,pathway_binn,499
GNPNAT1,0.0,pathway_binn,500
FERMT2,0.0,pathway_binn,501
DDHD1,0.0,pathway_binn,502
BMP4,0.0,pathway_binn,503
CNIH1,0.0,pathway_binn,504
PTGDR,0.0,pathway_binn,505
SLC25A21,0.0,pathway_binn,506
FOXA1,0.0,pathway_binn,507
SSTR1,0.0,pathway_binn,508
SEC23A,0.0,pathway_binn,509
GEMIN2,0.0,pathway_binn,510
TRAPPC6B,0.0,pathway_binn,511
PNN,0.0,pathway_binn,512
MIA2,0.0,pathway_binn,513
L2HGDH,0.0,pathway_binn,514
MIS18BP1,0.0,pathway_binn,515
MDGA2,0.0,pathway_binn,516
LRR1,0.0,pathway_binn,517
POLE2,0.0,pathway_binn,518
NEMF,0.0,pathway_binn,519
ARF6,0.0,pathway_binn,520
VCPKMT,0.0,pathway_binn,521
SOS2,0.0,pathway_binn,522
FANCM,0.0,pathway_binn,523
GALNT9,0.0,pathway_binn,524
P2RX2,0.0,pathway_binn,525
POLE,0.0,pathway_binn,526
PXMP2,0.0,pathway_binn,527
ANKLE2,0.0,pathway_binn,528
GOLGA3,0.0,pathway_binn,529
TUBA3C,0.0,pathway_binn,530
SLITRK1,0.0,pathway_binn,531
MPHOSPH8,0.0,pathway_binn,532
ZMYM2,0.0,pathway_binn,533
GJA3,0.0,pathway_binn,534
GJB2,0.0,pathway_binn,535
GJB6,0.0,pathway_binn,536
CRYL1,0.0,pathway_binn,537
IFT88,0.0,pathway_binn,538
EEF1AKMT1,0.0,pathway_binn,539
TPTE2,0.0,pathway_binn,540
SNRNP35,0.0,pathway_binn,541
TMED2,0.0,pathway_binn,542
EIF2B1,0.0,pathway_binn,543
GTF2H3,0.0,pathway_binn,544
TCTN2,0.0,pathway_binn,545
ATP6V0A2,0.0,pathway_binn,546
NCOR2,0.0,pathway_binn,547
NOC4L,0.0,pathway_binn,548
DHX37,0.0,pathway_binn,549
AACS,0.0,pathway_binn,550
SLC15A4,0.0,pathway_binn,551
FZD10,0.0,pathway_binn,552
PIWIL1,0.0,pathway_binn,553
MMP17,0.0,pathway_binn,554
ULK1,0.0,pathway_binn,555
EP400,0.0,pathway_binn,556
UBC,0.0,pathway_binn,557
CDX2,0.0,pathway_binn,558
FLT3,0.0,pathway_binn,559
PAN3,0.0,pathway_binn,560
FLT1,0.0,pathway_binn,561
POMP,0.0,pathway_binn,562
SLC7A1,0.0,pathway_binn,563
ALOX5AP,0.0,pathway_binn,564
LATS2,0.0,pathway_binn,565
B3GLCT,0.0,pathway_binn,566
RXFP2,0.0,pathway_binn,567
BRCA2,0.0,pathway_binn,568
PDS5B,0.0,pathway_binn,569
STARD13,0.0,pathway_binn,570
RFC3,0.0,pathway_binn,571
CCNA1,0.0,pathway_binn,572
SMAD9,0.0,pathway_binn,573
HSPH1,0.0,pathway_binn,574
SAP18,0.0,pathway_binn,575
ZDHHC20,0.0,pathway_binn,576
MICU2,0.0,pathway_binn,577
FGF9,0.0,pathway_binn,578
SGCG,0.0,pathway_binn,579
SPATA13,0.0,pathway_binn,580
PARP4,0.0,pathway_binn,581
PDX1,0.0,pathway_binn,582
MTMR6,0.0,pathway_binn,583
ATP8A2,0.0,pathway_binn,584
RNF6,0.0,pathway_binn,585
WASF3,0.0,pathway_binn,586
USP12,0.0,pathway_binn,587
GTF3A,0.0,pathway_binn,588
MTIF3,0.0,pathway_binn,589
POLR1D,0.0,pathway_binn,590
ATP12A,0.0,pathway_binn,591
RFC5,0.0,pathway_binn,592
WSB2,0.0,pathway_binn,593
PEBP1,0.0,pathway_binn,594
TAOK3,0.0,pathway_binn,595
SUDS3,0.0,pathway_binn,596
HSPB8,0.0,pathway_binn,597
PRKAB1,0.0,pathway_binn,598
KMT5A,0.0,pathway_binn,599
RAB35,0.0,pathway_binn,600
GCN1,0.0,pathway_binn,601
PXN,0.0,pathway_binn,602
SIRT4,0.0,pathway_binn,603
PLA2G1B,0.0,pathway_binn,604
MSI1,0.0,pathway_binn,605
COX6A1,0.0,pathway_binn,606
TRIAP1,0.0,pathway_binn,607
CIT,0.0,pathway_binn,608
PTPN11,0.0,pathway_binn,609
OAS1,0.0,pathway_binn,610
OAS3,0.0,pathway_binn,611
OAS2,0.0,pathway_binn,612
DTX1,0.0,pathway_binn,613
RASAL1,0.0,pathway_binn,614
TPCN1,0.0,pathway_binn,615
KSR2,0.0,pathway_binn,616
SDS,0.0,pathway_binn,617
SDSL,0.0,pathway_binn,618
TBX5,0.0,pathway_binn,619
TBX3,0.0,pathway_binn,620
MED13L,0.0,pathway_binn,621
FBXW8,0.0,pathway_binn,622
FBXO21,0.0,pathway_binn,623
NOS1,0.0,pathway_binn,624
SLC8B1,0.0,pathway_binn,625
HPD,0.0,pathway_binn,626
PSMD9,0.0,pathway_binn,627
BCL7A,0.0,pathway_binn,628
IL31,0.0,pathway_binn,629
B3GNT4,0.0,pathway_binn,630
VPS33A,0.0,pathway_binn,631
CLIP1,0.0,pathway_binn,632
SRSF9,0.0,pathway_binn,633
KNTC1,0.0,pathway_binn,634
HCAR3,0.0,pathway_binn,635
HCAR1,0.0,pathway_binn,636
HIP1R,0.0,pathway_binn,637
VPS37B,0.0,pathway_binn,638
ABCB9,0.0,pathway_binn,639
PITPNM2,0.0,pathway_binn,640
CDK2AP1,0.0,pathway_binn,641
ZCCHC8,0.0,pathway_binn,642
DYNLL1,0.0,pathway_binn,643
COQ5,0.0,pathway_binn,644
POP5,0.0,pathway_binn,645
CABP1,0.0,pathway_binn,646
MLEC,0.0,pathway_binn,647
UNC119B,0.0,pathway_binn,648
ACADS,0.0,pathway_binn,649
HNF1A,0.0,pathway_binn,650
SETD1B,0.0,pathway_binn,651
P2RX7,0.0,pathway_binn,652
P2RX4,0.0,pathway_binn,653
CAMKK2,0.0,pathway_binn,654
ANAPC5,0.0,pathway_binn,655
RNF34,0.0,pathway_binn,656
KDM2B,0.0,pathway_binn,657
ORAI1,0.0,pathway_binn,658
RHOF,0.0,pathway_binn,659
OASL,0.0,pathway_binn,660
TNFSF13B,0.0,pathway_binn,661
IRS2,0.0,pathway_binn,662
COL4A1,0.0,pathway_binn,663
COL4A2,0.0,pathway_binn,664
RAB20,0.0,pathway_binn,665
NAXD,0.0,pathway_binn,666
CARS2,0.0,pathway_binn,667
ALG5,0.0,pathway_binn,668
SOX1,0.0,pathway_binn,669
TUBGCP3,0.0,pathway_binn,670
ATP11A,0.0,pathway_binn,671
MCF2L,0.0,pathway_binn,672
F7,0.0,pathway_binn,673
F10,0.0,pathway_binn,674
PROZ,0.0,pathway_binn,675
CUL4A,0.0,pathway_binn,676
ARHGEF7,0.0,pathway_binn,677
IPO5,0.0,pathway_binn,678
FARP1,0.0,pathway_binn,679
STK24,0.0,pathway_binn,680
SLC15A1,0.0,pathway_binn,681
DOCK9,0.0,pathway_binn,682
GPR18,0.0,pathway_binn,683
GPR183,0.0,pathway_binn,684
LIG4,0.0,pathway_binn,685
PCCA,0.0,pathway_binn,686
NALCN,0.0,pathway_binn,687
ITGBL1,0.0,pathway_binn,688
FGF14,0.0,pathway_binn,689
TPP2,0.0,pathway_binn,690
ERCC5,0.0,pathway_binn,691
SLC10A2,0.0,pathway_binn,692
EFNB2,0.0,pathway_binn,693
ZIC2,0.0,pathway_binn,694
OR4N5,0.0,pathway_binn,695
OR11G2,0.0,pathway_binn,696
OR11H6,0.0,pathway_binn,697
OR11H4,0.0,pathway_binn,698
TTC5,0.0,pathway_binn,699
PARP2,0.0,pathway_binn,700
OSGEP,0.0,pathway_binn,701
LAMP1,0.0,pathway_binn,702
PIP4P1,0.0,pathway_binn,703
PNP,0.0,pathway_binn,704
OR6S1,0.0,pathway_binn,705
RNASE6,0.0,pathway_binn,706
RNASE1,0.0,pathway_binn,707
RNASE3,0.0,pathway_binn,708
RNASE2,0.0,pathway_binn,709
SLC39A2,0.0,pathway_binn,710
APEX1,0.0,pathway_binn,711
DCUN1D2,0.0,pathway_binn,712
TFDP1,0.0,pathway_binn,713
ATP4B,0.0,pathway_binn,714
GRK1,0.0,pathway_binn,715
GAS6,0.0,pathway_binn,716
RASA3,0.0,pathway_binn,717
CDC16,0.0,pathway_binn,718
UPF3A,0.0,pathway_binn,719
OR4K17,0.0,pathway_binn,720
OR4M1,0.0,pathway_binn,721
OR4K2,0.0,pathway_binn,722
OR4K5,0.0,pathway_binn,723
OR4K1,0.0,pathway_binn,724
OR4K15,0.0,pathway_binn,725
OR4K14,0.0,pathway_binn,726
OR4K13,0.0,pathway_binn,727
OR4L1,0.0,pathway_binn,728
OR4Q3,0.0,pathway_binn,729
GTF2F2,0.0,pathway_binn,730
COG3,0.0,pathway_binn,731
CPB2,0.0,pathway_binn,732
LCP1,0.0,pathway_binn,733
ESD,0.0,pathway_binn,734
HTR2A,0.0,pathway_binn,735
SUCLA2,0.0,pathway_binn,736
OXGR1,0.0,pathway_binn,737
ITM2B,0.0,pathway_binn,738
RB1,0.0,pathway_binn,739
LPAR6,0.0,pathway_binn,740
CYSLTR2,0.0,pathway_binn,741
MLNR,0.0,pathway_binn,742
CAB39L,0.0,pathway_binn,743
SETDB2,0.0,pathway_binn,744
KPNA3,0.0,pathway_binn,745
NUDT15,0.0,pathway_binn,746
EXOSC8,0.0,pathway_binn,747
SUPT20H,0.0,pathway_binn,748
TRPC4,0.0,pathway_binn,749
STOML3,0.0,pathway_binn,750
NHLRC3,0.0,pathway_binn,751
COG6,0.0,pathway_binn,752
FOXO1,0.0,pathway_binn,753
EPSTI1,0.0,pathway_binn,754
ELF1,0.0,pathway_binn,755
WBP4,0.0,pathway_binn,756
KBTBD6,0.0,pathway_binn,757
KBTBD7,0.0,pathway_binn,758
MTRF1,0.0,pathway_binn,759
RGCC,0.0,pathway_binn,760
DGKH,0.0,pathway_binn,761
TNFSF11,0.0,pathway_binn,762
SLC25A15,0.0,pathway_binn,763
POU4F1,0.0,pathway_binn,764
OBI1,0.0,pathway_binn,765
RBM26,0.0,pathway_binn,766
SPRY2,0.0,pathway_binn,767
COQ6,0.0,pathway_binn,768
SLITRK6,0.0,pathway_binn,769
SLITRK5,0.0,pathway_binn,770
TRIM13,0.0,pathway_binn,771
GPC6,0.0,pathway_binn,772
DCT,0.0,pathway_binn,773
ABCC4,0.0,pathway_binn,774
CLDN10,0.0,pathway_binn,775
DZIP1,0.0,pathway_binn,776
DNAJC3,0.0,pathway_binn,777
UGGT2,0.0,pathway_binn,778
HS6ST3,0.0,pathway_binn,779
GPC5,0.0,pathway_binn,780
INTS6,0.0,pathway_binn,781
ATP7B,0.0,pathway_binn,782
ALG11,0.0,pathway_binn,783
THSD1,0.0,pathway_binn,784
VPS36,0.0,pathway_binn,785
SUGT1,0.0,pathway_binn,786
OLFM4,0.0,pathway_binn,787
DIAPH3,0.0,pathway_binn,788
EDNRB,0.0,pathway_binn,789
BORA,0.0,pathway_binn,790
DIS3,0.0,pathway_binn,791
KLF5,0.0,pathway_binn,792
TBC1D4,0.0,pathway_binn,793
COMMD6,0.0,pathway_binn,794
UCHL3,0.0,pathway_binn,795
LMO7,0.0,pathway_binn,796
FBXL3,0.0,pathway_binn,797
MZT1,0.0,pathway_binn,798
SSTR5,0.0,pathway_binn,799
CACNA1H,0.0,pathway_binn,800
UBE2I,0.0,pathway_binn,801
TSR3,0.0,pathway_binn,802
CLCN7,0.0,pathway_binn,803
IFT140,0.0,pathway_binn,804
NME3,0.0,pathway_binn,805
EME2,0.0,pathway_binn,806
SPSB3,0.0,pathway_binn,807
FBLN5,0.0,pathway_binn,808
IGFALS,0.0,pathway_binn,809
FAHD1,0.0,pathway_binn,810
HS3ST6,0.0,pathway_binn,811
MSRB1,0.0,pathway_binn,812
NDUFB10,0.0,pathway_binn,813
TBL3,0.0,pathway_binn,814
NOXO1,0.0,pathway_binn,815
GFER,0.0,pathway_binn,816
ZNF598,0.0,pathway_binn,817
NPW,0.0,pathway_binn,818
NUBP2,0.0,pathway_binn,819
MPG,0.0,pathway_binn,820
NPRL3,0.0,pathway_binn,821
HBA2,0.0,pathway_binn,822
RGS11,0.0,pathway_binn,823
ARHGDIG,0.0,pathway_binn,824
PDIA2,0.0,pathway_binn,825
AXIN1,0.0,pathway_binn,826
NME4,0.0,pathway_binn,827
RAB11FIP3,0.0,pathway_binn,828
LMF1,0.0,pathway_binn,829
RAB40C,0.0,pathway_binn,830
RHOT2,0.0,pathway_binn,831
STUB1,0.0,pathway_binn,832
WDR24,0.0,pathway_binn,833
FBXL16,0.0,pathway_binn,834
CCDC78,0.0,pathway_binn,835
CIAO3,0.0,pathway_binn,836
MSLN,0.0,pathway_binn,837
CHTF18,0.0,pathway_binn,838
GNG13,0.0,pathway_binn,839
CAPN15,0.0,pathway_binn,840
CLDN6,0.0,pathway_binn,841
TNFRSF12A,0.0,pathway_binn,842
THOC6,0.0,pathway_binn,843
MMP25,0.0,pathway_binn,844
IL32,0.0,pathway_binn,845
ZSCAN10,0.0,pathway_binn,846
MEFV,0.0,pathway_binn,847
OR2C1,0.0,pathway_binn,848
NLRC3,0.0,pathway_binn,849
NTHL1,0.0,pathway_binn,850
TRAP1,0.0,pathway_binn,851
CREBBP,0.0,pathway_binn,852
ADCY9,0.0,pathway_binn,853
PAM16,0.0,pathway_binn,854
NMRAL1,0.0,pathway_binn,855
HMOX2,0.0,pathway_binn,856
MGRN1,0.0,pathway_binn,857
UBN1,0.0,pathway_binn,858
PPL,0.0,pathway_binn,859
ALG1,0.0,pathway_binn,860
SLX4,0.0,pathway_binn,861
TSC2,0.0,pathway_binn,862
PKD1,0.0,pathway_binn,863
RAB26,0.0,pathway_binn,864
TRAF7,0.0,pathway_binn,865
MLST8,0.0,pathway_binn,866
PGP,0.0,pathway_binn,867
ECI1,0.0,pathway_binn,868
RNPS1,0.0,pathway_binn,869
ABCA3,0.0,pathway_binn,870
CLDN9,0.0,pathway_binn,871
NTN3,0.0,pathway_binn,872
TBC1D24,0.0,pathway_binn,873
ATP6V0C,0.0,pathway_binn,874
AMDHD2,0.0,pathway_binn,875
PDPK1,0.0,pathway_binn,876
SRRM2,0.0,pathway_binn,877
PRSS41,0.0,pathway_binn,878
PRSS21,0.0,pathway_binn,879
KREMEN2,0.0,pathway_binn,880
PKMYT1,0.0,pathway_binn,881
CCNF,0.0,pathway_binn,882
ABHD17C,0.0,pathway_binn,883
CEMIP,0.0,pathway_binn,884
IL16,0.0,pathway_binn,885
STARD5,0.0,pathway_binn,886
WHAMM,0.0,pathway_binn,887
HOMER2,0.0,pathway_binn,888
RAMAC,0.0,pathway_binn,889
BTBD1,0.0,pathway_binn,890
SH3GL3,0.0,pathway_binn,891
SNRNP25,0.0,pathway_binn,892
NMB,0.0,pathway_binn,893
SEC11A,0.0,pathway_binn,894
ZNF592,0.0,pathway_binn,895
SLC28A1,0.0,pathway_binn,896
PDE8A,0.0,pathway_binn,897
AKAP13,0.0,pathway_binn,898
KLHL25,0.0,pathway_binn,899
AGBL1,0.0,pathway_binn,900
NTRK3,0.0,pathway_binn,901
DET1,0.0,pathway_binn,902
ADAMTSL3,0.0,pathway_binn,903
LINGO1,0.0,pathway_binn,904
CIB2,0.0,pathway_binn,905
IDH3A,0.0,pathway_binn,906
ACSBG1,0.0,pathway_binn,907
DNAJA4,0.0,pathway_binn,908
CRABP1,0.0,pathway_binn,909
IREB2,0.0,pathway_binn,910
HYKK,0.0,pathway_binn,911
PSMA4,0.0,pathway_binn,912
ARNT2,0.0,pathway_binn,913
CHRNA3,0.0,pathway_binn,914
CHRNB4,0.0,pathway_binn,915
ADAMTS7,0.0,pathway_binn,916
MORF4L1,0.0,pathway_binn,917
CTSH,0.0,pathway_binn,918
RASGRF1,0.0,pathway_binn,919
TMED3,0.0,pathway_binn,920
MTHFS,0.0,pathway_binn,921
BCL2A1,0.0,pathway_binn,922
FAH,0.0,pathway_binn,923
CHRNA5,0.0,pathway_binn,924
PRC1,0.0,pathway_binn,925
VPS33B,0.0,pathway_binn,926
SV2B,0.0,pathway_binn,927
ST8SIA2,0.0,pathway_binn,928
CHD2,0.0,pathway_binn,929
RGMA,0.0,pathway_binn,930
NR2F2,0.0,pathway_binn,931
IGF1R,0.0,pathway_binn,932
MEF2A,0.0,pathway_binn,933
ISG20,0.0,pathway_binn,934
CERS3,0.0,pathway_binn,935
ASB7,0.0,pathway_binn,936
ALDH1A3,0.0,pathway_binn,937
CHSY1,0.0,pathway_binn,938
SELENOS,0.0,pathway_binn,939
SNRPA1,0.0,pathway_binn,940
PCSK6,0.0,pathway_binn,941
OR4F6,0.0,pathway_binn,942
OR4F15,0.0,pathway_binn,943
POLR3K,0.0,pathway_binn,944
ADAMTS17,0.0,pathway_binn,945
ACAN,0.0,pathway_binn,946
MFGE8,0.0,pathway_binn,947
RLBP1,0.0,pathway_binn,948
FANCI,0.0,pathway_binn,949
POLG,0.0,pathway_binn,950
RHCG,0.0,pathway_binn,951
TICRR,0.0,pathway_binn,952
KIF7,0.0,pathway_binn,953
PLIN1,0.0,pathway_binn,954
PEX11A,0.0,pathway_binn,955
RCCD1,0.0,pathway_binn,956
MESP2,0.0,pathway_binn,957
ANPEP,0.0,pathway_binn,958
IDH2,0.0,pathway_binn,959
NGRN,0.0,pathway_binn,960
IQGAP1,0.0,pathway_binn,961
CRTC3,0.0,pathway_binn,962
BLM,0.0,pathway_binn,963
FURIN,0.0,pathway_binn,964
FES,0.0,pathway_binn,965
MAN2A2,0.0,pathway_binn,966
MESP1,0.0,pathway_binn,967
VKORC1,0.0,pathway_binn,968
BCKDK,0.0,pathway_binn,969
KAT8,0.0,pathway_binn,970
PRSS8,0.0,pathway_binn,971
FUS,0.0,pathway_binn,972
PYCARD,0.0,pathway_binn,973
TRIM72,0.0,pathway_binn,974
ITGAM,0.0,pathway_binn,975
ITGAX,0.0,pathway_binn,976
EEF2KMT,0.0,pathway_binn,977
COX6A2,0.0,pathway_binn,978
SLC5A2,0.0,pathway_binn,979
ORC6,0.0,pathway_binn,980
DNAJA2,0.0,pathway_binn,981
PHKB,0.0,pathway_binn,982
ABCC11,0.0,pathway_binn,983
LONP2,0.0,pathway_binn,984
SIAH1,0.0,pathway_binn,985
N4BP1,0.0,pathway_binn,986
ZNF423,0.0,pathway_binn,987
ITGAD,0.0,pathway_binn,988
TMEM219,0.0,pathway_binn,989
INO80E,0.0,pathway_binn,990
PPP4C,0.0,pathway_binn,991
TBX6,0.0,pathway_binn,992
GDPD3,0.0,pathway_binn,993
MAPK3,0.0,pathway_binn,994
CORO1A,0.0,pathway_binn,995
CD2BP2,0.0,pathway_binn,996
TBC1D10B,0.0,pathway_binn,997
STX4,0.0,pathway_binn,998
SEPHS2,0.0,pathway_binn,999
ITGAL,0.0,pathway_binn,1000
PHKG2,0.0,pathway_binn,1001
RNF40,0.0,pathway_binn,1002
BCL7C,0.0,pathway_binn,1003
CTF1,0.0,pathway_binn,1004
FBXL19,0.0,pathway_binn,1005
SETD1A,0.0,pathway_binn,1006
HSD3B7,0.0,pathway_binn,1007
STX1B,0.0,pathway_binn,1008
DCTPP1,0.0,pathway_binn,1009
MT2A,0.0,pathway_binn,1010
MT1E,0.0,pathway_binn,1011
MT1M,0.0,pathway_binn,1012
MT1A,0.0,pathway_binn,1013
MT1B,0.0,pathway_binn,1014
MT1F,0.0,pathway_binn,1015
MT1G,0.0,pathway_binn,1016
MT1H,0.0,pathway_binn,1017
MT1X,0.0,pathway_binn,1018
CNEP1R1,0.0,pathway_binn,1019
SLC12A3,0.0,pathway_binn,1020
HERPUD1,0.0,pathway_binn,1021
CETP,0.0,pathway_binn,1022
NLRC5,0.0,pathway_binn,1023
ARL2BP,0.0,pathway_binn,1024
CCL22,0.0,pathway_binn,1025
CX3CL1,0.0,pathway_binn,1026
CCL17,0.0,pathway_binn,1027
CIAPIN1,0.0,pathway_binn,1028
POLR2C,0.0,pathway_binn,1029
NUP93,0.0,pathway_binn,1030
TENT4B,0.0,pathway_binn,1031
ADCY7,0.0,pathway_binn,1032
BRD7,0.0,pathway_binn,1033
NOD2,0.0,pathway_binn,1034
CYLD,0.0,pathway_binn,1035
SALL1,0.0,pathway_binn,1036
CHD9,0.0,pathway_binn,1037
RBL2,0.0,pathway_binn,1038
RPGRIP1L,0.0,pathway_binn,1039
FTO,0.0,pathway_binn,1040
MT3,0.0,pathway_binn,1041
LPCAT2,0.0,pathway_binn,1042
CAPNS2,0.0,pathway_binn,1043
SLC6A2,0.0,pathway_binn,1044
CES1,0.0,pathway_binn,1045
GNAO1,0.0,pathway_binn,1046
AMFR,0.0,pathway_binn,1047
NUDT21,0.0,pathway_binn,1048
OGFOD1,0.0,pathway_binn,1049
BBS2,0.0,pathway_binn,1050
MT4,0.0,pathway_binn,1051
MMP2,0.0,pathway_binn,1052
MYH11,0.0,pathway_binn,1053
ABCC1,0.0,pathway_binn,1054
XYLT1,0.0,pathway_binn,1055
SMG1,0.0,pathway_binn,1056
COQ7,0.0,pathway_binn,1057
GDE1,0.0,pathway_binn,1058
CCP110,0.0,pathway_binn,1059
VPS35L,0.0,pathway_binn,1060
GP2,0.0,pathway_binn,1061
KCTD13,0.0,pathway_binn,1062
ACSM5,0.0,pathway_binn,1063
ACSM2A,0.0,pathway_binn,1064
ACSM2B,0.0,pathway_binn,1065
ACSM3,0.0,pathway_binn,1066
ACSM1,0.0,pathway_binn,1067
THUMPD1,0.0,pathway_binn,1068
DCUN1D3,0.0,pathway_binn,1069
CRYM,0.0,pathway_binn,1070
OTOA,0.0,pathway_binn,1071
UQCRC2,0.0,pathway_binn,1072
UMOD,0.0,pathway_binn,1073
RBFOX1,0.0,pathway_binn,1074
METTL22,0.0,pathway_binn,1075
ABAT,0.0,pathway_binn,1076
TMEM186,0.0,pathway_binn,1077
PMM2,0.0,pathway_binn,1078
USP7,0.0,pathway_binn,1079
GRIN2A,0.0,pathway_binn,1080
NUBP1,0.0,pathway_binn,1081
CIITA,0.0,pathway_binn,1082
NDE1,0.0,pathway_binn,1083
SOCS1,0.0,pathway_binn,1084
PRM2,0.0,pathway_binn,1085
PRM1,0.0,pathway_binn,1086
TXNDC11,0.0,pathway_binn,1087
GSPT1,0.0,pathway_binn,1088
TNFRSF17,0.0,pathway_binn,1089
CPPED1,0.0,pathway_binn,1090
ERCC4,0.0,pathway_binn,1091
PARN,0.0,pathway_binn,1092
PLA2G10,0.0,pathway_binn,1093
RMI2,0.0,pathway_binn,1094
IL4R,0.0,pathway_binn,1095
IL21R,0.0,pathway_binn,1096
GTF3C1,0.0,pathway_binn,1097
CLN3,0.0,pathway_binn,1098
APOBR,0.0,pathway_binn,1099
IL27,0.0,pathway_binn,1100
SGF29,0.0,pathway_binn,1101
SULT1A2,0.0,pathway_binn,1102
SULT1A1,0.0,pathway_binn,1103
EEF2K,0.0,pathway_binn,1104
SH2B1,0.0,pathway_binn,1105
ATP2A1,0.0,pathway_binn,1106
CD19,0.0,pathway_binn,1107
LAT,0.0,pathway_binn,1108
SPN,0.0,pathway_binn,1109
QPRT,0.0,pathway_binn,1110
KIF22,0.0,pathway_binn,1111
PAGR1,0.0,pathway_binn,1112
MVP,0.0,pathway_binn,1113
CDIPT,0.0,pathway_binn,1114
TUFM,0.0,pathway_binn,1115
POLR3E,0.0,pathway_binn,1116
HS3ST2,0.0,pathway_binn,1117
SCNN1G,0.0,pathway_binn,1118
SCNN1B,0.0,pathway_binn,1119
COG7,0.0,pathway_binn,1120
GGA2,0.0,pathway_binn,1121
EARS2,0.0,pathway_binn,1122
NDUFAB1,0.0,pathway_binn,1123
PALB2,0.0,pathway_binn,1124
DCTN5,0.0,pathway_binn,1125
NSMCE1,0.0,pathway_binn,1126
PRKCB,0.0,pathway_binn,1127
CACNG3,0.0,pathway_binn,1128
RBBP6,0.0,pathway_binn,1129
TNRC6A,0.0,pathway_binn,1130
SLC5A11,0.0,pathway_binn,1131
ARHGAP17,0.0,pathway_binn,1132
LCMT1,0.0,pathway_binn,1133
AQP8,0.0,pathway_binn,1134
HS3ST4,0.0,pathway_binn,1135
KDM8,0.0,pathway_binn,1136
PLK1,0.0,pathway_binn,1137
TDRD9,0.0,pathway_binn,1138
ASPG,0.0,pathway_binn,1139
KIF26A,0.0,pathway_binn,1140
AKT1,0.0,pathway_binn,1141
PLD4,0.0,pathway_binn,1142
GPR132,0.0,pathway_binn,1143
JAG2,0.0,pathway_binn,1144
NUDT14,0.0,pathway_binn,1145
BRF1,0.0,pathway_binn,1146
PEAK1,0.0,pathway_binn,1147
MTA1,0.0,pathway_binn,1148
NIPA1,0.0,pathway_binn,1149
NIPA2,0.0,pathway_binn,1150
CYFIP1,0.0,pathway_binn,1151
TUBGCP5,0.0,pathway_binn,1152
NDN,0.0,pathway_binn,1153
SNRPN,0.0,pathway_binn,1154
UBE3A,0.0,pathway_binn,1155
ATP10A,0.0,pathway_binn,1156
GABRB3,0.0,pathway_binn,1157
BTBD6,0.0,pathway_binn,1158
SLC25A29,0.0,pathway_binn,1159
BEGAIN,0.0,pathway_binn,1160
DLK1,0.0,pathway_binn,1161
DIO3,0.0,pathway_binn,1162
PPP2R5C,0.0,pathway_binn,1163
DYNC1H1,0.0,pathway_binn,1164
HSP90AA1,0.0,pathway_binn,1165
WDR20,0.0,pathway_binn,1166
ANKRD9,0.0,pathway_binn,1167
PPP1R13B,0.0,pathway_binn,1168
TRAF3,0.0,pathway_binn,1169
AMN,0.0,pathway_binn,1170
CDC42BPB,0.0,pathway_binn,1171
EIF5,0.0,pathway_binn,1172
MARK3,0.0,pathway_binn,1173
CKB,0.0,pathway_binn,1174
TRMT61A,0.0,pathway_binn,1175
BAG5,0.0,pathway_binn,1176
KLC1,0.0,pathway_binn,1177
XRCC3,0.0,pathway_binn,1178
RCOR1,0.0,pathway_binn,1179
NOP10,0.0,pathway_binn,1180
LPCAT4,0.0,pathway_binn,1181
GJD2,0.0,pathway_binn,1182
ACTC1,0.0,pathway_binn,1183
AQR,0.0,pathway_binn,1184
DPH6,0.0,pathway_binn,1185
SPRED1,0.0,pathway_binn,1186
RASGRP1,0.0,pathway_binn,1187
THBS1,0.0,pathway_binn,1188
GABRA5,0.0,pathway_binn,1189
EIF2AK4,0.0,pathway_binn,1190
BMF,0.0,pathway_binn,1191
BUB1B,0.0,pathway_binn,1192
PAK6,0.0,pathway_binn,1193
PLCB2,0.0,pathway_binn,1194
DISP2,0.0,pathway_binn,1195
IVD,0.0,pathway_binn,1196
CHST14,0.0,pathway_binn,1197
KNL1,0.0,pathway_binn,1198
RAD51,0.0,pathway_binn,1199
GPR176,0.0,pathway_binn,1200
GABRG3,0.0,pathway_binn,1201
OCA2,0.0,pathway_binn,1202
HERC2,0.0,pathway_binn,1203
APBA2,0.0,pathway_binn,1204
NSMCE3,0.0,pathway_binn,1205
TJP1,0.0,pathway_binn,1206
CHRFAM7A,0.0,pathway_binn,1207
GOLGA8R,0.0,pathway_binn,1208
ARHGAP11B,0.0,pathway_binn,1209
FAN1,0.0,pathway_binn,1210
SLC12A6,0.0,pathway_binn,1211
TRPM1,0.0,pathway_binn,1212
KLF13,0.0,pathway_binn,1213
OTUD7A,0.0,pathway_binn,1214
CHRNA7,0.0,pathway_binn,1215
ARHGAP11A,0.0,pathway_binn,1216
GREM1,0.0,pathway_binn,1217
RYR3,0.0,pathway_binn,1218
AVEN,0.0,pathway_binn,1219
CHRM5,0.0,pathway_binn,1220
EMC4,0.0,pathway_binn,1221
MTMR10,0.0,pathway_binn,1222
VASH1,0.0,pathway_binn,1223
CIPC,0.0,pathway_binn,1224
NGB,0.0,pathway_binn,1225
POMT2,0.0,pathway_binn,1226
GSTZ1,0.0,pathway_binn,1227
SPTLC2,0.0,pathway_binn,1228
SLIRP,0.0,pathway_binn,1229
SNW1,0.0,pathway_binn,1230
NRXN3,0.0,pathway_binn,1231
YY1,0.0,pathway_binn,1232
TSHR,0.0,pathway_binn,1233
GTF2A1,0.0,pathway_binn,1234
STON2,0.0,pathway_binn,1235
SEL1L,0.0,pathway_binn,1236
FLRT2,0.0,pathway_binn,1237
GALC,0.0,pathway_binn,1238
GPR65,0.0,pathway_binn,1239
KCNK10,0.0,pathway_binn,1240
TTC8,0.0,pathway_binn,1241
TDP1,0.0,pathway_binn,1242
DIO2,0.0,pathway_binn,1243
ENTPD5,0.0,pathway_binn,1244
ALDH6A1,0.0,pathway_binn,1245
LIN52,0.0,pathway_binn,1246
ABCD4,0.0,pathway_binn,1247
NPC2,0.0,pathway_binn,1248
ISCA2,0.0,pathway_binn,1249
LTBP2,0.0,pathway_binn,1250
AREL1,0.0,pathway_binn,1251
FCF1,0.0,pathway_binn,1252
ESRRB,0.0,pathway_binn,1253
PGF,0.0,pathway_binn,1254
EIF2B2,0.0,pathway_binn,1255
MLH3,0.0,pathway_binn,1256
NEK9,0.0,pathway_binn,1257
TMED10,0.0,pathway_binn,1258
FOS,0.0,pathway_binn,1259
BATF,0.0,pathway_binn,1260
TTLL5,0.0,pathway_binn,1261
IFT43,0.0,pathway_binn,1262
TGFB3,0.0,pathway_binn,1263
DLST,0.0,pathway_binn,1264
SERPINA10,0.0,pathway_binn,1265
SERPINA6,0.0,pathway_binn,1266
SERPINA1,0.0,pathway_binn,1267
SERPINA4,0.0,pathway_binn,1268
SERPINA5,0.0,pathway_binn,1269
SERPINA3,0.0,pathway_binn,1270
GSC,0.0,pathway_binn,1271
DICER1,0.0,pathway_binn,1272
GLRX5,0.0,pathway_binn,1273
KCNK13,0.0,pathway_binn,1274
BDKRB1,0.0,pathway_binn,1275
AK7,0.0,pathway_binn,1276
PAPOLA,0.0,pathway_binn,1277
VRK1,0.0,pathway_binn,1278
BCL11B,0.0,pathway_binn,1279
SETD3,0.0,pathway_binn,1280
CCNK,0.0,pathway_binn,1281
CYP46A1,0.0,pathway_binn,1282
EVL,0.0,pathway_binn,1283
DEGS2,0.0,pathway_binn,1284
BDKRB2,0.0,pathway_binn,1285
PSMC1,0.0,pathway_binn,1286
CALM1,0.0,pathway_binn,1287
GPR68,0.0,pathway_binn,1288
CCDC88C,0.0,pathway_binn,1289
CATSPERB,0.0,pathway_binn,1290
MAPKAPK5,0.0,pathway_binn,1291
TRIP11,0.0,pathway_binn,1292
ATXN3,0.0,pathway_binn,1293
NDUFB1,0.0,pathway_binn,1294
CPSF2,0.0,pathway_binn,1295
IFI27,0.0,pathway_binn,1296
RIN3,0.0,pathway_binn,1297
LGMN,0.0,pathway_binn,1298
GOLGA5,0.0,pathway_binn,1299
CHGA,0.0,pathway_binn,1300
ITPK1,0.0,pathway_binn,1301
GON7,0.0,pathway_binn,1302
UNC79,0.0,pathway_binn,1303
COX8C,0.0,pathway_binn,1304
ASB2,0.0,pathway_binn,1305
OTUB2,0.0,pathway_binn,1306
SLC24A4,0.0,pathway_binn,1307
CLPX,0.0,pathway_binn,1308
CILP,0.0,pathway_binn,1309
PARP16,0.0,pathway_binn,1310
HACD3,0.0,pathway_binn,1311
INTS14,0.0,pathway_binn,1312
DENND4A,0.0,pathway_binn,1313
RAB11A,0.0,pathway_binn,1314
TIPIN,0.0,pathway_binn,1315
MAP2K1,0.0,pathway_binn,1316
GCHFR,0.0,pathway_binn,1317
ZWILCH,0.0,pathway_binn,1318
SMAD6,0.0,pathway_binn,1319
SMAD3,0.0,pathway_binn,1320
MAP2K5,0.0,pathway_binn,1321
PIAS1,0.0,pathway_binn,1322
FEM1B,0.0,pathway_binn,1323
ITGA11,0.0,pathway_binn,1324
ANP32A,0.0,pathway_binn,1325
NOX5,0.0,pathway_binn,1326
GLCE,0.0,pathway_binn,1327
SNAPC5,0.0,pathway_binn,1328
ANXA2,0.0,pathway_binn,1329
ICE2,0.0,pathway_binn,1330
RORA,0.0,pathway_binn,1331
TPM1,0.0,pathway_binn,1332
RAB8B,0.0,pathway_binn,1333
APH1B,0.0,pathway_binn,1334
CA12,0.0,pathway_binn,1335
USP3,0.0,pathway_binn,1336
FBXL22,0.0,pathway_binn,1337
PDCD7,0.0,pathway_binn,1338
DAPK2,0.0,pathway_binn,1339
PPIB,0.0,pathway_binn,1340
PCLAF,0.0,pathway_binn,1341
TRIP4,0.0,pathway_binn,1342
OAZ2,0.0,pathway_binn,1343
PIF1,0.0,pathway_binn,1344
PLEKHO2,0.0,pathway_binn,1345
MTFMT,0.0,pathway_binn,1346
SLC51B,0.0,pathway_binn,1347
KBTBD13,0.0,pathway_binn,1348
HERC1,0.0,pathway_binn,1349
CYP1A1,0.0,pathway_binn,1350
CYP1A2,0.0,pathway_binn,1351
CSK,0.0,pathway_binn,1352
LMAN1L,0.0,pathway_binn,1353
ULK3,0.0,pathway_binn,1354
MPI,0.0,pathway_binn,1355
RPP25,0.0,pathway_binn,1356
PPCDC,0.0,pathway_binn,1357
COMMD4,0.0,pathway_binn,1358
KIF23,0.0,pathway_binn,1359
SIN3A,0.0,pathway_binn,1360
PTPN9,0.0,pathway_binn,1361
SNUPN,0.0,pathway_binn,1362
IMP3,0.0,pathway_binn,1363
CSPG4,0.0,pathway_binn,1364
UBE2Q2,0.0,pathway_binn,1365
FBXO22,0.0,pathway_binn,1366
NRG4,0.0,pathway_binn,1367
ETFA,0.0,pathway_binn,1368
PSTPIP1,0.0,pathway_binn,1369
NEIL1,0.0,pathway_binn,1370
TLE3,0.0,pathway_binn,1371
UACA,0.0,pathway_binn,1372
LRRC49,0.0,pathway_binn,1373
THSD4,0.0,pathway_binn,1374
MYO9A,0.0,pathway_binn,1375
SENP8,0.0,pathway_binn,1376
PKM,0.0,pathway_binn,1377
PARP6,0.0,pathway_binn,1378
HEXA,0.0,pathway_binn,1379
ARIH1,0.0,pathway_binn,1380
EDC3,0.0,pathway_binn,1381
ADPGK,0.0,pathway_binn,1382
NEO1,0.0,pathway_binn,1383
HCN4,0.0,pathway_binn,1384
NPTN,0.0,pathway_binn,1385
LOXL1,0.0,pathway_binn,1386
PML,0.0,pathway_binn,1387
ISLR,0.0,pathway_binn,1388
STRA6,0.0,pathway_binn,1389
CYP11A1,0.0,pathway_binn,1390
SEMA7A,0.0,pathway_binn,1391
BBS4,0.0,pathway_binn,1392
CAPN3,0.0,pathway_binn,1393
SNAP23,0.0,pathway_binn,1394
HAUS2,0.0,pathway_binn,1395
TTBK2,0.0,pathway_binn,1396
TGM5,0.0,pathway_binn,1397
LCMT2,0.0,pathway_binn,1398
TUBGCP4,0.0,pathway_binn,1399
TP53BP1,0.0,pathway_binn,1400
PPIP5K1,0.0,pathway_binn,1401
BNIP2,0.0,pathway_binn,1402
CATSPER2,0.0,pathway_binn,1403
PDIA3,0.0,pathway_binn,1404
ELL3,0.0,pathway_binn,1405
SERINC4,0.0,pathway_binn,1406
MFAP1,0.0,pathway_binn,1407
EIF3J,0.0,pathway_binn,1408
B2M,0.0,pathway_binn,1409
TRIM69,0.0,pathway_binn,1410
SORD,0.0,pathway_binn,1411
DUOX2,0.0,pathway_binn,1412
STRC,0.0,pathway_binn,1413
SPINT1,0.0,pathway_binn,1414
RHOV,0.0,pathway_binn,1415
VPS18,0.0,pathway_binn,1416
DLL4,0.0,pathway_binn,1417
CHAC1,0.0,pathway_binn,1418
INO80,0.0,pathway_binn,1419
CHP1,0.0,pathway_binn,1420
OIP5,0.0,pathway_binn,1421
NDUFAF1,0.0,pathway_binn,1422
TMEM87A,0.0,pathway_binn,1423
ITPKA,0.0,pathway_binn,1424
LTK,0.0,pathway_binn,1425
TYRO3,0.0,pathway_binn,1426
MGA,0.0,pathway_binn,1427
PLA2G4B,0.0,pathway_binn,1428
SPTBN5,0.0,pathway_binn,1429
PLA2G4E,0.0,pathway_binn,1430
PLA2G4D,0.0,pathway_binn,1431
PLA2G4F,0.0,pathway_binn,1432
VPS39,0.0,pathway_binn,1433
RTF1,0.0,pathway_binn,1434
LEO1,0.0,pathway_binn,1435
MAPK6,0.0,pathway_binn,1436
GNB5,0.0,pathway_binn,1437
MYO5A,0.0,pathway_binn,1438
ARPP19,0.0,pathway_binn,1439
ONECUT1,0.0,pathway_binn,1440
RAB27A,0.0,pathway_binn,1441
PIGB,0.0,pathway_binn,1442
PYGO1,0.0,pathway_binn,1443
DUOXA2,0.0,pathway_binn,1444
TCF12,0.0,pathway_binn,1445
ALDH1A2,0.0,pathway_binn,1446
AQP9,0.0,pathway_binn,1447
LIPC,0.0,pathway_binn,1448
ADAM10,0.0,pathway_binn,1449
RNF111,0.0,pathway_binn,1450
CCNB2,0.0,pathway_binn,1451
LDHAL6B,0.0,pathway_binn,1452
GCNT3,0.0,pathway_binn,1453
GTF2A2,0.0,pathway_binn,1454
NEDD4,0.0,pathway_binn,1455
DUOXA1,0.0,pathway_binn,1456
SLC28A2,0.0,pathway_binn,1457
GATM,0.0,pathway_binn,1458
BLOC1S6,0.0,pathway_binn,1459
SQOR,0.0,pathway_binn,1460
SEMA6D,0.0,pathway_binn,1461
SLC12A1,0.0,pathway_binn,1462
FBN1,0.0,pathway_binn,1463
CEP152,0.0,pathway_binn,1464
COPS2,0.0,pathway_binn,1465
TMOD3,0.0,pathway_binn,1466
ATP8B4,0.0,pathway_binn,1467
SLC27A2,0.0,pathway_binn,1468
HDC,0.0,pathway_binn,1469
USP8,0.0,pathway_binn,1470
TRPM7,0.0,pathway_binn,1471
SPPL2A,0.0,pathway_binn,1472
AP4E1,0.0,pathway_binn,1473
CYP19A1,0.0,pathway_binn,1474
SCG3,0.0,pathway_binn,1475
TMOD2,0.0,pathway_binn,1476
FGF7,0.0,pathway_binn,1477
STX5,0.0,pathway_binn,1478
SLC3A2,0.0,pathway_binn,1479
CHRM1,0.0,pathway_binn,1480
SLC22A6,0.0,pathway_binn,1481
SLC22A8,0.0,pathway_binn,1482
PLAAT5,0.0,pathway_binn,1483
PLAAT4,0.0,pathway_binn,1484
PLAAT2,0.0,pathway_binn,1485
COQ9,0.0,pathway_binn,1486
RTN3,0.0,pathway_binn,1487
COX8A,0.0,pathway_binn,1488
OTUB1,0.0,pathway_binn,1489
FLRT1,0.0,pathway_binn,1490
FERMT3,0.0,pathway_binn,1491
VEGFB,0.0,pathway_binn,1492
PLCB3,0.0,pathway_binn,1493
BAD,0.0,pathway_binn,1494
KCNK4,0.0,pathway_binn,1495
PLAAT3,0.0,pathway_binn,1496
RAB3IL1,0.0,pathway_binn,1497
BEST1,0.0,pathway_binn,1498
FTH1,0.0,pathway_binn,1499
INCENP,0.0,pathway_binn,1500
ASRGL1,0.0,pathway_binn,1501
EEF1G,0.0,pathway_binn,1502
TUT1,0.0,pathway_binn,1503
MTA2,0.0,pathway_binn,1504
B3GAT3,0.0,pathway_binn,1505
NXF1,0.0,pathway_binn,1506
INTS5,0.0,pathway_binn,1507
CSKMT,0.0,pathway_binn,1508
UQCC3,0.0,pathway_binn,1509
UBXN1,0.0,pathway_binn,1510
GNG3,0.0,pathway_binn,1511
POLR2G,0.0,pathway_binn,1512
TAF6L,0.0,pathway_binn,1513
TMEM223,0.0,pathway_binn,1514
TMEM179B,0.0,pathway_binn,1515
GANAB,0.0,pathway_binn,1516
LTBP3,0.0,pathway_binn,1517
KCNK7,0.0,pathway_binn,1518
MAP3K11,0.0,pathway_binn,1519
SIPA1,0.0,pathway_binn,1520
RELA,0.0,pathway_binn,1521
KAT5,0.0,pathway_binn,1522
CFL1,0.0,pathway_binn,1523
MUS81,0.0,pathway_binn,1524
EFEMP2,0.0,pathway_binn,1525
ESRRA,0.0,pathway_binn,1526
FOSL1,0.0,pathway_binn,1527
DRAP1,0.0,pathway_binn,1528
SART1,0.0,pathway_binn,1529
BANF1,0.0,pathway_binn,1530
SF3B2,0.0,pathway_binn,1531
PACS1,0.0,pathway_binn,1532
KLC2,0.0,pathway_binn,1533
RAB1B,0.0,pathway_binn,1534
CNIH2,0.0,pathway_binn,1535
CTSW,0.0,pathway_binn,1536
TRMT112,0.0,pathway_binn,1537
SLC22A11,0.0,pathway_binn,1538
SLC22A12,0.0,pathway_binn,1539
NRXN2,0.0,pathway_binn,1540
RASGRP2,0.0,pathway_binn,1541
PYGM,0.0,pathway_binn,1542
SF1,0.0,pathway_binn,1543
MEN1,0.0,pathway_binn,1544
EHD1,0.0,pathway_binn,1545
DPF2,0.0,pathway_binn,1546
GPHA2,0.0,pathway_binn,1547
ARL2,0.0,pathway_binn,1548
CDCA5,0.0,pathway_binn,1549
VPS51,0.0,pathway_binn,1550
TM7SF2,0.0,pathway_binn,1551
SYVN1,0.0,pathway_binn,1552
CAPN1,0.0,pathway_binn,1553
POLA2,0.0,pathway_binn,1554
CDC42EP2,0.0,pathway_binn,1555
PPP2R5B,0.0,pathway_binn,1556
P2RX3,0.0,pathway_binn,1557
PRG3,0.0,pathway_binn,1558
PRG2,0.0,pathway_binn,1559
RTN4RL2,0.0,pathway_binn,1560
SLC43A1,0.0,pathway_binn,1561
TIMM10,0.0,pathway_binn,1562
UBE2L6,0.0,pathway_binn,1563
SERPING1,0.0,pathway_binn,1564
FADS1,0.0,pathway_binn,1565
MED19,0.0,pathway_binn,1566
OR9Q1,0.0,pathway_binn,1567
OR6Q1,0.0,pathway_binn,1568
OR9I1,0.0,pathway_binn,1569
OR9Q2,0.0,pathway_binn,1570
OR1S2,0.0,pathway_binn,1571
OR1S1,0.0,pathway_binn,1572
OR10Q1,0.0,pathway_binn,1573
OR10W1,0.0,pathway_binn,1574
ZDHHC5,0.0,pathway_binn,1575
OR5T3,0.0,pathway_binn,1576
OR5T1,0.0,pathway_binn,1577
OR8H1,0.0,pathway_binn,1578
OR8K3,0.0,pathway_binn,1579
OR8K1,0.0,pathway_binn,1580
OR8J1,0.0,pathway_binn,1581
OR8U1,0.0,pathway_binn,1582
OR5M9,0.0,pathway_binn,1583
OR5M3,0.0,pathway_binn,1584
SSRP1,0.0,pathway_binn,1585
OR5M11,0.0,pathway_binn,1586
OR5M10,0.0,pathway_binn,1587
OR5M1,0.0,pathway_binn,1588
OR5AP2,0.0,pathway_binn,1589
OR5AR1,0.0,pathway_binn,1590
OR9G1,0.0,pathway_binn,1591
OR9G4,0.0,pathway_binn,1592
OR5AK2,0.0,pathway_binn,1593
APLNR,0.0,pathway_binn,1594
OR5M8,0.0,pathway_binn,1595
TCN1,0.0,pathway_binn,1596
MS4A3,0.0,pathway_binn,1597
MS4A2,0.0,pathway_binn,1598
PTGDR2,0.0,pathway_binn,1599
ZP1,0.0,pathway_binn,1600
PRPF19,0.0,pathway_binn,1601
TMEM132A,0.0,pathway_binn,1602
SLC15A3,0.0,pathway_binn,1603
VPS37C,0.0,pathway_binn,1604
OR5B17,0.0,pathway_binn,1605
DDB1,0.0,pathway_binn,1606
TKFC,0.0,pathway_binn,1607
TMEM216,0.0,pathway_binn,1608
CPSF7,0.0,pathway_binn,1609
SYT7,0.0,pathway_binn,1610
DAGLA,0.0,pathway_binn,1611
TMEM258,0.0,pathway_binn,1612
FEN1,0.0,pathway_binn,1613
FADS2,0.0,pathway_binn,1614
PGA5,0.0,pathway_binn,1615
OR5B3,0.0,pathway_binn,1616
OR5B2,0.0,pathway_binn,1617
OR5B12,0.0,pathway_binn,1618
OR5B21,0.0,pathway_binn,1619
GLYAT,0.0,pathway_binn,1620
GLYATL2,0.0,pathway_binn,1621
GLYATL1,0.0,pathway_binn,1622
DTX4,0.0,pathway_binn,1623
OR5AN1,0.0,pathway_binn,1624
CBLIF,0.0,pathway_binn,1625
OR5A1,0.0,pathway_binn,1626
OR4D6,0.0,pathway_binn,1627
OR4D10,0.0,pathway_binn,1628
OR4D11,0.0,pathway_binn,1629
OR4D9,0.0,pathway_binn,1630
OSBP,0.0,pathway_binn,1631
PATL1,0.0,pathway_binn,1632
OR10V1,0.0,pathway_binn,1633
STX3,0.0,pathway_binn,1634
OR5A2,0.0,pathway_binn,1635
B3GNT6,0.0,pathway_binn,1636
CAPN5,0.0,pathway_binn,1637
PAK1,0.0,pathway_binn,1638
CLNS1A,0.0,pathway_binn,1639
AQP11,0.0,pathway_binn,1640
RSF1,0.0,pathway_binn,1641
INTS4,0.0,pathway_binn,1642
THRSP,0.0,pathway_binn,1643
YIF1A,0.0,pathway_binn,1644
ALG8,0.0,pathway_binn,1645
GAB2,0.0,pathway_binn,1646
NARS2,0.0,pathway_binn,1647
PRCP,0.0,pathway_binn,1648
RAB30,0.0,pathway_binn,1649
PCF11,0.0,pathway_binn,1650
DLG2,0.0,pathway_binn,1651
TMEM126B,0.0,pathway_binn,1652
TMEM126A,0.0,pathway_binn,1653
NDUFC2,0.0,pathway_binn,1654
UCP2,0.0,pathway_binn,1655
UCP3,0.0,pathway_binn,1656
C2CD3,0.0,pathway_binn,1657
PPME1,0.0,pathway_binn,1658
P4HA3,0.0,pathway_binn,1659
PGM2L1,0.0,pathway_binn,1660
KCNE3,0.0,pathway_binn,1661
LIPT2,0.0,pathway_binn,1662
POLD3,0.0,pathway_binn,1663
ACER3,0.0,pathway_binn,1664
OR2AT4,0.0,pathway_binn,1665
SLCO2B1,0.0,pathway_binn,1666
ARRB1,0.0,pathway_binn,1667
GDPD5,0.0,pathway_binn,1668
SERPINH1,0.0,pathway_binn,1669
MOGAT2,0.0,pathway_binn,1670
DGAT2,0.0,pathway_binn,1671
UVRAG,0.0,pathway_binn,1672
WNT11,0.0,pathway_binn,1673
NEU3,0.0,pathway_binn,1674
PIWIL4,0.0,pathway_binn,1675
AMOTL1,0.0,pathway_binn,1676
CWC15,0.0,pathway_binn,1677
KDM4D,0.0,pathway_binn,1678
KDM4E,0.0,pathway_binn,1679
SRSF8,0.0,pathway_binn,1680
ENDOD1,0.0,pathway_binn,1681
SESN3,0.0,pathway_binn,1682
CEP57,0.0,pathway_binn,1683
SYTL2,0.0,pathway_binn,1684
MAML2,0.0,pathway_binn,1685
CNTN5,0.0,pathway_binn,1686
ARHGAP42,0.0,pathway_binn,1687
PGR,0.0,pathway_binn,1688
TRPC6,0.0,pathway_binn,1689
YAP1,0.0,pathway_binn,1690
BIRC3,0.0,pathway_binn,1691
BIRC2,0.0,pathway_binn,1692
MMP7,0.0,pathway_binn,1693
MTMR2,0.0,pathway_binn,1694
PICALM,0.0,pathway_binn,1695
EED,0.0,pathway_binn,1696
ME3,0.0,pathway_binn,1697
PRSS23,0.0,pathway_binn,1698
FZD4,0.0,pathway_binn,1699
RAB38,0.0,pathway_binn,1700
CTSC,0.0,pathway_binn,1701
GRM5,0.0,pathway_binn,1702
TYR,0.0,pathway_binn,1703
FUT4,0.0,pathway_binn,1704
NAALAD2,0.0,pathway_binn,1705
MTNR1B,0.0,pathway_binn,1706
SLC36A4,0.0,pathway_binn,1707
DEUP1,0.0,pathway_binn,1708
TAF1D,0.0,pathway_binn,1709
PANX1,0.0,pathway_binn,1710
IZUMO1R,0.0,pathway_binn,1711
GPR83,0.0,pathway_binn,1712
MRE11,0.0,pathway_binn,1713
NOX4,0.0,pathway_binn,1714
RAD9A,0.0,pathway_binn,1715
POLD4,0.0,pathway_binn,1716
CLCF1,0.0,pathway_binn,1717
PPP1CA,0.0,pathway_binn,1718
TBC1D10C,0.0,pathway_binn,1719
CARNS1,0.0,pathway_binn,1720
AIP,0.0,pathway_binn,1721
PITPNM1,0.0,pathway_binn,1722
CDK2AP2,0.0,pathway_binn,1723
PAAF1,0.0,pathway_binn,1724
GSTP1,0.0,pathway_binn,1725
NDUFV1,0.0,pathway_binn,1726
NUDT8,0.0,pathway_binn,1727
ACY3,0.0,pathway_binn,1728
ALDH3B2,0.0,pathway_binn,1729
UNC93B1,0.0,pathway_binn,1730
ALDH3B1,0.0,pathway_binn,1731
NDUFS8,0.0,pathway_binn,1732
TCIRG1,0.0,pathway_binn,1733
CABP2,0.0,pathway_binn,1734
RIN1,0.0,pathway_binn,1735
BRMS1,0.0,pathway_binn,1736
B4GAT1,0.0,pathway_binn,1737
SLC29A2,0.0,pathway_binn,1738
NPAS4,0.0,pathway_binn,1739
PELI3,0.0,pathway_binn,1740
DPP3,0.0,pathway_binn,1741
BBS1,0.0,pathway_binn,1742
ACTN3,0.0,pathway_binn,1743
GRK2,0.0,pathway_binn,1744
CCS,0.0,pathway_binn,1745
RBM14,0.0,pathway_binn,1746
SPTBN2,0.0,pathway_binn,1747
RCE1,0.0,pathway_binn,1748
PC,0.0,pathway_binn,1749
LRFN4,0.0,pathway_binn,1750
SYT12,0.0,pathway_binn,1751
RHOD,0.0,pathway_binn,1752
KDM2A,0.0,pathway_binn,1753
CTSF,0.0,pathway_binn,1754
DEFB108B,0.0,pathway_binn,1755
IL18BP,0.0,pathway_binn,1756
NUMA1,0.0,pathway_binn,1757
LRTOMT,0.0,pathway_binn,1758
LAMTOR1,0.0,pathway_binn,1759
ANAPC15,0.0,pathway_binn,1760
FOLR3,0.0,pathway_binn,1761
FOLR1,0.0,pathway_binn,1762
FOLR2,0.0,pathway_binn,1763
CHKA,0.0,pathway_binn,1764
PDE2A,0.0,pathway_binn,1765
ARAP1,0.0,pathway_binn,1766
STARD10,0.0,pathway_binn,1767
ATG16L2,0.0,pathway_binn,1768
P2RY2,0.0,pathway_binn,1769
P2RY6,0.0,pathway_binn,1770
ARHGEF17,0.0,pathway_binn,1771
RAB6A,0.0,pathway_binn,1772
COA4,0.0,pathway_binn,1773
INPPL1,0.0,pathway_binn,1774
KMT5B,0.0,pathway_binn,1775
LRP5,0.0,pathway_binn,1776
PPP6R3,0.0,pathway_binn,1777
GAL,0.0,pathway_binn,1778
CPT1A,0.0,pathway_binn,1779
MRGPRD,0.0,pathway_binn,1780
TPCN2,0.0,pathway_binn,1781
CCND1,0.0,pathway_binn,1782
FGF19,0.0,pathway_binn,1783
KRTAP5-10,0.0,pathway_binn,1784
FGF3,0.0,pathway_binn,1785
ANO1,0.0,pathway_binn,1786
FADD,0.0,pathway_binn,1787
CTTN,0.0,pathway_binn,1788
SHANK2,0.0,pathway_binn,1789
DHCR7,0.0,pathway_binn,1790
KRTAP5-7,0.0,pathway_binn,1791
KRTAP5-8,0.0,pathway_binn,1792
KRTAP5-9,0.0,pathway_binn,1793
FGF4,0.0,pathway_binn,1794
OR51F1,0.0,pathway_binn,1795
OR52R1,0.0,pathway_binn,1796
OR51F2,0.0,pathway_binn,1797
OR51S1,0.0,pathway_binn,1798
OR51T1,0.0,pathway_binn,1799
OR51A7,0.0,pathway_binn,1800
OR51G2,0.0,pathway_binn,1801
OR51G1,0.0,pathway_binn,1802
OR5T2,0.0,pathway_binn,1803
OR51A2,0.0,pathway_binn,1804
OR51L1,0.0,pathway_binn,1805
OR52J3,0.0,pathway_binn,1806
OR52E2,0.0,pathway_binn,1807
OR52A5,0.0,pathway_binn,1808
OR52A1,0.0,pathway_binn,1809
OR51V1,0.0,pathway_binn,1810
HBB,0.0,pathway_binn,1811
HBD,0.0,pathway_binn,1812
OR51A4,0.0,pathway_binn,1813
CD81,0.0,pathway_binn,1814
TRPM5,0.0,pathway_binn,1815
KCNQ1,0.0,pathway_binn,1816
CDKN1C,0.0,pathway_binn,1817
OSBPL5,0.0,pathway_binn,1818
ART1,0.0,pathway_binn,1819
CHRNA10,0.0,pathway_binn,1820
RHOG,0.0,pathway_binn,1821
STIM1,0.0,pathway_binn,1822
OR51E2,0.0,pathway_binn,1823
TRIM21,0.0,pathway_binn,1824
OR52K2,0.0,pathway_binn,1825
OR52K1,0.0,pathway_binn,1826
OR52M1,0.0,pathway_binn,1827
OR52I2,0.0,pathway_binn,1828
OR52I1,0.0,pathway_binn,1829
TRIM68,0.0,pathway_binn,1830
OR51D1,0.0,pathway_binn,1831
OR51E1,0.0,pathway_binn,1832
RRM1,0.0,pathway_binn,1833
OR52L1,0.0,pathway_binn,1834
OR56A4,0.0,pathway_binn,1835
OR56A1,0.0,pathway_binn,1836
OR56B4,0.0,pathway_binn,1837
OR52B2,0.0,pathway_binn,1838
OR52W1,0.0,pathway_binn,1839
CNGA4,0.0,pathway_binn,1840
CCKBR,0.0,pathway_binn,1841
SMPD1,0.0,pathway_binn,1842
HBG1,0.0,pathway_binn,1843
HPX,0.0,pathway_binn,1844
TRIM3,0.0,pathway_binn,1845
ARFIP2,0.0,pathway_binn,1846
TIMM10B,0.0,pathway_binn,1847
RRP8,0.0,pathway_binn,1848
ILK,0.0,pathway_binn,1849
TAF10,0.0,pathway_binn,1850
TPP1,0.0,pathway_binn,1851
OR2AG2,0.0,pathway_binn,1852
APBB1,0.0,pathway_binn,1853
OR51B5,0.0,pathway_binn,1854
OR51B6,0.0,pathway_binn,1855
OR51Q1,0.0,pathway_binn,1856
OR52D1,0.0,pathway_binn,1857
OR52H1,0.0,pathway_binn,1858
OR52B6,0.0,pathway_binn,1859
TRIM6,0.0,pathway_binn,1860
TRIM34,0.0,pathway_binn,1861
TRIM5,0.0,pathway_binn,1862
OR56A5,0.0,pathway_binn,1863
OR56B1,0.0,pathway_binn,1864
OR52N4,0.0,pathway_binn,1865
OR52N5,0.0,pathway_binn,1866
OR52N1,0.0,pathway_binn,1867
OR52N2,0.0,pathway_binn,1868
OR52E8,0.0,pathway_binn,1869
OR52E4,0.0,pathway_binn,1870
OR52E5,0.0,pathway_binn,1871
OR56A3,0.0,pathway_binn,1872
TRIM22,0.0,pathway_binn,1873
CTBP2,0.0,pathway_binn,1874
UROS,0.0,pathway_binn,1875
ADAM12,0.0,pathway_binn,1876
DOCK1,0.0,pathway_binn,1877
NPS,0.0,pathway_binn,1878
MGMT,0.0,pathway_binn,1879
GLRX3,0.0,pathway_binn,1880
PPP2R2D,0.0,pathway_binn,1881
DPYSL4,0.0,pathway_binn,1882
TH,0.0,pathway_binn,1883
INPP5A,0.0,pathway_binn,1884
VENTX,0.0,pathway_binn,1885
ADAM8,0.0,pathway_binn,1886
TUBGCP2,0.0,pathway_binn,1887
FUOM,0.0,pathway_binn,1888
ECHS1,0.0,pathway_binn,1889
PAOX,0.0,pathway_binn,1890
SPRN,0.0,pathway_binn,1891
CYP2E1,0.0,pathway_binn,1892
PWWP2B,0.0,pathway_binn,1893
TIAL1,0.0,pathway_binn,1894
BAG3,0.0,pathway_binn,1895
INPP5F,0.0,pathway_binn,1896
SEC23IP,0.0,pathway_binn,1897
PLPP4,0.0,pathway_binn,1898
WDR11,0.0,pathway_binn,1899
FGFR2,0.0,pathway_binn,1900
NSMCE4A,0.0,pathway_binn,1901
PLEKHA1,0.0,pathway_binn,1902
ZRANB1,0.0,pathway_binn,1903
DMBT1,0.0,pathway_binn,1904
PSTK,0.0,pathway_binn,1905
ACADSB,0.0,pathway_binn,1906
BUB3,0.0,pathway_binn,1907
CHST15,0.0,pathway_binn,1908
OAT,0.0,pathway_binn,1909
LHPP,0.0,pathway_binn,1910
EEF1AKMT2,0.0,pathway_binn,1911
ABRAXAS2,0.0,pathway_binn,1912
HTRA1,0.0,pathway_binn,1913
POLR2L,0.0,pathway_binn,1914
CHID1,0.0,pathway_binn,1915
AP2A2,0.0,pathway_binn,1916
MUC6,0.0,pathway_binn,1917
MUC2,0.0,pathway_binn,1918
MUC5AC,0.0,pathway_binn,1919
MUC5B,0.0,pathway_binn,1920
TOLLIP,0.0,pathway_binn,1921
DUSP8,0.0,pathway_binn,1922
SYCE1,0.0,pathway_binn,1923
KRTAP5-2,0.0,pathway_binn,1924
KRTAP5-3,0.0,pathway_binn,1925
KRTAP5-5,0.0,pathway_binn,1926
KRTAP5-6,0.0,pathway_binn,1927
CTSD,0.0,pathway_binn,1928
SYT8,0.0,pathway_binn,1929
TNNI2,0.0,pathway_binn,1930
TNNT3,0.0,pathway_binn,1931
INS,0.0,pathway_binn,1932
KRTAP5-1,0.0,pathway_binn,1933
BET1L,0.0,pathway_binn,1934
SIRT3,0.0,pathway_binn,1935
PSMD13,0.0,pathway_binn,1936
IFITM2,0.0,pathway_binn,1937
IFITM1,0.0,pathway_binn,1938
IFITM3,0.0,pathway_binn,1939
PKP3,0.0,pathway_binn,1940
SIGIRR,0.0,pathway_binn,1941
ANO9,0.0,pathway_binn,1942
CD151,0.0,pathway_binn,1943
HRAS,0.0,pathway_binn,1944
IRF7,0.0,pathway_binn,1945
SCT,0.0,pathway_binn,1946
DRD4,0.0,pathway_binn,1947
EPS8L2,0.0,pathway_binn,1948
TALDO1,0.0,pathway_binn,1949
SLC25A22,0.0,pathway_binn,1950
PIDD1,0.0,pathway_binn,1951
PNPLA2,0.0,pathway_binn,1952
PTDSS2,0.0,pathway_binn,1953
DGKZ,0.0,pathway_binn,1954
MDK,0.0,pathway_binn,1955
AMBRA1,0.0,pathway_binn,1956
ATG13,0.0,pathway_binn,1957
ARHGAP1,0.0,pathway_binn,1958
F2,0.0,pathway_binn,1959
CKAP5,0.0,pathway_binn,1960
LRP4,0.0,pathway_binn,1961
OR2AG1,0.0,pathway_binn,1962
PACSIN3,0.0,pathway_binn,1963
DDB2,0.0,pathway_binn,1964
NR1H3,0.0,pathway_binn,1965
MYBPC3,0.0,pathway_binn,1966
SPI1,0.0,pathway_binn,1967
PSMC3,0.0,pathway_binn,1968
NDUFS3,0.0,pathway_binn,1969
PTPMT1,0.0,pathway_binn,1970
AGBL2,0.0,pathway_binn,1971
ARFGAP2,0.0,pathway_binn,1972
CAT,0.0,pathway_binn,1973
ELF5,0.0,pathway_binn,1974
APIP,0.0,pathway_binn,1975
PDHX,0.0,pathway_binn,1976
CD44,0.0,pathway_binn,1977
SLC1A2,0.0,pathway_binn,1978
COMMD9,0.0,pathway_binn,1979
TRAF6,0.0,pathway_binn,1980
RAG1,0.0,pathway_binn,1981
CREB3L1,0.0,pathway_binn,1982
HSD17B12,0.0,pathway_binn,1983
ALKBH3,0.0,pathway_binn,1984
EXT2,0.0,pathway_binn,1985
CHST1,0.0,pathway_binn,1986
SLC35C1,0.0,pathway_binn,1987
CRY2,0.0,pathway_binn,1988
PEX16,0.0,pathway_binn,1989
LARGE2,0.0,pathway_binn,1990
PHF21A,0.0,pathway_binn,1991
RAG2,0.0,pathway_binn,1992
OR4S2,0.0,pathway_binn,1993
OR4C6,0.0,pathway_binn,1994
OR5D13,0.0,pathway_binn,1995
OR5D14,0.0,pathway_binn,1996
OR5L1,0.0,pathway_binn,1997
OR5D18,0.0,pathway_binn,1998
OR5L2,0.0,pathway_binn,1999
OR5D16,0.0,pathway_binn,2000
OR5W2,0.0,pathway_binn,2001
NUP160,0.0,pathway_binn,2002
OR10AG1,0.0,pathway_binn,2003
OR5F1,0.0,pathway_binn,2004
OR5AS1,0.0,pathway_binn,2005
OR8I2,0.0,pathway_binn,2006
OR8H2,0.0,pathway_binn,2007
OR8H3,0.0,pathway_binn,2008
OR8J3,0.0,pathway_binn,2009
OR8K5,0.0,pathway_binn,2010
OR5J2,0.0,pathway_binn,2011
OR5I1,0.0,pathway_binn,2012
PTPRJ,0.0,pathway_binn,2013
OR4B1,0.0,pathway_binn,2014
OR4X2,0.0,pathway_binn,2015
OR4X1,0.0,pathway_binn,2016
OR4S1,0.0,pathway_binn,2017
OR4C3,0.0,pathway_binn,2018
OR4C5,0.0,pathway_binn,2019
OR4A47,0.0,pathway_binn,2020
FOLH1,0.0,pathway_binn,2021
OR4P4,0.0,pathway_binn,2022
OR4C12,0.0,pathway_binn,2023
OR4C46,0.0,pathway_binn,2024
OR4A5,0.0,pathway_binn,2025
TRIM48,0.0,pathway_binn,2026
OR4A16,0.0,pathway_binn,2027
OR4A15,0.0,pathway_binn,2028
OR4C15,0.0,pathway_binn,2029
OR4C16,0.0,pathway_binn,2030
OR4C11,0.0,pathway_binn,2031
OR4C13,0.0,pathway_binn,2032
AMPD3,0.0,pathway_binn,2033
LYVE1,0.0,pathway_binn,2034
CTR9,0.0,pathway_binn,2035
EIF4G2,0.0,pathway_binn,2036
GALNT18,0.0,pathway_binn,2037
USP47,0.0,pathway_binn,2038
PARVA,0.0,pathway_binn,2039
TEAD1,0.0,pathway_binn,2040
PTH,0.0,pathway_binn,2041
NAT10,0.0,pathway_binn,2042
SPON1,0.0,pathway_binn,2043
RRAS2,0.0,pathway_binn,2044
COPB1,0.0,pathway_binn,2045
PSMA1,0.0,pathway_binn,2046
PDE3B,0.0,pathway_binn,2047
CYP2R1,0.0,pathway_binn,2048
CALCB,0.0,pathway_binn,2049
CALCA,0.0,pathway_binn,2050
SOX6,0.0,pathway_binn,2051
FAR1,0.0,pathway_binn,2052
OR6A2,0.0,pathway_binn,2053
OR10A5,0.0,pathway_binn,2054
OR10A2,0.0,pathway_binn,2055
OR10A4,0.0,pathway_binn,2056
OR2D3,0.0,pathway_binn,2057
ZNF214,0.0,pathway_binn,2058
SYT9,0.0,pathway_binn,2059
PPFIBP2,0.0,pathway_binn,2060
CYB5R2,0.0,pathway_binn,2061
ADM,0.0,pathway_binn,2062
OR10A6,0.0,pathway_binn,2063
OR10A3,0.0,pathway_binn,2064
LMO1,0.0,pathway_binn,2065
SCUBE2,0.0,pathway_binn,2066
DENND5A,0.0,pathway_binn,2067
ZNF143,0.0,pathway_binn,2068
WEE1,0.0,pathway_binn,2069
SWAP70,0.0,pathway_binn,2070
SBF2,0.0,pathway_binn,2071
OR5P2,0.0,pathway_binn,2072
SVIP,0.0,pathway_binn,2073
ANO3,0.0,pathway_binn,2074
MUC15,0.0,pathway_binn,2075
SLC5A12,0.0,pathway_binn,2076
BBOX1,0.0,pathway_binn,2077
LGR4,0.0,pathway_binn,2078
LIN7C,0.0,pathway_binn,2079
BDNF,0.0,pathway_binn,2080
KIF18A,0.0,pathway_binn,2081
PIK3C2A,0.0,pathway_binn,2082
FSHB,0.0,pathway_binn,2083
DNAJC24,0.0,pathway_binn,2084
ELP4,0.0,pathway_binn,2085
PAX6,0.0,pathway_binn,2086
RCN1,0.0,pathway_binn,2087
WT1,0.0,pathway_binn,2088
EIF3M,0.0,pathway_binn,2089
CSTF3,0.0,pathway_binn,2090
LMO2,0.0,pathway_binn,2091
KCNA4,0.0,pathway_binn,2092
NCR3LG1,0.0,pathway_binn,2093
KCNJ11,0.0,pathway_binn,2094
ABCC8,0.0,pathway_binn,2095
USH1C,0.0,pathway_binn,2096
OTOG,0.0,pathway_binn,2097
MYOD1,0.0,pathway_binn,2098
KCNC1,0.0,pathway_binn,2099
TPH1,0.0,pathway_binn,2100
GTF2H1,0.0,pathway_binn,2101
GAS2,0.0,pathway_binn,2102
LDHAL6A,0.0,pathway_binn,2103
TSG101,0.0,pathway_binn,2104
PTPN5,0.0,pathway_binn,2105
E2F8,0.0,pathway_binn,2106
PRMT3,0.0,pathway_binn,2107
SLC6A5,0.0,pathway_binn,2108
ANO5,0.0,pathway_binn,2109
SLC17A6,0.0,pathway_binn,2110
FANCF,0.0,pathway_binn,2111
LDHC,0.0,pathway_binn,2112
NCKAP1L,0.0,pathway_binn,2113
PDE1B,0.0,pathway_binn,2114
DCD,0.0,pathway_binn,2115
MUCL1,0.0,pathway_binn,2116
OR9K2,0.0,pathway_binn,2117
OR10A7,0.0,pathway_binn,2118
OR6C74,0.0,pathway_binn,2119
OR6C6,0.0,pathway_binn,2120
MMP20,0.0,pathway_binn,2121
OR6C3,0.0,pathway_binn,2122
OR6C75,0.0,pathway_binn,2123
OR6C65,0.0,pathway_binn,2124
OR6C76,0.0,pathway_binn,2125
OR6C2,0.0,pathway_binn,2126
OR6C70,0.0,pathway_binn,2127
OR6C68,0.0,pathway_binn,2128
OR6C4,0.0,pathway_binn,2129
OR2AP1,0.0,pathway_binn,2130
OR6C1,0.0,pathway_binn,2131
RARG,0.0,pathway_binn,2132
ESPL1,0.0,pathway_binn,2133
PFDN5,0.0,pathway_binn,2134
AAAS,0.0,pathway_binn,2135
SP7,0.0,pathway_binn,2136
SP1,0.0,pathway_binn,2137
AMHR2,0.0,pathway_binn,2138
PCBP2,0.0,pathway_binn,2139
TARBP2,0.0,pathway_binn,2140
ITGA5,0.0,pathway_binn,2141
HOXC11,0.0,pathway_binn,2142
HOXC8,0.0,pathway_binn,2143
HOXC4,0.0,pathway_binn,2144
SMUG1,0.0,pathway_binn,2145
CBX5,0.0,pathway_binn,2146
NFE2,0.0,pathway_binn,2147
COPZ1,0.0,pathway_binn,2148
GPR84,0.0,pathway_binn,2149
ZNF385A,0.0,pathway_binn,2150
ATP5MC2,0.0,pathway_binn,2151
COQ10A,0.0,pathway_binn,2152
CS,0.0,pathway_binn,2153
PAN2,0.0,pathway_binn,2154
IL23A,0.0,pathway_binn,2155
STAT2,0.0,pathway_binn,2156
APOF,0.0,pathway_binn,2157
TIMELESS,0.0,pathway_binn,2158
MIP,0.0,pathway_binn,2159
GLS2,0.0,pathway_binn,2160
OR10P1,0.0,pathway_binn,2161
ATP5F1B,0.0,pathway_binn,2162
PTGES3,0.0,pathway_binn,2163
PRIM1,0.0,pathway_binn,2164
HSD17B6,0.0,pathway_binn,2165
SDR9C7,0.0,pathway_binn,2166
RDH16,0.0,pathway_binn,2167
TAC3,0.0,pathway_binn,2168
NAB2,0.0,pathway_binn,2169
STAT6,0.0,pathway_binn,2170
BAZ2A,0.0,pathway_binn,2171
ITGA7,0.0,pathway_binn,2172
BLOC1S1,0.0,pathway_binn,2173
RDH5,0.0,pathway_binn,2174
CD63,0.0,pathway_binn,2175
SARNP,0.0,pathway_binn,2176
ORMDL2,0.0,pathway_binn,2177
MMP19,0.0,pathway_binn,2178
DGKA,0.0,pathway_binn,2179
PMEL,0.0,pathway_binn,2180
SLC39A5,0.0,pathway_binn,2181
RAB5B,0.0,pathway_binn,2182
SUOX,0.0,pathway_binn,2183
PA2G4,0.0,pathway_binn,2184
ESYT1,0.0,pathway_binn,2185
MYL6B,0.0,pathway_binn,2186
MYL6,0.0,pathway_binn,2187
SMARCC2,0.0,pathway_binn,2188
RNF41,0.0,pathway_binn,2189
NABP2,0.0,pathway_binn,2190
CDK2,0.0,pathway_binn,2191
PRKAG1,0.0,pathway_binn,2192
KMT2D,0.0,pathway_binn,2193
DHH,0.0,pathway_binn,2194
TUBA1B,0.0,pathway_binn,2195
TUBA1A,0.0,pathway_binn,2196
TUBA1C,0.0,pathway_binn,2197
KCNH3,0.0,pathway_binn,2198
MCRS1,0.0,pathway_binn,2199
ITGB7,0.0,pathway_binn,2200
BCDIN3D,0.0,pathway_binn,2201
AQP2,0.0,pathway_binn,2202
AQP5,0.0,pathway_binn,2203
AQP6,0.0,pathway_binn,2204
ASIC1,0.0,pathway_binn,2205
SMARCD1,0.0,pathway_binn,2206
GPD1,0.0,pathway_binn,2207
COX14,0.0,pathway_binn,2208
CERS5,0.0,pathway_binn,2209
FMNL3,0.0,pathway_binn,2210
SLC38A4,0.0,pathway_binn,2211
AMIGO2,0.0,pathway_binn,2212
RAPGEF3,0.0,pathway_binn,2213
HDAC7,0.0,pathway_binn,2214
VDR,0.0,pathway_binn,2215
COL2A1,0.0,pathway_binn,2216
SENP1,0.0,pathway_binn,2217
PFKM,0.0,pathway_binn,2218
ASB8,0.0,pathway_binn,2219
WNT1,0.0,pathway_binn,2220
LALBA,0.0,pathway_binn,2221
KANSL2,0.0,pathway_binn,2222
CCNT1,0.0,pathway_binn,2223
ADCY6,0.0,pathway_binn,2224
CACNB3,0.0,pathway_binn,2225
DDX23,0.0,pathway_binn,2226
RND1,0.0,pathway_binn,2227
ARF3,0.0,pathway_binn,2228
WNT10B,0.0,pathway_binn,2229
OR10AD1,0.0,pathway_binn,2230
KRT6A,0.0,pathway_binn,2231
KRT5,0.0,pathway_binn,2232
KRT71,0.0,pathway_binn,2233
KRT74,0.0,pathway_binn,2234
KRT72,0.0,pathway_binn,2235
KRT73,0.0,pathway_binn,2236
KRT2,0.0,pathway_binn,2237
KRT1,0.0,pathway_binn,2238
KRT77,0.0,pathway_binn,2239
ATF1,0.0,pathway_binn,2240
KRT3,0.0,pathway_binn,2241
KRT4,0.0,pathway_binn,2242
KRT79,0.0,pathway_binn,2243
KRT78,0.0,pathway_binn,2244
KRT8,0.0,pathway_binn,2245
EIF4B,0.0,pathway_binn,2246
IGFBP6,0.0,pathway_binn,2247
SOAT2,0.0,pathway_binn,2248
CSAD,0.0,pathway_binn,2249
KRT76,0.0,pathway_binn,2250
HIGD1C,0.0,pathway_binn,2251
SLC11A2,0.0,pathway_binn,2252
BIN2,0.0,pathway_binn,2253
GALNT6,0.0,pathway_binn,2254
SLC4A8,0.0,pathway_binn,2255
SCN8A,0.0,pathway_binn,2256
ACVRL1,0.0,pathway_binn,2257
ACVR1B,0.0,pathway_binn,2258
NR4A1,0.0,pathway_binn,2259
KRT6C,0.0,pathway_binn,2260
KRT80,0.0,pathway_binn,2261
KRT7,0.0,pathway_binn,2262
KRT86,0.0,pathway_binn,2263
KRT83,0.0,pathway_binn,2264
KRT85,0.0,pathway_binn,2265
KRT84,0.0,pathway_binn,2266
KRT82,0.0,pathway_binn,2267
KRT75,0.0,pathway_binn,2268
KRT6B,0.0,pathway_binn,2269
ATG101,0.0,pathway_binn,2270
IKBIP,0.0,pathway_binn,2271
APAF1,0.0,pathway_binn,2272
SLC17A8,0.0,pathway_binn,2273
NR1H4,0.0,pathway_binn,2274
ANO4,0.0,pathway_binn,2275
SLC5A8,0.0,pathway_binn,2276
UTP20,0.0,pathway_binn,2277
ARL1,0.0,pathway_binn,2278
LRP1,0.0,pathway_binn,2279
CHPT1,0.0,pathway_binn,2280
SYCP3,0.0,pathway_binn,2281
NUP37,0.0,pathway_binn,2282
PMCH,0.0,pathway_binn,2283
IGF1,0.0,pathway_binn,2284
PAH,0.0,pathway_binn,2285
ASCL1,0.0,pathway_binn,2286
STAB2,0.0,pathway_binn,2287
HSP90B1,0.0,pathway_binn,2288
MYBPC1,0.0,pathway_binn,2289
LUM,0.0,pathway_binn,2290
DCN,0.0,pathway_binn,2291
BTG1,0.0,pathway_binn,2292
EEA1,0.0,pathway_binn,2293
UBE2N,0.0,pathway_binn,2294
SOCS2,0.0,pathway_binn,2295
CRADD,0.0,pathway_binn,2296
PLXNC1,0.0,pathway_binn,2297
CEP83,0.0,pathway_binn,2298
TMPO,0.0,pathway_binn,2299
NR2C1,0.0,pathway_binn,2300
METAP2,0.0,pathway_binn,2301
USP44,0.0,pathway_binn,2302
NTN4,0.0,pathway_binn,2303
SNRPF,0.0,pathway_binn,2304
AMDHD1,0.0,pathway_binn,2305
HAL,0.0,pathway_binn,2306
LTA4H,0.0,pathway_binn,2307
NEDD1,0.0,pathway_binn,2308
NDUFA12,0.0,pathway_binn,2309
MMAB,0.0,pathway_binn,2310
MVK,0.0,pathway_binn,2311
TRPV4,0.0,pathway_binn,2312
GLTP,0.0,pathway_binn,2313
GIT2,0.0,pathway_binn,2314
IFT81,0.0,pathway_binn,2315
ATP2A2,0.0,pathway_binn,2316
ANAPC7,0.0,pathway_binn,2317
ARPC3,0.0,pathway_binn,2318
TDG,0.0,pathway_binn,2319
RAD9B,0.0,pathway_binn,2320
TCTN1,0.0,pathway_binn,2321
HVCN1,0.0,pathway_binn,2322
PPP1CC,0.0,pathway_binn,2323
MYL2,0.0,pathway_binn,2324
SH2B3,0.0,pathway_binn,2325
BRAP,0.0,pathway_binn,2326
ACAD10,0.0,pathway_binn,2327
ALDH2,0.0,pathway_binn,2328
VPS29,0.0,pathway_binn,2329
HCFC2,0.0,pathway_binn,2330
NFYB,0.0,pathway_binn,2331
TXNRD1,0.0,pathway_binn,2332
EID3,0.0,pathway_binn,2333
CHST11,0.0,pathway_binn,2334
SLC41A2,0.0,pathway_binn,2335
ALDH1L2,0.0,pathway_binn,2336
NUAK1,0.0,pathway_binn,2337
CKAP4,0.0,pathway_binn,2338
UBE3B,0.0,pathway_binn,2339
CRY1,0.0,pathway_binn,2340
PRDM4,0.0,pathway_binn,2341
CMKLR1,0.0,pathway_binn,2342
ISCU,0.0,pathway_binn,2343
SELPLG,0.0,pathway_binn,2344
DAO,0.0,pathway_binn,2345
USP30,0.0,pathway_binn,2346
ALKBH2,0.0,pathway_binn,2347
ACACB,0.0,pathway_binn,2348
POLR3B,0.0,pathway_binn,2349
USP15,0.0,pathway_binn,2350
AVPR1A,0.0,pathway_binn,2351
RXYLT1,0.0,pathway_binn,2352
SRGAP1,0.0,pathway_binn,2353
XPOT,0.0,pathway_binn,2354
TBK1,0.0,pathway_binn,2355
GNS,0.0,pathway_binn,2356
WIF1,0.0,pathway_binn,2357
LEMD3,0.0,pathway_binn,2358
KERA,0.0,pathway_binn,2359
HMGA2,0.0,pathway_binn,2360
IRAK3,0.0,pathway_binn,2361
GRIP1,0.0,pathway_binn,2362
CAND1,0.0,pathway_binn,2363
DYRK2,0.0,pathway_binn,2364
IFNG,0.0,pathway_binn,2365
IL26,0.0,pathway_binn,2366
IL22,0.0,pathway_binn,2367
NUP107,0.0,pathway_binn,2368
MSRB3,0.0,pathway_binn,2369
SHMT2,0.0,pathway_binn,2370
INHBC,0.0,pathway_binn,2371
INHBE,0.0,pathway_binn,2372
GLI1,0.0,pathway_binn,2373
ARHGAP9,0.0,pathway_binn,2374
DDIT3,0.0,pathway_binn,2375
MBD6,0.0,pathway_binn,2376
DCTN2,0.0,pathway_binn,2377
KIF5A,0.0,pathway_binn,2378
SLC16A7,0.0,pathway_binn,2379
ARHGEF25,0.0,pathway_binn,2380
B4GALNT1,0.0,pathway_binn,2381
OS9,0.0,pathway_binn,2382
AGAP2,0.0,pathway_binn,2383
CDK4,0.0,pathway_binn,2384
CYP27B1,0.0,pathway_binn,2385
METTL1,0.0,pathway_binn,2386
TSFM,0.0,pathway_binn,2387
CTDSP2,0.0,pathway_binn,2388
PIP4K2C,0.0,pathway_binn,2389
BBS10,0.0,pathway_binn,2390
OSBPL8,0.0,pathway_binn,2391
E2F7,0.0,pathway_binn,2392
SYT1,0.0,pathway_binn,2393
PPP1R12A,0.0,pathway_binn,2394
OTOGL,0.0,pathway_binn,2395
MYF6,0.0,pathway_binn,2396
MYF5,0.0,pathway_binn,2397
LIN7A,0.0,pathway_binn,2398
MDM2,0.0,pathway_binn,2399
PPFIA2,0.0,pathway_binn,2400
CCDC59,0.0,pathway_binn,2401
SLC6A15,0.0,pathway_binn,2402
NTS,0.0,pathway_binn,2403
MGAT4C,0.0,pathway_binn,2404
CEP290,0.0,pathway_binn,2405
DUSP6,0.0,pathway_binn,2406
GALNT4,0.0,pathway_binn,2407
ATP2B1,0.0,pathway_binn,2408
ACSS3,0.0,pathway_binn,2409
CPM,0.0,pathway_binn,2410
CPSF6,0.0,pathway_binn,2411
LYZ,0.0,pathway_binn,2412
YEATS4,0.0,pathway_binn,2413
FRS2,0.0,pathway_binn,2414
CCT2,0.0,pathway_binn,2415
BEST3,0.0,pathway_binn,2416
RAB3IP,0.0,pathway_binn,2417
CNOT2,0.0,pathway_binn,2418
PHLDA1,0.0,pathway_binn,2419
PTPRB,0.0,pathway_binn,2420
LGR5,0.0,pathway_binn,2421
ZFC3H1,0.0,pathway_binn,2422
RAB21,0.0,pathway_binn,2423
TBC1D15,0.0,pathway_binn,2424
TPH2,0.0,pathway_binn,2425
KCNC2,0.0,pathway_binn,2426
GLIPR1,0.0,pathway_binn,2427
KRR1,0.0,pathway_binn,2428
KCNMB4,0.0,pathway_binn,2429
OR10G8,0.0,pathway_binn,2430
OR10G7,0.0,pathway_binn,2431
OR10D3,0.0,pathway_binn,2432
OR8G1,0.0,pathway_binn,2433
OR8G5,0.0,pathway_binn,2434
OR8D1,0.0,pathway_binn,2435
OR8D2,0.0,pathway_binn,2436
OR8B2,0.0,pathway_binn,2437
SLC38A2,0.0,pathway_binn,2438
OR8B8,0.0,pathway_binn,2439
OR8B12,0.0,pathway_binn,2440
OR8A1,0.0,pathway_binn,2441
NRGN,0.0,pathway_binn,2442
ESAM,0.0,pathway_binn,2443
STT3A,0.0,pathway_binn,2444
CHEK1,0.0,pathway_binn,2445
PUS3,0.0,pathway_binn,2446
CDON,0.0,pathway_binn,2447
OR8B4,0.0,pathway_binn,2448
MCAM,0.0,pathway_binn,2449
USP2,0.0,pathway_binn,2450
THY1,0.0,pathway_binn,2451
TRIM29,0.0,pathway_binn,2452
ARHGEF12,0.0,pathway_binn,2453
GRIK4,0.0,pathway_binn,2454
TECTA,0.0,pathway_binn,2455
SC5D,0.0,pathway_binn,2456
SORL1,0.0,pathway_binn,2457
OR10G4,0.0,pathway_binn,2458
HSPA8,0.0,pathway_binn,2459
SCN3B,0.0,pathway_binn,2460
OR6X1,0.0,pathway_binn,2461
OR6M1,0.0,pathway_binn,2462
OR8D4,0.0,pathway_binn,2463
OR4D5,0.0,pathway_binn,2464
OR6T1,0.0,pathway_binn,2465
OR10S1,0.0,pathway_binn,2466
OR10G6,0.0,pathway_binn,2467
CRTAM,0.0,pathway_binn,2468
NCAPD3,0.0,pathway_binn,2469
ACAD8,0.0,pathway_binn,2470
GLB1L3,0.0,pathway_binn,2471
GLB1L2,0.0,pathway_binn,2472
B3GAT1,0.0,pathway_binn,2473
IQSEC3,0.0,pathway_binn,2474
SLC6A12,0.0,pathway_binn,2475
SLC6A13,0.0,pathway_binn,2476
KDM5A,0.0,pathway_binn,2477
RPUSD4,0.0,pathway_binn,2478
RAD52,0.0,pathway_binn,2479
WNT5B,0.0,pathway_binn,2480
ADIPOR2,0.0,pathway_binn,2481
DCP1B,0.0,pathway_binn,2482
CACNA1C,0.0,pathway_binn,2483
ITFG2,0.0,pathway_binn,2484
FOXM1,0.0,pathway_binn,2485
RHNO1,0.0,pathway_binn,2486
TULP3,0.0,pathway_binn,2487
WNK1,0.0,pathway_binn,2488
SRPRA,0.0,pathway_binn,2489
FOXRED1,0.0,pathway_binn,2490
TIRAP,0.0,pathway_binn,2491
DCPS,0.0,pathway_binn,2492
ST3GAL4,0.0,pathway_binn,2493
KIRREL3,0.0,pathway_binn,2494
ETS1,0.0,pathway_binn,2495
FLI1,0.0,pathway_binn,2496
KCNJ1,0.0,pathway_binn,2497
JAM3,0.0,pathway_binn,2498
TP53AIP1,0.0,pathway_binn,2499
ARHGAP32,0.0,pathway_binn,2500
NFRKB,0.0,pathway_binn,2501
APLP2,0.0,pathway_binn,2502
ST14,0.0,pathway_binn,2503
ADAMTS8,0.0,pathway_binn,2504
ADAMTS15,0.0,pathway_binn,2505
NTM,0.0,pathway_binn,2506
OPCML,0.0,pathway_binn,2507
KCNJ5,0.0,pathway_binn,2508
ATM,0.0,pathway_binn,2509
RDX,0.0,pathway_binn,2510
FDX1,0.0,pathway_binn,2511
ARHGAP20,0.0,pathway_binn,2512
BTG4,0.0,pathway_binn,2513
PPP2R1B,0.0,pathway_binn,2514
ALG9,0.0,pathway_binn,2515
CRYAB,0.0,pathway_binn,2516
DLAT,0.0,pathway_binn,2517
CBL,0.0,pathway_binn,2518
IL18,0.0,pathway_binn,2519
TEX12,0.0,pathway_binn,2520
BCO2,0.0,pathway_binn,2521
PTS,0.0,pathway_binn,2522
PLET1,0.0,pathway_binn,2523
NCAM1,0.0,pathway_binn,2524
DRD2,0.0,pathway_binn,2525
ZW10,0.0,pathway_binn,2526
USP28,0.0,pathway_binn,2527
TIMM8B,0.0,pathway_binn,2528
MMP8,0.0,pathway_binn,2529
MMP10,0.0,pathway_binn,2530
MMP1,0.0,pathway_binn,2531
MMP3,0.0,pathway_binn,2532
MMP12,0.0,pathway_binn,2533
MMP13,0.0,pathway_binn,2534
DCUN1D5,0.0,pathway_binn,2535
DYNC2H1,0.0,pathway_binn,2536
PDGFD,0.0,pathway_binn,2537
ACAT1,0.0,pathway_binn,2538
CASP5,0.0,pathway_binn,2539
GRIA4,0.0,pathway_binn,2540
AASDHPPT,0.0,pathway_binn,2541
GUCY1A2,0.0,pathway_binn,2542
CWF19L2,0.0,pathway_binn,2543
ALKBH8,0.0,pathway_binn,2544
SLN,0.0,pathway_binn,2545
RAB39A,0.0,pathway_binn,2546
CUL5,0.0,pathway_binn,2547
CASP4,0.0,pathway_binn,2548
CD3D,0.0,pathway_binn,2549
CD3G,0.0,pathway_binn,2550
UBE4A,0.0,pathway_binn,2551
ATP5MG,0.0,pathway_binn,2552
KMT2A,0.0,pathway_binn,2553
IFT46,0.0,pathway_binn,2554
ARCN1,0.0,pathway_binn,2555
TREH,0.0,pathway_binn,2556
DDX6,0.0,pathway_binn,2557
ZBTB16,0.0,pathway_binn,2558
BCL9L,0.0,pathway_binn,2559
TRAPPC4,0.0,pathway_binn,2560
SLC37A4,0.0,pathway_binn,2561
HYOU1,0.0,pathway_binn,2562
VPS11,0.0,pathway_binn,2563
HMBS,0.0,pathway_binn,2564
DPAGT1,0.0,pathway_binn,2565
ABCG4,0.0,pathway_binn,2566
NLRX1,0.0,pathway_binn,2567
CXCR5,0.0,pathway_binn,2568
NNMT,0.0,pathway_binn,2569
RBM7,0.0,pathway_binn,2570
REXO2,0.0,pathway_binn,2571
BUD13,0.0,pathway_binn,2572
APOA5,0.0,pathway_binn,2573
APOA4,0.0,pathway_binn,2574
APOC3,0.0,pathway_binn,2575
APOA1,0.0,pathway_binn,2576
PAFAH1B2,0.0,pathway_binn,2577
CD3E,0.0,pathway_binn,2578
BACE1,0.0,pathway_binn,2579
CEP164,0.0,pathway_binn,2580
DSCAML1,0.0,pathway_binn,2581
FXYD2,0.0,pathway_binn,2582
FXYD6,0.0,pathway_binn,2583
IL10RA,0.0,pathway_binn,2584
SCN4B,0.0,pathway_binn,2585
SCN2B,0.0,pathway_binn,2586
JAML,0.0,pathway_binn,2587
PCSK7,0.0,pathway_binn,2588
PLCZ1,0.0,pathway_binn,2589
CAPZA3,0.0,pathway_binn,2590
PLEKHA5,0.0,pathway_binn,2591
AEBP2,0.0,pathway_binn,2592
PDE3A,0.0,pathway_binn,2593
SLCO1C1,0.0,pathway_binn,2594
SLCO1B3,0.0,pathway_binn,2595
SLCO1B1,0.0,pathway_binn,2596
TEAD4,0.0,pathway_binn,2597
IAPP,0.0,pathway_binn,2598
GYS2,0.0,pathway_binn,2599
LDHB,0.0,pathway_binn,2600
KCNJ8,0.0,pathway_binn,2601
ABCC9,0.0,pathway_binn,2602
CMAS,0.0,pathway_binn,2603
ST8SIA1,0.0,pathway_binn,2604
C2CD5,0.0,pathway_binn,2605
ETNK1,0.0,pathway_binn,2606
SLCO1A2,0.0,pathway_binn,2607
TAS2R30,0.0,pathway_binn,2608
TAS2R42,0.0,pathway_binn,2609
ETV6,0.0,pathway_binn,2610
LRP6,0.0,pathway_binn,2611
DUSP16,0.0,pathway_binn,2612
CDKN1B,0.0,pathway_binn,2613
HEBP1,0.0,pathway_binn,2614
GRIN2B,0.0,pathway_binn,2615
ATF7IP,0.0,pathway_binn,2616
PIK3C2G,0.0,pathway_binn,2617
GUCY2C,0.0,pathway_binn,2618
WBP11,0.0,pathway_binn,2619
ART4,0.0,pathway_binn,2620
ARHGDIB,0.0,pathway_binn,2621
PTPRO,0.0,pathway_binn,2622
EPS8,0.0,pathway_binn,2623
STRAP,0.0,pathway_binn,2624
DERA,0.0,pathway_binn,2625
MGST1,0.0,pathway_binn,2626
PLBD1,0.0,pathway_binn,2627
SYT10,0.0,pathway_binn,2628
CPNE8,0.0,pathway_binn,2629
KIF21A,0.0,pathway_binn,2630
ABCD2,0.0,pathway_binn,2631
SLC2A13,0.0,pathway_binn,2632
LRRK2,0.0,pathway_binn,2633
MUC19,0.0,pathway_binn,2634
CNTN1,0.0,pathway_binn,2635
YAF2,0.0,pathway_binn,2636
BCAT1,0.0,pathway_binn,2637
ZCRB1,0.0,pathway_binn,2638
PRICKLE1,0.0,pathway_binn,2639
ADAMTS20,0.0,pathway_binn,2640
IRAK4,0.0,pathway_binn,2641
TWF1,0.0,pathway_binn,2642
NELL2,0.0,pathway_binn,2643
ANO6,0.0,pathway_binn,2644
ARID2,0.0,pathway_binn,2645
SLC38A1,0.0,pathway_binn,2646
PPHLN1,0.0,pathway_binn,2647
KRAS,0.0,pathway_binn,2648
BHLHE41,0.0,pathway_binn,2649
SSPN,0.0,pathway_binn,2650
ITPR2,0.0,pathway_binn,2651
INTS13,0.0,pathway_binn,2652
FGFR1OP2,0.0,pathway_binn,2653
MED21,0.0,pathway_binn,2654
PPFIBP1,0.0,pathway_binn,2655
KLHL42,0.0,pathway_binn,2656
PKP2,0.0,pathway_binn,2657
FAR2,0.0,pathway_binn,2658
IPO8,0.0,pathway_binn,2659
DDX11,0.0,pathway_binn,2660
DENND5B,0.0,pathway_binn,2661
ETFBKMT,0.0,pathway_binn,2662
BICD1,0.0,pathway_binn,2663
FGD4,0.0,pathway_binn,2664
DNM1L,0.0,pathway_binn,2665
YARS2,0.0,pathway_binn,2666
PTHLH,0.0,pathway_binn,2667
NCAPD2,0.0,pathway_binn,2668
NOP2,0.0,pathway_binn,2669
CHD4,0.0,pathway_binn,2670
LPAR5,0.0,pathway_binn,2671
ING4,0.0,pathway_binn,2672
PIANP,0.0,pathway_binn,2673
COPS7A,0.0,pathway_binn,2674
LAG3,0.0,pathway_binn,2675
CD4,0.0,pathway_binn,2676
TAS2R50,0.0,pathway_binn,2677
GNB3,0.0,pathway_binn,2678
USP5,0.0,pathway_binn,2679
SPSB2,0.0,pathway_binn,2680
ENO2,0.0,pathway_binn,2681
ATN1,0.0,pathway_binn,2682
PTPN6,0.0,pathway_binn,2683
PHB2,0.0,pathway_binn,2684
EMG1,0.0,pathway_binn,2685
LPCAT3,0.0,pathway_binn,2686
P3H3,0.0,pathway_binn,2687
CRACR2A,0.0,pathway_binn,2688
CCND2,0.0,pathway_binn,2689
TIGAR,0.0,pathway_binn,2690
FGF23,0.0,pathway_binn,2691
FGF6,0.0,pathway_binn,2692
RAD51AP1,0.0,pathway_binn,2693
NDUFA9,0.0,pathway_binn,2694
GALNT8,0.0,pathway_binn,2695
KCNA1,0.0,pathway_binn,2696
VAMP1,0.0,pathway_binn,2697
NTF3,0.0,pathway_binn,2698
ANO2,0.0,pathway_binn,2699
VWF,0.0,pathway_binn,2700
CD9,0.0,pathway_binn,2701
PLEKHG6,0.0,pathway_binn,2702
TNFRSF1A,0.0,pathway_binn,2703
SCNN1A,0.0,pathway_binn,2704
LTBR,0.0,pathway_binn,2705
CD27,0.0,pathway_binn,2706
KCNA5,0.0,pathway_binn,2707
M6PR,0.0,pathway_binn,2708
KLRG1,0.0,pathway_binn,2709
A2M,0.0,pathway_binn,2710
KLRB1,0.0,pathway_binn,2711
CLEC2D,0.0,pathway_binn,2712
KLRF1,0.0,pathway_binn,2713
CLEC2B,0.0,pathway_binn,2714
CLEC12A,0.0,pathway_binn,2715
CLEC1B,0.0,pathway_binn,2716
C1S,0.0,pathway_binn,2717
OLR1,0.0,pathway_binn,2718
KLRD1,0.0,pathway_binn,2719
KLRK1,0.0,pathway_binn,2720
KLRC1,0.0,pathway_binn,2721
MAGOHB,0.0,pathway_binn,2722
TAS2R7,0.0,pathway_binn,2723
TAS2R8,0.0,pathway_binn,2724
TAS2R9,0.0,pathway_binn,2725
TAS2R14,0.0,pathway_binn,2726
CLEC7A,0.0,pathway_binn,2727
C1R,0.0,pathway_binn,2728
PEX5,0.0,pathway_binn,2729
ACSM4,0.0,pathway_binn,2730
CD163,0.0,pathway_binn,2731
APOBEC1,0.0,pathway_binn,2732
DPPA3,0.0,pathway_binn,2733
CLEC4C,0.0,pathway_binn,2734
SLC2A14,0.0,pathway_binn,2735
SLC2A3,0.0,pathway_binn,2736
PHC1,0.0,pathway_binn,2737
C3AR1,0.0,pathway_binn,2738
NECAP1,0.0,pathway_binn,2739
CLEC4A,0.0,pathway_binn,2740
CLEC6A,0.0,pathway_binn,2741
CLEC4D,0.0,pathway_binn,2742
CLEC4E,0.0,pathway_binn,2743
AICDA,0.0,pathway_binn,2744
MFAP5,0.0,pathway_binn,2745
RIMKLB,0.0,pathway_binn,2746
FOXJ2,0.0,pathway_binn,2747
AHCY,0.0,pathway_binn,2748
ITCH,0.0,pathway_binn,2749
DYNLRB1,0.0,pathway_binn,2750
MAP1LC3A,0.0,pathway_binn,2751
PIGU,0.0,pathway_binn,2752
NCOA6,0.0,pathway_binn,2753
GGT7,0.0,pathway_binn,2754
ACSS2,0.0,pathway_binn,2755
HSBP1,0.0,pathway_binn,2756
TRPC4AP,0.0,pathway_binn,2757
EDEM2,0.0,pathway_binn,2758
PROCR,0.0,pathway_binn,2759
MMP24,0.0,pathway_binn,2760
UQCC1,0.0,pathway_binn,2761
GDF5,0.0,pathway_binn,2762
CEP250,0.0,pathway_binn,2763
CPNE1,0.0,pathway_binn,2764
RBM39,0.0,pathway_binn,2765
GSS,0.0,pathway_binn,2766
TTLL9,0.0,pathway_binn,2767
HCK,0.0,pathway_binn,2768
POFUT1,0.0,pathway_binn,2769
KIF3B,0.0,pathway_binn,2770
ASXL1,0.0,pathway_binn,2771
COMMD7,0.0,pathway_binn,2772
DNMT3B,0.0,pathway_binn,2773
MAPRE1,0.0,pathway_binn,2774
BPIFB2,0.0,pathway_binn,2775
EIF2S2,0.0,pathway_binn,2776
BPIFB4,0.0,pathway_binn,2777
BPIFA2,0.0,pathway_binn,2778
BPIFA1,0.0,pathway_binn,2779
BPIFB1,0.0,pathway_binn,2780
SNTA1,0.0,pathway_binn,2781
CBFA2T2,0.0,pathway_binn,2782
E2F1,0.0,pathway_binn,2783
PXMP4,0.0,pathway_binn,2784
CHMP4B,0.0,pathway_binn,2785
BPIFB6,0.0,pathway_binn,2786
DHX35,0.0,pathway_binn,2787
MAFB,0.0,pathway_binn,2788
TOP1,0.0,pathway_binn,2789
PLCG1,0.0,pathway_binn,2790
LPIN3,0.0,pathway_binn,2791
EMILIN3,0.0,pathway_binn,2792
CHD6,0.0,pathway_binn,2793
L3MBTL1,0.0,pathway_binn,2794
PHF20,0.0,pathway_binn,2795
IFT52,0.0,pathway_binn,2796
MYBL2,0.0,pathway_binn,2797
FITM2,0.0,pathway_binn,2798
HNF4A,0.0,pathway_binn,2799
SERINC3,0.0,pathway_binn,2800
ADA,0.0,pathway_binn,2801
KCNK15,0.0,pathway_binn,2802
YWHAB,0.0,pathway_binn,2803
STK4,0.0,pathway_binn,2804
SGK2,0.0,pathway_binn,2805
EPB41L1,0.0,pathway_binn,2806
DLGAP4,0.0,pathway_binn,2807
MYL9,0.0,pathway_binn,2808
TGIF2,0.0,pathway_binn,2809
RAB5IF,0.0,pathway_binn,2810
SLA2,0.0,pathway_binn,2811
DSN1,0.0,pathway_binn,2812
SAMHD1,0.0,pathway_binn,2813
RBL1,0.0,pathway_binn,2814
ACTR5,0.0,pathway_binn,2815
GHRH,0.0,pathway_binn,2816
SRC,0.0,pathway_binn,2817
CTNNBL1,0.0,pathway_binn,2818
RPRD1B,0.0,pathway_binn,2819
BPI,0.0,pathway_binn,2820
LBP,0.0,pathway_binn,2821
RALGAPB,0.0,pathway_binn,2822
ARHGAP40,0.0,pathway_binn,2823
SLC32A1,0.0,pathway_binn,2824
RPN2,0.0,pathway_binn,2825
GPCPD1,0.0,pathway_binn,2826
CHGB,0.0,pathway_binn,2827
TRMT6,0.0,pathway_binn,2828
MCM8,0.0,pathway_binn,2829
CRLS1,0.0,pathway_binn,2830
BMP2,0.0,pathway_binn,2831
HAO1,0.0,pathway_binn,2832
PLCB1,0.0,pathway_binn,2833
TPX2,0.0,pathway_binn,2834
PAK5,0.0,pathway_binn,2835
SNAP25,0.0,pathway_binn,2836
MKKS,0.0,pathway_binn,2837
JAG1,0.0,pathway_binn,2838
SPTLC3,0.0,pathway_binn,2839
TASP1,0.0,pathway_binn,2840
NDUFAF5,0.0,pathway_binn,2841
FLRT3,0.0,pathway_binn,2842
KIF16B,0.0,pathway_binn,2843
PLCB4,0.0,pathway_binn,2844
GNRH2,0.0,pathway_binn,2845
OXT,0.0,pathway_binn,2846
AVP,0.0,pathway_binn,2847
UBOX5,0.0,pathway_binn,2848
FASTKD5,0.0,pathway_binn,2849
DDRGK1,0.0,pathway_binn,2850
ITPA,0.0,pathway_binn,2851
GFRA4,0.0,pathway_binn,2852
ADAM33,0.0,pathway_binn,2853
CDS2,0.0,pathway_binn,2854
HSPA12B,0.0,pathway_binn,2855
CDC25B,0.0,pathway_binn,2856
MAVS,0.0,pathway_binn,2857
PANK2,0.0,pathway_binn,2858
ADRA1D,0.0,pathway_binn,2859
PRNP,0.0,pathway_binn,2860
PRND,0.0,pathway_binn,2861
SLC23A2,0.0,pathway_binn,2862
PCNA,0.0,pathway_binn,2863
SIGLEC1,0.0,pathway_binn,2864
CST3,0.0,pathway_binn,2865
ACSS1,0.0,pathway_binn,2866
ENTPD6,0.0,pathway_binn,2867
PYGB,0.0,pathway_binn,2868
ABHD12,0.0,pathway_binn,2869
GINS1,0.0,pathway_binn,2870
NINL,0.0,pathway_binn,2871
NANP,0.0,pathway_binn,2872
DEFB115,0.0,pathway_binn,2873
SNRPB2,0.0,pathway_binn,2874
DEFB118,0.0,pathway_binn,2875
DEFB119,0.0,pathway_binn,2876
DEFB121,0.0,pathway_binn,2877
DEFB123,0.0,pathway_binn,2878
DEFB124,0.0,pathway_binn,2879
HM13,0.0,pathway_binn,2880
ID1,0.0,pathway_binn,2881
COX4I2,0.0,pathway_binn,2882
BCL2L1,0.0,pathway_binn,2883
DEFB116,0.0,pathway_binn,2884
PCSK2,0.0,pathway_binn,2885
RRBP1,0.0,pathway_binn,2886
SNX5,0.0,pathway_binn,2887
MGME1,0.0,pathway_binn,2888
PET117,0.0,pathway_binn,2889
KAT14,0.0,pathway_binn,2890
POLR3F,0.0,pathway_binn,2891
SLC24A3,0.0,pathway_binn,2892
RIN2,0.0,pathway_binn,2893
NAPB,0.0,pathway_binn,2894
INSM1,0.0,pathway_binn,2895
RALGAPA2,0.0,pathway_binn,2896
XRN2,0.0,pathway_binn,2897
NKX2-2,0.0,pathway_binn,2898
FOXA2,0.0,pathway_binn,2899
SSTR4,0.0,pathway_binn,2900
THBD,0.0,pathway_binn,2901
CD93,0.0,pathway_binn,2902
NXT1,0.0,pathway_binn,2903
CRNKL1,0.0,pathway_binn,2904
OPRL1,0.0,pathway_binn,2905
NPBWR2,0.0,pathway_binn,2906
TPTE,0.0,pathway_binn,2907
LIPI,0.0,pathway_binn,2908
HSPA13,0.0,pathway_binn,2909
NRIP1,0.0,pathway_binn,2910
USP25,0.0,pathway_binn,2911
CXADR,0.0,pathway_binn,2912
KCNS1,0.0,pathway_binn,2913
ATP5PF,0.0,pathway_binn,2914
GABPA,0.0,pathway_binn,2915
APP,0.0,pathway_binn,2916
ADAMTS1,0.0,pathway_binn,2917
ADAMTS5,0.0,pathway_binn,2918
LTN1,0.0,pathway_binn,2919
USP16,0.0,pathway_binn,2920
CCT8,0.0,pathway_binn,2921
BACH1,0.0,pathway_binn,2922
JAM2,0.0,pathway_binn,2923
MRGBP,0.0,pathway_binn,2924
COL9A3,0.0,pathway_binn,2925
GID8,0.0,pathway_binn,2926
BIRC7,0.0,pathway_binn,2927
ARFGAP1,0.0,pathway_binn,2928
COL20A1,0.0,pathway_binn,2929
CHRNA4,0.0,pathway_binn,2930
KCNQ2,0.0,pathway_binn,2931
EEF1A2,0.0,pathway_binn,2932
RGS19,0.0,pathway_binn,2933
SRMS,0.0,pathway_binn,2934
HELZ2,0.0,pathway_binn,2935
RTEL1,0.0,pathway_binn,2936
TNFRSF6B,0.0,pathway_binn,2937
ARFRP1,0.0,pathway_binn,2938
DNAJC5,0.0,pathway_binn,2939
UCKL1,0.0,pathway_binn,2940
ZNF512B,0.0,pathway_binn,2941
PRPF6,0.0,pathway_binn,2942
PTK6,0.0,pathway_binn,2943
KRTAP22-1,0.0,pathway_binn,2944
KRTAP6-1,0.0,pathway_binn,2945
KRTAP20-1,0.0,pathway_binn,2946
KRTAP20-2,0.0,pathway_binn,2947
KRTAP21-2,0.0,pathway_binn,2948
KRTAP21-1,0.0,pathway_binn,2949
KRTAP8-1,0.0,pathway_binn,2950
KRTAP11-1,0.0,pathway_binn,2951
GRIK1,0.0,pathway_binn,2952
TIAM1,0.0,pathway_binn,2953
SOD1,0.0,pathway_binn,2954
MIS18A,0.0,pathway_binn,2955
SYNJ1,0.0,pathway_binn,2956
IL10RB,0.0,pathway_binn,2957
IFNAR1,0.0,pathway_binn,2958
IFNGR2,0.0,pathway_binn,2959
GART,0.0,pathway_binn,2960
ITSN1,0.0,pathway_binn,2961
KRTAP19-8,0.0,pathway_binn,2962
CLDN17,0.0,pathway_binn,2963
CLDN8,0.0,pathway_binn,2964
KRTAP24-1,0.0,pathway_binn,2965
KRTAP25-1,0.0,pathway_binn,2966
KRTAP26-1,0.0,pathway_binn,2967
KRTAP27-1,0.0,pathway_binn,2968
KRTAP23-1,0.0,pathway_binn,2969
KRTAP13-2,0.0,pathway_binn,2970
KRTAP13-1,0.0,pathway_binn,2971
KRTAP6-2,0.0,pathway_binn,2972
KRTAP13-4,0.0,pathway_binn,2973
KRTAP15-1,0.0,pathway_binn,2974
KRTAP19-1,0.0,pathway_binn,2975
KRTAP19-2,0.0,pathway_binn,2976
KRTAP19-3,0.0,pathway_binn,2977
KRTAP19-4,0.0,pathway_binn,2978
KRTAP19-5,0.0,pathway_binn,2979
KRTAP19-6,0.0,pathway_binn,2980
KRTAP19-7,0.0,pathway_binn,2981
KRTAP13-3,0.0,pathway_binn,2982
SLC2A10,0.0,pathway_binn,2983
EYA2,0.0,pathway_binn,2984
ZMYND8,0.0,pathway_binn,2985
NCOA3,0.0,pathway_binn,2986
PREX1,0.0,pathway_binn,2987
ARFGEF2,0.0,pathway_binn,2988
KCNB1,0.0,pathway_binn,2989
PTGIS,0.0,pathway_binn,2990
NTSR1,0.0,pathway_binn,2991
SLC9A8,0.0,pathway_binn,2992
SPATA2,0.0,pathway_binn,2993
RNF114,0.0,pathway_binn,2994
SNAI1,0.0,pathway_binn,2995
UBE2V1,0.0,pathway_binn,2996
CEBPB,0.0,pathway_binn,2997
PTPN1,0.0,pathway_binn,2998
PARD6B,0.0,pathway_binn,2999
ADNP,0.0,pathway_binn,3000
B4GALT5,0.0,pathway_binn,3001
PI3,0.0,pathway_binn,3002
SEMG1,0.0,pathway_binn,3003
SLPI,0.0,pathway_binn,3004
SDC4,0.0,pathway_binn,3005
SYS1,0.0,pathway_binn,3006
PIGT,0.0,pathway_binn,3007
WFDC2,0.0,pathway_binn,3008
EPPIN,0.0,pathway_binn,3009
DNTTIP1,0.0,pathway_binn,3010
TP53RK,0.0,pathway_binn,3011
TNNC2,0.0,pathway_binn,3012
ACOT8,0.0,pathway_binn,3013
NEURL2,0.0,pathway_binn,3014
CTSA,0.0,pathway_binn,3015
ZNF335,0.0,pathway_binn,3016
MMP9,0.0,pathway_binn,3017
SLC12A5,0.0,pathway_binn,3018
ELMO2,0.0,pathway_binn,3019
SLC13A3,0.0,pathway_binn,3020
UBE2C,0.0,pathway_binn,3021
RAB22A,0.0,pathway_binn,3022
VAPB,0.0,pathway_binn,3023
STX16,0.0,pathway_binn,3024
NELFCD,0.0,pathway_binn,3025
CTSZ,0.0,pathway_binn,3026
TUBB1,0.0,pathway_binn,3027
ATP5F1E,0.0,pathway_binn,3028
EDN3,0.0,pathway_binn,3029
SYCP2,0.0,pathway_binn,3030
DPM1,0.0,pathway_binn,3031
PSMA7,0.0,pathway_binn,3032
SS18L1,0.0,pathway_binn,3033
HRH3,0.0,pathway_binn,3034
OSBPL2,0.0,pathway_binn,3035
ADRM1,0.0,pathway_binn,3036
LAMA5,0.0,pathway_binn,3037
CABLES2,0.0,pathway_binn,3038
GATA5,0.0,pathway_binn,3039
SLCO4A1,0.0,pathway_binn,3040
TAF4,0.0,pathway_binn,3041
MOCS3,0.0,pathway_binn,3042
KCNG1,0.0,pathway_binn,3043
NFATC2,0.0,pathway_binn,3044
ATP9A,0.0,pathway_binn,3045
SALL4,0.0,pathway_binn,3046
ZNF217,0.0,pathway_binn,3047
CYP24A1,0.0,pathway_binn,3048
PFDN4,0.0,pathway_binn,3049
DOK5,0.0,pathway_binn,3050
PMEPA1,0.0,pathway_binn,3051
AURKA,0.0,pathway_binn,3052
CSTF1,0.0,pathway_binn,3053
GCNT7,0.0,pathway_binn,3054
TFAP2C,0.0,pathway_binn,3055
BMP7,0.0,pathway_binn,3056
SPO11,0.0,pathway_binn,3057
RAE1,0.0,pathway_binn,3058
PCK1,0.0,pathway_binn,3059
ZBP1,0.0,pathway_binn,3060
MC3R,0.0,pathway_binn,3061
PLAUR,0.0,pathway_binn,3062
SMG9,0.0,pathway_binn,3063
KCNN4,0.0,pathway_binn,3064
LYPD5,0.0,pathway_binn,3065
PVR,0.0,pathway_binn,3066
TOMM40,0.0,pathway_binn,3067
APOE,0.0,pathway_binn,3068
APOC1,0.0,pathway_binn,3069
PTPRA,0.0,pathway_binn,3070
APOC2,0.0,pathway_binn,3071
RELB,0.0,pathway_binn,3072
GEMIN7,0.0,pathway_binn,3073
MARK4,0.0,pathway_binn,3074
TRAPPC6A,0.0,pathway_binn,3075
BLOC1S3,0.0,pathway_binn,3076
CKM,0.0,pathway_binn,3077
KLC3,0.0,pathway_binn,3078
ERCC2,0.0,pathway_binn,3079
APOC4,0.0,pathway_binn,3080
POU2F2,0.0,pathway_binn,3081
GSK3A,0.0,pathway_binn,3082
ERF,0.0,pathway_binn,3083
PAFAH1B3,0.0,pathway_binn,3084
LIPE,0.0,pathway_binn,3085
CEACAM1,0.0,pathway_binn,3086
CEACAM8,0.0,pathway_binn,3087
PSG3,0.0,pathway_binn,3088
PSG6,0.0,pathway_binn,3089
XRCC1,0.0,pathway_binn,3090
PSG11,0.0,pathway_binn,3091
PSG2,0.0,pathway_binn,3092
PSG5,0.0,pathway_binn,3093
PSG4,0.0,pathway_binn,3094
PSG9,0.0,pathway_binn,3095
CD177,0.0,pathway_binn,3096
TEX101,0.0,pathway_binn,3097
LYPD3,0.0,pathway_binn,3098
ETHE1,0.0,pathway_binn,3099
PSG7,0.0,pathway_binn,3100
ARHGAP35,0.0,pathway_binn,3101
ZC3H4,0.0,pathway_binn,3102
SAE1,0.0,pathway_binn,3103
BBC3,0.0,pathway_binn,3104
C5AR1,0.0,pathway_binn,3105
C5AR2,0.0,pathway_binn,3106
SLC8A2,0.0,pathway_binn,3107
KPTN,0.0,pathway_binn,3108
PPP1R13L,0.0,pathway_binn,3109
BICRA,0.0,pathway_binn,3110
EHD2,0.0,pathway_binn,3111
TPRX1,0.0,pathway_binn,3112
SULT2A1,0.0,pathway_binn,3113
PLA2G4C,0.0,pathway_binn,3114
LIG1,0.0,pathway_binn,3115
KDELR1,0.0,pathway_binn,3116
GRIN2D,0.0,pathway_binn,3117
KCNJ14,0.0,pathway_binn,3118
NAPA,0.0,pathway_binn,3119
ERCC1,0.0,pathway_binn,3120
FOSB,0.0,pathway_binn,3121
VASP,0.0,pathway_binn,3122
GPR4,0.0,pathway_binn,3123
GIPR,0.0,pathway_binn,3124
SNRPD2,0.0,pathway_binn,3125
DMPK,0.0,pathway_binn,3126
SYMPK,0.0,pathway_binn,3127
FOXA3,0.0,pathway_binn,3128
AP2S1,0.0,pathway_binn,3129
HIF3A,0.0,pathway_binn,3130
PPP5C,0.0,pathway_binn,3131
CCDC8,0.0,pathway_binn,3132
CALM3,0.0,pathway_binn,3133
PTGIR,0.0,pathway_binn,3134
GNG8,0.0,pathway_binn,3135
PRKD2,0.0,pathway_binn,3136
FKRP,0.0,pathway_binn,3137
SLC1A5,0.0,pathway_binn,3138
PGLYRP1,0.0,pathway_binn,3139
ECH1,0.0,pathway_binn,3140
HNRNPL,0.0,pathway_binn,3141
RINL,0.0,pathway_binn,3142
SIRT2,0.0,pathway_binn,3143
NFKBIB,0.0,pathway_binn,3144
SARS2,0.0,pathway_binn,3145
FBXO17,0.0,pathway_binn,3146
FBXO27,0.0,pathway_binn,3147
GRIK5,0.0,pathway_binn,3148
SYCN,0.0,pathway_binn,3149
IFNL2,0.0,pathway_binn,3150
IFNL1,0.0,pathway_binn,3151
LRFN1,0.0,pathway_binn,3152
GMFG,0.0,pathway_binn,3153
PAF1,0.0,pathway_binn,3154
MED29,0.0,pathway_binn,3155
ZFP36,0.0,pathway_binn,3156
PLEKHG2,0.0,pathway_binn,3157
PAK4,0.0,pathway_binn,3158
HCST,0.0,pathway_binn,3159
TYROBP,0.0,pathway_binn,3160
LRFN3,0.0,pathway_binn,3161
SDHAF1,0.0,pathway_binn,3162
CLIP3,0.0,pathway_binn,3163
POLR2I,0.0,pathway_binn,3164
TBCB,0.0,pathway_binn,3165
CAPNS1,0.0,pathway_binn,3166
COX7A1,0.0,pathway_binn,3167
LGALS7,0.0,pathway_binn,3168
SPINT2,0.0,pathway_binn,3169
PPP1R14A,0.0,pathway_binn,3170
KCNK6,0.0,pathway_binn,3171
CATSPERG,0.0,pathway_binn,3172
SPRED3,0.0,pathway_binn,3173
RASGRP4,0.0,pathway_binn,3174
RYR1,0.0,pathway_binn,3175
ACTN4,0.0,pathway_binn,3176
CAPN12,0.0,pathway_binn,3177
DPF1,0.0,pathway_binn,3178
CYP2A13,0.0,pathway_binn,3179
CYP2F1,0.0,pathway_binn,3180
CYP2S1,0.0,pathway_binn,3181
AXL,0.0,pathway_binn,3182
HNRNPUL1,0.0,pathway_binn,3183
TGFB1,0.0,pathway_binn,3184
B9D2,0.0,pathway_binn,3185
EXOSC5,0.0,pathway_binn,3186
BCKDHA,0.0,pathway_binn,3187
SUPT5H,0.0,pathway_binn,3188
DMAC2,0.0,pathway_binn,3189
CEACAM7,0.0,pathway_binn,3190
CEACAM5,0.0,pathway_binn,3191
CEACAM6,0.0,pathway_binn,3192
CEACAM3,0.0,pathway_binn,3193
LYPD4,0.0,pathway_binn,3194
CD79A,0.0,pathway_binn,3195
ARHGEF1,0.0,pathway_binn,3196
ATP1A3,0.0,pathway_binn,3197
B3GNT8,0.0,pathway_binn,3198
TIMM50,0.0,pathway_binn,3199
DLL3,0.0,pathway_binn,3200
LEUTX,0.0,pathway_binn,3201
FBL,0.0,pathway_binn,3202
PSMC4,0.0,pathway_binn,3203
AKT2,0.0,pathway_binn,3204
PLD3,0.0,pathway_binn,3205
PRX,0.0,pathway_binn,3206
BLVRB,0.0,pathway_binn,3207
CYP2B6,0.0,pathway_binn,3208
SHKBP1,0.0,pathway_binn,3209
LTBP4,0.0,pathway_binn,3210
COQ8B,0.0,pathway_binn,3211
ITPKC,0.0,pathway_binn,3212
SNRPA,0.0,pathway_binn,3213
RAB4B,0.0,pathway_binn,3214
EGLN2,0.0,pathway_binn,3215
CYP2A6,0.0,pathway_binn,3216
CYP2A7,0.0,pathway_binn,3217
SPTBN4,0.0,pathway_binn,3218
LILRA5,0.0,pathway_binn,3219
LILRA4,0.0,pathway_binn,3220
LAIR1,0.0,pathway_binn,3221
CDC42EP5,0.0,pathway_binn,3222
LAIR2,0.0,pathway_binn,3223
LILRA2,0.0,pathway_binn,3224
LILRA1,0.0,pathway_binn,3225
LILRB1,0.0,pathway_binn,3226
CYTH2,0.0,pathway_binn,3227
KIR2DL4,0.0,pathway_binn,3228
FCAR,0.0,pathway_binn,3229
NCR1,0.0,pathway_binn,3230
GP6,0.0,pathway_binn,3231
RDH13,0.0,pathway_binn,3232
TNNT1,0.0,pathway_binn,3233
TNNI3,0.0,pathway_binn,3234
SYT5,0.0,pathway_binn,3235
TMEM86B,0.0,pathway_binn,3236
LILRB4,0.0,pathway_binn,3237
ZNF816,0.0,pathway_binn,3238
ZNF665,0.0,pathway_binn,3239
ZNF765,0.0,pathway_binn,3240
NLRP12,0.0,pathway_binn,3241
PRKCG,0.0,pathway_binn,3242
CACNG7,0.0,pathway_binn,3243
CACNG8,0.0,pathway_binn,3244
CACNG6,0.0,pathway_binn,3245
TARM1,0.0,pathway_binn,3246
LILRB2,0.0,pathway_binn,3247
NDUFA3,0.0,pathway_binn,3248
TFPT,0.0,pathway_binn,3249
PRPF31,0.0,pathway_binn,3250
CNOT3,0.0,pathway_binn,3251
LENG1,0.0,pathway_binn,3252
MBOAT7,0.0,pathway_binn,3253
TSEN34,0.0,pathway_binn,3254
LILRA6,0.0,pathway_binn,3255
LILRB5,0.0,pathway_binn,3256
OSCAR,0.0,pathway_binn,3257
TRIB3,0.0,pathway_binn,3258
RBCK1,0.0,pathway_binn,3259
TBC1D20,0.0,pathway_binn,3260
CSNK2A1,0.0,pathway_binn,3261
SRXN1,0.0,pathway_binn,3262
SLC52A3,0.0,pathway_binn,3263
ANGPT4,0.0,pathway_binn,3264
RSPO4,0.0,pathway_binn,3265
PSMF1,0.0,pathway_binn,3266
PPP6R1,0.0,pathway_binn,3267
SIRPB1,0.0,pathway_binn,3268
SIRPG,0.0,pathway_binn,3269
SIRPA,0.0,pathway_binn,3270
PDYN,0.0,pathway_binn,3271
SNRPB,0.0,pathway_binn,3272
TMC2,0.0,pathway_binn,3273
NOP56,0.0,pathway_binn,3274
IDH3B,0.0,pathway_binn,3275
VPS16,0.0,pathway_binn,3276
NSFL1C,0.0,pathway_binn,3277
KMT5C,0.0,pathway_binn,3278
COX6B2,0.0,pathway_binn,3279
IL11,0.0,pathway_binn,3280
SSC5D,0.0,pathway_binn,3281
U2AF2,0.0,pathway_binn,3282
EPN1,0.0,pathway_binn,3283
NLRP4,0.0,pathway_binn,3284
ZIM3,0.0,pathway_binn,3285
DUXA,0.0,pathway_binn,3286
DEFB132,0.0,pathway_binn,3287
ZNF324B,0.0,pathway_binn,3288
SLC27A5,0.0,pathway_binn,3289
CHMP2A,0.0,pathway_binn,3290
UBE2M,0.0,pathway_binn,3291
DEFB125,0.0,pathway_binn,3292
DEFB126,0.0,pathway_binn,3293
DEFB127,0.0,pathway_binn,3294
DEFB128,0.0,pathway_binn,3295
DEFB129,0.0,pathway_binn,3296
ZSCAN4,0.0,pathway_binn,3297
PPFIA3,0.0,pathway_binn,3298
HRC,0.0,pathway_binn,3299
TRPM4,0.0,pathway_binn,3300
TEAD2,0.0,pathway_binn,3301
PTH2,0.0,pathway_binn,3302
SLC17A7,0.0,pathway_binn,3303
FLT3LG,0.0,pathway_binn,3304
NOSIP,0.0,pathway_binn,3305
ZNF600,0.0,pathway_binn,3306
IRF3,0.0,pathway_binn,3307
PRMT1,0.0,pathway_binn,3308
AP2A1,0.0,pathway_binn,3309
FUZ,0.0,pathway_binn,3310
AKT1S1,0.0,pathway_binn,3311
TBC1D17,0.0,pathway_binn,3312
IL4I1,0.0,pathway_binn,3313
NUP62,0.0,pathway_binn,3314
ATF5,0.0,pathway_binn,3315
RRAS,0.0,pathway_binn,3316
SPACA4,0.0,pathway_binn,3317
SPHK2,0.0,pathway_binn,3318
DBP,0.0,pathway_binn,3319
IZUMO1,0.0,pathway_binn,3320
FUT1,0.0,pathway_binn,3321
FGF21,0.0,pathway_binn,3322
BCAT2,0.0,pathway_binn,3323
HSD17B14,0.0,pathway_binn,3324
PLEKHA4,0.0,pathway_binn,3325
LIN7B,0.0,pathway_binn,3326
NUCB1,0.0,pathway_binn,3327
BAX,0.0,pathway_binn,3328
FTL,0.0,pathway_binn,3329
GYS1,0.0,pathway_binn,3330
RUVBL2,0.0,pathway_binn,3331
LHB,0.0,pathway_binn,3332
NTF4,0.0,pathway_binn,3333
KCNA7,0.0,pathway_binn,3334
SNRNP70,0.0,pathway_binn,3335
PPP1R15A,0.0,pathway_binn,3336
KLK14,0.0,pathway_binn,3337
CTU1,0.0,pathway_binn,3338
SIGLEC9,0.0,pathway_binn,3339
SIGLEC7,0.0,pathway_binn,3340
CD33,0.0,pathway_binn,3341
ETFB,0.0,pathway_binn,3342
C19orf84,0.0,pathway_binn,3343
SIGLEC10,0.0,pathway_binn,3344
SIGLEC8,0.0,pathway_binn,3345
SIGLEC11,0.0,pathway_binn,3346
SIGLEC6,0.0,pathway_binn,3347
SIGLEC5,0.0,pathway_binn,3348
SIGLEC14,0.0,pathway_binn,3349
HAS1,0.0,pathway_binn,3350
FPR1,0.0,pathway_binn,3351
FPR2,0.0,pathway_binn,3352
FPR3,0.0,pathway_binn,3353
PPP2R1A,0.0,pathway_binn,3354
ZNF534,0.0,pathway_binn,3355
SIGLEC12,0.0,pathway_binn,3356
VRK3,0.0,pathway_binn,3357
IZUMO2,0.0,pathway_binn,3358
MYH14,0.0,pathway_binn,3359
KCNC3,0.0,pathway_binn,3360
NR1H2,0.0,pathway_binn,3361
NAPSA,0.0,pathway_binn,3362
POLD1,0.0,pathway_binn,3363
MYBPC2,0.0,pathway_binn,3364
JOSD2,0.0,pathway_binn,3365
KLK13,0.0,pathway_binn,3366
SHANK1,0.0,pathway_binn,3367
GPR32,0.0,pathway_binn,3368
KLK1,0.0,pathway_binn,3369
KLK3,0.0,pathway_binn,3370
KLK2,0.0,pathway_binn,3371
KLK5,0.0,pathway_binn,3372
KLK7,0.0,pathway_binn,3373
KLK8,0.0,pathway_binn,3374
KLK12,0.0,pathway_binn,3375
LRRC4B,0.0,pathway_binn,3376
PHF8,0.0,pathway_binn,3377
WNK3,0.0,pathway_binn,3378
FGD1,0.0,pathway_binn,3379
MAGED2,0.0,pathway_binn,3380
PFKFB1,0.0,pathway_binn,3381
APEX2,0.0,pathway_binn,3382
ALAS2,0.0,pathway_binn,3383
RRAGB,0.0,pathway_binn,3384
ATP5PO,0.0,pathway_binn,3385
FAAH2,0.0,pathway_binn,3386
ARHGEF9,0.0,pathway_binn,3387
AMER1,0.0,pathway_binn,3388
ASB12,0.0,pathway_binn,3389
MTMR8,0.0,pathway_binn,3390
LAS1L,0.0,pathway_binn,3391
MSN,0.0,pathway_binn,3392
HEPH,0.0,pathway_binn,3393
EDA2R,0.0,pathway_binn,3394
UBQLN2,0.0,pathway_binn,3395
KCND1,0.0,pathway_binn,3396
TFE3,0.0,pathway_binn,3397
WDR45,0.0,pathway_binn,3398
GPKOW,0.0,pathway_binn,3399
SYP,0.0,pathway_binn,3400
CCDC22,0.0,pathway_binn,3401
FOXP3,0.0,pathway_binn,3402
CLCN5,0.0,pathway_binn,3403
DGKK,0.0,pathway_binn,3404
HUWE1,0.0,pathway_binn,3405
NUDT10,0.0,pathway_binn,3406
EZHIP,0.0,pathway_binn,3407
NUDT11,0.0,pathway_binn,3408
GSPT2,0.0,pathway_binn,3409
MAGED1,0.0,pathway_binn,3410
TSPYL2,0.0,pathway_binn,3411
KDM5C,0.0,pathway_binn,3412
SMC1A,0.0,pathway_binn,3413
HSD17B10,0.0,pathway_binn,3414
BMP15,0.0,pathway_binn,3415
CXCR3,0.0,pathway_binn,3416
ERCC6L,0.0,pathway_binn,3417
CITED1,0.0,pathway_binn,3418
HDAC8,0.0,pathway_binn,3419
PHKA1,0.0,pathway_binn,3420
SLC16A2,0.0,pathway_binn,3421
RLIM,0.0,pathway_binn,3422
ABCB7,0.0,pathway_binn,3423
AR,0.0,pathway_binn,3424
ATRX,0.0,pathway_binn,3425
MAGT1,0.0,pathway_binn,3426
COX7B,0.0,pathway_binn,3427
ATP7A,0.0,pathway_binn,3428
PGK1,0.0,pathway_binn,3429
TAF9B,0.0,pathway_binn,3430
CYSLTR1,0.0,pathway_binn,3431
LPAR4,0.0,pathway_binn,3432
P2RY10,0.0,pathway_binn,3433
FGF16,0.0,pathway_binn,3434
OPHN1,0.0,pathway_binn,3435
YIPF6,0.0,pathway_binn,3436
STARD8,0.0,pathway_binn,3437
EFNB1,0.0,pathway_binn,3438
PJA1,0.0,pathway_binn,3439
EDA,0.0,pathway_binn,3440
AWAT2,0.0,pathway_binn,3441
DGAT2L6,0.0,pathway_binn,3442
AWAT1,0.0,pathway_binn,3443
OGT,0.0,pathway_binn,3444
PDZD11,0.0,pathway_binn,3445
KIF4A,0.0,pathway_binn,3446
DLG3,0.0,pathway_binn,3447
SLC7A3,0.0,pathway_binn,3448
FOXO4,0.0,pathway_binn,3449
IL2RG,0.0,pathway_binn,3450
NLGN3,0.0,pathway_binn,3451
GJB1,0.0,pathway_binn,3452
TAF1,0.0,pathway_binn,3453
RAB41,0.0,pathway_binn,3454
EIF1AX,0.0,pathway_binn,3455
CNKSR2,0.0,pathway_binn,3456
MBTPS2,0.0,pathway_binn,3457
SMS,0.0,pathway_binn,3458
CBLL2,0.0,pathway_binn,3459
PRDX4,0.0,pathway_binn,3460
ACOT9,0.0,pathway_binn,3461
SAT1,0.0,pathway_binn,3462
OTUD5,0.0,pathway_binn,3463
EIF2S3,0.0,pathway_binn,3464
PDK3,0.0,pathway_binn,3465
PCYT1B,0.0,pathway_binn,3466
POLA1,0.0,pathway_binn,3467
DCAF8L2,0.0,pathway_binn,3468
DCAF8L1,0.0,pathway_binn,3469
IL1RAPL1,0.0,pathway_binn,3470
TAB3,0.0,pathway_binn,3471
DMD,0.0,pathway_binn,3472
APOO,0.0,pathway_binn,3473
ASB9,0.0,pathway_binn,3474
ASB11,0.0,pathway_binn,3475
PIGA,0.0,pathway_binn,3476
VEGFD,0.0,pathway_binn,3477
PIR,0.0,pathway_binn,3478
BMX,0.0,pathway_binn,3479
ACE2,0.0,pathway_binn,3480
CLTRN,0.0,pathway_binn,3481
CA5B,0.0,pathway_binn,3482
SH3KBP1,0.0,pathway_binn,3483
AP1S2,0.0,pathway_binn,3484
GRPR,0.0,pathway_binn,3485
CTPS2,0.0,pathway_binn,3486
RBBP7,0.0,pathway_binn,3487
REPS2,0.0,pathway_binn,3488
NHS,0.0,pathway_binn,3489
PPEF1,0.0,pathway_binn,3490
PHKA2,0.0,pathway_binn,3491
PDHA1,0.0,pathway_binn,3492
ZRSR2,0.0,pathway_binn,3493
USP11,0.0,pathway_binn,3494
ARAF,0.0,pathway_binn,3495
SYN1,0.0,pathway_binn,3496
TIMP1,0.0,pathway_binn,3497
CFP,0.0,pathway_binn,3498
ELK1,0.0,pathway_binn,3499
UXT,0.0,pathway_binn,3500
SLC38A5,0.0,pathway_binn,3501
FTSJ1,0.0,pathway_binn,3502
XK,0.0,pathway_binn,3503
EBP,0.0,pathway_binn,3504
TBC1D25,0.0,pathway_binn,3505
WAS,0.0,pathway_binn,3506
SUV39H1,0.0,pathway_binn,3507
GATA1,0.0,pathway_binn,3508
HDAC6,0.0,pathway_binn,3509
PQBP1,0.0,pathway_binn,3510
TIMM17B,0.0,pathway_binn,3511
SLC35A2,0.0,pathway_binn,3512
PORCN,0.0,pathway_binn,3513
CYBB,0.0,pathway_binn,3514
OTC,0.0,pathway_binn,3515
TSPAN7,0.0,pathway_binn,3516
MID1IP1,0.0,pathway_binn,3517
ATP6AP2,0.0,pathway_binn,3518
MPC1L,0.0,pathway_binn,3519
USP9X,0.0,pathway_binn,3520
DDX3X,0.0,pathway_binn,3521
CASK,0.0,pathway_binn,3522
UBA1,0.0,pathway_binn,3523
MAOB,0.0,pathway_binn,3524
FUNDC1,0.0,pathway_binn,3525
KDM6A,0.0,pathway_binn,3526
CHST7,0.0,pathway_binn,3527
SLC9A7,0.0,pathway_binn,3528
RP2,0.0,pathway_binn,3529
JADE3,0.0,pathway_binn,3530
NDUFB11,0.0,pathway_binn,3531
RBM10,0.0,pathway_binn,3532
MAOA,0.0,pathway_binn,3533
NADK,0.0,pathway_binn,3534
TAS1R3,0.0,pathway_binn,3535
PRKCZ,0.0,pathway_binn,3536
FAAP20,0.0,pathway_binn,3537
SKI,0.0,pathway_binn,3538
PEX10,0.0,pathway_binn,3539
PLCH2,0.0,pathway_binn,3540
PANK4,0.0,pathway_binn,3541
APOOL,0.0,pathway_binn,3542
TNFRSF14,0.0,pathway_binn,3543
PRXL2B,0.0,pathway_binn,3544
PRDM16,0.0,pathway_binn,3545
ARHGEF16,0.0,pathway_binn,3546
TP73,0.0,pathway_binn,3547
DFFB,0.0,pathway_binn,3548
NPHP4,0.0,pathway_binn,3549
KCNAB2,0.0,pathway_binn,3550
CHD5,0.0,pathway_binn,3551
HES5,0.0,pathway_binn,3552
GPC4,0.0,pathway_binn,3553
GPC3,0.0,pathway_binn,3554
PHF6,0.0,pathway_binn,3555
HPRT1,0.0,pathway_binn,3556
MMGT1,0.0,pathway_binn,3557
SLC9A6,0.0,pathway_binn,3558
BRS3,0.0,pathway_binn,3559
HTATSF1,0.0,pathway_binn,3560
CD40LG,0.0,pathway_binn,3561
CDK11A,0.0,pathway_binn,3562
RBMX,0.0,pathway_binn,3563
ZIC3,0.0,pathway_binn,3564
FGF13,0.0,pathway_binn,3565
F9,0.0,pathway_binn,3566
VWA1,0.0,pathway_binn,3567
ATAD3B,0.0,pathway_binn,3568
SSU72,0.0,pathway_binn,3569
MIB2,0.0,pathway_binn,3570
CDK11B,0.0,pathway_binn,3571
ARHGEF6,0.0,pathway_binn,3572
CETN2,0.0,pathway_binn,3573
NSDHL,0.0,pathway_binn,3574
BGN,0.0,pathway_binn,3575
ATP2B3,0.0,pathway_binn,3576
DUSP9,0.0,pathway_binn,3577
SLC6A8,0.0,pathway_binn,3578
BCAP31,0.0,pathway_binn,3579
ABCD1,0.0,pathway_binn,3580
ICMT,0.0,pathway_binn,3581
SSR4,0.0,pathway_binn,3582
L1CAM,0.0,pathway_binn,3583
AVPR2,0.0,pathway_binn,3584
ARHGAP4,0.0,pathway_binn,3585
RENBP,0.0,pathway_binn,3586
HCFC1,0.0,pathway_binn,3587
IRAK1,0.0,pathway_binn,3588
OPN1LW,0.0,pathway_binn,3589
FLNA,0.0,pathway_binn,3590
IDH3G,0.0,pathway_binn,3591
ACOT7,0.0,pathway_binn,3592
ESPN,0.0,pathway_binn,3593
TNFRSF25,0.0,pathway_binn,3594
PLEKHG5,0.0,pathway_binn,3595
NOL9,0.0,pathway_binn,3596
TAS1R1,0.0,pathway_binn,3597
AURKAIP1,0.0,pathway_binn,3598
MCF2,0.0,pathway_binn,3599
ATP11C,0.0,pathway_binn,3600
GABRQ,0.0,pathway_binn,3601
SLITRK4,0.0,pathway_binn,3602
SLITRK2,0.0,pathway_binn,3603
IDS,0.0,pathway_binn,3604
MAMLD1,0.0,pathway_binn,3605
MXRA8,0.0,pathway_binn,3606
MTMR1,0.0,pathway_binn,3607
CD99L2,0.0,pathway_binn,3608
CNGA2,0.0,pathway_binn,3609
GABRA3,0.0,pathway_binn,3610
SOX3,0.0,pathway_binn,3611
RNF128,0.0,pathway_binn,3612
TBC1D8B,0.0,pathway_binn,3613
CLDN2,0.0,pathway_binn,3614
FRMPD3,0.0,pathway_binn,3615
PRPS1,0.0,pathway_binn,3616
TSC22D3,0.0,pathway_binn,3617
PSMD10,0.0,pathway_binn,3618
ATG4A,0.0,pathway_binn,3619
USP26,0.0,pathway_binn,3620
COL4A5,0.0,pathway_binn,3621
IRS4,0.0,pathway_binn,3622
GUCY2F,0.0,pathway_binn,3623
KCNE5,0.0,pathway_binn,3624
ACSL4,0.0,pathway_binn,3625
CHRDL1,0.0,pathway_binn,3626
PAK3,0.0,pathway_binn,3627
CAPN6,0.0,pathway_binn,3628
DCX,0.0,pathway_binn,3629
COL4A6,0.0,pathway_binn,3630
CHM,0.0,pathway_binn,3631
DIAPH2,0.0,pathway_binn,3632
RPA4,0.0,pathway_binn,3633
PCDH19,0.0,pathway_binn,3634
SYTL4,0.0,pathway_binn,3635
CSTF2,0.0,pathway_binn,3636
NOX1,0.0,pathway_binn,3637
CENPI,0.0,pathway_binn,3638
DRP2,0.0,pathway_binn,3639
IL1RAPL2,0.0,pathway_binn,3640
TIMM8A,0.0,pathway_binn,3641
BTK,0.0,pathway_binn,3642
GLA,0.0,pathway_binn,3643
HNRNPH2,0.0,pathway_binn,3644
ARMCX3,0.0,pathway_binn,3645
BEX3,0.0,pathway_binn,3646
RAB40A,0.0,pathway_binn,3647
MORF4L2,0.0,pathway_binn,3648
RAB9B,0.0,pathway_binn,3649
TAF7L,0.0,pathway_binn,3650
C1GALT1C1,0.0,pathway_binn,3651
GRIA3,0.0,pathway_binn,3652
THOC2,0.0,pathway_binn,3653
XIAP,0.0,pathway_binn,3654
STAG2,0.0,pathway_binn,3655
SH2D1A,0.0,pathway_binn,3656
OCRL,0.0,pathway_binn,3657
APLN,0.0,pathway_binn,3658
XPNPEP2,0.0,pathway_binn,3659
ALG13,0.0,pathway_binn,3660
UTP14A,0.0,pathway_binn,3661
RAB33A,0.0,pathway_binn,3662
SLC25A14,0.0,pathway_binn,3663
GPR119,0.0,pathway_binn,3664
RBMX2,0.0,pathway_binn,3665
OR13H1,0.0,pathway_binn,3666
STK26,0.0,pathway_binn,3667
RAP2C,0.0,pathway_binn,3668
HS6ST2,0.0,pathway_binn,3669
ZDHHC9,0.0,pathway_binn,3670
TRPC5,0.0,pathway_binn,3671
HTR2C,0.0,pathway_binn,3672
IL13RA2,0.0,pathway_binn,3673
LUZP4,0.0,pathway_binn,3674
AGTR2,0.0,pathway_binn,3675
SLC6A14,0.0,pathway_binn,3676
KLHL13,0.0,pathway_binn,3677
DOCK11,0.0,pathway_binn,3678
IL13RA1,0.0,pathway_binn,3679
CUL4B,0.0,pathway_binn,3680
SLC25A5,0.0,pathway_binn,3681
UBE2A,0.0,pathway_binn,3682
UPF3B,0.0,pathway_binn,3683
RNF113A,0.0,pathway_binn,3684
NDUFA1,0.0,pathway_binn,3685
NKAP,0.0,pathway_binn,3686
ZBTB33,0.0,pathway_binn,3687
ATP1B4,0.0,pathway_binn,3688
LAMP2,0.0,pathway_binn,3689
PGRMC1,0.0,pathway_binn,3690
SMARCB1,0.0,pathway_binn,3691
DERL3,0.0,pathway_binn,3692
SLC2A11,0.0,pathway_binn,3693
MIF,0.0,pathway_binn,3694
GSTT2B,0.0,pathway_binn,3695
CABIN1,0.0,pathway_binn,3696
GGT5,0.0,pathway_binn,3697
ADORA2A,0.0,pathway_binn,3698
MOSPD2,0.0,pathway_binn,3699
SNRPD3,0.0,pathway_binn,3700
GGT1,0.0,pathway_binn,3701
GRK3,0.0,pathway_binn,3702
HPS4,0.0,pathway_binn,3703
TFIP11,0.0,pathway_binn,3704
TPST2,0.0,pathway_binn,3705
PITPNB,0.0,pathway_binn,3706
CHEK2,0.0,pathway_binn,3707
HSCB,0.0,pathway_binn,3708
UPB1,0.0,pathway_binn,3709
ZDHHC8,0.0,pathway_binn,3710
RTN4R,0.0,pathway_binn,3711
KLHL22,0.0,pathway_binn,3712
PI4KA,0.0,pathway_binn,3713
SERPIND1,0.0,pathway_binn,3714
SNAP29,0.0,pathway_binn,3715
CRKL,0.0,pathway_binn,3716
P2RX6,0.0,pathway_binn,3717
UBE2L3,0.0,pathway_binn,3718
MMP11,0.0,pathway_binn,3719
MAPK1,0.0,pathway_binn,3720
PPM1F,0.0,pathway_binn,3721
VPREB1,0.0,pathway_binn,3722
GNAZ,0.0,pathway_binn,3723
RAB36,0.0,pathway_binn,3724
BCR,0.0,pathway_binn,3725
IGLL1,0.0,pathway_binn,3726
VPREB3,0.0,pathway_binn,3727
CHCHD10,0.0,pathway_binn,3728
PPIL2,0.0,pathway_binn,3729
RNF185,0.0,pathway_binn,3730
LIMK2,0.0,pathway_binn,3731
SFI1,0.0,pathway_binn,3732
PISD,0.0,pathway_binn,3733
DEPDC5,0.0,pathway_binn,3734
YWHAH,0.0,pathway_binn,3735
SLC5A1,0.0,pathway_binn,3736
SLC5A4,0.0,pathway_binn,3737
ZNRF3,0.0,pathway_binn,3738
FBXO7,0.0,pathway_binn,3739
SYN3,0.0,pathway_binn,3740
TIMP3,0.0,pathway_binn,3741
LARGE1,0.0,pathway_binn,3742
TOM1,0.0,pathway_binn,3743
HMOX1,0.0,pathway_binn,3744
MCM5,0.0,pathway_binn,3745
MB,0.0,pathway_binn,3746
RBFOX2,0.0,pathway_binn,3747
RTCB,0.0,pathway_binn,3748
KREMEN1,0.0,pathway_binn,3749
EMID1,0.0,pathway_binn,3750
AP1B1,0.0,pathway_binn,3751
THOC5,0.0,pathway_binn,3752
NF2,0.0,pathway_binn,3753
ZMAT5,0.0,pathway_binn,3754
UQCR10,0.0,pathway_binn,3755
ASCC2,0.0,pathway_binn,3756
MTMR3,0.0,pathway_binn,3757
PLA2G3,0.0,pathway_binn,3758
OSM,0.0,pathway_binn,3759
CASTOR1,0.0,pathway_binn,3760
TBC1D10A,0.0,pathway_binn,3761
SF3A1,0.0,pathway_binn,3762
GAL3ST1,0.0,pathway_binn,3763
PES1,0.0,pathway_binn,3764
TCN2,0.0,pathway_binn,3765
MORC2,0.0,pathway_binn,3766
INPP5J,0.0,pathway_binn,3767
LIF,0.0,pathway_binn,3768
ABCG1,0.0,pathway_binn,3769
TFF3,0.0,pathway_binn,3770
TFF1,0.0,pathway_binn,3771
SLC37A1,0.0,pathway_binn,3772
PDE9A,0.0,pathway_binn,3773
WDR4,0.0,pathway_binn,3774
NDUFV3,0.0,pathway_binn,3775
PKNOX1,0.0,pathway_binn,3776
DGCR8,0.0,pathway_binn,3777
CSTB,0.0,pathway_binn,3778
RRP1,0.0,pathway_binn,3779
AGPAT3,0.0,pathway_binn,3780
TRAPPC10,0.0,pathway_binn,3781
DNMT3L,0.0,pathway_binn,3782
TRPM2,0.0,pathway_binn,3783
KRTAP10-1,0.0,pathway_binn,3784
KRTAP10-2,0.0,pathway_binn,3785
KRTAP10-3,0.0,pathway_binn,3786
PDXK,0.0,pathway_binn,3787
SLC5A3,0.0,pathway_binn,3788
KCNE2,0.0,pathway_binn,3789
RUNX1,0.0,pathway_binn,3790
CBR1,0.0,pathway_binn,3791
CBR3,0.0,pathway_binn,3792
CLDN14,0.0,pathway_binn,3793
HLCS,0.0,pathway_binn,3794
PIGP,0.0,pathway_binn,3795
DYRK1A,0.0,pathway_binn,3796
TMPRSS2,0.0,pathway_binn,3797
KCNJ15,0.0,pathway_binn,3798
ETS2,0.0,pathway_binn,3799
PSMG1,0.0,pathway_binn,3800
BRWD1,0.0,pathway_binn,3801
GET1,0.0,pathway_binn,3802
B3GALT5,0.0,pathway_binn,3803
DSCAM,0.0,pathway_binn,3804
MX2,0.0,pathway_binn,3805
MX1,0.0,pathway_binn,3806
KCNJ6,0.0,pathway_binn,3807
PCNT,0.0,pathway_binn,3808
S100B,0.0,pathway_binn,3809
IL17RA,0.0,pathway_binn,3810
ADA2,0.0,pathway_binn,3811
SLC25A18,0.0,pathway_binn,3812
ATP6V1E1,0.0,pathway_binn,3813
BID,0.0,pathway_binn,3814
PEX26,0.0,pathway_binn,3815
USP18,0.0,pathway_binn,3816
KRTAP10-5,0.0,pathway_binn,3817
CLTCL1,0.0,pathway_binn,3818
HIRA,0.0,pathway_binn,3819
UFD1,0.0,pathway_binn,3820
CDC45,0.0,pathway_binn,3821
CLDN5,0.0,pathway_binn,3822
GP1BB,0.0,pathway_binn,3823
TBX1,0.0,pathway_binn,3824
TXNRD2,0.0,pathway_binn,3825
COMT,0.0,pathway_binn,3826
SLC25A1,0.0,pathway_binn,3827
KRTAP10-7,0.0,pathway_binn,3828
KRTAP10-8,0.0,pathway_binn,3829
KRTAP10-10,0.0,pathway_binn,3830
KRTAP10-11,0.0,pathway_binn,3831
KRTAP12-4,0.0,pathway_binn,3832
KRTAP12-3,0.0,pathway_binn,3833
KRTAP12-2,0.0,pathway_binn,3834
KRTAP12-1,0.0,pathway_binn,3835
UBE2G2,0.0,pathway_binn,3836
MCM3AP,0.0,pathway_binn,3837
ITGB2,0.0,pathway_binn,3838
ADARB1,0.0,pathway_binn,3839
POFUT2,0.0,pathway_binn,3840
COL18A1,0.0,pathway_binn,3841
SLC19A1,0.0,pathway_binn,3842
COL6A1,0.0,pathway_binn,3843
COL6A2,0.0,pathway_binn,3844
FTCD,0.0,pathway_binn,3845
LSS,0.0,pathway_binn,3846
SUMO3,0.0,pathway_binn,3847
TRMU,0.0,pathway_binn,3848
CERK,0.0,pathway_binn,3849
BRD1,0.0,pathway_binn,3850
ALG12,0.0,pathway_binn,3851
MOV10L1,0.0,pathway_binn,3852
PANX2,0.0,pathway_binn,3853
TUBGCP6,0.0,pathway_binn,3854
HDAC10,0.0,pathway_binn,3855
APOL1,0.0,pathway_binn,3856
MAPK11,0.0,pathway_binn,3857
DENND6B,0.0,pathway_binn,3858
SBF1,0.0,pathway_binn,3859
ADM2,0.0,pathway_binn,3860
MIOX,0.0,pathway_binn,3861
LMF2,0.0,pathway_binn,3862
NCAPH2,0.0,pathway_binn,3863
SCO2,0.0,pathway_binn,3864
TYMP,0.0,pathway_binn,3865
MAPK12,0.0,pathway_binn,3866
ARFGAP3,0.0,pathway_binn,3867
PACSIN2,0.0,pathway_binn,3868
TTLL1,0.0,pathway_binn,3869
MCAT,0.0,pathway_binn,3870
TSPO,0.0,pathway_binn,3871
TTLL12,0.0,pathway_binn,3872
SCUBE1,0.0,pathway_binn,3873
SULT4A1,0.0,pathway_binn,3874
PNPLA5,0.0,pathway_binn,3875
GTSE1,0.0,pathway_binn,3876
SAMM50,0.0,pathway_binn,3877
PARVB,0.0,pathway_binn,3878
PRR5,0.0,pathway_binn,3879
ARHGAP8,0.0,pathway_binn,3880
NUP50,0.0,pathway_binn,3881
SMC1B,0.0,pathway_binn,3882
FBLN1,0.0,pathway_binn,3883
WNT7B,0.0,pathway_binn,3884
PPARA,0.0,pathway_binn,3885
PNPLA3,0.0,pathway_binn,3886
STS,0.0,pathway_binn,3887
PNPLA4,0.0,pathway_binn,3888
ANOS1,0.0,pathway_binn,3889
TBL1X,0.0,pathway_binn,3890
GPR143,0.0,pathway_binn,3891
CLCN4,0.0,pathway_binn,3892
MID1,0.0,pathway_binn,3893
HCCS,0.0,pathway_binn,3894
ARHGAP6,0.0,pathway_binn,3895
SYCE3,0.0,pathway_binn,3896
PRPS2,0.0,pathway_binn,3897
TLR7,0.0,pathway_binn,3898
TLR8,0.0,pathway_binn,3899
TMSB4X,0.0,pathway_binn,3900
ATXN3L,0.0,pathway_binn,3901
RAB9A,0.0,pathway_binn,3902
OFD1,0.0,pathway_binn,3903
GEMIN8,0.0,pathway_binn,3904
FANCB,0.0,pathway_binn,3905
AMELX,0.0,pathway_binn,3906
CPT1B,0.0,pathway_binn,3907
CHKB,0.0,pathway_binn,3908
ARSA,0.0,pathway_binn,3909
SHANK3,0.0,pathway_binn,3910
PPP2R3B,0.0,pathway_binn,3911
CRLF2,0.0,pathway_binn,3912
CSF2RA,0.0,pathway_binn,3913
IL3RA,0.0,pathway_binn,3914
SLC25A6,0.0,pathway_binn,3915
PUDP,0.0,pathway_binn,3916
DHRSX,0.0,pathway_binn,3917
ZBED1,0.0,pathway_binn,3918
CD99,0.0,pathway_binn,3919
GYG2,0.0,pathway_binn,3920
ARSD,0.0,pathway_binn,3921
ARSH,0.0,pathway_binn,3922
ARSF,0.0,pathway_binn,3923
PRKX,0.0,pathway_binn,3924
NLGN4X,0.0,pathway_binn,3925
ASMT,0.0,pathway_binn,3926
NOL12,0.0,pathway_binn,3927
GALR3,0.0,pathway_binn,3928
EIF3L,0.0,pathway_binn,3929
POLR2F,0.0,pathway_binn,3930
SOX10,0.0,pathway_binn,3931
PICK1,0.0,pathway_binn,3932
SLC16A8,0.0,pathway_binn,3933
BAIAP2L2,0.0,pathway_binn,3934
A4GALT,0.0,pathway_binn,3935
MAFF,0.0,pathway_binn,3936
CSNK1E,0.0,pathway_binn,3937
KCNJ4,0.0,pathway_binn,3938
KDELR3,0.0,pathway_binn,3939
DDX17,0.0,pathway_binn,3940
DMC1,0.0,pathway_binn,3941
CBY1,0.0,pathway_binn,3942
TOMM22,0.0,pathway_binn,3943
JOSD1,0.0,pathway_binn,3944
PLA2G6,0.0,pathway_binn,3945
MYH9,0.0,pathway_binn,3946
TXN2,0.0,pathway_binn,3947
EIF3D,0.0,pathway_binn,3948
CACNG2,0.0,pathway_binn,3949
IFT27,0.0,pathway_binn,3950
PVALB,0.0,pathway_binn,3951
NCF4,0.0,pathway_binn,3952
CSF2RB,0.0,pathway_binn,3953
TST,0.0,pathway_binn,3954
LGALS1,0.0,pathway_binn,3955
TMPRSS6,0.0,pathway_binn,3956
IL2RB,0.0,pathway_binn,3957
SSTR3,0.0,pathway_binn,3958
RAC2,0.0,pathway_binn,3959
CYTH4,0.0,pathway_binn,3960
MFNG,0.0,pathway_binn,3961
CDC42EP1,0.0,pathway_binn,3962
GGA1,0.0,pathway_binn,3963
SH3BP1,0.0,pathway_binn,3964
MPST,0.0,pathway_binn,3965
RBX1,0.0,pathway_binn,3966
EP300,0.0,pathway_binn,3967
L3MBTL2,0.0,pathway_binn,3968
RANGAP1,0.0,pathway_binn,3969
PHF5A,0.0,pathway_binn,3970
ACO2,0.0,pathway_binn,3971
POLR3H,0.0,pathway_binn,3972
PMM1,0.0,pathway_binn,3973
XRCC6,0.0,pathway_binn,3974
SUN2,0.0,pathway_binn,3975
SREBF2,0.0,pathway_binn,3976
TNFRSF13C,0.0,pathway_binn,3977
CENPM,0.0,pathway_binn,3978
SMDT1,0.0,pathway_binn,3979
NDUFA6,0.0,pathway_binn,3980
NFAM1,0.0,pathway_binn,3981
RRP7A,0.0,pathway_binn,3982
POLDIP3,0.0,pathway_binn,3983
CYB5R3,0.0,pathway_binn,3984
SNU13,0.0,pathway_binn,3985
DNAL4,0.0,pathway_binn,3986
CBX6,0.0,pathway_binn,3987
APOBEC3A,0.0,pathway_binn,3988
APOBEC3B,0.0,pathway_binn,3989
APOBEC3C,0.0,pathway_binn,3990
APOBEC3H,0.0,pathway_binn,3991
PDGFB,0.0,pathway_binn,3992
SYNGR1,0.0,pathway_binn,3993
TAB1,0.0,pathway_binn,3994
ST13,0.0,pathway_binn,3995
MIEF1,0.0,pathway_binn,3996
ATF4,0.0,pathway_binn,3997
CACNA1I,0.0,pathway_binn,3998
GRAP2,0.0,pathway_binn,3999
TNRC6B,0.0,pathway_binn,4000
ADSL,0.0,pathway_binn,4001
MRTFA,0.0,pathway_binn,4002
MCHR1,0.0,pathway_binn,4003
SLC25A17,0.0,pathway_binn,4004
MGAT3,0.0,pathway_binn,4005
KRT28,0.0,pathway_binn,4006
KRT10,0.0,pathway_binn,4007
KRT12,0.0,pathway_binn,4008
KRT20,0.0,pathway_binn,4009
KRT23,0.0,pathway_binn,4010
KRT39,0.0,pathway_binn,4011
KRT40,0.0,pathway_binn,4012
KRTAP3-3,0.0,pathway_binn,4013
KIRREL2,0.0,pathway_binn,4014
KRTAP3-1,0.0,pathway_binn,4015
KRTAP1-5,0.0,pathway_binn,4016
KRTAP1-4,0.0,pathway_binn,4017
KRTAP1-3,0.0,pathway_binn,4018
KRTAP1-1,0.0,pathway_binn,4019
KRTAP2-3,0.0,pathway_binn,4020
KRTAP2-4,0.0,pathway_binn,4021
KRTAP4-11,0.0,pathway_binn,4022
KRTAP4-6,0.0,pathway_binn,4023
KRTAP3-2,0.0,pathway_binn,4024
ORMDL3,0.0,pathway_binn,4025
PSMD3,0.0,pathway_binn,4026
CSF3,0.0,pathway_binn,4027
THRA,0.0,pathway_binn,4028
NR1D1,0.0,pathway_binn,4029
MSL1,0.0,pathway_binn,4030
CASC3,0.0,pathway_binn,4031
WIPF2,0.0,pathway_binn,4032
CDC6,0.0,pathway_binn,4033
KRT27,0.0,pathway_binn,4034
GJD3,0.0,pathway_binn,4035
TOP2A,0.0,pathway_binn,4036
IGFBP4,0.0,pathway_binn,4037
TNS4,0.0,pathway_binn,4038
CCR7,0.0,pathway_binn,4039
SMARCE1,0.0,pathway_binn,4040
KRT24,0.0,pathway_binn,4041
KRT25,0.0,pathway_binn,4042
KRT26,0.0,pathway_binn,4043
RARA,0.0,pathway_binn,4044
KRT36,0.0,pathway_binn,4045
KRT13,0.0,pathway_binn,4046
KRT15,0.0,pathway_binn,4047
KRT19,0.0,pathway_binn,4048
KRT9,0.0,pathway_binn,4049
KRT14,0.0,pathway_binn,4050
KRT16,0.0,pathway_binn,4051
KRT17,0.0,pathway_binn,4052
KRTAP4-5,0.0,pathway_binn,4053
NT5C3B,0.0,pathway_binn,4054
KLHL11,0.0,pathway_binn,4055
ACLY,0.0,pathway_binn,4056
DNAJC7,0.0,pathway_binn,4057
NKIRAS2,0.0,pathway_binn,4058
DHX58,0.0,pathway_binn,4059
KAT2A,0.0,pathway_binn,4060
RAB5C,0.0,pathway_binn,4061
KCNH4,0.0,pathway_binn,4062
GAST,0.0,pathway_binn,4063
KRTAP4-4,0.0,pathway_binn,4064
KRTAP4-3,0.0,pathway_binn,4065
KRTAP4-2,0.0,pathway_binn,4066
KRTAP4-1,0.0,pathway_binn,4067
KRTAP9-3,0.0,pathway_binn,4068
KRTAP9-8,0.0,pathway_binn,4069
KRTAP9-9,0.0,pathway_binn,4070
KRTAP9-6,0.0,pathway_binn,4071
KRTAP9-7,0.0,pathway_binn,4072
KRT35,0.0,pathway_binn,4073
KRTAP16-1,0.0,pathway_binn,4074
KRTAP17-1,0.0,pathway_binn,4075
KRT33A,0.0,pathway_binn,4076
KRT33B,0.0,pathway_binn,4077
KRT34,0.0,pathway_binn,4078
KRT31,0.0,pathway_binn,4079
KRT37,0.0,pathway_binn,4080
KRT38,0.0,pathway_binn,4081
KRT32,0.0,pathway_binn,4082
KRTAP29-1,0.0,pathway_binn,4083
GIT1,0.0,pathway_binn,4084
SLC6A4,0.0,pathway_binn,4085
BLMH,0.0,pathway_binn,4086
CPD,0.0,pathway_binn,4087
GOSR1,0.0,pathway_binn,4088
RNF135,0.0,pathway_binn,4089
NF1,0.0,pathway_binn,4090
OMG,0.0,pathway_binn,4091
IKZF3,0.0,pathway_binn,4092
UTP6,0.0,pathway_binn,4093
SUZ12,0.0,pathway_binn,4094
RHOT1,0.0,pathway_binn,4095
PSMD11,0.0,pathway_binn,4096
CDK5R1,0.0,pathway_binn,4097
ASIC2,0.0,pathway_binn,4098
CCL2,0.0,pathway_binn,4099
CCL7,0.0,pathway_binn,4100
CCL11,0.0,pathway_binn,4101
COPRS,0.0,pathway_binn,4102
MAP2K3,0.0,pathway_binn,4103
WSB1,0.0,pathway_binn,4104
KSR1,0.0,pathway_binn,4105
LGALS9,0.0,pathway_binn,4106
NOS2,0.0,pathway_binn,4107
NLK,0.0,pathway_binn,4108
IFT20,0.0,pathway_binn,4109
TNFAIP1,0.0,pathway_binn,4110
VTN,0.0,pathway_binn,4111
TAOK1,0.0,pathway_binn,4112
SLC13A2,0.0,pathway_binn,4113
PIGS,0.0,pathway_binn,4114
ALDOC,0.0,pathway_binn,4115
SUPT6H,0.0,pathway_binn,4116
RAB34,0.0,pathway_binn,4117
ERAL1,0.0,pathway_binn,4118
FLOT2,0.0,pathway_binn,4119
PIPOX,0.0,pathway_binn,4120
MYO18A,0.0,pathway_binn,4121
SLC46A1,0.0,pathway_binn,4122
ACACA,0.0,pathway_binn,4123
TADA2A,0.0,pathway_binn,4124
DDX52,0.0,pathway_binn,4125
HNF1B,0.0,pathway_binn,4126
ARHGAP23,0.0,pathway_binn,4127
EPOP,0.0,pathway_binn,4128
PCGF2,0.0,pathway_binn,4129
PSMB3,0.0,pathway_binn,4130
PIP4K2B,0.0,pathway_binn,4131
CCL13,0.0,pathway_binn,4132
CACNB1,0.0,pathway_binn,4133
FBXL20,0.0,pathway_binn,4134
CDK12,0.0,pathway_binn,4135
PPP1R1B,0.0,pathway_binn,4136
STARD3,0.0,pathway_binn,4137
TCAP,0.0,pathway_binn,4138
PNMT,0.0,pathway_binn,4139
ERBB2,0.0,pathway_binn,4140
GRB7,0.0,pathway_binn,4141
CWC25,0.0,pathway_binn,4142
CCL1,0.0,pathway_binn,4143
CCT6B,0.0,pathway_binn,4144
ZNF830,0.0,pathway_binn,4145
LIG3,0.0,pathway_binn,4146
RFFL,0.0,pathway_binn,4147
RAD51D,0.0,pathway_binn,4148
PEX12,0.0,pathway_binn,4149
AP2B1,0.0,pathway_binn,4150
TAF15,0.0,pathway_binn,4151
AATF,0.0,pathway_binn,4152
CCL16,0.0,pathway_binn,4153
CCL3,0.0,pathway_binn,4154
CCL4,0.0,pathway_binn,4155
CCL3L1,0.0,pathway_binn,4156
CCL4L2,0.0,pathway_binn,4157
MYO19,0.0,pathway_binn,4158
PIGW,0.0,pathway_binn,4159
MRM1,0.0,pathway_binn,4160
LHX1,0.0,pathway_binn,4161
CCL5,0.0,pathway_binn,4162
SPAG9,0.0,pathway_binn,4163
NME1,0.0,pathway_binn,4164
NME2,0.0,pathway_binn,4165
UTP18,0.0,pathway_binn,4166
KIF2B,0.0,pathway_binn,4167
COX11,0.0,pathway_binn,4168
PCTP,0.0,pathway_binn,4169
NOG,0.0,pathway_binn,4170
GHDC,0.0,pathway_binn,4171
TRIM25,0.0,pathway_binn,4172
AKAP1,0.0,pathway_binn,4173
MSI2,0.0,pathway_binn,4174
SRSF1,0.0,pathway_binn,4175
DYNLL2,0.0,pathway_binn,4176
OR4D1,0.0,pathway_binn,4177
OR4D2,0.0,pathway_binn,4178
EPX,0.0,pathway_binn,4179
MKS1,0.0,pathway_binn,4180
DGKE,0.0,pathway_binn,4181
UBE2Z,0.0,pathway_binn,4182
SNF8,0.0,pathway_binn,4183
GIP,0.0,pathway_binn,4184
IGF2BP1,0.0,pathway_binn,4185
B4GALNT2,0.0,pathway_binn,4186
GNGT2,0.0,pathway_binn,4187
PHOSPHO1,0.0,pathway_binn,4188
NGFR,0.0,pathway_binn,4189
SPOP,0.0,pathway_binn,4190
LUC7L3,0.0,pathway_binn,4191
ITGA3,0.0,pathway_binn,4192
PDK2,0.0,pathway_binn,4193
SGCA,0.0,pathway_binn,4194
COL1A1,0.0,pathway_binn,4195
XYLT2,0.0,pathway_binn,4196
EME1,0.0,pathway_binn,4197
ACSF2,0.0,pathway_binn,4198
CACNA1G,0.0,pathway_binn,4199
ABCC3,0.0,pathway_binn,4200
KAT7,0.0,pathway_binn,4201
KCNH6,0.0,pathway_binn,4202
DCAF7,0.0,pathway_binn,4203
TACO1,0.0,pathway_binn,4204
MAP3K3,0.0,pathway_binn,4205
STRADA,0.0,pathway_binn,4206
DDX42,0.0,pathway_binn,4207
FTSJ3,0.0,pathway_binn,4208
PSMC5,0.0,pathway_binn,4209
LPO,0.0,pathway_binn,4210
GH2,0.0,pathway_binn,4211
GH1,0.0,pathway_binn,4212
CD79B,0.0,pathway_binn,4213
SCN4A,0.0,pathway_binn,4214
ICAM2,0.0,pathway_binn,4215
ERN1,0.0,pathway_binn,4216
TEX2,0.0,pathway_binn,4217
PECAM1,0.0,pathway_binn,4218
POLG2,0.0,pathway_binn,4219
SMARCD2,0.0,pathway_binn,4220
MPO,0.0,pathway_binn,4221
TSPOAP1,0.0,pathway_binn,4222
SUPT4H1,0.0,pathway_binn,4223
RNF43,0.0,pathway_binn,4224
MTMR4,0.0,pathway_binn,4225
RAD51C,0.0,pathway_binn,4226
PPM1E,0.0,pathway_binn,4227
TRIM37,0.0,pathway_binn,4228
SKA2,0.0,pathway_binn,4229
ACE,0.0,pathway_binn,4230
GDPD1,0.0,pathway_binn,4231
CLTC,0.0,pathway_binn,4232
PTRH2,0.0,pathway_binn,4233
CA4,0.0,pathway_binn,4234
PPM1D,0.0,pathway_binn,4235
TBX2,0.0,pathway_binn,4236
BRIP1,0.0,pathway_binn,4237
INTS2,0.0,pathway_binn,4238
MRC2,0.0,pathway_binn,4239
SMG8,0.0,pathway_binn,4240
PSME3,0.0,pathway_binn,4241
AOC2,0.0,pathway_binn,4242
AOC3,0.0,pathway_binn,4243
IFI35,0.0,pathway_binn,4244
VAT1,0.0,pathway_binn,4245
RND2,0.0,pathway_binn,4246
BRCA1,0.0,pathway_binn,4247
NBR1,0.0,pathway_binn,4248
ATP5MC1,0.0,pathway_binn,4249
ETV4,0.0,pathway_binn,4250
SOST,0.0,pathway_binn,4251
DUSP3,0.0,pathway_binn,4252
CD300LG,0.0,pathway_binn,4253
PPY,0.0,pathway_binn,4254
PYY,0.0,pathway_binn,4255
NAGS,0.0,pathway_binn,4256
G6PC3,0.0,pathway_binn,4257
HDAC5,0.0,pathway_binn,4258
DHX8,0.0,pathway_binn,4259
STAT5B,0.0,pathway_binn,4260
STAT5A,0.0,pathway_binn,4261
STAT3,0.0,pathway_binn,4262
CAVIN1,0.0,pathway_binn,4263
ATP6V0A1,0.0,pathway_binn,4264
NAGLU,0.0,pathway_binn,4265
HSD17B1,0.0,pathway_binn,4266
COASY,0.0,pathway_binn,4267
MLX,0.0,pathway_binn,4268
BECN1,0.0,pathway_binn,4269
TUBG1,0.0,pathway_binn,4270
TUBG2,0.0,pathway_binn,4271
CCR10,0.0,pathway_binn,4272
CNTNAP1,0.0,pathway_binn,4273
EZH1,0.0,pathway_binn,4274
RAMP2,0.0,pathway_binn,4275
VPS25,0.0,pathway_binn,4276
WNK4,0.0,pathway_binn,4277
COA3,0.0,pathway_binn,4278
PSMC3IP,0.0,pathway_binn,4279
KANSL1,0.0,pathway_binn,4280
NSF,0.0,pathway_binn,4281
WNT3,0.0,pathway_binn,4282
WNT9B,0.0,pathway_binn,4283
GOSR2,0.0,pathway_binn,4284
CDC27,0.0,pathway_binn,4285
MYL4,0.0,pathway_binn,4286
ITGB3,0.0,pathway_binn,4287
NPEPPS,0.0,pathway_binn,4288
ASB16,0.0,pathway_binn,4289
TBX21,0.0,pathway_binn,4290
OSBPL7,0.0,pathway_binn,4291
PNPO,0.0,pathway_binn,4292
COPZ2,0.0,pathway_binn,4293
HOXB1,0.0,pathway_binn,4294
HOXB2,0.0,pathway_binn,4295
HOXB3,0.0,pathway_binn,4296
HOXB4,0.0,pathway_binn,4297
TTLL6,0.0,pathway_binn,4298
KPNB1,0.0,pathway_binn,4299
ATXN7L3,0.0,pathway_binn,4300
UBTF,0.0,pathway_binn,4301
SLC4A1,0.0,pathway_binn,4302
GRN,0.0,pathway_binn,4303
ITGA2B,0.0,pathway_binn,4304
FZD2,0.0,pathway_binn,4305
ADAM11,0.0,pathway_binn,4306
GJC1,0.0,pathway_binn,4307
EFTUD2,0.0,pathway_binn,4308
MAPT,0.0,pathway_binn,4309
KIF18B,0.0,pathway_binn,4310
DCAKD,0.0,pathway_binn,4311
NMT1,0.0,pathway_binn,4312
PLCD3,0.0,pathway_binn,4313
ACBD4,0.0,pathway_binn,4314
FMNL1,0.0,pathway_binn,4315
MAP3K14,0.0,pathway_binn,4316
ARHGAP27,0.0,pathway_binn,4317
CRHR1,0.0,pathway_binn,4318
GFAP,0.0,pathway_binn,4319
BCO1,0.0,pathway_binn,4320
GAN,0.0,pathway_binn,4321
PLCG2,0.0,pathway_binn,4322
HSD17B2,0.0,pathway_binn,4323
MPHOSPH6,0.0,pathway_binn,4324
RGS10,0.0,pathway_binn,4325
MBTPS1,0.0,pathway_binn,4326
TAF1C,0.0,pathway_binn,4327
TMEM11,0.0,pathway_binn,4328
ATP2C2,0.0,pathway_binn,4329
COTL1,0.0,pathway_binn,4330
USP10,0.0,pathway_binn,4331
CRISPLD2,0.0,pathway_binn,4332
ZDHHC7,0.0,pathway_binn,4333
GINS2,0.0,pathway_binn,4334
COX4I1,0.0,pathway_binn,4335
IRF8,0.0,pathway_binn,4336
FOXF1,0.0,pathway_binn,4337
KCNG4,0.0,pathway_binn,4338
WDR59,0.0,pathway_binn,4339
ZNRF1,0.0,pathway_binn,4340
LDHD,0.0,pathway_binn,4341
CTRB2,0.0,pathway_binn,4342
CTRB1,0.0,pathway_binn,4343
BCAR1,0.0,pathway_binn,4344
CHST6,0.0,pathway_binn,4345
CHST5,0.0,pathway_binn,4346
GABARAPL2,0.0,pathway_binn,4347
CENPN,0.0,pathway_binn,4348
TERF2IP,0.0,pathway_binn,4349
DUXB,0.0,pathway_binn,4350
MON1B,0.0,pathway_binn,4351
ADAMTS18,0.0,pathway_binn,4352
NUDT7,0.0,pathway_binn,4353
WWOX,0.0,pathway_binn,4354
MAF,0.0,pathway_binn,4355
DYNLRB2,0.0,pathway_binn,4356
CMC2,0.0,pathway_binn,4357
ADAT1,0.0,pathway_binn,4358
DPEP1,0.0,pathway_binn,4359
CHMP1A,0.0,pathway_binn,4360
FANCA,0.0,pathway_binn,4361
TCF25,0.0,pathway_binn,4362
MC1R,0.0,pathway_binn,4363
PRDM7,0.0,pathway_binn,4364
VPS53,0.0,pathway_binn,4365
GEMIN4,0.0,pathway_binn,4366
FOXC2,0.0,pathway_binn,4367
TIMM22,0.0,pathway_binn,4368
ABR,0.0,pathway_binn,4369
YWHAE,0.0,pathway_binn,4370
CRK,0.0,pathway_binn,4371
MYO1C,0.0,pathway_binn,4372
INPP5K,0.0,pathway_binn,4373
PITPNA,0.0,pathway_binn,4374
SLC43A2,0.0,pathway_binn,4375
SCARF1,0.0,pathway_binn,4376
MRM3,0.0,pathway_binn,4377
FBXO31,0.0,pathway_binn,4378
MAP1LC3B,0.0,pathway_binn,4379
SLC7A5,0.0,pathway_binn,4380
CA5A,0.0,pathway_binn,4381
BANP,0.0,pathway_binn,4382
ZC3H18,0.0,pathway_binn,4383
IL17C,0.0,pathway_binn,4384
CYBA,0.0,pathway_binn,4385
MVD,0.0,pathway_binn,4386
CPNE7,0.0,pathway_binn,4387
PIEZO1,0.0,pathway_binn,4388
CDT1,0.0,pathway_binn,4389
APRT,0.0,pathway_binn,4390
GALNS,0.0,pathway_binn,4391
TRAPPC2L,0.0,pathway_binn,4392
PABPN1L,0.0,pathway_binn,4393
ACSF3,0.0,pathway_binn,4394
CDH15,0.0,pathway_binn,4395
SPG7,0.0,pathway_binn,4396
CTU2,0.0,pathway_binn,4397
FBXL8,0.0,pathway_binn,4398
E2F4,0.0,pathway_binn,4399
SLC9A5,0.0,pathway_binn,4400
PLEKHG4,0.0,pathway_binn,4401
HSD11B2,0.0,pathway_binn,4402
ATP6V0D1,0.0,pathway_binn,4403
AGRP,0.0,pathway_binn,4404
CTCF,0.0,pathway_binn,4405
FA2H,0.0,pathway_binn,4406
PARD6A,0.0,pathway_binn,4407
RANBP10,0.0,pathway_binn,4408
CENPT,0.0,pathway_binn,4409
EDC4,0.0,pathway_binn,4410
NRN1L,0.0,pathway_binn,4411
CTRL,0.0,pathway_binn,4412
PSMB10,0.0,pathway_binn,4413
LCAT,0.0,pathway_binn,4414
SLC12A4,0.0,pathway_binn,4415
ACD,0.0,pathway_binn,4416
DOK4,0.0,pathway_binn,4417
ADGRG3,0.0,pathway_binn,4418
MMP15,0.0,pathway_binn,4419
CSNK2A2,0.0,pathway_binn,4420
GINS3,0.0,pathway_binn,4421
SETD6,0.0,pathway_binn,4422
CNOT1,0.0,pathway_binn,4423
GOT2,0.0,pathway_binn,4424
TK2,0.0,pathway_binn,4425
TRADD,0.0,pathway_binn,4426
NAE1,0.0,pathway_binn,4427
CA7,0.0,pathway_binn,4428
PDP2,0.0,pathway_binn,4429
RRAD,0.0,pathway_binn,4430
CIAO2B,0.0,pathway_binn,4431
CES2,0.0,pathway_binn,4432
CES3,0.0,pathway_binn,4433
CBFB,0.0,pathway_binn,4434
B3GNT9,0.0,pathway_binn,4435
DYNC1LI2,0.0,pathway_binn,4436
EXOSC6,0.0,pathway_binn,4437
ST3GAL2,0.0,pathway_binn,4438
FCSK,0.0,pathway_binn,4439
COG4,0.0,pathway_binn,4440
SF3B3,0.0,pathway_binn,4441
IL34,0.0,pathway_binn,4442
VAC14,0.0,pathway_binn,4443
CHST4,0.0,pathway_binn,4444
TAT,0.0,pathway_binn,4445
DPEP2,0.0,pathway_binn,4446
AP1G1,0.0,pathway_binn,4447
DHODH,0.0,pathway_binn,4448
HP,0.0,pathway_binn,4449
HPR,0.0,pathway_binn,4450
DHX38,0.0,pathway_binn,4451
ZFHX3,0.0,pathway_binn,4452
PSMD7,0.0,pathway_binn,4453
GLG1,0.0,pathway_binn,4454
MLKL,0.0,pathway_binn,4455
PHLPP2,0.0,pathway_binn,4456
DUS2,0.0,pathway_binn,4457
NFATC3,0.0,pathway_binn,4458
ESRP2,0.0,pathway_binn,4459
PLA2G15,0.0,pathway_binn,4460
SLC7A6,0.0,pathway_binn,4461
PRMT7,0.0,pathway_binn,4462
SMPD3,0.0,pathway_binn,4463
HAS3,0.0,pathway_binn,4464
CHTF8,0.0,pathway_binn,4465
PDPR,0.0,pathway_binn,4466
SNTB2,0.0,pathway_binn,4467
VPS4A,0.0,pathway_binn,4468
COG8,0.0,pathway_binn,4469
NIP7,0.0,pathway_binn,4470
TERF2,0.0,pathway_binn,4471
CYB5B,0.0,pathway_binn,4472
NQO1,0.0,pathway_binn,4473
NOB1,0.0,pathway_binn,4474
WWP2,0.0,pathway_binn,4475
UTP4,0.0,pathway_binn,4476
PFAS,0.0,pathway_binn,4477
RANGRF,0.0,pathway_binn,4478
ARHGEF15,0.0,pathway_binn,4479
NDEL1,0.0,pathway_binn,4480
MYH10,0.0,pathway_binn,4481
PIK3R6,0.0,pathway_binn,4482
PIK3R5,0.0,pathway_binn,4483
NTN1,0.0,pathway_binn,4484
RILP,0.0,pathway_binn,4485
GLP2R,0.0,pathway_binn,4486
RCVRN,0.0,pathway_binn,4487
MYH8,0.0,pathway_binn,4488
MYH2,0.0,pathway_binn,4489
MYH3,0.0,pathway_binn,4490
SCO1,0.0,pathway_binn,4491
ADPRM,0.0,pathway_binn,4492
MAP2K4,0.0,pathway_binn,4493
MYOCD,0.0,pathway_binn,4494
USP43,0.0,pathway_binn,4495
EIF4A1,0.0,pathway_binn,4496
CD68,0.0,pathway_binn,4497
MPDU1,0.0,pathway_binn,4498
ATP1B2,0.0,pathway_binn,4499
TP53,0.0,pathway_binn,4500
WRAP53,0.0,pathway_binn,4501
EFNB3,0.0,pathway_binn,4502
KDM6B,0.0,pathway_binn,4503
NAA38,0.0,pathway_binn,4504
CTC1,0.0,pathway_binn,4505
KCNAB3,0.0,pathway_binn,4506
TRAPPC1,0.0,pathway_binn,4507
ALOX15B,0.0,pathway_binn,4508
ALOX12B,0.0,pathway_binn,4509
ALOXE3,0.0,pathway_binn,4510
HES7,0.0,pathway_binn,4511
PER1,0.0,pathway_binn,4512
VAMP2,0.0,pathway_binn,4513
AURKB,0.0,pathway_binn,4514
CHD3,0.0,pathway_binn,4515
GID4,0.0,pathway_binn,4516
DRG2,0.0,pathway_binn,4517
MYO15A,0.0,pathway_binn,4518
ALKBH5,0.0,pathway_binn,4519
TOP3A,0.0,pathway_binn,4520
SHMT1,0.0,pathway_binn,4521
FBXW10,0.0,pathway_binn,4522
SLC5A10,0.0,pathway_binn,4523
EPN2,0.0,pathway_binn,4524
ARHGAP44,0.0,pathway_binn,4525
MAPK7,0.0,pathway_binn,4526
MFAP4,0.0,pathway_binn,4527
SLC47A1,0.0,pathway_binn,4528
ALDH3A2,0.0,pathway_binn,4529
SLC47A2,0.0,pathway_binn,4530
ALDH3A1,0.0,pathway_binn,4531
AKAP10,0.0,pathway_binn,4532
USP22,0.0,pathway_binn,4533
DHRS7B,0.0,pathway_binn,4534
B9D1,0.0,pathway_binn,4535
ELAC2,0.0,pathway_binn,4536
COX10,0.0,pathway_binn,4537
HS3ST3B1,0.0,pathway_binn,4538
PMP22,0.0,pathway_binn,4539
ADORA2B,0.0,pathway_binn,4540
TTC19,0.0,pathway_binn,4541
NCOR1,0.0,pathway_binn,4542
PIGL,0.0,pathway_binn,4543
UBB,0.0,pathway_binn,4544
SREBF1,0.0,pathway_binn,4545
TNFRSF13B,0.0,pathway_binn,4546
MPRIP,0.0,pathway_binn,4547
PLD6,0.0,pathway_binn,4548
FLCN,0.0,pathway_binn,4549
COPS3,0.0,pathway_binn,4550
NT5M,0.0,pathway_binn,4551
MED9,0.0,pathway_binn,4552
PEMT,0.0,pathway_binn,4553
RAI1,0.0,pathway_binn,4554
TRPV2,0.0,pathway_binn,4555
OR3A3,0.0,pathway_binn,4556
ASPA,0.0,pathway_binn,4557
TRPV3,0.0,pathway_binn,4558
TRPV1,0.0,pathway_binn,4559
SHPK,0.0,pathway_binn,4560
CTNS,0.0,pathway_binn,4561
TAX1BP3,0.0,pathway_binn,4562
P2RX5,0.0,pathway_binn,4563
SENP3,0.0,pathway_binn,4564
P2RX1,0.0,pathway_binn,4565
ATP2A3,0.0,pathway_binn,4566
ANKFY1,0.0,pathway_binn,4567
UBE2G1,0.0,pathway_binn,4568
SPNS2,0.0,pathway_binn,4569
MYBBP1A,0.0,pathway_binn,4570
GGT6,0.0,pathway_binn,4571
ALOX15,0.0,pathway_binn,4572
PELP1,0.0,pathway_binn,4573
CAMKK1,0.0,pathway_binn,4574
PRPF8,0.0,pathway_binn,4575
WDR81,0.0,pathway_binn,4576
SERPINF2,0.0,pathway_binn,4577
RPA1,0.0,pathway_binn,4578
RTN4RL1,0.0,pathway_binn,4579
DPH1,0.0,pathway_binn,4580
HIC1,0.0,pathway_binn,4581
SMG6,0.0,pathway_binn,4582
SRR,0.0,pathway_binn,4583
OR1E1,0.0,pathway_binn,4584
PAFAH1B1,0.0,pathway_binn,4585
RAP1GAP2,0.0,pathway_binn,4586
OR1D5,0.0,pathway_binn,4587
OR1D2,0.0,pathway_binn,4588
OR1G1,0.0,pathway_binn,4589
OR1A2,0.0,pathway_binn,4590
OR1A1,0.0,pathway_binn,4591
OR3A2,0.0,pathway_binn,4592
OR3A1,0.0,pathway_binn,4593
TSR1,0.0,pathway_binn,4594
ALOX12,0.0,pathway_binn,4595
RNASEK,0.0,pathway_binn,4596
CLEC10A,0.0,pathway_binn,4597
ASGR2,0.0,pathway_binn,4598
ASGR1,0.0,pathway_binn,4599
DLG4,0.0,pathway_binn,4600
ACADVL,0.0,pathway_binn,4601
DVL2,0.0,pathway_binn,4602
GABARAP,0.0,pathway_binn,4603
ARRB2,0.0,pathway_binn,4604
ELP5,0.0,pathway_binn,4605
CLDN7,0.0,pathway_binn,4606
SLC2A4,0.0,pathway_binn,4607
GPS2,0.0,pathway_binn,4608
NLGN2,0.0,pathway_binn,4609
FGF11,0.0,pathway_binn,4610
POLR2A,0.0,pathway_binn,4611
TNFSF12,0.0,pathway_binn,4612
TNFSF13,0.0,pathway_binn,4613
CTDNEP1,0.0,pathway_binn,4614
MED11,0.0,pathway_binn,4615
CXCL16,0.0,pathway_binn,4616
PSMB6,0.0,pathway_binn,4617
PLD2,0.0,pathway_binn,4618
MINK1,0.0,pathway_binn,4619
CHRNE,0.0,pathway_binn,4620
SLC25A11,0.0,pathway_binn,4621
PFN1,0.0,pathway_binn,4622
ENO3,0.0,pathway_binn,4623
XAF1,0.0,pathway_binn,4624
SLC52A1,0.0,pathway_binn,4625
RABEP1,0.0,pathway_binn,4626
NUP88,0.0,pathway_binn,4627
C1QBP,0.0,pathway_binn,4628
DERL2,0.0,pathway_binn,4629
MIS12,0.0,pathway_binn,4630
NLRP1,0.0,pathway_binn,4631
PITPNM3,0.0,pathway_binn,4632
SLC13A5,0.0,pathway_binn,4633
KIF1C,0.0,pathway_binn,4634
HNRNPM,0.0,pathway_binn,4635
ADAMTS10,0.0,pathway_binn,4636
OR2Z1,0.0,pathway_binn,4637
MBD3L1,0.0,pathway_binn,4638
MUC16,0.0,pathway_binn,4639
OR1M1,0.0,pathway_binn,4640
OR7G2,0.0,pathway_binn,4641
OR7G1,0.0,pathway_binn,4642
DDX5,0.0,pathway_binn,4643
OR7D2,0.0,pathway_binn,4644
OR7D4,0.0,pathway_binn,4645
OR7E24,0.0,pathway_binn,4646
FBXL12,0.0,pathway_binn,4647
UBL5,0.0,pathway_binn,4648
PIN1,0.0,pathway_binn,4649
COL5A3,0.0,pathway_binn,4650
RDH8,0.0,pathway_binn,4651
P2RY11,0.0,pathway_binn,4652
OR7G3,0.0,pathway_binn,4653
STXBP2,0.0,pathway_binn,4654
RETN,0.0,pathway_binn,4655
MCEMP1,0.0,pathway_binn,4656
TRAPPC5,0.0,pathway_binn,4657
FCER2,0.0,pathway_binn,4658
CLEC4G,0.0,pathway_binn,4659
CD209,0.0,pathway_binn,4660
CLEC4M,0.0,pathway_binn,4661
LRRC8E,0.0,pathway_binn,4662
RAB11B,0.0,pathway_binn,4663
SNAPC2,0.0,pathway_binn,4664
TIMM44,0.0,pathway_binn,4665
ELAVL1,0.0,pathway_binn,4666
CCL25,0.0,pathway_binn,4667
FBN3,0.0,pathway_binn,4668
CERS4,0.0,pathway_binn,4669
CD320,0.0,pathway_binn,4670
NDUFA7,0.0,pathway_binn,4671
ANGPTL4,0.0,pathway_binn,4672
MAP2K7,0.0,pathway_binn,4673
LDLR,0.0,pathway_binn,4674
SPC24,0.0,pathway_binn,4675
DOCK6,0.0,pathway_binn,4676
ANGPTL8,0.0,pathway_binn,4677
RAB3D,0.0,pathway_binn,4678
PLPPR2,0.0,pathway_binn,4679
RGL3,0.0,pathway_binn,4680
PRKCSH,0.0,pathway_binn,4681
EIF3G,0.0,pathway_binn,4682
CNN1,0.0,pathway_binn,4683
ACP5,0.0,pathway_binn,4684
MAN2B1,0.0,pathway_binn,4685
WDR83,0.0,pathway_binn,4686
DHPS,0.0,pathway_binn,4687
FBXW9,0.0,pathway_binn,4688
GET3,0.0,pathway_binn,4689
BEST2,0.0,pathway_binn,4690
JUNB,0.0,pathway_binn,4691
ECSIT,0.0,pathway_binn,4692
DNMT1,0.0,pathway_binn,4693
S1PR2,0.0,pathway_binn,4694
ICAM1,0.0,pathway_binn,4695
ICAM4,0.0,pathway_binn,4696
ICAM5,0.0,pathway_binn,4697
FDX2,0.0,pathway_binn,4698
ICAM3,0.0,pathway_binn,4699
TYK2,0.0,pathway_binn,4700
CDC37,0.0,pathway_binn,4701
SMARCA4,0.0,pathway_binn,4702
KEAP1,0.0,pathway_binn,4703
S1PR5,0.0,pathway_binn,4704
ATG4D,0.0,pathway_binn,4705
CDKN2D,0.0,pathway_binn,4706
SLC44A2,0.0,pathway_binn,4707
ILF3,0.0,pathway_binn,4708
QTRT1,0.0,pathway_binn,4709
DNM2,0.0,pathway_binn,4710
CARM1,0.0,pathway_binn,4711
PDE4A,0.0,pathway_binn,4712
DOHH,0.0,pathway_binn,4713
FZR1,0.0,pathway_binn,4714
HMG20B,0.0,pathway_binn,4715
TBXA2R,0.0,pathway_binn,4716
CACTIN,0.0,pathway_binn,4717
PIP5K1C,0.0,pathway_binn,4718
MATK,0.0,pathway_binn,4719
NMRK2,0.0,pathway_binn,4720
PCP2,0.0,pathway_binn,4721
EEF2,0.0,pathway_binn,4722
PIAS4,0.0,pathway_binn,4723
MAP2K2,0.0,pathway_binn,4724
CREB3L3,0.0,pathway_binn,4725
SIRT6,0.0,pathway_binn,4726
EBI3,0.0,pathway_binn,4727
YJU2,0.0,pathway_binn,4728
STAP2,0.0,pathway_binn,4729
SH3GL1,0.0,pathway_binn,4730
DAPK3,0.0,pathway_binn,4731
ADAT3,0.0,pathway_binn,4732
CSNK1G2,0.0,pathway_binn,4733
IZUMO4,0.0,pathway_binn,4734
DOT1L,0.0,pathway_binn,4735
SF3A2,0.0,pathway_binn,4736
AMH,0.0,pathway_binn,4737
OAZ1,0.0,pathway_binn,4738
LSM7,0.0,pathway_binn,4739
SPPL2B,0.0,pathway_binn,4740
NFIC,0.0,pathway_binn,4741
GNG7,0.0,pathway_binn,4742
SLC39A3,0.0,pathway_binn,4743
SGTA,0.0,pathway_binn,4744
THOP1,0.0,pathway_binn,4745
TLE2,0.0,pathway_binn,4746
TLE5,0.0,pathway_binn,4747
GNA11,0.0,pathway_binn,4748
GNA15,0.0,pathway_binn,4749
S1PR4,0.0,pathway_binn,4750
TIMM13,0.0,pathway_binn,4751
CLPP,0.0,pathway_binn,4752
PSPN,0.0,pathway_binn,4753
GTF2F1,0.0,pathway_binn,4754
KHSRP,0.0,pathway_binn,4755
CRB3,0.0,pathway_binn,4756
DENND1C,0.0,pathway_binn,4757
TNFSF9,0.0,pathway_binn,4758
CD70,0.0,pathway_binn,4759
TNFSF14,0.0,pathway_binn,4760
PLIN4,0.0,pathway_binn,4761
TRIP10,0.0,pathway_binn,4762
VAV1,0.0,pathway_binn,4763
ADGRE1,0.0,pathway_binn,4764
INSR,0.0,pathway_binn,4765
ARHGEF18,0.0,pathway_binn,4766
MCOLN1,0.0,pathway_binn,4767
PNPLA6,0.0,pathway_binn,4768
XAB2,0.0,pathway_binn,4769
PET100,0.0,pathway_binn,4770
C3,0.0,pathway_binn,4771
LRG1,0.0,pathway_binn,4772
MYDGF,0.0,pathway_binn,4773
FEM1A,0.0,pathway_binn,4774
PLIN3,0.0,pathway_binn,4775
UHRF1,0.0,pathway_binn,4776
KDM4B,0.0,pathway_binn,4777
PTPRS,0.0,pathway_binn,4778
SAFB,0.0,pathway_binn,4779
MICOS13,0.0,pathway_binn,4780
ACER1,0.0,pathway_binn,4781
CATSPERD,0.0,pathway_binn,4782
NRTN,0.0,pathway_binn,4783
FUT6,0.0,pathway_binn,4784
FUT3,0.0,pathway_binn,4785
FUT5,0.0,pathway_binn,4786
NDUFA11,0.0,pathway_binn,4787
RFX2,0.0,pathway_binn,4788
ACSBG2,0.0,pathway_binn,4789
MLLT1,0.0,pathway_binn,4790
LONP1,0.0,pathway_binn,4791
NR2C2AP,0.0,pathway_binn,4792
NCAN,0.0,pathway_binn,4793
SUGP1,0.0,pathway_binn,4794
MAU2,0.0,pathway_binn,4795
GATAD2A,0.0,pathway_binn,4796
NDUFA13,0.0,pathway_binn,4797
LPAR2,0.0,pathway_binn,4798
GMIP,0.0,pathway_binn,4799
PRDX2,0.0,pathway_binn,4800
UQCRFS1,0.0,pathway_binn,4801
POP4,0.0,pathway_binn,4802
CCNE1,0.0,pathway_binn,4803
ANKRD27,0.0,pathway_binn,4804
RGS9BP,0.0,pathway_binn,4805
NUDT19,0.0,pathway_binn,4806
TDRD12,0.0,pathway_binn,4807
SLC7A9,0.0,pathway_binn,4808
CEP89,0.0,pathway_binn,4809
ATP13A1,0.0,pathway_binn,4810
IL12RB1,0.0,pathway_binn,4811
PIK3R2,0.0,pathway_binn,4812
IFI30,0.0,pathway_binn,4813
RAB3A,0.0,pathway_binn,4814
PDE4C,0.0,pathway_binn,4815
JUND,0.0,pathway_binn,4816
LSM4,0.0,pathway_binn,4817
ISYNA1,0.0,pathway_binn,4818
ELL,0.0,pathway_binn,4819
MEF2B,0.0,pathway_binn,4820
UBA52,0.0,pathway_binn,4821
CRLF1,0.0,pathway_binn,4822
CRTC1,0.0,pathway_binn,4823
COMP,0.0,pathway_binn,4824
UPF1,0.0,pathway_binn,4825
COPE,0.0,pathway_binn,4826
DDX49,0.0,pathway_binn,4827
HOMER3,0.0,pathway_binn,4828
SLC25A42,0.0,pathway_binn,4829
FKBP8,0.0,pathway_binn,4830
FFAR3,0.0,pathway_binn,4831
FFAR2,0.0,pathway_binn,4832
KRTDAP,0.0,pathway_binn,4833
DMKN,0.0,pathway_binn,4834
SBSN,0.0,pathway_binn,4835
GAPDHS,0.0,pathway_binn,4836
ATP4A,0.0,pathway_binn,4837
HAUS5,0.0,pathway_binn,4838
FAAP24,0.0,pathway_binn,4839
COX6B1,0.0,pathway_binn,4840
UPK1A,0.0,pathway_binn,4841
KMT2B,0.0,pathway_binn,4842
U2AF1L4,0.0,pathway_binn,4843
PSENEN,0.0,pathway_binn,4844
LIN37,0.0,pathway_binn,4845
ARHGAP33,0.0,pathway_binn,4846
PRODH2,0.0,pathway_binn,4847
NPHS1,0.0,pathway_binn,4848
RBM42,0.0,pathway_binn,4849
RHPN2,0.0,pathway_binn,4850
GPATCH1,0.0,pathway_binn,4851
SLC7A10,0.0,pathway_binn,4852
CEBPA,0.0,pathway_binn,4853
CEBPG,0.0,pathway_binn,4854
CHST8,0.0,pathway_binn,4855
KCTD15,0.0,pathway_binn,4856
GPI,0.0,pathway_binn,4857
UBA2,0.0,pathway_binn,4858
FFAR1,0.0,pathway_binn,4859
SCN1B,0.0,pathway_binn,4860
HPN,0.0,pathway_binn,4861
FXYD3,0.0,pathway_binn,4862
LGI4,0.0,pathway_binn,4863
FXYD1,0.0,pathway_binn,4864
FXYD7,0.0,pathway_binn,4865
LSR,0.0,pathway_binn,4866
USF2,0.0,pathway_binn,4867
CD22,0.0,pathway_binn,4868
WTIP,0.0,pathway_binn,4869
PTGER1,0.0,pathway_binn,4870
GIPC1,0.0,pathway_binn,4871
DNAJB1,0.0,pathway_binn,4872
TECR,0.0,pathway_binn,4873
NDUFB7,0.0,pathway_binn,4874
ADGRE3,0.0,pathway_binn,4875
ADGRE2,0.0,pathway_binn,4876
OR7C1,0.0,pathway_binn,4877
KCNN1,0.0,pathway_binn,4878
OR7A10,0.0,pathway_binn,4879
OR7A17,0.0,pathway_binn,4880
OR7C2,0.0,pathway_binn,4881
SLC1A6,0.0,pathway_binn,4882
CASP14,0.0,pathway_binn,4883
OR1I1,0.0,pathway_binn,4884
SYDE1,0.0,pathway_binn,4885
NOTCH3,0.0,pathway_binn,4886
BRD4,0.0,pathway_binn,4887
OR7A5,0.0,pathway_binn,4888
DNASE2,0.0,pathway_binn,4889
GCDH,0.0,pathway_binn,4890
SYCE2,0.0,pathway_binn,4891
FARSA,0.0,pathway_binn,4892
CALR,0.0,pathway_binn,4893
RAD23A,0.0,pathway_binn,4894
GADD45GIP1,0.0,pathway_binn,4895
DAND5,0.0,pathway_binn,4896
NFIX,0.0,pathway_binn,4897
PKN1,0.0,pathway_binn,4898
TRMT1,0.0,pathway_binn,4899
STX10,0.0,pathway_binn,4900
MRI1,0.0,pathway_binn,4901
NANOS3,0.0,pathway_binn,4902
RLN3,0.0,pathway_binn,4903
IL27RA,0.0,pathway_binn,4904
PRKACA,0.0,pathway_binn,4905
ADGRE5,0.0,pathway_binn,4906
DDX39A,0.0,pathway_binn,4907
LYL1,0.0,pathway_binn,4908
F2RL3,0.0,pathway_binn,4909
HAUS8,0.0,pathway_binn,4910
MYO9B,0.0,pathway_binn,4911
USE1,0.0,pathway_binn,4912
NR2F6,0.0,pathway_binn,4913
BABAM1,0.0,pathway_binn,4914
DDA1,0.0,pathway_binn,4915
ANO8,0.0,pathway_binn,4916
GTPBP3,0.0,pathway_binn,4917
AKAP8L,0.0,pathway_binn,4918
MVB12A,0.0,pathway_binn,4919
SLC27A1,0.0,pathway_binn,4920
PGLS,0.0,pathway_binn,4921
COLGALT1,0.0,pathway_binn,4922
FCHO1,0.0,pathway_binn,4923
B3GNT3,0.0,pathway_binn,4924
INSL3,0.0,pathway_binn,4925
JAK3,0.0,pathway_binn,4926
SLC5A5,0.0,pathway_binn,4927
BST2,0.0,pathway_binn,4928
RASAL3,0.0,pathway_binn,4929
PGLYRP2,0.0,pathway_binn,4930
CYP4F22,0.0,pathway_binn,4931
CYP4F8,0.0,pathway_binn,4932
CYP4F3,0.0,pathway_binn,4933
CYP4F12,0.0,pathway_binn,4934
OR10H2,0.0,pathway_binn,4935
OR10H3,0.0,pathway_binn,4936
OR10H5,0.0,pathway_binn,4937
SIN3B,0.0,pathway_binn,4938
CYP4F2,0.0,pathway_binn,4939
CYP4F11,0.0,pathway_binn,4940
OR10H4,0.0,pathway_binn,4941
TPM4,0.0,pathway_binn,4942
RAB8A,0.0,pathway_binn,4943
FAM32A,0.0,pathway_binn,4944
AP1M1,0.0,pathway_binn,4945
EPS15L1,0.0,pathway_binn,4946
CHERP,0.0,pathway_binn,4947
OR10H1,0.0,pathway_binn,4948
HGS,0.0,pathway_binn,4949
SLC25A10,0.0,pathway_binn,4950
GCGR,0.0,pathway_binn,4951
MCRIP1,0.0,pathway_binn,4952
P4HB,0.0,pathway_binn,4953
ARHGDIA,0.0,pathway_binn,4954
ALYREF,0.0,pathway_binn,4955
ANAPC11,0.0,pathway_binn,4956
KLF16,0.0,pathway_binn,4957
PCYT2,0.0,pathway_binn,4958
MAFG,0.0,pathway_binn,4959
PYCR1,0.0,pathway_binn,4960
NOTUM,0.0,pathway_binn,4961
ASPSCR1,0.0,pathway_binn,4962
CENPX,0.0,pathway_binn,4963
RAC3,0.0,pathway_binn,4964
DCXR,0.0,pathway_binn,4965
RFNG,0.0,pathway_binn,4966
NPB,0.0,pathway_binn,4967
ENGASE,0.0,pathway_binn,4968
RBFOX3,0.0,pathway_binn,4969
ENPP7,0.0,pathway_binn,4970
CBX2,0.0,pathway_binn,4971
CBX8,0.0,pathway_binn,4972
CBX4,0.0,pathway_binn,4973
TBC1D16,0.0,pathway_binn,4974
GAA,0.0,pathway_binn,4975
EIF4A3,0.0,pathway_binn,4976
PDE6G,0.0,pathway_binn,4977
SLC26A11,0.0,pathway_binn,4978
RNF213,0.0,pathway_binn,4979
RPTOR,0.0,pathway_binn,4980
CHMP6,0.0,pathway_binn,4981
BAIAP2,0.0,pathway_binn,4982
CEP131,0.0,pathway_binn,4983
NDUFAF8,0.0,pathway_binn,4984
FAAP100,0.0,pathway_binn,4985
NPLOC4,0.0,pathway_binn,4986
SGSH,0.0,pathway_binn,4987
MYL12A,0.0,pathway_binn,4988
MYL12B,0.0,pathway_binn,4989
TGIF1,0.0,pathway_binn,4990
DLGAP1,0.0,pathway_binn,4991
EPB41L3,0.0,pathway_binn,4992
ARHGAP28,0.0,pathway_binn,4993
LAMA1,0.0,pathway_binn,4994
RAB12,0.0,pathway_binn,4995
GPS1,0.0,pathway_binn,4996
RALBP1,0.0,pathway_binn,4997
RAB31,0.0,pathway_binn,4998
VAPA,0.0,pathway_binn,4999
NAPG,0.0,pathway_binn,5000
GNAL,0.0,pathway_binn,5001
IMPA2,0.0,pathway_binn,5002
CIDEA,0.0,pathway_binn,5003
TUBB6,0.0,pathway_binn,5004
AFG3L2,0.0,pathway_binn,5005
NDUFV2,0.0,pathway_binn,5006
FASN,0.0,pathway_binn,5007
SLC16A3,0.0,pathway_binn,5008
CSNK1D,0.0,pathway_binn,5009
FOXK2,0.0,pathway_binn,5010
WDR45B,0.0,pathway_binn,5011
RAB40B,0.0,pathway_binn,5012
FN3KRP,0.0,pathway_binn,5013
FN3K,0.0,pathway_binn,5014
TBCD,0.0,pathway_binn,5015
LPIN2,0.0,pathway_binn,5016
USP14,0.0,pathway_binn,5017
THOC1,0.0,pathway_binn,5018
COLEC12,0.0,pathway_binn,5019
CETN1,0.0,pathway_binn,5020
TYMS,0.0,pathway_binn,5021
YES1,0.0,pathway_binn,5022
ADCYAP1,0.0,pathway_binn,5023
NDC80,0.0,pathway_binn,5024
EMILIN2,0.0,pathway_binn,5025
ZNF750,0.0,pathway_binn,5026
KCNJ2,0.0,pathway_binn,5027
SOX9,0.0,pathway_binn,5028
SSTR2,0.0,pathway_binn,5029
COG1,0.0,pathway_binn,5030
CDC42EP4,0.0,pathway_binn,5031
SDK2,0.0,pathway_binn,5032
TTYH2,0.0,pathway_binn,5033
KIF19,0.0,pathway_binn,5034
CANT1,0.0,pathway_binn,5035
CD300LB,0.0,pathway_binn,5036
CD300C,0.0,pathway_binn,5037
CD300LD,0.0,pathway_binn,5038
CD300E,0.0,pathway_binn,5039
RAB37,0.0,pathway_binn,5040
CD300LF,0.0,pathway_binn,5041
GRIN2C,0.0,pathway_binn,5042
FDXR,0.0,pathway_binn,5043
USH1G,0.0,pathway_binn,5044
CD300A,0.0,pathway_binn,5045
SMURF2,0.0,pathway_binn,5046
GNA13,0.0,pathway_binn,5047
AXIN2,0.0,pathway_binn,5048
APOH,0.0,pathway_binn,5049
PRKCA,0.0,pathway_binn,5050
CACNG4,0.0,pathway_binn,5051
PSMD12,0.0,pathway_binn,5052
NOL11,0.0,pathway_binn,5053
KPNA2,0.0,pathway_binn,5054
KCNJ16,0.0,pathway_binn,5055
WIPI1,0.0,pathway_binn,5056
PRKAR1A,0.0,pathway_binn,5057
FAM20A,0.0,pathway_binn,5058
ABCA8,0.0,pathway_binn,5059
ABCA9,0.0,pathway_binn,5060
ABCA6,0.0,pathway_binn,5061
ABCA10,0.0,pathway_binn,5062
ABCA5,0.0,pathway_binn,5063
MAP2K6,0.0,pathway_binn,5064
ARSG,0.0,pathway_binn,5065
UBE2O,0.0,pathway_binn,5066
AANAT,0.0,pathway_binn,5067
RHBDF2,0.0,pathway_binn,5068
CYGB,0.0,pathway_binn,5069
ST6GALNAC2,0.0,pathway_binn,5070
ST6GALNAC1,0.0,pathway_binn,5071
JMJD6,0.0,pathway_binn,5072
METTL23,0.0,pathway_binn,5073
SRSF2,0.0,pathway_binn,5074
ATP5PD,0.0,pathway_binn,5075
TNRC6C,0.0,pathway_binn,5076
TMC6,0.0,pathway_binn,5077
TK1,0.0,pathway_binn,5078
BIRC5,0.0,pathway_binn,5079
SOCS3,0.0,pathway_binn,5080
PGS1,0.0,pathway_binn,5081
CYTH1,0.0,pathway_binn,5082
TIMP2,0.0,pathway_binn,5083
LGALS3BP,0.0,pathway_binn,5084
MGAT5B,0.0,pathway_binn,5085
NT5C,0.0,pathway_binn,5086
SUMO2,0.0,pathway_binn,5087
NUP85,0.0,pathway_binn,5088
GGA3,0.0,pathway_binn,5089
SLC25A19,0.0,pathway_binn,5090
GRB2,0.0,pathway_binn,5091
TSEN54,0.0,pathway_binn,5092
SAP30BP,0.0,pathway_binn,5093
ITGB4,0.0,pathway_binn,5094
SPHK1,0.0,pathway_binn,5095
UNC13D,0.0,pathway_binn,5096
FBF1,0.0,pathway_binn,5097
ACOX1,0.0,pathway_binn,5098
TEN1,0.0,pathway_binn,5099
EVPL,0.0,pathway_binn,5100
SRP68,0.0,pathway_binn,5101
GALR2,0.0,pathway_binn,5102
EXOC7,0.0,pathway_binn,5103
FOXJ1,0.0,pathway_binn,5104
GALK1,0.0,pathway_binn,5105
SERPINB10,0.0,pathway_binn,5106
SERPINB8,0.0,pathway_binn,5107
CDH19,0.0,pathway_binn,5108
DSEL,0.0,pathway_binn,5109
TMX3,0.0,pathway_binn,5110
DOK6,0.0,pathway_binn,5111
CD226,0.0,pathway_binn,5112
SOCS6,0.0,pathway_binn,5113
PRELID3A,0.0,pathway_binn,5114
TIMM21,0.0,pathway_binn,5115
CYB5A,0.0,pathway_binn,5116
CNDP2,0.0,pathway_binn,5117
MBP,0.0,pathway_binn,5118
GALR1,0.0,pathway_binn,5119
ATP9B,0.0,pathway_binn,5120
NFATC1,0.0,pathway_binn,5121
CTDP1,0.0,pathway_binn,5122
KCNG2,0.0,pathway_binn,5123
FBXO15,0.0,pathway_binn,5124
ATP8B1,0.0,pathway_binn,5125
NEDD4L,0.0,pathway_binn,5126
MALT1,0.0,pathway_binn,5127
ZNF532,0.0,pathway_binn,5128
SEC11C,0.0,pathway_binn,5129
GRP,0.0,pathway_binn,5130
LMAN1,0.0,pathway_binn,5131
PMAIP1,0.0,pathway_binn,5132
MC4R,0.0,pathway_binn,5133
SERPINB2,0.0,pathway_binn,5134
PIGN,0.0,pathway_binn,5135
TNFRSF11A,0.0,pathway_binn,5136
PHLPP1,0.0,pathway_binn,5137
BCL2,0.0,pathway_binn,5138
KDSR,0.0,pathway_binn,5139
VPS4B,0.0,pathway_binn,5140
SERPINB12,0.0,pathway_binn,5141
SERPINB13,0.0,pathway_binn,5142
SERPINB3,0.0,pathway_binn,5143
RNF152,0.0,pathway_binn,5144
ARID3A,0.0,pathway_binn,5145
WDR18,0.0,pathway_binn,5146
GRIN3B,0.0,pathway_binn,5147
CNN2,0.0,pathway_binn,5148
ABCA7,0.0,pathway_binn,5149
ARHGAP45,0.0,pathway_binn,5150
POLR2E,0.0,pathway_binn,5151
GPX4,0.0,pathway_binn,5152
STK11,0.0,pathway_binn,5153
TXNL4A,0.0,pathway_binn,5154
EFNA2,0.0,pathway_binn,5155
NDUFS7,0.0,pathway_binn,5156
GAMT,0.0,pathway_binn,5157
ADAMTSL5,0.0,pathway_binn,5158
MBD3,0.0,pathway_binn,5159
UQCR11,0.0,pathway_binn,5160
TCF3,0.0,pathway_binn,5161
ONECUT3,0.0,pathway_binn,5162
ATP8B3,0.0,pathway_binn,5163
ATP5F1D,0.0,pathway_binn,5164
ADNP2,0.0,pathway_binn,5165
PARD6G,0.0,pathway_binn,5166
PLPP2,0.0,pathway_binn,5167
SHC2,0.0,pathway_binn,5168
TPGS1,0.0,pathway_binn,5169
CDC34,0.0,pathway_binn,5170
GZMM,0.0,pathway_binn,5171
BSG,0.0,pathway_binn,5172
HCN2,0.0,pathway_binn,5173
KISS1R,0.0,pathway_binn,5174
FGF22,0.0,pathway_binn,5175
RNF126,0.0,pathway_binn,5176
FSTL3,0.0,pathway_binn,5177
PTBP1,0.0,pathway_binn,5178
PLPPR3,0.0,pathway_binn,5179
AZU1,0.0,pathway_binn,5180
PRTN3,0.0,pathway_binn,5181
ELANE,0.0,pathway_binn,5182
CFD,0.0,pathway_binn,5183
POLRMT,0.0,pathway_binn,5184
IMPACT,0.0,pathway_binn,5185
HRH4,0.0,pathway_binn,5186
ZNF521,0.0,pathway_binn,5187
SS18,0.0,pathway_binn,5188
PSMA8,0.0,pathway_binn,5189
TAF4B,0.0,pathway_binn,5190
KCTD1,0.0,pathway_binn,5191
AQP4,0.0,pathway_binn,5192
FECH,0.0,pathway_binn,5193
DSC2,0.0,pathway_binn,5194
DSC1,0.0,pathway_binn,5195
DSG1,0.0,pathway_binn,5196
DSG4,0.0,pathway_binn,5197
DSG3,0.0,pathway_binn,5198
DSG2,0.0,pathway_binn,5199
TTR,0.0,pathway_binn,5200
B4GALT6,0.0,pathway_binn,5201
TRAPPC8,0.0,pathway_binn,5202
DSC3,0.0,pathway_binn,5203
PSMG2,0.0,pathway_binn,5204
CEP76,0.0,pathway_binn,5205
PTPN2,0.0,pathway_binn,5206
SEH1L,0.0,pathway_binn,5207
CEP192,0.0,pathway_binn,5208
RNMT,0.0,pathway_binn,5209
MC5R,0.0,pathway_binn,5210
MC2R,0.0,pathway_binn,5211
ROCK1,0.0,pathway_binn,5212
OSBPL1A,0.0,pathway_binn,5213
SNRPD1,0.0,pathway_binn,5214
ABHD3,0.0,pathway_binn,5215
MIB1,0.0,pathway_binn,5216
GATA6,0.0,pathway_binn,5217
RBBP8,0.0,pathway_binn,5218
CABLES1,0.0,pathway_binn,5219
RIOK3,0.0,pathway_binn,5220
NPC1,0.0,pathway_binn,5221
LAMA3,0.0,pathway_binn,5222
ESCO1,0.0,pathway_binn,5223
SMAD7,0.0,pathway_binn,5224
LIPG,0.0,pathway_binn,5225
ACAA2,0.0,pathway_binn,5226
MYO5B,0.0,pathway_binn,5227
MBD1,0.0,pathway_binn,5228
CXXC1,0.0,pathway_binn,5229
SKA1,0.0,pathway_binn,5230
MAPK4,0.0,pathway_binn,5231
ME2,0.0,pathway_binn,5232
RNF125,0.0,pathway_binn,5233
MEX3C,0.0,pathway_binn,5234
DCC,0.0,pathway_binn,5235
MBD2,0.0,pathway_binn,5236
POLI,0.0,pathway_binn,5237
STARD6,0.0,pathway_binn,5238
RAB27B,0.0,pathway_binn,5239
TCF4,0.0,pathway_binn,5240
TXNL1,0.0,pathway_binn,5241
ST8SIA3,0.0,pathway_binn,5242
SMAD4,0.0,pathway_binn,5243
RNF138,0.0,pathway_binn,5244
DTNA,0.0,pathway_binn,5245
INO80C,0.0,pathway_binn,5246
GALNT1,0.0,pathway_binn,5247
RPRD1A,0.0,pathway_binn,5248
SLC39A6,0.0,pathway_binn,5249
ELP2,0.0,pathway_binn,5250
MOCOS,0.0,pathway_binn,5251
TPGS2,0.0,pathway_binn,5252
SMAD2,0.0,pathway_binn,5253
RIT2,0.0,pathway_binn,5254
SLC14A2,0.0,pathway_binn,5255
SLC14A1,0.0,pathway_binn,5256
SIGLEC15,0.0,pathway_binn,5257
ATP5F1A,0.0,pathway_binn,5258
HAUS1,0.0,pathway_binn,5259
ST8SIA5,0.0,pathway_binn,5260
PIAS2,0.0,pathway_binn,5261
ELOA2,0.0,pathway_binn,5262
PIK3C3,0.0,pathway_binn,5263
RAB17,0.0,pathway_binn,5264
LRRFIP1,0.0,pathway_binn,5265
RAMP1,0.0,pathway_binn,5266
UBE2F,0.0,pathway_binn,5267
SCLY,0.0,pathway_binn,5268
ESPNL,0.0,pathway_binn,5269
PER2,0.0,pathway_binn,5270
ASB1,0.0,pathway_binn,5271
TWIST2,0.0,pathway_binn,5272
ACTR1A,0.0,pathway_binn,5273
NDUFA10,0.0,pathway_binn,5274
OR6B2,0.0,pathway_binn,5275
OR6B3,0.0,pathway_binn,5276
GPC1,0.0,pathway_binn,5277
GPR35,0.0,pathway_binn,5278
AQP12A,0.0,pathway_binn,5279
KIF1A,0.0,pathway_binn,5280
AGXT,0.0,pathway_binn,5281
MTERF4,0.0,pathway_binn,5282
HDAC4,0.0,pathway_binn,5283
DGKD,0.0,pathway_binn,5284
UGT1A8,0.0,pathway_binn,5285
UGT1A10,0.0,pathway_binn,5286
UGT1A9,0.0,pathway_binn,5287
UGT1A5,0.0,pathway_binn,5288
UGT1A4,0.0,pathway_binn,5289
UGT1A3,0.0,pathway_binn,5290
UGT1A1,0.0,pathway_binn,5291
HJURP,0.0,pathway_binn,5292
PRLH,0.0,pathway_binn,5293
SPP2,0.0,pathway_binn,5294
ARL4C,0.0,pathway_binn,5295
SH3BP4,0.0,pathway_binn,5296
GBX2,0.0,pathway_binn,5297
ASB18,0.0,pathway_binn,5298
ACKR3,0.0,pathway_binn,5299
COPS8,0.0,pathway_binn,5300
COL6A3,0.0,pathway_binn,5301
MLPH,0.0,pathway_binn,5302
TRPM8,0.0,pathway_binn,5303
OXTR,0.0,pathway_binn,5304
RAD18,0.0,pathway_binn,5305
SRGAP3,0.0,pathway_binn,5306
MTMR14,0.0,pathway_binn,5307
BRPF1,0.0,pathway_binn,5308
OGG1,0.0,pathway_binn,5309
CAMK1,0.0,pathway_binn,5310
TADA3,0.0,pathway_binn,5311
ARPC4,0.0,pathway_binn,5312
HDLBP,0.0,pathway_binn,5313
RPUSD3,0.0,pathway_binn,5314
CIDEC,0.0,pathway_binn,5315
IL17RC,0.0,pathway_binn,5316
EMC3,0.0,pathway_binn,5317
FANCD2,0.0,pathway_binn,5318
BRK1,0.0,pathway_binn,5319
VHL,0.0,pathway_binn,5320
IRAK2,0.0,pathway_binn,5321
TATDN2,0.0,pathway_binn,5322
TTLL3,0.0,pathway_binn,5323
SEPTIN2,0.0,pathway_binn,5324
FARP2,0.0,pathway_binn,5325
ATG4B,0.0,pathway_binn,5326
DTYMK,0.0,pathway_binn,5327
ING5,0.0,pathway_binn,5328
D2HGDH,0.0,pathway_binn,5329
NEU4,0.0,pathway_binn,5330
PDCD1,0.0,pathway_binn,5331
CHL1,0.0,pathway_binn,5332
LMCD1,0.0,pathway_binn,5333
CNTN4,0.0,pathway_binn,5334
IL5RA,0.0,pathway_binn,5335
TRNT1,0.0,pathway_binn,5336
CRBN,0.0,pathway_binn,5337
SUMF1,0.0,pathway_binn,5338
ITPR1,0.0,pathway_binn,5339
BHLHE40,0.0,pathway_binn,5340
EDEM1,0.0,pathway_binn,5341
GRM7,0.0,pathway_binn,5342
CNTN6,0.0,pathway_binn,5343
WNT10A,0.0,pathway_binn,5344
CDK5R2,0.0,pathway_binn,5345
IHH,0.0,pathway_binn,5346
NHEJ1,0.0,pathway_binn,5347
ABCB6,0.0,pathway_binn,5348
ATG9A,0.0,pathway_binn,5349
ANKZF1,0.0,pathway_binn,5350
GLB1L,0.0,pathway_binn,5351
TUBA4A,0.0,pathway_binn,5352
SAG,0.0,pathway_binn,5353
DES,0.0,pathway_binn,5354
GMPPA,0.0,pathway_binn,5355
ASIC4,0.0,pathway_binn,5356
CHPF,0.0,pathway_binn,5357
OBSL1,0.0,pathway_binn,5358
INHA,0.0,pathway_binn,5359
STK11IP,0.0,pathway_binn,5360
SLC4A3,0.0,pathway_binn,5361
EPHA4,0.0,pathway_binn,5362
TUBA4B,0.0,pathway_binn,5363
PECR,0.0,pathway_binn,5364
XRCC5,0.0,pathway_binn,5365
IGFBP2,0.0,pathway_binn,5366
IGFBP5,0.0,pathway_binn,5367
CXCR2,0.0,pathway_binn,5368
CXCR1,0.0,pathway_binn,5369
ARPC2,0.0,pathway_binn,5370
GPBAR1,0.0,pathway_binn,5371
AAMP,0.0,pathway_binn,5372
WNT6,0.0,pathway_binn,5373
SLC11A1,0.0,pathway_binn,5374
USP37,0.0,pathway_binn,5375
CNOT9,0.0,pathway_binn,5376
PLCD4,0.0,pathway_binn,5377
BCS1L,0.0,pathway_binn,5378
RNF25,0.0,pathway_binn,5379
TTLL4,0.0,pathway_binn,5380
CYP27A1,0.0,pathway_binn,5381
PRKAG3,0.0,pathway_binn,5382
TMBIM1,0.0,pathway_binn,5383
GPR55,0.0,pathway_binn,5384
PSMD1,0.0,pathway_binn,5385
HTR2B,0.0,pathway_binn,5386
B3GNT7,0.0,pathway_binn,5387
NMUR1,0.0,pathway_binn,5388
PDE6D,0.0,pathway_binn,5389
COPS7B,0.0,pathway_binn,5390
NPPC,0.0,pathway_binn,5391
DIS3L2,0.0,pathway_binn,5392
PAX3,0.0,pathway_binn,5393
ALPG,0.0,pathway_binn,5394
ALPI,0.0,pathway_binn,5395
CHRND,0.0,pathway_binn,5396
CHRNG,0.0,pathway_binn,5397
EIF4E2,0.0,pathway_binn,5398
NGEF,0.0,pathway_binn,5399
NEU2,0.0,pathway_binn,5400
INPP5D,0.0,pathway_binn,5401
ATG16L1,0.0,pathway_binn,5402
ALPP,0.0,pathway_binn,5403
SGPP2,0.0,pathway_binn,5404
FARSB,0.0,pathway_binn,5405
MOGAT1,0.0,pathway_binn,5406
ACSL3,0.0,pathway_binn,5407
KCNE4,0.0,pathway_binn,5408
SCG2,0.0,pathway_binn,5409
AP1S3,0.0,pathway_binn,5410
SERPINE2,0.0,pathway_binn,5411
FAM124B,0.0,pathway_binn,5412
CAB39,0.0,pathway_binn,5413
DOCK10,0.0,pathway_binn,5414
IRS1,0.0,pathway_binn,5415
COL4A4,0.0,pathway_binn,5416
COL4A3,0.0,pathway_binn,5417
AGFG1,0.0,pathway_binn,5418
SLC19A3,0.0,pathway_binn,5419
CCL20,0.0,pathway_binn,5420
DNER,0.0,pathway_binn,5421
TRIP12,0.0,pathway_binn,5422
SP100,0.0,pathway_binn,5423
CUL3,0.0,pathway_binn,5424
CCR3,0.0,pathway_binn,5425
CCR1,0.0,pathway_binn,5426
CCR2,0.0,pathway_binn,5427
CCR5,0.0,pathway_binn,5428
CCRL2,0.0,pathway_binn,5429
LTF,0.0,pathway_binn,5430
ALS2CL,0.0,pathway_binn,5431
TMIE,0.0,pathway_binn,5432
MYL3,0.0,pathway_binn,5433
SEC13,0.0,pathway_binn,5434
CCDC12,0.0,pathway_binn,5435
NBEAL2,0.0,pathway_binn,5436
KIF9,0.0,pathway_binn,5437
PTPN23,0.0,pathway_binn,5438
SCAP,0.0,pathway_binn,5439
ELP6,0.0,pathway_binn,5440
CSPG5,0.0,pathway_binn,5441
SMARCC1,0.0,pathway_binn,5442
CDC25A,0.0,pathway_binn,5443
PTH1R,0.0,pathway_binn,5444
VIPR1,0.0,pathway_binn,5445
SEC22C,0.0,pathway_binn,5446
HIGD1A,0.0,pathway_binn,5447
ACKR2,0.0,pathway_binn,5448
CYP8B1,0.0,pathway_binn,5449
POMGNT2,0.0,pathway_binn,5450
ANO10,0.0,pathway_binn,5451
ABHD5,0.0,pathway_binn,5452
KIF15,0.0,pathway_binn,5453
XCR1,0.0,pathway_binn,5454
EXOSC7,0.0,pathway_binn,5455
CLEC3B,0.0,pathway_binn,5456
LARS2,0.0,pathway_binn,5457
LIMD1,0.0,pathway_binn,5458
SACM1L,0.0,pathway_binn,5459
SLC6A20,0.0,pathway_binn,5460
LZTFL1,0.0,pathway_binn,5461
CCR9,0.0,pathway_binn,5462
CXCR6,0.0,pathway_binn,5463
ZDHHC3,0.0,pathway_binn,5464
USP4,0.0,pathway_binn,5465
RHOA,0.0,pathway_binn,5466
AMT,0.0,pathway_binn,5467
NICN1,0.0,pathway_binn,5468
DAG1,0.0,pathway_binn,5469
BSN,0.0,pathway_binn,5470
APEH,0.0,pathway_binn,5471
MST1,0.0,pathway_binn,5472
GMPPB,0.0,pathway_binn,5473
CAMP,0.0,pathway_binn,5474
UBA7,0.0,pathway_binn,5475
TRAIP,0.0,pathway_binn,5476
MST1R,0.0,pathway_binn,5477
MON1A,0.0,pathway_binn,5478
RBM5,0.0,pathway_binn,5479
GNAT1,0.0,pathway_binn,5480
SLC38A3,0.0,pathway_binn,5481
GNAI2,0.0,pathway_binn,5482
HYAL3,0.0,pathway_binn,5483
IP6K1,0.0,pathway_binn,5484
NME6,0.0,pathway_binn,5485
FBXW12,0.0,pathway_binn,5486
PLXNB1,0.0,pathway_binn,5487
ATRIP,0.0,pathway_binn,5488
SHISA5,0.0,pathway_binn,5489
PFKFB4,0.0,pathway_binn,5490
UCN2,0.0,pathway_binn,5491
COL7A1,0.0,pathway_binn,5492
UQCRC1,0.0,pathway_binn,5493
LAMB2,0.0,pathway_binn,5494
NCKIPSD,0.0,pathway_binn,5495
IP6K2,0.0,pathway_binn,5496
PRKAR2A,0.0,pathway_binn,5497
SLC25A20,0.0,pathway_binn,5498
ARIH2,0.0,pathway_binn,5499
WDR6,0.0,pathway_binn,5500
NDUFAF3,0.0,pathway_binn,5501
IMPDH2,0.0,pathway_binn,5502
USP19,0.0,pathway_binn,5503
SLC26A6,0.0,pathway_binn,5504
RBSN,0.0,pathway_binn,5505
CAPN7,0.0,pathway_binn,5506
EAF1,0.0,pathway_binn,5507
HACL1,0.0,pathway_binn,5508
BTD,0.0,pathway_binn,5509
ANKRD28,0.0,pathway_binn,5510
GALNT15,0.0,pathway_binn,5511
DPH3,0.0,pathway_binn,5512
SATB1,0.0,pathway_binn,5513
CCK,0.0,pathway_binn,5514
RAB5A,0.0,pathway_binn,5515
KAT2B,0.0,pathway_binn,5516
SGO1,0.0,pathway_binn,5517
UBE2E2,0.0,pathway_binn,5518
UBE2E1,0.0,pathway_binn,5519
NKIRAS1,0.0,pathway_binn,5520
NR1D2,0.0,pathway_binn,5521
THRB,0.0,pathway_binn,5522
RARB,0.0,pathway_binn,5523
KCNH8,0.0,pathway_binn,5524
ATP2B2,0.0,pathway_binn,5525
SLC6A11,0.0,pathway_binn,5526
SLC6A1,0.0,pathway_binn,5527
HRH1,0.0,pathway_binn,5528
ATG7,0.0,pathway_binn,5529
SYN2,0.0,pathway_binn,5530
PPARG,0.0,pathway_binn,5531
TSEN2,0.0,pathway_binn,5532
RAF1,0.0,pathway_binn,5533
NR2C2,0.0,pathway_binn,5534
HDAC11,0.0,pathway_binn,5535
FBLN2,0.0,pathway_binn,5536
WNT7A,0.0,pathway_binn,5537
CHCHD4,0.0,pathway_binn,5538
XPC,0.0,pathway_binn,5539
LSM3,0.0,pathway_binn,5540
SLC6A6,0.0,pathway_binn,5541
GRIP2,0.0,pathway_binn,5542
FGD5,0.0,pathway_binn,5543
NUP210,0.0,pathway_binn,5544
ITGA9,0.0,pathway_binn,5545
PLCD1,0.0,pathway_binn,5546
ACAA1,0.0,pathway_binn,5547
MYD88,0.0,pathway_binn,5548
SLC22A13,0.0,pathway_binn,5549
XYLB,0.0,pathway_binn,5550
ACVR2B,0.0,pathway_binn,5551
EXOG,0.0,pathway_binn,5552
SCN5A,0.0,pathway_binn,5553
TOP2B,0.0,pathway_binn,5554
SCN11A,0.0,pathway_binn,5555
WDR48,0.0,pathway_binn,5556
GORASP1,0.0,pathway_binn,5557
CX3CR1,0.0,pathway_binn,5558
CCR8,0.0,pathway_binn,5559
MOBP,0.0,pathway_binn,5560
MYRIP,0.0,pathway_binn,5561
ENTPD3,0.0,pathway_binn,5562
TRAK1,0.0,pathway_binn,5563
SCN10A,0.0,pathway_binn,5564
NGLY1,0.0,pathway_binn,5565
OXSM,0.0,pathway_binn,5566
SLC4A7,0.0,pathway_binn,5567
EOMES,0.0,pathway_binn,5568
CMC1,0.0,pathway_binn,5569
TGFBR2,0.0,pathway_binn,5570
GADL1,0.0,pathway_binn,5571
STT3B,0.0,pathway_binn,5572
OSBPL10,0.0,pathway_binn,5573
MLH1,0.0,pathway_binn,5574
GPD1L,0.0,pathway_binn,5575
CMTM6,0.0,pathway_binn,5576
DYNC1LI1,0.0,pathway_binn,5577
CNOT10,0.0,pathway_binn,5578
TRIM71,0.0,pathway_binn,5579
CCR4,0.0,pathway_binn,5580
GLB1,0.0,pathway_binn,5581
CRTAP,0.0,pathway_binn,5582
CLASP2,0.0,pathway_binn,5583
PDCD6IP,0.0,pathway_binn,5584
ZNF860,0.0,pathway_binn,5585
POLR1B,0.0,pathway_binn,5586
CHCHD5,0.0,pathway_binn,5587
SLC20A1,0.0,pathway_binn,5588
IL1A,0.0,pathway_binn,5589
IL1B,0.0,pathway_binn,5590
IL37,0.0,pathway_binn,5591
IL36G,0.0,pathway_binn,5592
IL36A,0.0,pathway_binn,5593
IL36B,0.0,pathway_binn,5594
FN1,0.0,pathway_binn,5595
IL1F10,0.0,pathway_binn,5596
IL1RN,0.0,pathway_binn,5597
PAX8,0.0,pathway_binn,5598
ACTR3,0.0,pathway_binn,5599
INSIG2,0.0,pathway_binn,5600
MARCO,0.0,pathway_binn,5601
STEAP3,0.0,pathway_binn,5602
DBI,0.0,pathway_binn,5603
SCTR,0.0,pathway_binn,5604
IL36RN,0.0,pathway_binn,5605
POU3F3,0.0,pathway_binn,5606
GPR45,0.0,pathway_binn,5607
FHL2,0.0,pathway_binn,5608
NCK2,0.0,pathway_binn,5609
UXS1,0.0,pathway_binn,5610
ST6GAL2,0.0,pathway_binn,5611
SLC5A7,0.0,pathway_binn,5612
SULT1C2,0.0,pathway_binn,5613
SULT1C4,0.0,pathway_binn,5614
TTL,0.0,pathway_binn,5615
EDAR,0.0,pathway_binn,5616
SOWAHC,0.0,pathway_binn,5617
NPHP1,0.0,pathway_binn,5618
BUB1,0.0,pathway_binn,5619
ACOXL,0.0,pathway_binn,5620
BCL2L11,0.0,pathway_binn,5621
ANAPC1,0.0,pathway_binn,5622
MERTK,0.0,pathway_binn,5623
ZC3H8,0.0,pathway_binn,5624
GCC2,0.0,pathway_binn,5625
TUBA3E,0.0,pathway_binn,5626
IMP4,0.0,pathway_binn,5627
PTPN18,0.0,pathway_binn,5628
ARHGEF4,0.0,pathway_binn,5629
TUBA3D,0.0,pathway_binn,5630
GPR39,0.0,pathway_binn,5631
LYPD1,0.0,pathway_binn,5632
MGAT5,0.0,pathway_binn,5633
ACMSD,0.0,pathway_binn,5634
TMEM177,0.0,pathway_binn,5635
RAB3GAP1,0.0,pathway_binn,5636
LCT,0.0,pathway_binn,5637
MCM6,0.0,pathway_binn,5638
CXCR4,0.0,pathway_binn,5639
THSD7B,0.0,pathway_binn,5640
HNMT,0.0,pathway_binn,5641
SPOPL,0.0,pathway_binn,5642
KYNU,0.0,pathway_binn,5643
ARHGAP15,0.0,pathway_binn,5644
CCNT2,0.0,pathway_binn,5645
PTPN4,0.0,pathway_binn,5646
EPB41L5,0.0,pathway_binn,5647
RALB,0.0,pathway_binn,5648
INHBB,0.0,pathway_binn,5649
GLI2,0.0,pathway_binn,5650
CLASP1,0.0,pathway_binn,5651
TSN,0.0,pathway_binn,5652
GYPC,0.0,pathway_binn,5653
BIN1,0.0,pathway_binn,5654
SMPD4,0.0,pathway_binn,5655
PROC,0.0,pathway_binn,5656
IWS1,0.0,pathway_binn,5657
LIMS2,0.0,pathway_binn,5658
GPR17,0.0,pathway_binn,5659
WDR33,0.0,pathway_binn,5660
POLR2D,0.0,pathway_binn,5661
SAP130,0.0,pathway_binn,5662
UGGT1,0.0,pathway_binn,5663
HS6ST1,0.0,pathway_binn,5664
ERCC3,0.0,pathway_binn,5665
LRRTM4,0.0,pathway_binn,5666
REG3G,0.0,pathway_binn,5667
REG3A,0.0,pathway_binn,5668
CTNNA2,0.0,pathway_binn,5669
LRRTM1,0.0,pathway_binn,5670
SUCLG1,0.0,pathway_binn,5671
KCMF1,0.0,pathway_binn,5672
TCF7L1,0.0,pathway_binn,5673
TGOLN2,0.0,pathway_binn,5674
SLC9A2,0.0,pathway_binn,5675
MAT2A,0.0,pathway_binn,5676
GGCX,0.0,pathway_binn,5677
VAMP8,0.0,pathway_binn,5678
RNF181,0.0,pathway_binn,5679
USP39,0.0,pathway_binn,5680
SFTPB,0.0,pathway_binn,5681
GNLY,0.0,pathway_binn,5682
ST3GAL5,0.0,pathway_binn,5683
POLR1A,0.0,pathway_binn,5684
RETSAT,0.0,pathway_binn,5685
ACTG2,0.0,pathway_binn,5686
DGUOK,0.0,pathway_binn,5687
TET3,0.0,pathway_binn,5688
MOB1A,0.0,pathway_binn,5689
MTHFD2,0.0,pathway_binn,5690
SLC4A5,0.0,pathway_binn,5691
DCTN1,0.0,pathway_binn,5692
RTKN,0.0,pathway_binn,5693
INO80B,0.0,pathway_binn,5694
GCFC2,0.0,pathway_binn,5695
AUP1,0.0,pathway_binn,5696
HTRA2,0.0,pathway_binn,5697
LOXL3,0.0,pathway_binn,5698
DOK1,0.0,pathway_binn,5699
SEMA4F,0.0,pathway_binn,5700
HK2,0.0,pathway_binn,5701
POLE4,0.0,pathway_binn,5702
TACR1,0.0,pathway_binn,5703
EVA1A,0.0,pathway_binn,5704
MOGS,0.0,pathway_binn,5705
ACTR1B,0.0,pathway_binn,5706
ZAP70,0.0,pathway_binn,5707
INPP4A,0.0,pathway_binn,5708
COA5,0.0,pathway_binn,5709
MGAT4A,0.0,pathway_binn,5710
LIPT1,0.0,pathway_binn,5711
EIF5B,0.0,pathway_binn,5712
REV1,0.0,pathway_binn,5713
CHST10,0.0,pathway_binn,5714
IMMT,0.0,pathway_binn,5715
CNOT11,0.0,pathway_binn,5716
MAP4K4,0.0,pathway_binn,5717
IL1R2,0.0,pathway_binn,5718
IL1R1,0.0,pathway_binn,5719
IL1RL2,0.0,pathway_binn,5720
IL1RL1,0.0,pathway_binn,5721
IL18R1,0.0,pathway_binn,5722
IL18RAP,0.0,pathway_binn,5723
SLC9A4,0.0,pathway_binn,5724
NPAS2,0.0,pathway_binn,5725
REEP1,0.0,pathway_binn,5726
KDM3A,0.0,pathway_binn,5727
CHMP3,0.0,pathway_binn,5728
RNF103,0.0,pathway_binn,5729
RMND5A,0.0,pathway_binn,5730
CD8A,0.0,pathway_binn,5731
SMYD1,0.0,pathway_binn,5732
FABP1,0.0,pathway_binn,5733
EIF2AK3,0.0,pathway_binn,5734
COX5B,0.0,pathway_binn,5735
KCNIP3,0.0,pathway_binn,5736
GPAT2,0.0,pathway_binn,5737
ADRA2B,0.0,pathway_binn,5738
DUSP2,0.0,pathway_binn,5739
STARD7,0.0,pathway_binn,5740
CIAO1,0.0,pathway_binn,5741
SNRNP200,0.0,pathway_binn,5742
NCAPH,0.0,pathway_binn,5743
KANSL3,0.0,pathway_binn,5744
LMAN2L,0.0,pathway_binn,5745
RPIA,0.0,pathway_binn,5746
MSTN,0.0,pathway_binn,5747
HIBCH,0.0,pathway_binn,5748
INPP1,0.0,pathway_binn,5749
NAB1,0.0,pathway_binn,5750
GLS,0.0,pathway_binn,5751
STAT1,0.0,pathway_binn,5752
STAT4,0.0,pathway_binn,5753
NABP1,0.0,pathway_binn,5754
SLC39A10,0.0,pathway_binn,5755
ZEB2,0.0,pathway_binn,5756
GTF3C3,0.0,pathway_binn,5757
PGAP1,0.0,pathway_binn,5758
SF3B1,0.0,pathway_binn,5759
COQ10B,0.0,pathway_binn,5760
HSPD1,0.0,pathway_binn,5761
HSPE1,0.0,pathway_binn,5762
MARS2,0.0,pathway_binn,5763
SATB2,0.0,pathway_binn,5764
TYW5,0.0,pathway_binn,5765
HECW2,0.0,pathway_binn,5766
PJVK,0.0,pathway_binn,5767
PLEKHA3,0.0,pathway_binn,5768
TTN,0.0,pathway_binn,5769
CWC22,0.0,pathway_binn,5770
UBE2E3,0.0,pathway_binn,5771
ITGA4,0.0,pathway_binn,5772
NEUROD1,0.0,pathway_binn,5773
PDE1A,0.0,pathway_binn,5774
DNAJC10,0.0,pathway_binn,5775
ORMDL1,0.0,pathway_binn,5776
NUP35,0.0,pathway_binn,5777
ZC3H15,0.0,pathway_binn,5778
ITGAV,0.0,pathway_binn,5779
CALCRL,0.0,pathway_binn,5780
COL3A1,0.0,pathway_binn,5781
COL5A2,0.0,pathway_binn,5782
WDR75,0.0,pathway_binn,5783
SLC40A1,0.0,pathway_binn,5784
OSGEPL1,0.0,pathway_binn,5785
NCKAP1,0.0,pathway_binn,5786
INO80D,0.0,pathway_binn,5787
NDUFS1,0.0,pathway_binn,5788
EEF1B2,0.0,pathway_binn,5789
ADAM23,0.0,pathway_binn,5790
FASTKD2,0.0,pathway_binn,5791
METTL21A,0.0,pathway_binn,5792
FZD5,0.0,pathway_binn,5793
IDH1,0.0,pathway_binn,5794
PIKFYVE,0.0,pathway_binn,5795
MAIP1,0.0,pathway_binn,5796
UNC80,0.0,pathway_binn,5797
RPE,0.0,pathway_binn,5798
ACADL,0.0,pathway_binn,5799
MYL1,0.0,pathway_binn,5800
CPS1,0.0,pathway_binn,5801
IKZF2,0.0,pathway_binn,5802
BARD1,0.0,pathway_binn,5803
ABCA12,0.0,pathway_binn,5804
ATIC,0.0,pathway_binn,5805
PTH2R,0.0,pathway_binn,5806
SGO2,0.0,pathway_binn,5807
AOX1,0.0,pathway_binn,5808
PPIL3,0.0,pathway_binn,5809
ORC2,0.0,pathway_binn,5810
NDUFB3,0.0,pathway_binn,5811
CFLAR,0.0,pathway_binn,5812
CASP10,0.0,pathway_binn,5813
CASP8,0.0,pathway_binn,5814
TRAK2,0.0,pathway_binn,5815
NRP2,0.0,pathway_binn,5816
ALS2,0.0,pathway_binn,5817
FZD7,0.0,pathway_binn,5818
NOP58,0.0,pathway_binn,5819
BMPR2,0.0,pathway_binn,5820
WDR12,0.0,pathway_binn,5821
ABI2,0.0,pathway_binn,5822
CD28,0.0,pathway_binn,5823
CTLA4,0.0,pathway_binn,5824
ICOS,0.0,pathway_binn,5825
STRADB,0.0,pathway_binn,5826
ACVR1C,0.0,pathway_binn,5827
UPP2,0.0,pathway_binn,5828
PKP4,0.0,pathway_binn,5829
PLA2R1,0.0,pathway_binn,5830
ITGB6,0.0,pathway_binn,5831
TANK,0.0,pathway_binn,5832
PSMD14,0.0,pathway_binn,5833
SLC4A10,0.0,pathway_binn,5834
DPP4,0.0,pathway_binn,5835
PRKRA,0.0,pathway_binn,5836
IFIH1,0.0,pathway_binn,5837
GCA,0.0,pathway_binn,5838
KCNH7,0.0,pathway_binn,5839
GRB14,0.0,pathway_binn,5840
SCN3A,0.0,pathway_binn,5841
SCN2A,0.0,pathway_binn,5842
GALNT3,0.0,pathway_binn,5843
TTC21B,0.0,pathway_binn,5844
SCN1A,0.0,pathway_binn,5845
GCG,0.0,pathway_binn,5846
ACVR2A,0.0,pathway_binn,5847
ORC4,0.0,pathway_binn,5848
MBD5,0.0,pathway_binn,5849
KIF5C,0.0,pathway_binn,5850
LYPD6B,0.0,pathway_binn,5851
MMADHC,0.0,pathway_binn,5852
RND3,0.0,pathway_binn,5853
NMI,0.0,pathway_binn,5854
TNFAIP6,0.0,pathway_binn,5855
GALNT5,0.0,pathway_binn,5856
NEB,0.0,pathway_binn,5857
CACNB4,0.0,pathway_binn,5858
STAM2,0.0,pathway_binn,5859
FMNL2,0.0,pathway_binn,5860
PRPF40A,0.0,pathway_binn,5861
GALNT13,0.0,pathway_binn,5862
KCNJ3,0.0,pathway_binn,5863
NR4A2,0.0,pathway_binn,5864
GPD2,0.0,pathway_binn,5865
RIF1,0.0,pathway_binn,5866
ITGA6,0.0,pathway_binn,5867
PDK1,0.0,pathway_binn,5868
RAPGEF4,0.0,pathway_binn,5869
SP3,0.0,pathway_binn,5870
WIPF1,0.0,pathway_binn,5871
CHRNA1,0.0,pathway_binn,5872
CHN1,0.0,pathway_binn,5873
ATF2,0.0,pathway_binn,5874
ATP5MC3,0.0,pathway_binn,5875
SCN9A,0.0,pathway_binn,5876
HOXD3,0.0,pathway_binn,5877
HOXD4,0.0,pathway_binn,5878
HOXD1,0.0,pathway_binn,5879
MTX2,0.0,pathway_binn,5880
HNRNPA3,0.0,pathway_binn,5881
NFE2L2,0.0,pathway_binn,5882
AGPS,0.0,pathway_binn,5883
PDE11A,0.0,pathway_binn,5884
OSBPL6,0.0,pathway_binn,5885
HOXD11,0.0,pathway_binn,5886
SCN7A,0.0,pathway_binn,5887
XIRP2,0.0,pathway_binn,5888
B3GALT1,0.0,pathway_binn,5889
CERS6,0.0,pathway_binn,5890
NOSTRIN,0.0,pathway_binn,5891
SPC25,0.0,pathway_binn,5892
G6PC2,0.0,pathway_binn,5893
ABCB11,0.0,pathway_binn,5894
DHRS9,0.0,pathway_binn,5895
HAT1,0.0,pathway_binn,5896
BBS5,0.0,pathway_binn,5897
KLHL41,0.0,pathway_binn,5898
PPIG,0.0,pathway_binn,5899
MYO3B,0.0,pathway_binn,5900
GAD1,0.0,pathway_binn,5901
GORASP2,0.0,pathway_binn,5902
DCAF17,0.0,pathway_binn,5903
CYBRD1,0.0,pathway_binn,5904
DYNC1I2,0.0,pathway_binn,5905
SLC25A12,0.0,pathway_binn,5906
LRP2,0.0,pathway_binn,5907
USP17L15,0.0,pathway_binn,5908
SLC2A9,0.0,pathway_binn,5909
DRD5,0.0,pathway_binn,5910
WDR1,0.0,pathway_binn,5911
HS3ST1,0.0,pathway_binn,5912
NKX3-2,0.0,pathway_binn,5913
BOD1L1,0.0,pathway_binn,5914
CC2D2A,0.0,pathway_binn,5915
FBXL5,0.0,pathway_binn,5916
HYAL1,0.0,pathway_binn,5917
CD38,0.0,pathway_binn,5918
FGFBP1,0.0,pathway_binn,5919
FGFBP2,0.0,pathway_binn,5920
PROM1,0.0,pathway_binn,5921
QDPR,0.0,pathway_binn,5922
MED28,0.0,pathway_binn,5923
DCAF16,0.0,pathway_binn,5924
NCAPG,0.0,pathway_binn,5925
SLIT2,0.0,pathway_binn,5926
BST1,0.0,pathway_binn,5927
NOP14,0.0,pathway_binn,5928
HTT,0.0,pathway_binn,5929
RGS12,0.0,pathway_binn,5930
HGFAC,0.0,pathway_binn,5931
ADRA2C,0.0,pathway_binn,5932
OTOP1,0.0,pathway_binn,5933
MSX1,0.0,pathway_binn,5934
EVC2,0.0,pathway_binn,5935
EVC,0.0,pathway_binn,5936
TRMT44,0.0,pathway_binn,5937
WFS1,0.0,pathway_binn,5938
MAN2B2,0.0,pathway_binn,5939
S100P,0.0,pathway_binn,5940
BLOC1S4,0.0,pathway_binn,5941
TBC1D14,0.0,pathway_binn,5942
TADA2B,0.0,pathway_binn,5943
GRPEL1,0.0,pathway_binn,5944
ABLIM2,0.0,pathway_binn,5945
ACOX3,0.0,pathway_binn,5946
CRMP1,0.0,pathway_binn,5947
KLB,0.0,pathway_binn,5948
LIAS,0.0,pathway_binn,5949
UGDH,0.0,pathway_binn,5950
UBE2K,0.0,pathway_binn,5951
PDS5A,0.0,pathway_binn,5952
RHOH,0.0,pathway_binn,5953
CHRNA9,0.0,pathway_binn,5954
UCHL1,0.0,pathway_binn,5955
ATP8A1,0.0,pathway_binn,5956
PPARGC1A,0.0,pathway_binn,5957
GNPDA2,0.0,pathway_binn,5958
GABRA2,0.0,pathway_binn,5959
GABRA4,0.0,pathway_binn,5960
GABRB1,0.0,pathway_binn,5961
COMMD8,0.0,pathway_binn,5962
ATP10D,0.0,pathway_binn,5963
CORIN,0.0,pathway_binn,5964
NIPAL1,0.0,pathway_binn,5965
CNGA1,0.0,pathway_binn,5966
GRXCR1,0.0,pathway_binn,5967
DHX15,0.0,pathway_binn,5968
SOD3,0.0,pathway_binn,5969
LGI2,0.0,pathway_binn,5970
SEPSECS,0.0,pathway_binn,5971
PI4K2B,0.0,pathway_binn,5972
ANAPC4,0.0,pathway_binn,5973
SLC34A2,0.0,pathway_binn,5974
SMIM20,0.0,pathway_binn,5975
RBPJ,0.0,pathway_binn,5976
RFC1,0.0,pathway_binn,5977
PCDH7,0.0,pathway_binn,5978
ARAP2,0.0,pathway_binn,5979
PGM2,0.0,pathway_binn,5980
TBC1D1,0.0,pathway_binn,5981
TLR10,0.0,pathway_binn,5982
TLR1,0.0,pathway_binn,5983
TLR6,0.0,pathway_binn,5984
KLHL5,0.0,pathway_binn,5985
WDR19,0.0,pathway_binn,5986
CCKAR,0.0,pathway_binn,5987
RTP2,0.0,pathway_binn,5988
BCL6,0.0,pathway_binn,5989
TP63,0.0,pathway_binn,5990
P3H2,0.0,pathway_binn,5991
CLDN1,0.0,pathway_binn,5992
CLDN16,0.0,pathway_binn,5993
GMNC,0.0,pathway_binn,5994
UTS2B,0.0,pathway_binn,5995
FGF12,0.0,pathway_binn,5996
ADD1,0.0,pathway_binn,5997
ATP13A5,0.0,pathway_binn,5998
ATP13A4,0.0,pathway_binn,5999
OPA1,0.0,pathway_binn,6000
HES1,0.0,pathway_binn,6001
CPN2,0.0,pathway_binn,6002
GP5,0.0,pathway_binn,6003
APOD,0.0,pathway_binn,6004
MUC20,0.0,pathway_binn,6005
MUC4,0.0,pathway_binn,6006
PLAAT1,0.0,pathway_binn,6007
POLR2H,0.0,pathway_binn,6008
THPO,0.0,pathway_binn,6009
EPHB3,0.0,pathway_binn,6010
EHHADH,0.0,pathway_binn,6011
LIPH,0.0,pathway_binn,6012
SENP2,0.0,pathway_binn,6013
IGF2BP2,0.0,pathway_binn,6014
TRA2B,0.0,pathway_binn,6015
DGKG,0.0,pathway_binn,6016
SST,0.0,pathway_binn,6017
AHSG,0.0,pathway_binn,6018
HRG,0.0,pathway_binn,6019
KNG1,0.0,pathway_binn,6020
EIF4A2,0.0,pathway_binn,6021
RFC4,0.0,pathway_binn,6022
ADIPOQ,0.0,pathway_binn,6023
ST6GAL1,0.0,pathway_binn,6024
RTP1,0.0,pathway_binn,6025
MASP1,0.0,pathway_binn,6026
DNAJB11,0.0,pathway_binn,6027
DGKQ,0.0,pathway_binn,6028
SLC26A1,0.0,pathway_binn,6029
IDUA,0.0,pathway_binn,6030
FGFRL1,0.0,pathway_binn,6031
SPON2,0.0,pathway_binn,6032
MAEA,0.0,pathway_binn,6033
UVSSA,0.0,pathway_binn,6034
SLBP,0.0,pathway_binn,6035
TACC3,0.0,pathway_binn,6036
TNK2,0.0,pathway_binn,6037
FGFR3,0.0,pathway_binn,6038
LETM1,0.0,pathway_binn,6039
NSD2,0.0,pathway_binn,6040
NELFA,0.0,pathway_binn,6041
POLN,0.0,pathway_binn,6042
HAUS3,0.0,pathway_binn,6043
MXD4,0.0,pathway_binn,6044
RNF4,0.0,pathway_binn,6045
TNIP2,0.0,pathway_binn,6046
TMEM129,0.0,pathway_binn,6047
TFRC,0.0,pathway_binn,6048
SLC51A,0.0,pathway_binn,6049
PCYT1A,0.0,pathway_binn,6050
UBXN7,0.0,pathway_binn,6051
RNF168,0.0,pathway_binn,6052
PIGX,0.0,pathway_binn,6053
PAK2,0.0,pathway_binn,6054
SENP5,0.0,pathway_binn,6055
NCBP2,0.0,pathway_binn,6056
GAK,0.0,pathway_binn,6057
MELTF,0.0,pathway_binn,6058
DLG1,0.0,pathway_binn,6059
BDH1,0.0,pathway_binn,6060
FYTTD1,0.0,pathway_binn,6061
ZNF732,0.0,pathway_binn,6062
PIGG,0.0,pathway_binn,6063
PDE6B,0.0,pathway_binn,6064
ATP5ME,0.0,pathway_binn,6065
MYL5,0.0,pathway_binn,6066
CPLX1,0.0,pathway_binn,6067
PIGZ,0.0,pathway_binn,6068
GPAT3,0.0,pathway_binn,6069
NKX6-1,0.0,pathway_binn,6070
CDS1,0.0,pathway_binn,6071
ARHGAP24,0.0,pathway_binn,6072
MAPK10,0.0,pathway_binn,6073
PTPN13,0.0,pathway_binn,6074
SLC10A6,0.0,pathway_binn,6075
HSD17B13,0.0,pathway_binn,6076
HSD17B11,0.0,pathway_binn,6077
TXK,0.0,pathway_binn,6078
DSPP,0.0,pathway_binn,6079
DMP1,0.0,pathway_binn,6080
IBSP,0.0,pathway_binn,6081
MEPE,0.0,pathway_binn,6082
SPP1,0.0,pathway_binn,6083
PKD2,0.0,pathway_binn,6084
ABCG2,0.0,pathway_binn,6085
PPM1K,0.0,pathway_binn,6086
HERC6,0.0,pathway_binn,6087
SPARCL1,0.0,pathway_binn,6088
STBD1,0.0,pathway_binn,6089
CCNG2,0.0,pathway_binn,6090
CXCL13,0.0,pathway_binn,6091
CNOT6L,0.0,pathway_binn,6092
ANXA3,0.0,pathway_binn,6093
PAQR3,0.0,pathway_binn,6094
GK2,0.0,pathway_binn,6095
PRDM8,0.0,pathway_binn,6096
PRKG2,0.0,pathway_binn,6097
ABRAXAS1,0.0,pathway_binn,6098
HNRNPDL,0.0,pathway_binn,6099
ENOPH1,0.0,pathway_binn,6100
SCD5,0.0,pathway_binn,6101
SEC31A,0.0,pathway_binn,6102
LIN54,0.0,pathway_binn,6103
COPS4,0.0,pathway_binn,6104
PLAC8,0.0,pathway_binn,6105
COQ2,0.0,pathway_binn,6106
HPSE,0.0,pathway_binn,6107
HNRNPD,0.0,pathway_binn,6108
TRMT10A,0.0,pathway_binn,6109
MTTP,0.0,pathway_binn,6110
DAPP1,0.0,pathway_binn,6111
LAMTOR3,0.0,pathway_binn,6112
PPP3CA,0.0,pathway_binn,6113
SLC39A8,0.0,pathway_binn,6114
NFKB1,0.0,pathway_binn,6115
MANBA,0.0,pathway_binn,6116
UBE2D3,0.0,pathway_binn,6117
HERC5,0.0,pathway_binn,6118
SLC9B2,0.0,pathway_binn,6119
BDH2,0.0,pathway_binn,6120
CENPE,0.0,pathway_binn,6121
TACR3,0.0,pathway_binn,6122
TET2,0.0,pathway_binn,6123
PPA2,0.0,pathway_binn,6124
ARHGEF38,0.0,pathway_binn,6125
INTS12,0.0,pathway_binn,6126
NPNT,0.0,pathway_binn,6127
SLC9B1,0.0,pathway_binn,6128
PYURF,0.0,pathway_binn,6129
HERC3,0.0,pathway_binn,6130
FAM13A,0.0,pathway_binn,6131
SNCA,0.0,pathway_binn,6132
MMRN1,0.0,pathway_binn,6133
HPGDS,0.0,pathway_binn,6134
PDLIM5,0.0,pathway_binn,6135
BMPR1B,0.0,pathway_binn,6136
UNC5C,0.0,pathway_binn,6137
ADH7,0.0,pathway_binn,6138
RAP1GDS1,0.0,pathway_binn,6139
TSPAN5,0.0,pathway_binn,6140
EIF4E,0.0,pathway_binn,6141
ADH5,0.0,pathway_binn,6142
ADH4,0.0,pathway_binn,6143
ADH6,0.0,pathway_binn,6144
ADH1A,0.0,pathway_binn,6145
ADH1B,0.0,pathway_binn,6146
ADH1C,0.0,pathway_binn,6147
PDHA2,0.0,pathway_binn,6148
TECRL,0.0,pathway_binn,6149
EPHA5,0.0,pathway_binn,6150
CENPC,0.0,pathway_binn,6151
UBA6,0.0,pathway_binn,6152
GNRHR,0.0,pathway_binn,6153
YTHDC1,0.0,pathway_binn,6154
UGT2B10,0.0,pathway_binn,6155
UGT2A3,0.0,pathway_binn,6156
UGT2B7,0.0,pathway_binn,6157
SCARB2,0.0,pathway_binn,6158
UGT2B28,0.0,pathway_binn,6159
UGT2B4,0.0,pathway_binn,6160
UGT2A1,0.0,pathway_binn,6161
UGT2A2,0.0,pathway_binn,6162
SULT1B1,0.0,pathway_binn,6163
SULT1E1,0.0,pathway_binn,6164
CSN1S1,0.0,pathway_binn,6165
CSN2,0.0,pathway_binn,6166
HTN1,0.0,pathway_binn,6167
UGT2B11,0.0,pathway_binn,6168
TEC,0.0,pathway_binn,6169
DCUN1D4,0.0,pathway_binn,6170
SGCB,0.0,pathway_binn,6171
FIP1L1,0.0,pathway_binn,6172
LNX1,0.0,pathway_binn,6173
PDGFRA,0.0,pathway_binn,6174
KIT,0.0,pathway_binn,6175
KDR,0.0,pathway_binn,6176
SRD5A3,0.0,pathway_binn,6177
IGFBP7,0.0,pathway_binn,6178
NMU,0.0,pathway_binn,6179
EXOC1,0.0,pathway_binn,6180
CEP135,0.0,pathway_binn,6181
PPAT,0.0,pathway_binn,6182
PAICS,0.0,pathway_binn,6183
SRP72,0.0,pathway_binn,6184
HOPX,0.0,pathway_binn,6185
REST,0.0,pathway_binn,6186
POLR2B,0.0,pathway_binn,6187
CLOCK,0.0,pathway_binn,6188
PF4,0.0,pathway_binn,6189
PPBP,0.0,pathway_binn,6190
CXCL5,0.0,pathway_binn,6191
CXCL3,0.0,pathway_binn,6192
CXCL2,0.0,pathway_binn,6193
MTHFD2L,0.0,pathway_binn,6194
EPGN,0.0,pathway_binn,6195
EREG,0.0,pathway_binn,6196
AREG,0.0,pathway_binn,6197
ODAM,0.0,pathway_binn,6198
RCHY1,0.0,pathway_binn,6199
G3BP2,0.0,pathway_binn,6200
USO1,0.0,pathway_binn,6201
NAAA,0.0,pathway_binn,6202
CXCL9,0.0,pathway_binn,6203
ART3,0.0,pathway_binn,6204
CXCL10,0.0,pathway_binn,6205
CXCL11,0.0,pathway_binn,6206
NUP54,0.0,pathway_binn,6207
BTC,0.0,pathway_binn,6208
CSN3,0.0,pathway_binn,6209
MUC7,0.0,pathway_binn,6210
AMTN,0.0,pathway_binn,6211
AMBN,0.0,pathway_binn,6212
ENAM,0.0,pathway_binn,6213
JCHAIN,0.0,pathway_binn,6214
UTP3,0.0,pathway_binn,6215
GRSF1,0.0,pathway_binn,6216
MOB1B,0.0,pathway_binn,6217
CXCL1,0.0,pathway_binn,6218
SLC4A4,0.0,pathway_binn,6219
GC,0.0,pathway_binn,6220
NPFFR2,0.0,pathway_binn,6221
ADAMTS3,0.0,pathway_binn,6222
COX18,0.0,pathway_binn,6223
ALB,0.0,pathway_binn,6224
AFP,0.0,pathway_binn,6225
CXCL8,0.0,pathway_binn,6226
CXCL6,0.0,pathway_binn,6227
PF4V1,0.0,pathway_binn,6228
DCK,0.0,pathway_binn,6229
TFG,0.0,pathway_binn,6230
TRMT10C,0.0,pathway_binn,6231
CEP97,0.0,pathway_binn,6232
ALCAM,0.0,pathway_binn,6233
CBLB,0.0,pathway_binn,6234
CD47,0.0,pathway_binn,6235
IFT57,0.0,pathway_binn,6236
DZIP3,0.0,pathway_binn,6237
TRAT1,0.0,pathway_binn,6238
CLCN2,0.0,pathway_binn,6239
DPPA2,0.0,pathway_binn,6240
DPPA4,0.0,pathway_binn,6241
CD96,0.0,pathway_binn,6242
ABHD10,0.0,pathway_binn,6243
SLC9C1,0.0,pathway_binn,6244
CD200,0.0,pathway_binn,6245
BTLA,0.0,pathway_binn,6246
ATG3,0.0,pathway_binn,6247
CD200R1,0.0,pathway_binn,6248
GUCA1C,0.0,pathway_binn,6249
DHFR2,0.0,pathway_binn,6250
EPHA6,0.0,pathway_binn,6251
ARL6,0.0,pathway_binn,6252
RIOX2,0.0,pathway_binn,6253
GABRR3,0.0,pathway_binn,6254
OR5AC2,0.0,pathway_binn,6255
OR5H14,0.0,pathway_binn,6256
OR5H15,0.0,pathway_binn,6257
OR5H6,0.0,pathway_binn,6258
TOMM70,0.0,pathway_binn,6259
OR5K4,0.0,pathway_binn,6260
OR5K3,0.0,pathway_binn,6261
OR5K1,0.0,pathway_binn,6262
OR5K2,0.0,pathway_binn,6263
GPR15,0.0,pathway_binn,6264
CPOX,0.0,pathway_binn,6265
ST3GAL6,0.0,pathway_binn,6266
COL8A1,0.0,pathway_binn,6267
NIT2,0.0,pathway_binn,6268
OR5H2,0.0,pathway_binn,6269
IQCB1,0.0,pathway_binn,6270
EAF2,0.0,pathway_binn,6271
CD86,0.0,pathway_binn,6272
CASR,0.0,pathway_binn,6273
CSTA,0.0,pathway_binn,6274
KPNA1,0.0,pathway_binn,6275
PARP9,0.0,pathway_binn,6276
DTX3L,0.0,pathway_binn,6277
PARP14,0.0,pathway_binn,6278
BOC,0.0,pathway_binn,6279
PDIA5,0.0,pathway_binn,6280
SEC22A,0.0,pathway_binn,6281
ADCY5,0.0,pathway_binn,6282
HACD2,0.0,pathway_binn,6283
MYLK,0.0,pathway_binn,6284
KALRN,0.0,pathway_binn,6285
UMPS,0.0,pathway_binn,6286
ITGB5,0.0,pathway_binn,6287
MUC13,0.0,pathway_binn,6288
SEMA5B,0.0,pathway_binn,6289
ATP6V1A,0.0,pathway_binn,6290
QTRT2,0.0,pathway_binn,6291
DRD3,0.0,pathway_binn,6292
GAP43,0.0,pathway_binn,6293
LSAMP,0.0,pathway_binn,6294
B4GALT4,0.0,pathway_binn,6295
ARHGAP31,0.0,pathway_binn,6296
POGLUT1,0.0,pathway_binn,6297
TIMMDC1,0.0,pathway_binn,6298
GOLGB1,0.0,pathway_binn,6299
PLA1A,0.0,pathway_binn,6300
COX17,0.0,pathway_binn,6301
GSK3B,0.0,pathway_binn,6302
FSTL1,0.0,pathway_binn,6303
NDUFB4,0.0,pathway_binn,6304
HGD,0.0,pathway_binn,6305
GTF2E1,0.0,pathway_binn,6306
POLQ,0.0,pathway_binn,6307
FBXO40,0.0,pathway_binn,6308
CD80,0.0,pathway_binn,6309
GLYCTK,0.0,pathway_binn,6310
BAP1,0.0,pathway_binn,6311
TNNC1,0.0,pathway_binn,6312
NISCH,0.0,pathway_binn,6313
STAB1,0.0,pathway_binn,6314
PBRM1,0.0,pathway_binn,6315
GNL3,0.0,pathway_binn,6316
SPCS1,0.0,pathway_binn,6317
ITIH3,0.0,pathway_binn,6318
ARL13B,0.0,pathway_binn,6319
PRKCD,0.0,pathway_binn,6320
TKT,0.0,pathway_binn,6321
DCP1A,0.0,pathway_binn,6322
CACNA1D,0.0,pathway_binn,6323
CHDH,0.0,pathway_binn,6324
IL17RB,0.0,pathway_binn,6325
ACTR8,0.0,pathway_binn,6326
CACNA2D3,0.0,pathway_binn,6327
WNT5A,0.0,pathway_binn,6328
RFT1,0.0,pathway_binn,6329
HYAL2,0.0,pathway_binn,6330
NPRL2,0.0,pathway_binn,6331
TMEM115,0.0,pathway_binn,6332
CACNA2D2,0.0,pathway_binn,6333
CISH,0.0,pathway_binn,6334
MAPKAPK3,0.0,pathway_binn,6335
DOCK3,0.0,pathway_binn,6336
MANF,0.0,pathway_binn,6337
DCAF1,0.0,pathway_binn,6338
WDR82,0.0,pathway_binn,6339
GRM2,0.0,pathway_binn,6340
RRP9,0.0,pathway_binn,6341
PCBP4,0.0,pathway_binn,6342
ABHD14B,0.0,pathway_binn,6343
ACY1,0.0,pathway_binn,6344
DUSP7,0.0,pathway_binn,6345
ALAS1,0.0,pathway_binn,6346
TLR9,0.0,pathway_binn,6347
TWF2,0.0,pathway_binn,6348
TEX264,0.0,pathway_binn,6349
TMF1,0.0,pathway_binn,6350
UBA3,0.0,pathway_binn,6351
ARL6IP5,0.0,pathway_binn,6352
MITF,0.0,pathway_binn,6353
EIF4E3,0.0,pathway_binn,6354
GPR27,0.0,pathway_binn,6355
PROK2,0.0,pathway_binn,6356
RYBP,0.0,pathway_binn,6357
SHQ1,0.0,pathway_binn,6358
TASOR,0.0,pathway_binn,6359
PPP4R2,0.0,pathway_binn,6360
CNTN3,0.0,pathway_binn,6361
ROBO2,0.0,pathway_binn,6362
ROBO1,0.0,pathway_binn,6363
GBE1,0.0,pathway_binn,6364
CHMP2B,0.0,pathway_binn,6365
HTR1F,0.0,pathway_binn,6366
EPHA3,0.0,pathway_binn,6367
PROS1,0.0,pathway_binn,6368
GXYLT2,0.0,pathway_binn,6369
ARHGEF3,0.0,pathway_binn,6370
IL17RD,0.0,pathway_binn,6371
APPL1,0.0,pathway_binn,6372
ASB14,0.0,pathway_binn,6373
PDE12,0.0,pathway_binn,6374
ARF4,0.0,pathway_binn,6375
DENND6A,0.0,pathway_binn,6376
FLNB,0.0,pathway_binn,6377
ABHD6,0.0,pathway_binn,6378
SUCLG2,0.0,pathway_binn,6379
PDHB,0.0,pathway_binn,6380
KCTD6,0.0,pathway_binn,6381
ACOX2,0.0,pathway_binn,6382
THOC7,0.0,pathway_binn,6383
ATXN7,0.0,pathway_binn,6384
PSMD6,0.0,pathway_binn,6385
ADAMTS9,0.0,pathway_binn,6386
SLC25A26,0.0,pathway_binn,6387
LRIG1,0.0,pathway_binn,6388
KBTBD8,0.0,pathway_binn,6389
RPP14,0.0,pathway_binn,6390
PLCH1,0.0,pathway_binn,6391
SLC33A1,0.0,pathway_binn,6392
GMPS,0.0,pathway_binn,6393
KCNAB1,0.0,pathway_binn,6394
SSR3,0.0,pathway_binn,6395
PTX3,0.0,pathway_binn,6396
GFM1,0.0,pathway_binn,6397
IL12A,0.0,pathway_binn,6398
IFT80,0.0,pathway_binn,6399
OSBPL11,0.0,pathway_binn,6400
KPNA4,0.0,pathway_binn,6401
PPM1L,0.0,pathway_binn,6402
B3GALNT1,0.0,pathway_binn,6403
SPTSSB,0.0,pathway_binn,6404
SI,0.0,pathway_binn,6405
SLITRK3,0.0,pathway_binn,6406
BCHE,0.0,pathway_binn,6407
GOLIM4,0.0,pathway_binn,6408
MECOM,0.0,pathway_binn,6409
SMC4,0.0,pathway_binn,6410
CPB1,0.0,pathway_binn,6411
CPA3,0.0,pathway_binn,6412
GYG1,0.0,pathway_binn,6413
HLTF,0.0,pathway_binn,6414
CP,0.0,pathway_binn,6415
WWTR1,0.0,pathway_binn,6416
COMMD2,0.0,pathway_binn,6417
PFN2,0.0,pathway_binn,6418
SERP1,0.0,pathway_binn,6419
MME,0.0,pathway_binn,6420
P2RY14,0.0,pathway_binn,6421
P2RY13,0.0,pathway_binn,6422
P2RY12,0.0,pathway_binn,6423
AADAC,0.0,pathway_binn,6424
SUCNR1,0.0,pathway_binn,6425
P2RY1,0.0,pathway_binn,6426
RAP2B,0.0,pathway_binn,6427
ARHGEF26,0.0,pathway_binn,6428
DHX36,0.0,pathway_binn,6429
SIAH2,0.0,pathway_binn,6430
USP13,0.0,pathway_binn,6431
FXR1,0.0,pathway_binn,6432
SOX2,0.0,pathway_binn,6433
ATP11B,0.0,pathway_binn,6434
DCUN1D1,0.0,pathway_binn,6435
MCCC1,0.0,pathway_binn,6436
B3GNT5,0.0,pathway_binn,6437
YEATS2,0.0,pathway_binn,6438
PARL,0.0,pathway_binn,6439
PHC3,0.0,pathway_binn,6440
HTR3D,0.0,pathway_binn,6441
HTR3C,0.0,pathway_binn,6442
EIF2B5,0.0,pathway_binn,6443
DVL3,0.0,pathway_binn,6444
AP2M1,0.0,pathway_binn,6445
ALG3,0.0,pathway_binn,6446
ECE2,0.0,pathway_binn,6447
PSMD2,0.0,pathway_binn,6448
EIF4G1,0.0,pathway_binn,6449
ABCC5,0.0,pathway_binn,6450
PRKCI,0.0,pathway_binn,6451
SKIL,0.0,pathway_binn,6452
CLDN11,0.0,pathway_binn,6453
EIF5A2,0.0,pathway_binn,6454
SLC2A2,0.0,pathway_binn,6455
TNIK,0.0,pathway_binn,6456
PLD1,0.0,pathway_binn,6457
GHSR,0.0,pathway_binn,6458
TNFSF10,0.0,pathway_binn,6459
NDUFB5,0.0,pathway_binn,6460
ECT2,0.0,pathway_binn,6461
NLGN1,0.0,pathway_binn,6462
TBL1XR1,0.0,pathway_binn,6463
KCNMB2,0.0,pathway_binn,6464
PIK3CA,0.0,pathway_binn,6465
KCNMB3,0.0,pathway_binn,6466
MFN1,0.0,pathway_binn,6467
GNB4,0.0,pathway_binn,6468
ACTL6A,0.0,pathway_binn,6469
NCEH1,0.0,pathway_binn,6470
MBD4,0.0,pathway_binn,6471
IFT122,0.0,pathway_binn,6472
RHO,0.0,pathway_binn,6473
PLXND1,0.0,pathway_binn,6474
TRH,0.0,pathway_binn,6475
COL6A5,0.0,pathway_binn,6476
COL6A6,0.0,pathway_binn,6477
PIK3R4,0.0,pathway_binn,6478
ATP2C1,0.0,pathway_binn,6479
AGTR1,0.0,pathway_binn,6480
NUDT16,0.0,pathway_binn,6481
DNAJC13,0.0,pathway_binn,6482
ACAD11,0.0,pathway_binn,6483
ACKR4,0.0,pathway_binn,6484
UBA5,0.0,pathway_binn,6485
NPHP3,0.0,pathway_binn,6486
TOPBP1,0.0,pathway_binn,6487
TF,0.0,pathway_binn,6488
SRPRB,0.0,pathway_binn,6489
NEK11,0.0,pathway_binn,6490
ALDH1L1,0.0,pathway_binn,6491
KLF15,0.0,pathway_binn,6492
UROC1,0.0,pathway_binn,6493
CHST13,0.0,pathway_binn,6494
CHCHD6,0.0,pathway_binn,6495
PLXNA1,0.0,pathway_binn,6496
MCM2,0.0,pathway_binn,6497
PODXL2,0.0,pathway_binn,6498
MGLL,0.0,pathway_binn,6499
COPG1,0.0,pathway_binn,6500
RUVBL1,0.0,pathway_binn,6501
EEFSEC,0.0,pathway_binn,6502
GATA2,0.0,pathway_binn,6503
RPN1,0.0,pathway_binn,6504
RAB7A,0.0,pathway_binn,6505
ACAD9,0.0,pathway_binn,6506
GP9,0.0,pathway_binn,6507
ISY1,0.0,pathway_binn,6508
CNBP,0.0,pathway_binn,6509
SEC61A1,0.0,pathway_binn,6510
RBP1,0.0,pathway_binn,6511
NMNAT3,0.0,pathway_binn,6512
SPSB4,0.0,pathway_binn,6513
PXYLP1,0.0,pathway_binn,6514
RASA2,0.0,pathway_binn,6515
RNF7,0.0,pathway_binn,6516
GRK7,0.0,pathway_binn,6517
ATP1B3,0.0,pathway_binn,6518
TFDP2,0.0,pathway_binn,6519
RAB6B,0.0,pathway_binn,6520
ATR,0.0,pathway_binn,6521
PLS1,0.0,pathway_binn,6522
TRPC1,0.0,pathway_binn,6523
PCOLCE2,0.0,pathway_binn,6524
U2SURP,0.0,pathway_binn,6525
CHST2,0.0,pathway_binn,6526
SLC9A9,0.0,pathway_binn,6527
PLOD2,0.0,pathway_binn,6528
ZIC1,0.0,pathway_binn,6529
XRN1,0.0,pathway_binn,6530
SLCO2A1,0.0,pathway_binn,6531
RYK,0.0,pathway_binn,6532
AMOTL2,0.0,pathway_binn,6533
ANAPC13,0.0,pathway_binn,6534
CEP63,0.0,pathway_binn,6535
EPHB1,0.0,pathway_binn,6536
MSL2,0.0,pathway_binn,6537
PCCB,0.0,pathway_binn,6538
STAG1,0.0,pathway_binn,6539
RBP2,0.0,pathway_binn,6540
IL20RB,0.0,pathway_binn,6541
CLDN18,0.0,pathway_binn,6542
A4GNT,0.0,pathway_binn,6543
ARMC8,0.0,pathway_binn,6544
MRAS,0.0,pathway_binn,6545
ESYT3,0.0,pathway_binn,6546
CEP70,0.0,pathway_binn,6547
PIK3CB,0.0,pathway_binn,6548
FOXL2,0.0,pathway_binn,6549
COPB2,0.0,pathway_binn,6550
NCK1,0.0,pathway_binn,6551
GBP5,0.0,pathway_binn,6552
GBP6,0.0,pathway_binn,6553
LRRC8B,0.0,pathway_binn,6554
LRRC8C,0.0,pathway_binn,6555
LRRC8D,0.0,pathway_binn,6556
CDC7,0.0,pathway_binn,6557
TGFBR3,0.0,pathway_binn,6558
GLMN,0.0,pathway_binn,6559
RPAP2,0.0,pathway_binn,6560
STAMBP,0.0,pathway_binn,6561
MTF2,0.0,pathway_binn,6562
TMED5,0.0,pathway_binn,6563
DR1,0.0,pathway_binn,6564
FNBP1L,0.0,pathway_binn,6565
GCLM,0.0,pathway_binn,6566
ABCA4,0.0,pathway_binn,6567
ARHGAP29,0.0,pathway_binn,6568
ABCD3,0.0,pathway_binn,6569
F3,0.0,pathway_binn,6570
GFI1,0.0,pathway_binn,6571
LPAR3,0.0,pathway_binn,6572
MCOLN2,0.0,pathway_binn,6573
MCOLN3,0.0,pathway_binn,6574
SYDE2,0.0,pathway_binn,6575
BCL10,0.0,pathway_binn,6576
DDAH1,0.0,pathway_binn,6577
CCN1,0.0,pathway_binn,6578
COL24A1,0.0,pathway_binn,6579
CLCA2,0.0,pathway_binn,6580
GBP4,0.0,pathway_binn,6581
CLCA4,0.0,pathway_binn,6582
HS2ST1,0.0,pathway_binn,6583
PKN2,0.0,pathway_binn,6584
GTF2B,0.0,pathway_binn,6585
KYAT3,0.0,pathway_binn,6586
GBP3,0.0,pathway_binn,6587
GBP1,0.0,pathway_binn,6588
GBP2,0.0,pathway_binn,6589
GBP7,0.0,pathway_binn,6590
CLCA1,0.0,pathway_binn,6591
HENMT1,0.0,pathway_binn,6592
STXBP3,0.0,pathway_binn,6593
GPSM2,0.0,pathway_binn,6594
TAF13,0.0,pathway_binn,6595
SORT1,0.0,pathway_binn,6596
PSMA5,0.0,pathway_binn,6597
GNAI3,0.0,pathway_binn,6598
GNAT2,0.0,pathway_binn,6599
AMPD2,0.0,pathway_binn,6600
SLC44A3,0.0,pathway_binn,6601
GSTM3,0.0,pathway_binn,6602
CSF1,0.0,pathway_binn,6603
AHCYL1,0.0,pathway_binn,6604
ALX3,0.0,pathway_binn,6605
KCNC4,0.0,pathway_binn,6606
LAMTOR5,0.0,pathway_binn,6607
PROK1,0.0,pathway_binn,6608
KCNA10,0.0,pathway_binn,6609
KCNA2,0.0,pathway_binn,6610
GSTM1,0.0,pathway_binn,6611
ALG14,0.0,pathway_binn,6612
RWDD3,0.0,pathway_binn,6613
DPYD,0.0,pathway_binn,6614
PLPPR5,0.0,pathway_binn,6615
PLPPR4,0.0,pathway_binn,6616
AGL,0.0,pathway_binn,6617
SLC35A3,0.0,pathway_binn,6618
TRMT13,0.0,pathway_binn,6619
DBT,0.0,pathway_binn,6620
VAV3,0.0,pathway_binn,6621
VCAM1,0.0,pathway_binn,6622
EXTL2,0.0,pathway_binn,6623
DPH5,0.0,pathway_binn,6624
S1PR1,0.0,pathway_binn,6625
COL11A1,0.0,pathway_binn,6626
RNPC3,0.0,pathway_binn,6627
AMY2A,0.0,pathway_binn,6628
PRMT6,0.0,pathway_binn,6629
NTNG1,0.0,pathway_binn,6630
CDC14A,0.0,pathway_binn,6631
PARS2,0.0,pathway_binn,6632
DHCR24,0.0,pathway_binn,6633
BSND,0.0,pathway_binn,6634
PCSK9,0.0,pathway_binn,6635
USP24,0.0,pathway_binn,6636
PLPP3,0.0,pathway_binn,6637
PRKAA2,0.0,pathway_binn,6638
C8A,0.0,pathway_binn,6639
C8B,0.0,pathway_binn,6640
GNG5,0.0,pathway_binn,6641
OMA1,0.0,pathway_binn,6642
MYSM1,0.0,pathway_binn,6643
JUN,0.0,pathway_binn,6644
CYP2J2,0.0,pathway_binn,6645
NFIA,0.0,pathway_binn,6646
PATJ,0.0,pathway_binn,6647
USP1,0.0,pathway_binn,6648
DOCK7,0.0,pathway_binn,6649
ANGPTL3,0.0,pathway_binn,6650
DAB1,0.0,pathway_binn,6651
AGBL4,0.0,pathway_binn,6652
CDKN2C,0.0,pathway_binn,6653
EPS15,0.0,pathway_binn,6654
OSBPL9,0.0,pathway_binn,6655
RAB3B,0.0,pathway_binn,6656
CC2D1B,0.0,pathway_binn,6657
ORC1,0.0,pathway_binn,6658
PRPF38A,0.0,pathway_binn,6659
TUT4,0.0,pathway_binn,6660
ACOT11,0.0,pathway_binn,6661
SCP2,0.0,pathway_binn,6662
SLC1A7,0.0,pathway_binn,6663
CPT2,0.0,pathway_binn,6664
MAGOH,0.0,pathway_binn,6665
LRP8,0.0,pathway_binn,6666
NDC1,0.0,pathway_binn,6667
DIO1,0.0,pathway_binn,6668
TMEM59,0.0,pathway_binn,6669
CYB5RL,0.0,pathway_binn,6670
GPX7,0.0,pathway_binn,6671
PTGER3,0.0,pathway_binn,6672
NEGR1,0.0,pathway_binn,6673
FPGT,0.0,pathway_binn,6674
TYW3,0.0,pathway_binn,6675
SLC44A5,0.0,pathway_binn,6676
ACADM,0.0,pathway_binn,6677
RABGGTB,0.0,pathway_binn,6678
MSH4,0.0,pathway_binn,6679
ASB17,0.0,pathway_binn,6680
ATG4C,0.0,pathway_binn,6681
ST6GALNAC5,0.0,pathway_binn,6682
PIGK,0.0,pathway_binn,6683
AK5,0.0,pathway_binn,6684
USP33,0.0,pathway_binn,6685
MIGA1,0.0,pathway_binn,6686
PTGFR,0.0,pathway_binn,6687
IFI44L,0.0,pathway_binn,6688
TTLL7,0.0,pathway_binn,6689
PRKACB,0.0,pathway_binn,6690
ST6GALNAC3,0.0,pathway_binn,6691
FOXD3,0.0,pathway_binn,6692
ALG6,0.0,pathway_binn,6693
ITGB3BP,0.0,pathway_binn,6694
EFCAB7,0.0,pathway_binn,6695
PGM1,0.0,pathway_binn,6696
ROR1,0.0,pathway_binn,6697
JAK1,0.0,pathway_binn,6698
AK4,0.0,pathway_binn,6699
DNAJC6,0.0,pathway_binn,6700
CTH,0.0,pathway_binn,6701
INSL5,0.0,pathway_binn,6702
SLC35D1,0.0,pathway_binn,6703
IL23R,0.0,pathway_binn,6704
IL12RB2,0.0,pathway_binn,6705
GADD45A,0.0,pathway_binn,6706
GNG12,0.0,pathway_binn,6707
WLS,0.0,pathway_binn,6708
RPE65,0.0,pathway_binn,6709
LRRC7,0.0,pathway_binn,6710
SRSF11,0.0,pathway_binn,6711
SGIP1,0.0,pathway_binn,6712
FLG2,0.0,pathway_binn,6713
LCE5A,0.0,pathway_binn,6714
LCE3E,0.0,pathway_binn,6715
LCE3D,0.0,pathway_binn,6716
LCE3C,0.0,pathway_binn,6717
LCE3B,0.0,pathway_binn,6718
LCE3A,0.0,pathway_binn,6719
LCE2D,0.0,pathway_binn,6720
LCE2C,0.0,pathway_binn,6721
KCNA3,0.0,pathway_binn,6722
LCE2A,0.0,pathway_binn,6723
LCE4A,0.0,pathway_binn,6724
KPRP,0.0,pathway_binn,6725
LCE1D,0.0,pathway_binn,6726
LCE1C,0.0,pathway_binn,6727
LCE1B,0.0,pathway_binn,6728
LCE1A,0.0,pathway_binn,6729
LCE6A,0.0,pathway_binn,6730
IVL,0.0,pathway_binn,6731
LCE2B,0.0,pathway_binn,6732
CERS2,0.0,pathway_binn,6733
TMOD4,0.0,pathway_binn,6734
VPS72,0.0,pathway_binn,6735
PIP5K1A,0.0,pathway_binn,6736
PSMD4,0.0,pathway_binn,6737
ZNF687,0.0,pathway_binn,6738
PI4KB,0.0,pathway_binn,6739
PSMB4,0.0,pathway_binn,6740
CGN,0.0,pathway_binn,6741
FLG,0.0,pathway_binn,6742
TDRKH,0.0,pathway_binn,6743
RORC,0.0,pathway_binn,6744
THEM5,0.0,pathway_binn,6745
THEM4,0.0,pathway_binn,6746
S100A10,0.0,pathway_binn,6747
S100A11,0.0,pathway_binn,6748
TCHH,0.0,pathway_binn,6749
RPTN,0.0,pathway_binn,6750
HRNR,0.0,pathway_binn,6751
OAZ3,0.0,pathway_binn,6752
SLC27A3,0.0,pathway_binn,6753
GATAD2B,0.0,pathway_binn,6754
DENND4B,0.0,pathway_binn,6755
CRTC2,0.0,pathway_binn,6756
SLC39A1,0.0,pathway_binn,6757
CREB3L4,0.0,pathway_binn,6758
RAB13,0.0,pathway_binn,6759
AQP10,0.0,pathway_binn,6760
ATP8B2,0.0,pathway_binn,6761
SPRR3,0.0,pathway_binn,6762
UBE2Q1,0.0,pathway_binn,6763
CHRNB2,0.0,pathway_binn,6764
ADAR,0.0,pathway_binn,6765
KCNN3,0.0,pathway_binn,6766
PMVK,0.0,pathway_binn,6767
PYGO2,0.0,pathway_binn,6768
SHC1,0.0,pathway_binn,6769
CKS1B,0.0,pathway_binn,6770
FLAD1,0.0,pathway_binn,6771
IL6R,0.0,pathway_binn,6772
SPRR1B,0.0,pathway_binn,6773
SPRR2D,0.0,pathway_binn,6774
SPRR2A,0.0,pathway_binn,6775
SPRR2B,0.0,pathway_binn,6776
SPRR2E,0.0,pathway_binn,6777
SPRR2F,0.0,pathway_binn,6778
SPRR2G,0.0,pathway_binn,6779
LELP1,0.0,pathway_binn,6780
PGLYRP3,0.0,pathway_binn,6781
INTS3,0.0,pathway_binn,6782
S100A9,0.0,pathway_binn,6783
S100A12,0.0,pathway_binn,6784
S100A8,0.0,pathway_binn,6785
S100A7A,0.0,pathway_binn,6786
S100A1,0.0,pathway_binn,6787
CHTOP,0.0,pathway_binn,6788
SNAPIN,0.0,pathway_binn,6789
ILF2,0.0,pathway_binn,6790
NPR1,0.0,pathway_binn,6791
PGLYRP4,0.0,pathway_binn,6792
TRIM33,0.0,pathway_binn,6793
BCAS2,0.0,pathway_binn,6794
DENND2C,0.0,pathway_binn,6795
AMPD1,0.0,pathway_binn,6796
NRAS,0.0,pathway_binn,6797
SIKE1,0.0,pathway_binn,6798
SYCP1,0.0,pathway_binn,6799
TSHB,0.0,pathway_binn,6800
NGF,0.0,pathway_binn,6801
SETDB1,0.0,pathway_binn,6802
CASQ2,0.0,pathway_binn,6803
SLC22A15,0.0,pathway_binn,6804
ATP1A1,0.0,pathway_binn,6805
CD58,0.0,pathway_binn,6806
CD2,0.0,pathway_binn,6807
CD101,0.0,pathway_binn,6808
TRIM45,0.0,pathway_binn,6809
MAN1A2,0.0,pathway_binn,6810
WDR3,0.0,pathway_binn,6811
VANGL1,0.0,pathway_binn,6812
CD53,0.0,pathway_binn,6813
CEPT1,0.0,pathway_binn,6814
DENND2D,0.0,pathway_binn,6815
CHIA,0.0,pathway_binn,6816
OVGP1,0.0,pathway_binn,6817
WDR77,0.0,pathway_binn,6818
ATP5PB,0.0,pathway_binn,6819
ADORA3,0.0,pathway_binn,6820
RAP1A,0.0,pathway_binn,6821
HIPK1,0.0,pathway_binn,6822
KCND3,0.0,pathway_binn,6823
WNT2B,0.0,pathway_binn,6824
CAPZA1,0.0,pathway_binn,6825
MOV10,0.0,pathway_binn,6826
RHOC,0.0,pathway_binn,6827
SLC16A1,0.0,pathway_binn,6828
PTPN22,0.0,pathway_binn,6829
AP4B1,0.0,pathway_binn,6830
DCLRE1B,0.0,pathway_binn,6831
DDX20,0.0,pathway_binn,6832
GJA5,0.0,pathway_binn,6833
GJA8,0.0,pathway_binn,6834
FCGR1A,0.0,pathway_binn,6835
SV2A,0.0,pathway_binn,6836
SF3B4,0.0,pathway_binn,6837
OTUD7B,0.0,pathway_binn,6838
VPS45,0.0,pathway_binn,6839
CA14,0.0,pathway_binn,6840
APH1A,0.0,pathway_binn,6841
WARS2,0.0,pathway_binn,6842
RPRD2,0.0,pathway_binn,6843
TARS2,0.0,pathway_binn,6844
ECM1,0.0,pathway_binn,6845
ADAMTSL4,0.0,pathway_binn,6846
MCL1,0.0,pathway_binn,6847
ENSA,0.0,pathway_binn,6848
CTSS,0.0,pathway_binn,6849
CTSK,0.0,pathway_binn,6850
ARNT,0.0,pathway_binn,6851
PRPF3,0.0,pathway_binn,6852
HAO2,0.0,pathway_binn,6853
HSD3B2,0.0,pathway_binn,6854
HSD3B1,0.0,pathway_binn,6855
PHGDH,0.0,pathway_binn,6856
HMGCS2,0.0,pathway_binn,6857
ADAM30,0.0,pathway_binn,6858
NOTCH2,0.0,pathway_binn,6859
SEC22B,0.0,pathway_binn,6860
CD160,0.0,pathway_binn,6861
ACP6,0.0,pathway_binn,6862
POLR3C,0.0,pathway_binn,6863
PIAS3,0.0,pathway_binn,6864
ITGA10,0.0,pathway_binn,6865
PEX11B,0.0,pathway_binn,6866
RBM8A,0.0,pathway_binn,6867
POLR3GL,0.0,pathway_binn,6868
TXNIP,0.0,pathway_binn,6869
HJV,0.0,pathway_binn,6870
PRKAB2,0.0,pathway_binn,6871
BCL9,0.0,pathway_binn,6872
RNF115,0.0,pathway_binn,6873
SDHB,0.0,pathway_binn,6874
PADI2,0.0,pathway_binn,6875
PADI1,0.0,pathway_binn,6876
PADI3,0.0,pathway_binn,6877
PADI4,0.0,pathway_binn,6878
PADI6,0.0,pathway_binn,6879
RCC2,0.0,pathway_binn,6880
ARHGEF10L,0.0,pathway_binn,6881
PAX7,0.0,pathway_binn,6882
SLC5A9,0.0,pathway_binn,6883
ALDH4A1,0.0,pathway_binn,6884
UBR4,0.0,pathway_binn,6885
AKR7A2,0.0,pathway_binn,6886
SLC66A1,0.0,pathway_binn,6887
CAPZB,0.0,pathway_binn,6888
MICOS10,0.0,pathway_binn,6889
HTR6,0.0,pathway_binn,6890
OTUD3,0.0,pathway_binn,6891
PLA2G2E,0.0,pathway_binn,6892
TAS1R2,0.0,pathway_binn,6893
TNFRSF8,0.0,pathway_binn,6894
TNFRSF1B,0.0,pathway_binn,6895
DHRS3,0.0,pathway_binn,6896
PDPN,0.0,pathway_binn,6897
KAZN,0.0,pathway_binn,6898
EFHD2,0.0,pathway_binn,6899
CTRC,0.0,pathway_binn,6900
CELA2A,0.0,pathway_binn,6901
CASP9,0.0,pathway_binn,6902
ATP13A2,0.0,pathway_binn,6903
FBLIM1,0.0,pathway_binn,6904
UQCRHL,0.0,pathway_binn,6905
SPEN,0.0,pathway_binn,6906
ZBTB17,0.0,pathway_binn,6907
CLCNKA,0.0,pathway_binn,6908
EPHA2,0.0,pathway_binn,6909
ARHGEF19,0.0,pathway_binn,6910
NECAP2,0.0,pathway_binn,6911
MFAP2,0.0,pathway_binn,6912
AGMAT,0.0,pathway_binn,6913
EPHB2,0.0,pathway_binn,6914
KDM1A,0.0,pathway_binn,6915
HTR1D,0.0,pathway_binn,6916
HNRNPR,0.0,pathway_binn,6917
E2F2,0.0,pathway_binn,6918
ID3,0.0,pathway_binn,6919
ELOA,0.0,pathway_binn,6920
GALE,0.0,pathway_binn,6921
HMGCL,0.0,pathway_binn,6922
PLA2G2A,0.0,pathway_binn,6923
CNR2,0.0,pathway_binn,6924
PNRC2,0.0,pathway_binn,6925
SRSF10,0.0,pathway_binn,6926
IL22RA1,0.0,pathway_binn,6927
IFNLR1,0.0,pathway_binn,6928
GRHL3,0.0,pathway_binn,6929
NIPAL3,0.0,pathway_binn,6930
RCAN3,0.0,pathway_binn,6931
SRRM1,0.0,pathway_binn,6932
FUCA1,0.0,pathway_binn,6933
PLA2G5,0.0,pathway_binn,6934
PLA2G2D,0.0,pathway_binn,6935
PLA2G2F,0.0,pathway_binn,6936
MUL1,0.0,pathway_binn,6937
CDA,0.0,pathway_binn,6938
PINK1,0.0,pathway_binn,6939
DDOST,0.0,pathway_binn,6940
KIF17,0.0,pathway_binn,6941
EIF4G3,0.0,pathway_binn,6942
C1QB,0.0,pathway_binn,6943
ALPL,0.0,pathway_binn,6944
RAP1GAP,0.0,pathway_binn,6945
USP48,0.0,pathway_binn,6946
HSPG2,0.0,pathway_binn,6947
CELA3B,0.0,pathway_binn,6948
WNT4,0.0,pathway_binn,6949
EPHA8,0.0,pathway_binn,6950
C1QA,0.0,pathway_binn,6951
C1QC,0.0,pathway_binn,6952
ECE1,0.0,pathway_binn,6953
PLXNA3,0.0,pathway_binn,6954
LAGE3,0.0,pathway_binn,6955
UBL4A,0.0,pathway_binn,6956
MTM1,0.0,pathway_binn,6957
IKBKG,0.0,pathway_binn,6958
GAB3,0.0,pathway_binn,6959
DKC1,0.0,pathway_binn,6960
MPP1,0.0,pathway_binn,6961
F8,0.0,pathway_binn,6962
MFN2,0.0,pathway_binn,6963
BRCC3,0.0,pathway_binn,6964
VBP1,0.0,pathway_binn,6965
RAB39B,0.0,pathway_binn,6966
CLIC2,0.0,pathway_binn,6967
TMLHE,0.0,pathway_binn,6968
VAMP7,0.0,pathway_binn,6969
IL9R,0.0,pathway_binn,6970
MT-ND1,0.0,pathway_binn,6971
MT-ND2,0.0,pathway_binn,6972
CMC4,0.0,pathway_binn,6973
G6PD,0.0,pathway_binn,6974
EMD,0.0,pathway_binn,6975
GNB1,0.0,pathway_binn,6976
MT-CYB,0.0,pathway_binn,6977
NOC2L,0.0,pathway_binn,6978
PERM1,0.0,pathway_binn,6979
ISG15,0.0,pathway_binn,6980
AGRN,0.0,pathway_binn,6981
TTLL10,0.0,pathway_binn,6982
FAM50A,0.0,pathway_binn,6983
TNFRSF4,0.0,pathway_binn,6984
B3GALT6,0.0,pathway_binn,6985
UBE2J2,0.0,pathway_binn,6986
SCNN1D,0.0,pathway_binn,6987
INTS11,0.0,pathway_binn,6988
CPTP,0.0,pathway_binn,6989
DNASE1L1,0.0,pathway_binn,6990
ATP6AP1,0.0,pathway_binn,6991
GDI1,0.0,pathway_binn,6992
TNFRSF18,0.0,pathway_binn,6993
KIF1B,0.0,pathway_binn,6994
PGD,0.0,pathway_binn,6995
CENPS,0.0,pathway_binn,6996
CORT,0.0,pathway_binn,6997
DFFA,0.0,pathway_binn,6998
PEX14,0.0,pathway_binn,6999
SRM,0.0,pathway_binn,7000
EXOSC10,0.0,pathway_binn,7001
MTOR,0.0,pathway_binn,7002
MT-CO2,0.0,pathway_binn,7003
FBXO2,0.0,pathway_binn,7004
FBXO44,0.0,pathway_binn,7005
FBXO6,0.0,pathway_binn,7006
MAD2L2,0.0,pathway_binn,7007
AGTRAP,0.0,pathway_binn,7008
MTHFR,0.0,pathway_binn,7009
CLCN6,0.0,pathway_binn,7010
NPPA,0.0,pathway_binn,7011
PLOD1,0.0,pathway_binn,7012
UBIAD1,0.0,pathway_binn,7013
MT-ATP6,0.0,pathway_binn,7014
MT-CO3,0.0,pathway_binn,7015
MT-ND3,0.0,pathway_binn,7016
MT-ND4L,0.0,pathway_binn,7017
MT-ND4,0.0,pathway_binn,7018
MT-ND5,0.0,pathway_binn,7019
MT-ND6,0.0,pathway_binn,7020
DVL1,0.0,pathway_binn,7021
DNAJC11,0.0,pathway_binn,7022
NMNAT1,0.0,pathway_binn,7023
PER3,0.0,pathway_binn,7024
UTS2,0.0,pathway_binn,7025
TNFRSF9,0.0,pathway_binn,7026
ENO1,0.0,pathway_binn,7027
CA6,0.0,pathway_binn,7028
SLC2A7,0.0,pathway_binn,7029
SLC2A5,0.0,pathway_binn,7030
SPSB1,0.0,pathway_binn,7031
PIK3CD,0.0,pathway_binn,7032
CTNNBIP1,0.0,pathway_binn,7033
VAMP3,0.0,pathway_binn,7034
TRIT1,0.0,pathway_binn,7035
MFSD2A,0.0,pathway_binn,7036
CAP1,0.0,pathway_binn,7037
PPT1,0.0,pathway_binn,7038
COL9A2,0.0,pathway_binn,7039
NFYC,0.0,pathway_binn,7040
KCNQ4,0.0,pathway_binn,7041
CITED4,0.0,pathway_binn,7042
CTPS1,0.0,pathway_binn,7043
RUNX3,0.0,pathway_binn,7044
HIVEP3,0.0,pathway_binn,7045
GUCA2B,0.0,pathway_binn,7046
GUCA2A,0.0,pathway_binn,7047
RIMKLA,0.0,pathway_binn,7048
PPCS,0.0,pathway_binn,7049
PPIH,0.0,pathway_binn,7050
YBX1,0.0,pathway_binn,7051
CLDN19,0.0,pathway_binn,7052
P3H1,0.0,pathway_binn,7053
EDN2,0.0,pathway_binn,7054
GRIK3,0.0,pathway_binn,7055
ZC3H12A,0.0,pathway_binn,7056
MEAF6,0.0,pathway_binn,7057
SNIP1,0.0,pathway_binn,7058
RSPO1,0.0,pathway_binn,7059
CDCA8,0.0,pathway_binn,7060
EPHA10,0.0,pathway_binn,7061
YRDC,0.0,pathway_binn,7062
MTF1,0.0,pathway_binn,7063
OXCT2,0.0,pathway_binn,7064
SF3A3,0.0,pathway_binn,7065
UTP11,0.0,pathway_binn,7066
POU3F1,0.0,pathway_binn,7067
RRAGC,0.0,pathway_binn,7068
GJA9,0.0,pathway_binn,7069
NDUFS5,0.0,pathway_binn,7070
HEYL,0.0,pathway_binn,7071
NT5C1A,0.0,pathway_binn,7072
PPIE,0.0,pathway_binn,7073
INPP5B,0.0,pathway_binn,7074
EIF2B3,0.0,pathway_binn,7075
HECTD3,0.0,pathway_binn,7076
UROD,0.0,pathway_binn,7077
HPDL,0.0,pathway_binn,7078
MMACHC,0.0,pathway_binn,7079
PRDX1,0.0,pathway_binn,7080
AKR1A1,0.0,pathway_binn,7081
PIK3R3,0.0,pathway_binn,7082
POMGNT1,0.0,pathway_binn,7083
SVBP,0.0,pathway_binn,7084
UQCRH,0.0,pathway_binn,7085
NSUN4,0.0,pathway_binn,7086
FAAH,0.0,pathway_binn,7087
MKNK1,0.0,pathway_binn,7088
CYP4B1,0.0,pathway_binn,7089
CYP4A11,0.0,pathway_binn,7090
CYP4A22,0.0,pathway_binn,7091
TAL1,0.0,pathway_binn,7092
CMPK1,0.0,pathway_binn,7093
LRRC41,0.0,pathway_binn,7094
SLC2A1,0.0,pathway_binn,7095
EBNA1BP2,0.0,pathway_binn,7096
MPL,0.0,pathway_binn,7097
CDC20,0.0,pathway_binn,7098
ELOVL1,0.0,pathway_binn,7099
SZT2,0.0,pathway_binn,7100
PTPRF,0.0,pathway_binn,7101
KDM4A,0.0,pathway_binn,7102
ST3GAL3,0.0,pathway_binn,7103
PTCH2,0.0,pathway_binn,7104
DPH2,0.0,pathway_binn,7105
ATP6V0B,0.0,pathway_binn,7106
B4GALT2,0.0,pathway_binn,7107
SLC6A9,0.0,pathway_binn,7108
DMAP1,0.0,pathway_binn,7109
RNF220,0.0,pathway_binn,7110
KIF2C,0.0,pathway_binn,7111
BEST4,0.0,pathway_binn,7112
PLK3,0.0,pathway_binn,7113
ARTN,0.0,pathway_binn,7114
NUDC,0.0,pathway_binn,7115
NR0B2,0.0,pathway_binn,7116
SLC9A1,0.0,pathway_binn,7117
WDTC1,0.0,pathway_binn,7118
SYTL1,0.0,pathway_binn,7119
FCN3,0.0,pathway_binn,7120
WASF2,0.0,pathway_binn,7121
FGR,0.0,pathway_binn,7122
IFI6,0.0,pathway_binn,7123
CSF3R,0.0,pathway_binn,7124
RPA2,0.0,pathway_binn,7125
EYA3,0.0,pathway_binn,7126
PTAFR,0.0,pathway_binn,7127
DNAJC8,0.0,pathway_binn,7128
SESN2,0.0,pathway_binn,7129
MED18,0.0,pathway_binn,7130
RCC1,0.0,pathway_binn,7131
TAF12,0.0,pathway_binn,7132
RAB42,0.0,pathway_binn,7133
PPP1R8,0.0,pathway_binn,7134
SYF2,0.0,pathway_binn,7135
RHD,0.0,pathway_binn,7136
RHCE,0.0,pathway_binn,7137
MACO1,0.0,pathway_binn,7138
LDLRAP1,0.0,pathway_binn,7139
MAN1C1,0.0,pathway_binn,7140
STMN1,0.0,pathway_binn,7141
PAFAH2,0.0,pathway_binn,7142
EXTL1,0.0,pathway_binn,7143
SFN,0.0,pathway_binn,7144
TRIM63,0.0,pathway_binn,7145
CNKSR1,0.0,pathway_binn,7146
CATSPER4,0.0,pathway_binn,7147
UBXN11,0.0,pathway_binn,7148
CD52,0.0,pathway_binn,7149
LIN28A,0.0,pathway_binn,7150
DHDDS,0.0,pathway_binn,7151
ARID1A,0.0,pathway_binn,7152
PIGV,0.0,pathway_binn,7153
SLC30A2,0.0,pathway_binn,7154
AZIN2,0.0,pathway_binn,7155
TRIM62,0.0,pathway_binn,7156
PHC2,0.0,pathway_binn,7157
GJB5,0.0,pathway_binn,7158
GJB4,0.0,pathway_binn,7159
GJB3,0.0,pathway_binn,7160
GJA4,0.0,pathway_binn,7161
DLGAP3,0.0,pathway_binn,7162
SFPQ,0.0,pathway_binn,7163
OPRD1,0.0,pathway_binn,7164
PSMB2,0.0,pathway_binn,7165
CLSPN,0.0,pathway_binn,7166
AGO4,0.0,pathway_binn,7167
AGO1,0.0,pathway_binn,7168
AGO3,0.0,pathway_binn,7169
COL8A2,0.0,pathway_binn,7170
TRAPPC3,0.0,pathway_binn,7171
THRAP3,0.0,pathway_binn,7172
LSM10,0.0,pathway_binn,7173
TFAP2E,0.0,pathway_binn,7174
EPB41,0.0,pathway_binn,7175
SRSF4,0.0,pathway_binn,7176
MECR,0.0,pathway_binn,7177
PTPRU,0.0,pathway_binn,7178
MATN1,0.0,pathway_binn,7179
SDC3,0.0,pathway_binn,7180
PUM1,0.0,pathway_binn,7181
SNRNP40,0.0,pathway_binn,7182
FABP3,0.0,pathway_binn,7183
RNF19B,0.0,pathway_binn,7184
HCRTR1,0.0,pathway_binn,7185
COL16A1,0.0,pathway_binn,7186
SPOCD1,0.0,pathway_binn,7187
KHDRBS1,0.0,pathway_binn,7188
KPNA6,0.0,pathway_binn,7189
TXLNA,0.0,pathway_binn,7190
EIF3I,0.0,pathway_binn,7191
LCK,0.0,pathway_binn,7192
HDAC1,0.0,pathway_binn,7193
RBBP4,0.0,pathway_binn,7194
SERINC2,0.0,pathway_binn,7195
OR2T1,0.0,pathway_binn,7196
OR2T2,0.0,pathway_binn,7197
OR2G6,0.0,pathway_binn,7198
OR2T34,0.0,pathway_binn,7199
OR2T10,0.0,pathway_binn,7200
OR2T11,0.0,pathway_binn,7201
OR2T27,0.0,pathway_binn,7202
OR14I1,0.0,pathway_binn,7203
LYPD8,0.0,pathway_binn,7204
ADAM15,0.0,pathway_binn,7205
SNTG2,0.0,pathway_binn,7206
PXDN,0.0,pathway_binn,7207
TRAPPC12,0.0,pathway_binn,7208
ADI1,0.0,pathway_binn,7209
RNASEH1,0.0,pathway_binn,7210
COLEC11,0.0,pathway_binn,7211
RSAD2,0.0,pathway_binn,7212
RNF144A,0.0,pathway_binn,7213
ID2,0.0,pathway_binn,7214
ALKAL2,0.0,pathway_binn,7215
OR1C1,0.0,pathway_binn,7216
OR14A16,0.0,pathway_binn,7217
OR11L1,0.0,pathway_binn,7218
OR2T8,0.0,pathway_binn,7219
OR2AJ1,0.0,pathway_binn,7220
OR2AK2,0.0,pathway_binn,7221
OR2L5,0.0,pathway_binn,7222
OR2L2,0.0,pathway_binn,7223
OR2L3,0.0,pathway_binn,7224
OR2T6,0.0,pathway_binn,7225
OR2M5,0.0,pathway_binn,7226
OR2M2,0.0,pathway_binn,7227
OR2M3,0.0,pathway_binn,7228
OR2M4,0.0,pathway_binn,7229
OR2T33,0.0,pathway_binn,7230
OR2T12,0.0,pathway_binn,7231
OR2M7,0.0,pathway_binn,7232
OR14C36,0.0,pathway_binn,7233
OR2T4,0.0,pathway_binn,7234
OR2L13,0.0,pathway_binn,7235
SMC6,0.0,pathway_binn,7236
GEN1,0.0,pathway_binn,7237
MSGN1,0.0,pathway_binn,7238
KCNS3,0.0,pathway_binn,7239
RDH14,0.0,pathway_binn,7240
NT5C1B,0.0,pathway_binn,7241
OSR1,0.0,pathway_binn,7242
WDR35,0.0,pathway_binn,7243
MATN3,0.0,pathway_binn,7244
KIDINS220,0.0,pathway_binn,7245
PUM2,0.0,pathway_binn,7246
RHOB,0.0,pathway_binn,7247
APOB,0.0,pathway_binn,7248
MFSD2B,0.0,pathway_binn,7249
WDCP,0.0,pathway_binn,7250
FKBP1B,0.0,pathway_binn,7251
SF3B6,0.0,pathway_binn,7252
TP53I3,0.0,pathway_binn,7253
ITSN2,0.0,pathway_binn,7254
SDC1,0.0,pathway_binn,7255
MBOAT2,0.0,pathway_binn,7256
CPSF3,0.0,pathway_binn,7257
ADAM17,0.0,pathway_binn,7258
YWHAQ,0.0,pathway_binn,7259
TAF1B,0.0,pathway_binn,7260
GRHL1,0.0,pathway_binn,7261
CYS1,0.0,pathway_binn,7262
RRM2,0.0,pathway_binn,7263
ODC1,0.0,pathway_binn,7264
MYCN,0.0,pathway_binn,7265
PDIA6,0.0,pathway_binn,7266
KCNF1,0.0,pathway_binn,7267
ROCK2,0.0,pathway_binn,7268
E2F6,0.0,pathway_binn,7269
GREB1,0.0,pathway_binn,7270
NTSR2,0.0,pathway_binn,7271
LPIN1,0.0,pathway_binn,7272
NBAS,0.0,pathway_binn,7273
DDX1,0.0,pathway_binn,7274
ATP6V1C2,0.0,pathway_binn,7275
TRIM11,0.0,pathway_binn,7276
TRIM17,0.0,pathway_binn,7277
RHOU,0.0,pathway_binn,7278
RAB4A,0.0,pathway_binn,7279
ACTA1,0.0,pathway_binn,7280
NUP133,0.0,pathway_binn,7281
ABCB10,0.0,pathway_binn,7282
TAF5L,0.0,pathway_binn,7283
GALNT2,0.0,pathway_binn,7284
OR14K1,0.0,pathway_binn,7285
AGT,0.0,pathway_binn,7286
CAPN9,0.0,pathway_binn,7287
ARV1,0.0,pathway_binn,7288
GNPAT,0.0,pathway_binn,7289
EXOC8,0.0,pathway_binn,7290
SPRTN,0.0,pathway_binn,7291
EGLN1,0.0,pathway_binn,7292
TSNAX,0.0,pathway_binn,7293
KCNK1,0.0,pathway_binn,7294
COG2,0.0,pathway_binn,7295
LEFTY1,0.0,pathway_binn,7296
PYCR2,0.0,pathway_binn,7297
LEFTY2,0.0,pathway_binn,7298
SDE2,0.0,pathway_binn,7299
ACBD3,0.0,pathway_binn,7300
MIXL1,0.0,pathway_binn,7301
LIN9,0.0,pathway_binn,7302
PARP1,0.0,pathway_binn,7303
ITPKB,0.0,pathway_binn,7304
OBSCN,0.0,pathway_binn,7305
COQ8A,0.0,pathway_binn,7306
CDC42BPA,0.0,pathway_binn,7307
JMJD4,0.0,pathway_binn,7308
WNT9A,0.0,pathway_binn,7309
WNT3A,0.0,pathway_binn,7310
ARF1,0.0,pathway_binn,7311
C1orf35,0.0,pathway_binn,7312
GUK1,0.0,pathway_binn,7313
GJC2,0.0,pathway_binn,7314
PSEN2,0.0,pathway_binn,7315
EXO1,0.0,pathway_binn,7316
MAP1LC3C,0.0,pathway_binn,7317
SDCCAG8,0.0,pathway_binn,7318
AKT3,0.0,pathway_binn,7319
COX20,0.0,pathway_binn,7320
HNRNPU,0.0,pathway_binn,7321
KIF26B,0.0,pathway_binn,7322
SMYD3,0.0,pathway_binn,7323
TFB2M,0.0,pathway_binn,7324
COA6,0.0,pathway_binn,7325
AHCTF1,0.0,pathway_binn,7326
NLRP3,0.0,pathway_binn,7327
OR2B11,0.0,pathway_binn,7328
OR2C3,0.0,pathway_binn,7329
OR2G2,0.0,pathway_binn,7330
OR2G3,0.0,pathway_binn,7331
OR13G1,0.0,pathway_binn,7332
OR6F1,0.0,pathway_binn,7333
OR14A2,0.0,pathway_binn,7334
SCCPDH,0.0,pathway_binn,7335
TOMM20,0.0,pathway_binn,7336
ARID4B,0.0,pathway_binn,7337
GGPS1,0.0,pathway_binn,7338
TBCE,0.0,pathway_binn,7339
B3GALNT2,0.0,pathway_binn,7340
GNG4,0.0,pathway_binn,7341
NID1,0.0,pathway_binn,7342
ERO1B,0.0,pathway_binn,7343
EDARADD,0.0,pathway_binn,7344
CHML,0.0,pathway_binn,7345
ACTN2,0.0,pathway_binn,7346
MTR,0.0,pathway_binn,7347
RYR2,0.0,pathway_binn,7348
ZP4,0.0,pathway_binn,7349
CHRM3,0.0,pathway_binn,7350
GREM2,0.0,pathway_binn,7351
RGS7,0.0,pathway_binn,7352
FH,0.0,pathway_binn,7353
KMO,0.0,pathway_binn,7354
OPN3,0.0,pathway_binn,7355
HEATR1,0.0,pathway_binn,7356
ASB3,0.0,pathway_binn,7357
CHAC2,0.0,pathway_binn,7358
ERLEC1,0.0,pathway_binn,7359
PSME4,0.0,pathway_binn,7360
SPTBN1,0.0,pathway_binn,7361
RTN4,0.0,pathway_binn,7362
MTIF2,0.0,pathway_binn,7363
CCDC88A,0.0,pathway_binn,7364
EFEMP1,0.0,pathway_binn,7365
NCOA1,0.0,pathway_binn,7366
FANCL,0.0,pathway_binn,7367
BCL11A,0.0,pathway_binn,7368
PAPOLG,0.0,pathway_binn,7369
REL,0.0,pathway_binn,7370
PEX13,0.0,pathway_binn,7371
USP34,0.0,pathway_binn,7372
XPO1,0.0,pathway_binn,7373
CCT4,0.0,pathway_binn,7374
COMMD1,0.0,pathway_binn,7375
VRK2,0.0,pathway_binn,7376
SLC3A1,0.0,pathway_binn,7377
CAMKMT,0.0,pathway_binn,7378
SIX2,0.0,pathway_binn,7379
PRKCE,0.0,pathway_binn,7380
EPAS1,0.0,pathway_binn,7381
ATP6V1E2,0.0,pathway_binn,7382
RHOQ,0.0,pathway_binn,7383
PIGF,0.0,pathway_binn,7384
SOCS5,0.0,pathway_binn,7385
NRXN1,0.0,pathway_binn,7386
CALM2,0.0,pathway_binn,7387
EPCAM,0.0,pathway_binn,7388
MSH2,0.0,pathway_binn,7389
KCNK12,0.0,pathway_binn,7390
MSH6,0.0,pathway_binn,7391
FBXO11,0.0,pathway_binn,7392
STON1,0.0,pathway_binn,7393
LHCGR,0.0,pathway_binn,7394
FSHR,0.0,pathway_binn,7395
MCFD2,0.0,pathway_binn,7396
TIA1,0.0,pathway_binn,7397
SNRPG,0.0,pathway_binn,7398
TGFA,0.0,pathway_binn,7399
ADD2,0.0,pathway_binn,7400
CD207,0.0,pathway_binn,7401
ATP6V1B1,0.0,pathway_binn,7402
NAGK,0.0,pathway_binn,7403
MCEE,0.0,pathway_binn,7404
MPHOSPH10,0.0,pathway_binn,7405
B3GNT2,0.0,pathway_binn,7406
DYSF,0.0,pathway_binn,7407
CYP26B1,0.0,pathway_binn,7408
SPR,0.0,pathway_binn,7409
NOTO,0.0,pathway_binn,7410
FBXO41,0.0,pathway_binn,7411
EGR4,0.0,pathway_binn,7412
ALMS1,0.0,pathway_binn,7413
NAT8,0.0,pathway_binn,7414
TPRKB,0.0,pathway_binn,7415
ZNF638,0.0,pathway_binn,7416
MDH1,0.0,pathway_binn,7417
UGP2,0.0,pathway_binn,7418
VPS54,0.0,pathway_binn,7419
PELI1,0.0,pathway_binn,7420
SLC1A4,0.0,pathway_binn,7421
RAB1A,0.0,pathway_binn,7422
ACTR2,0.0,pathway_binn,7423
SPRED2,0.0,pathway_binn,7424
MEIS1,0.0,pathway_binn,7425
PCBP1,0.0,pathway_binn,7426
PPP3R1,0.0,pathway_binn,7427
PLEK,0.0,pathway_binn,7428
PROKR1,0.0,pathway_binn,7429
ARHGAP25,0.0,pathway_binn,7430
BMP10,0.0,pathway_binn,7431
GFPT1,0.0,pathway_binn,7432
NFU1,0.0,pathway_binn,7433
AAK1,0.0,pathway_binn,7434
SNRNP27,0.0,pathway_binn,7435
PNO1,0.0,pathway_binn,7436
PREB,0.0,pathway_binn,7437
SLC5A6,0.0,pathway_binn,7438
CAD,0.0,pathway_binn,7439
SLC30A3,0.0,pathway_binn,7440
UCN,0.0,pathway_binn,7441
MPV17,0.0,pathway_binn,7442
GTF3C2,0.0,pathway_binn,7443
EIF2B4,0.0,pathway_binn,7444
NRBP1,0.0,pathway_binn,7445
PPM1B,0.0,pathway_binn,7446
GCKR,0.0,pathway_binn,7447
SUPT7L,0.0,pathway_binn,7448
RBKS,0.0,pathway_binn,7449
BABAM2,0.0,pathway_binn,7450
PLB1,0.0,pathway_binn,7451
PPP1CB,0.0,pathway_binn,7452
TRMT61B,0.0,pathway_binn,7453
WDR43,0.0,pathway_binn,7454
ALK,0.0,pathway_binn,7455
IFT172,0.0,pathway_binn,7456
CENPO,0.0,pathway_binn,7457
ADCY3,0.0,pathway_binn,7458
POMC,0.0,pathway_binn,7459
DNMT3A,0.0,pathway_binn,7460
DTNB,0.0,pathway_binn,7461
ASXL2,0.0,pathway_binn,7462
KIF3C,0.0,pathway_binn,7463
RAB10,0.0,pathway_binn,7464
HADHA,0.0,pathway_binn,7465
KHK,0.0,pathway_binn,7466
SELENOI,0.0,pathway_binn,7467
OTOF,0.0,pathway_binn,7468
KCNK3,0.0,pathway_binn,7469
CENPA,0.0,pathway_binn,7470
DPYSL5,0.0,pathway_binn,7471
MAPRE3,0.0,pathway_binn,7472
AGBL5,0.0,pathway_binn,7473
OST4,0.0,pathway_binn,7474
EMILIN1,0.0,pathway_binn,7475
HADHB,0.0,pathway_binn,7476
ATL2,0.0,pathway_binn,7477
GALM,0.0,pathway_binn,7478
SRSF7,0.0,pathway_binn,7479
GEMIN6,0.0,pathway_binn,7480
ARHGEF33,0.0,pathway_binn,7481
SOS1,0.0,pathway_binn,7482
SLC8A1,0.0,pathway_binn,7483
EML4,0.0,pathway_binn,7484
COX7A2L,0.0,pathway_binn,7485
YPEL5,0.0,pathway_binn,7486
MTA3,0.0,pathway_binn,7487
OXER1,0.0,pathway_binn,7488
HAAO,0.0,pathway_binn,7489
ZFP36L2,0.0,pathway_binn,7490
THADA,0.0,pathway_binn,7491
DYNC2LI1,0.0,pathway_binn,7492
ABCG5,0.0,pathway_binn,7493
ABCG8,0.0,pathway_binn,7494
LRPPRC,0.0,pathway_binn,7495
KCNG3,0.0,pathway_binn,7496
LCLAT1,0.0,pathway_binn,7497
CAPN13,0.0,pathway_binn,7498
GALNT14,0.0,pathway_binn,7499
CAPN14,0.0,pathway_binn,7500
EHD3,0.0,pathway_binn,7501
XDH,0.0,pathway_binn,7502
SRD5A2,0.0,pathway_binn,7503
DPY30,0.0,pathway_binn,7504
SPAST,0.0,pathway_binn,7505
CYP1B1,0.0,pathway_binn,7506
BIRC6,0.0,pathway_binn,7507
LTBP1,0.0,pathway_binn,7508
RASGRP3,0.0,pathway_binn,7509
STRN,0.0,pathway_binn,7510
EIF2AK2,0.0,pathway_binn,7511
SULT6B1,0.0,pathway_binn,7512
NDUFAF7,0.0,pathway_binn,7513
PRKD3,0.0,pathway_binn,7514
QPCT,0.0,pathway_binn,7515
CDC42EP3,0.0,pathway_binn,7516
NLRC4,0.0,pathway_binn,7517
FCGR2A,0.0,pathway_binn,7518
HSPA6,0.0,pathway_binn,7519
FCGR3A,0.0,pathway_binn,7520
FCGR3B,0.0,pathway_binn,7521
FCGR2B,0.0,pathway_binn,7522
ATF6,0.0,pathway_binn,7523
SH2D1B,0.0,pathway_binn,7524
UHMK1,0.0,pathway_binn,7525
UAP1,0.0,pathway_binn,7526
TMEM63A,0.0,pathway_binn,7527
RGS4,0.0,pathway_binn,7528
RGS5,0.0,pathway_binn,7529
NUF2,0.0,pathway_binn,7530
PBX1,0.0,pathway_binn,7531
RXRG,0.0,pathway_binn,7532
LRRC52,0.0,pathway_binn,7533
MGST3,0.0,pathway_binn,7534
ALDH9A1,0.0,pathway_binn,7535
UCK2,0.0,pathway_binn,7536
DDR2,0.0,pathway_binn,7537
SLAMF6,0.0,pathway_binn,7538
CD84,0.0,pathway_binn,7539
CD48,0.0,pathway_binn,7540
SLAMF7,0.0,pathway_binn,7541
CD244,0.0,pathway_binn,7542
ITLN1,0.0,pathway_binn,7543
F11R,0.0,pathway_binn,7544
TSTD1,0.0,pathway_binn,7545
USF1,0.0,pathway_binn,7546
MPZ,0.0,pathway_binn,7547
NECTIN4,0.0,pathway_binn,7548
PFDN2,0.0,pathway_binn,7549
USP21,0.0,pathway_binn,7550
PPOX,0.0,pathway_binn,7551
B4GALT3,0.0,pathway_binn,7552
ADAMTS4,0.0,pathway_binn,7553
NDUFS2,0.0,pathway_binn,7554
FCER1G,0.0,pathway_binn,7555
APOA2,0.0,pathway_binn,7556
ARHGAP30,0.0,pathway_binn,7557
FMO1,0.0,pathway_binn,7558
VAMP4,0.0,pathway_binn,7559
DNM3,0.0,pathway_binn,7560
PIGC,0.0,pathway_binn,7561
FASLG,0.0,pathway_binn,7562
TNFSF18,0.0,pathway_binn,7563
TNFSF4,0.0,pathway_binn,7564
PRDX6,0.0,pathway_binn,7565
SLC9C2,0.0,pathway_binn,7566
TADA1,0.0,pathway_binn,7567
CENPL,0.0,pathway_binn,7568
DARS2,0.0,pathway_binn,7569
SERPINC1,0.0,pathway_binn,7570
TNN,0.0,pathway_binn,7571
TNR,0.0,pathway_binn,7572
COP1,0.0,pathway_binn,7573
PAPPA2,0.0,pathway_binn,7574
SEC16B,0.0,pathway_binn,7575
RASAL2,0.0,pathway_binn,7576
KLHL20,0.0,pathway_binn,7577
MAEL,0.0,pathway_binn,7578
POU2F1,0.0,pathway_binn,7579
CREG1,0.0,pathway_binn,7580
ADCY10,0.0,pathway_binn,7581
MPC2,0.0,pathway_binn,7582
DCAF6,0.0,pathway_binn,7583
GPR161,0.0,pathway_binn,7584
XCL2,0.0,pathway_binn,7585
XCL1,0.0,pathway_binn,7586
FMO2,0.0,pathway_binn,7587
NME7,0.0,pathway_binn,7588
BLZF1,0.0,pathway_binn,7589
SLC19A2,0.0,pathway_binn,7590
F5,0.0,pathway_binn,7591
SELP,0.0,pathway_binn,7592
SELL,0.0,pathway_binn,7593
SELE,0.0,pathway_binn,7594
KIFAP3,0.0,pathway_binn,7595
FMO3,0.0,pathway_binn,7596
ATP1B1,0.0,pathway_binn,7597
LMNA,0.0,pathway_binn,7598
SEMA4A,0.0,pathway_binn,7599
SLC25A44,0.0,pathway_binn,7600
PMF1,0.0,pathway_binn,7601
BGLAP,0.0,pathway_binn,7602
SMG5,0.0,pathway_binn,7603
CCT3,0.0,pathway_binn,7604
RHBG,0.0,pathway_binn,7605
MEF2D,0.0,pathway_binn,7606
VANGL2,0.0,pathway_binn,7607
NAXE,0.0,pathway_binn,7608
BCAN,0.0,pathway_binn,7609
CRABP2,0.0,pathway_binn,7610
ISG20L2,0.0,pathway_binn,7611
HDGF,0.0,pathway_binn,7612
PRCC,0.0,pathway_binn,7613
SH2D2A,0.0,pathway_binn,7614
NTRK1,0.0,pathway_binn,7615
ARHGEF11,0.0,pathway_binn,7616
IQGAP3,0.0,pathway_binn,7617
EFNA4,0.0,pathway_binn,7618
EFNA3,0.0,pathway_binn,7619
EFNA1,0.0,pathway_binn,7620
SLC50A1,0.0,pathway_binn,7621
DPM3,0.0,pathway_binn,7622
TRIM46,0.0,pathway_binn,7623
MUC1,0.0,pathway_binn,7624
THBS3,0.0,pathway_binn,7625
MTX1,0.0,pathway_binn,7626
RAB25,0.0,pathway_binn,7627
FDPS,0.0,pathway_binn,7628
ASH1L,0.0,pathway_binn,7629
DAP3,0.0,pathway_binn,7630
SYT11,0.0,pathway_binn,7631
RIT1,0.0,pathway_binn,7632
RXFP4,0.0,pathway_binn,7633
ARHGEF2,0.0,pathway_binn,7634
SSR2,0.0,pathway_binn,7635
LAMTOR2,0.0,pathway_binn,7636
HCN3,0.0,pathway_binn,7637
AIM2,0.0,pathway_binn,7638
ACKR1,0.0,pathway_binn,7639
FCER1A,0.0,pathway_binn,7640
OR10J1,0.0,pathway_binn,7641
OR10J5,0.0,pathway_binn,7642
APCS,0.0,pathway_binn,7643
CRP,0.0,pathway_binn,7644
TAGLN2,0.0,pathway_binn,7645
KCNJ10,0.0,pathway_binn,7646
CD5L,0.0,pathway_binn,7647
KCNJ9,0.0,pathway_binn,7648
ATP1A2,0.0,pathway_binn,7649
ATP1A4,0.0,pathway_binn,7650
CASQ1,0.0,pathway_binn,7651
PEA15,0.0,pathway_binn,7652
DCAF8,0.0,pathway_binn,7653
PEX19,0.0,pathway_binn,7654
COPA,0.0,pathway_binn,7655
NCSTN,0.0,pathway_binn,7656
PIGM,0.0,pathway_binn,7657
KIRREL1,0.0,pathway_binn,7658
CD1D,0.0,pathway_binn,7659
CD1A,0.0,pathway_binn,7660
CD1C,0.0,pathway_binn,7661
CD1B,0.0,pathway_binn,7662
OR10T2,0.0,pathway_binn,7663
OR10K2,0.0,pathway_binn,7664
OR10K1,0.0,pathway_binn,7665
OR10R2,0.0,pathway_binn,7666
IFI16,0.0,pathway_binn,7667
OR6P1,0.0,pathway_binn,7668
OR10X1,0.0,pathway_binn,7669
OR10Z1,0.0,pathway_binn,7670
SPTA1,0.0,pathway_binn,7671
OR6K2,0.0,pathway_binn,7672
OR6K3,0.0,pathway_binn,7673
OR6N1,0.0,pathway_binn,7674
OR6K6,0.0,pathway_binn,7675
OR6N2,0.0,pathway_binn,7676
MNDA,0.0,pathway_binn,7677
OR6Y1,0.0,pathway_binn,7678
AVPR1B,0.0,pathway_binn,7679
IKBKE,0.0,pathway_binn,7680
MAPKAPK2,0.0,pathway_binn,7681
IL10,0.0,pathway_binn,7682
IL19,0.0,pathway_binn,7683
IL20,0.0,pathway_binn,7684
IL24,0.0,pathway_binn,7685
PIGR,0.0,pathway_binn,7686
FCAMR,0.0,pathway_binn,7687
FAM20B,0.0,pathway_binn,7688
YOD1,0.0,pathway_binn,7689
C4BPB,0.0,pathway_binn,7690
C4BPA,0.0,pathway_binn,7691
CD55,0.0,pathway_binn,7692
CR2,0.0,pathway_binn,7693
CR1,0.0,pathway_binn,7694
CD46,0.0,pathway_binn,7695
PLXNA2,0.0,pathway_binn,7696
LAMB3,0.0,pathway_binn,7697
PFKFB2,0.0,pathway_binn,7698
OPTC,0.0,pathway_binn,7699
ATP2B4,0.0,pathway_binn,7700
SNRPE,0.0,pathway_binn,7701
SOX13,0.0,pathway_binn,7702
ETNK2,0.0,pathway_binn,7703
REN,0.0,pathway_binn,7704
KISS1,0.0,pathway_binn,7705
PLEKHA6,0.0,pathway_binn,7706
PIK3C2B,0.0,pathway_binn,7707
CTSE,0.0,pathway_binn,7708
NFASC,0.0,pathway_binn,7709
CNTN2,0.0,pathway_binn,7710
RBBP5,0.0,pathway_binn,7711
SLC45A3,0.0,pathway_binn,7712
RAB29,0.0,pathway_binn,7713
SLC41A1,0.0,pathway_binn,7714
PM20D1,0.0,pathway_binn,7715
SLC26A9,0.0,pathway_binn,7716
RAB7B,0.0,pathway_binn,7717
MDM4,0.0,pathway_binn,7718
TGFB2,0.0,pathway_binn,7719
SLC30A10,0.0,pathway_binn,7720
BPNT1,0.0,pathway_binn,7721
IARS2,0.0,pathway_binn,7722
RAB3GAP2,0.0,pathway_binn,7723
DUSP10,0.0,pathway_binn,7724
TAF1A,0.0,pathway_binn,7725
MIA3,0.0,pathway_binn,7726
TLR5,0.0,pathway_binn,7727
G0S2,0.0,pathway_binn,7728
CAPN2,0.0,pathway_binn,7729
TP53BP2,0.0,pathway_binn,7730
DEGS1,0.0,pathway_binn,7731
WDR26,0.0,pathway_binn,7732
CNIH3,0.0,pathway_binn,7733
LBR,0.0,pathway_binn,7734
ENAH,0.0,pathway_binn,7735
SRP9,0.0,pathway_binn,7736
EPHX1,0.0,pathway_binn,7737
CAPN8,0.0,pathway_binn,7738
HSD11B1,0.0,pathway_binn,7739
IRF6,0.0,pathway_binn,7740
UTP25,0.0,pathway_binn,7741
HHAT,0.0,pathway_binn,7742
KCNH1,0.0,pathway_binn,7743
SLC30A1,0.0,pathway_binn,7744
NEK2,0.0,pathway_binn,7745
LPGAT1,0.0,pathway_binn,7746
INTS7,0.0,pathway_binn,7747
ESRRG,0.0,pathway_binn,7748
PPP2R5A,0.0,pathway_binn,7749
ATF3,0.0,pathway_binn,7750
NSL1,0.0,pathway_binn,7751
VASH2,0.0,pathway_binn,7752
SMYD2,0.0,pathway_binn,7753
PTPN14,0.0,pathway_binn,7754
CENPF,0.0,pathway_binn,7755
KCNK2,0.0,pathway_binn,7756
KCTD3,0.0,pathway_binn,7757
DTL,0.0,pathway_binn,7758
NCF2,0.0,pathway_binn,7759
ARPC5,0.0,pathway_binn,7760
RGL1,0.0,pathway_binn,7761
APOBEC4,0.0,pathway_binn,7762
COLGALT2,0.0,pathway_binn,7763
TSEN15,0.0,pathway_binn,7764
EDEM3,0.0,pathway_binn,7765
RNF2,0.0,pathway_binn,7766
TPR,0.0,pathway_binn,7767
PRELP,0.0,pathway_binn,7768
PLA2G4A,0.0,pathway_binn,7769
RGS18,0.0,pathway_binn,7770
RGS21,0.0,pathway_binn,7771
RGS1,0.0,pathway_binn,7772
RGS13,0.0,pathway_binn,7773
RGS2,0.0,pathway_binn,7774
UCHL5,0.0,pathway_binn,7775
CDC73,0.0,pathway_binn,7776
B3GALT2,0.0,pathway_binn,7777
PTGS2,0.0,pathway_binn,7778
ABL2,0.0,pathway_binn,7779
SOAT1,0.0,pathway_binn,7780
NPHS2,0.0,pathway_binn,7781
TOR1AIP1,0.0,pathway_binn,7782
QSOX1,0.0,pathway_binn,7783
LHX4,0.0,pathway_binn,7784
ACBD6,0.0,pathway_binn,7785
STX6,0.0,pathway_binn,7786
CACNA1E,0.0,pathway_binn,7787
SMG7,0.0,pathway_binn,7788
RGSL1,0.0,pathway_binn,7789
RNASEL,0.0,pathway_binn,7790
RGS16,0.0,pathway_binn,7791
RGS8,0.0,pathway_binn,7792
NPL,0.0,pathway_binn,7793
DHX9,0.0,pathway_binn,7794
LAMC1,0.0,pathway_binn,7795
LAMC2,0.0,pathway_binn,7796
NMNAT2,0.0,pathway_binn,7797
GLUL,0.0,pathway_binn,7798
ELF3,0.0,pathway_binn,7799
GPR37L1,0.0,pathway_binn,7800
ARL8A,0.0,pathway_binn,7801
PTPN7,0.0,pathway_binn,7802
LGR6,0.0,pathway_binn,7803
UBE2T,0.0,pathway_binn,7804
PPP1R12B,0.0,pathway_binn,7805
SYT2,0.0,pathway_binn,7806
KDM5B,0.0,pathway_binn,7807
CFH,0.0,pathway_binn,7808
ADIPOR1,0.0,pathway_binn,7809
CYB5R1,0.0,pathway_binn,7810
PPFIA4,0.0,pathway_binn,7811
MYOG,0.0,pathway_binn,7812
ADORA1,0.0,pathway_binn,7813
CHI3L1,0.0,pathway_binn,7814
CHIT1,0.0,pathway_binn,7815
BTG2,0.0,pathway_binn,7816
FMOD,0.0,pathway_binn,7817
KLHL12,0.0,pathway_binn,7818
CFHR3,0.0,pathway_binn,7819
CFHR4,0.0,pathway_binn,7820
CFHR2,0.0,pathway_binn,7821
CFHR5,0.0,pathway_binn,7822
F13B,0.0,pathway_binn,7823
DENND1B,0.0,pathway_binn,7824
LHX9,0.0,pathway_binn,7825
NEK7,0.0,pathway_binn,7826
ATP6V1G3,0.0,pathway_binn,7827
TIMM17A,0.0,pathway_binn,7828
NR5A2,0.0,pathway_binn,7829
KIF14,0.0,pathway_binn,7830
GPR25,0.0,pathway_binn,7831
KIF21B,0.0,pathway_binn,7832
CACNA1S,0.0,pathway_binn,7833
PKP1,0.0,pathway_binn,7834
TNNT2,0.0,pathway_binn,7835
TNNI1,0.0,pathway_binn,7836
CSRP1,0.0,pathway_binn,7837
LMOD1,0.0,pathway_binn,7838
PTPRC,0.0,pathway_binn,7839
GDAP1,0.0,pathway_binn,7840
HNF4G,0.0,pathway_binn,7841
PEX2,0.0,pathway_binn,7842
IL7,0.0,pathway_binn,7843
STMN2,0.0,pathway_binn,7844
HEY1,0.0,pathway_binn,7845
TPD52,0.0,pathway_binn,7846
PAG1,0.0,pathway_binn,7847
FABP5,0.0,pathway_binn,7848
AIMP1,0.0,pathway_binn,7849
FABP4,0.0,pathway_binn,7850
FABP12,0.0,pathway_binn,7851
IMPA1,0.0,pathway_binn,7852
CHMP4C,0.0,pathway_binn,7853
E2F5,0.0,pathway_binn,7854
CA13,0.0,pathway_binn,7855
CA1,0.0,pathway_binn,7856
CA3,0.0,pathway_binn,7857
CA2,0.0,pathway_binn,7858
FABP9,0.0,pathway_binn,7859
CYP7B1,0.0,pathway_binn,7860
PDE7A,0.0,pathway_binn,7861
CRH,0.0,pathway_binn,7862
ADHFE1,0.0,pathway_binn,7863
MYBL1,0.0,pathway_binn,7864
VCPIP1,0.0,pathway_binn,7865
SGK3,0.0,pathway_binn,7866
COPS5,0.0,pathway_binn,7867
PREX2,0.0,pathway_binn,7868
ELOC,0.0,pathway_binn,7869
NCOA2,0.0,pathway_binn,7870
TRAM1,0.0,pathway_binn,7871
EYA1,0.0,pathway_binn,7872
TRPA1,0.0,pathway_binn,7873
KCNB2,0.0,pathway_binn,7874
TERF1,0.0,pathway_binn,7875
SBSPON,0.0,pathway_binn,7876
RDH10,0.0,pathway_binn,7877
UBE2W,0.0,pathway_binn,7878
PRDM14,0.0,pathway_binn,7879
SDC2,0.0,pathway_binn,7880
ERICH5,0.0,pathway_binn,7881
RIDA,0.0,pathway_binn,7882
POP1,0.0,pathway_binn,7883
NIPAL2,0.0,pathway_binn,7884
STK3,0.0,pathway_binn,7885
KCNS2,0.0,pathway_binn,7886
COX6C,0.0,pathway_binn,7887
RGS22,0.0,pathway_binn,7888
ATP6V0D2,0.0,pathway_binn,7889
RNF19A,0.0,pathway_binn,7890
YWHAZ,0.0,pathway_binn,7891
GRHL2,0.0,pathway_binn,7892
NCALD,0.0,pathway_binn,7893
RRM2B,0.0,pathway_binn,7894
AZIN1,0.0,pathway_binn,7895
ATP6V1C1,0.0,pathway_binn,7896
FZD6,0.0,pathway_binn,7897
SLC25A32,0.0,pathway_binn,7898
POLR2K,0.0,pathway_binn,7899
WWP1,0.0,pathway_binn,7900
CPNE3,0.0,pathway_binn,7901
MMP16,0.0,pathway_binn,7902
RIPK2,0.0,pathway_binn,7903
NBN,0.0,pathway_binn,7904
DECR1,0.0,pathway_binn,7905
CALB1,0.0,pathway_binn,7906
SLC26A7,0.0,pathway_binn,7907
TMEM67,0.0,pathway_binn,7908
PTDSS1,0.0,pathway_binn,7909
CDH17,0.0,pathway_binn,7910
GEM,0.0,pathway_binn,7911
ESRP1,0.0,pathway_binn,7912
INTS8,0.0,pathway_binn,7913
CCNE2,0.0,pathway_binn,7914
NDUFAF6,0.0,pathway_binn,7915
TP53INP1,0.0,pathway_binn,7916
UQCRB,0.0,pathway_binn,7917
MTERF3,0.0,pathway_binn,7918
PDP1,0.0,pathway_binn,7919
ERLIN2,0.0,pathway_binn,7920
BRF2,0.0,pathway_binn,7921
ADRB3,0.0,pathway_binn,7922
EIF4EBP1,0.0,pathway_binn,7923
ASH2L,0.0,pathway_binn,7924
STAR,0.0,pathway_binn,7925
LSM1,0.0,pathway_binn,7926
BAG4,0.0,pathway_binn,7927
DDHD2,0.0,pathway_binn,7928
BHLHE22,0.0,pathway_binn,7929
NSD3,0.0,pathway_binn,7930
FGFR1,0.0,pathway_binn,7931
PLEKHA2,0.0,pathway_binn,7932
ADAM9,0.0,pathway_binn,7933
ADAM2,0.0,pathway_binn,7934
IDO1,0.0,pathway_binn,7935
IDO2,0.0,pathway_binn,7936
SFRP1,0.0,pathway_binn,7937
GOLGA7,0.0,pathway_binn,7938
PLPP5,0.0,pathway_binn,7939
EPHX2,0.0,pathway_binn,7940
CLU,0.0,pathway_binn,7941
ESCO2,0.0,pathway_binn,7942
SCARA5,0.0,pathway_binn,7943
ELP3,0.0,pathway_binn,7944
PNOC,0.0,pathway_binn,7945
FZD3,0.0,pathway_binn,7946
EXTL3,0.0,pathway_binn,7947
INTS9,0.0,pathway_binn,7948
KCNU1,0.0,pathway_binn,7949
DUSP4,0.0,pathway_binn,7950
MBOAT4,0.0,pathway_binn,7951
DCTN6,0.0,pathway_binn,7952
GTF2E2,0.0,pathway_binn,7953
PPP2CB,0.0,pathway_binn,7954
TEX15,0.0,pathway_binn,7955
WRN,0.0,pathway_binn,7956
NRG1,0.0,pathway_binn,7957
UNC5D,0.0,pathway_binn,7958
KIF13B,0.0,pathway_binn,7959
NPBWR1,0.0,pathway_binn,7960
OPRK1,0.0,pathway_binn,7961
ATP6V1H,0.0,pathway_binn,7962
RGS20,0.0,pathway_binn,7963
SOX17,0.0,pathway_binn,7964
TGS1,0.0,pathway_binn,7965
LYN,0.0,pathway_binn,7966
CHCHD7,0.0,pathway_binn,7967
SDR16C5,0.0,pathway_binn,7968
GINS4,0.0,pathway_binn,7969
CYP7A1,0.0,pathway_binn,7970
SDCBP,0.0,pathway_binn,7971
NSMAF,0.0,pathway_binn,7972
RAB2A,0.0,pathway_binn,7973
CHD7,0.0,pathway_binn,7974
CLVS1,0.0,pathway_binn,7975
ASPH,0.0,pathway_binn,7976
GGH,0.0,pathway_binn,7977
TTPA,0.0,pathway_binn,7978
PENK,0.0,pathway_binn,7979
GPAT4,0.0,pathway_binn,7980
ANK1,0.0,pathway_binn,7981
KAT6A,0.0,pathway_binn,7982
PLAT,0.0,pathway_binn,7983
IKBKB,0.0,pathway_binn,7984
POLB,0.0,pathway_binn,7985
DKK4,0.0,pathway_binn,7986
VDAC3,0.0,pathway_binn,7987
SLC20A2,0.0,pathway_binn,7988
RB1CC1,0.0,pathway_binn,7989
CHRNA6,0.0,pathway_binn,7990
FNTA,0.0,pathway_binn,7991
HGSNAT,0.0,pathway_binn,7992
SPIDR,0.0,pathway_binn,7993
CEBPD,0.0,pathway_binn,7994
PRKDC,0.0,pathway_binn,7995
MCM4,0.0,pathway_binn,7996
UBE2V2,0.0,pathway_binn,7997
SNAI2,0.0,pathway_binn,7998
ALKAL1,0.0,pathway_binn,7999
CHRNB3,0.0,pathway_binn,8000
PDCD1LG2,0.0,pathway_binn,8001
RIC1,0.0,pathway_binn,8002
MLANA,0.0,pathway_binn,8003
IL33,0.0,pathway_binn,8004
UHRF2,0.0,pathway_binn,8005
GLDC,0.0,pathway_binn,8006
KDM4C,0.0,pathway_binn,8007
DMAC1,0.0,pathway_binn,8008
PTPRD,0.0,pathway_binn,8009
DCAF13,0.0,pathway_binn,8010
NFIB,0.0,pathway_binn,8011
ZDHHC21,0.0,pathway_binn,8012
CER1,0.0,pathway_binn,8013
SNAPC3,0.0,pathway_binn,8014
PSIP1,0.0,pathway_binn,8015
SH3GL2,0.0,pathway_binn,8016
ADAMTSL1,0.0,pathway_binn,8017
RRAGA,0.0,pathway_binn,8018
HAUS6,0.0,pathway_binn,8019
TYRP1,0.0,pathway_binn,8020
KIFC2,0.0,pathway_binn,8021
FOXH1,0.0,pathway_binn,8022
GPT,0.0,pathway_binn,8023
LRRC14,0.0,pathway_binn,8024
ARHGAP39,0.0,pathway_binn,8025
COMMD5,0.0,pathway_binn,8026
DOCK8,0.0,pathway_binn,8027
KANK1,0.0,pathway_binn,8028
DMRT1,0.0,pathway_binn,8029
CD274,0.0,pathway_binn,8030
VLDLR,0.0,pathway_binn,8031
KCNV2,0.0,pathway_binn,8032
RFX3,0.0,pathway_binn,8033
SLC1A1,0.0,pathway_binn,8034
PLPP6,0.0,pathway_binn,8035
CDC37L1,0.0,pathway_binn,8036
RCL1,0.0,pathway_binn,8037
JAK2,0.0,pathway_binn,8038
RLN2,0.0,pathway_binn,8039
SMARCA2,0.0,pathway_binn,8040
ACO1,0.0,pathway_binn,8041
TOPORS,0.0,pathway_binn,8042
NDUFB6,0.0,pathway_binn,8043
TAF1L,0.0,pathway_binn,8044
DNAJA1,0.0,pathway_binn,8045
SMU1,0.0,pathway_binn,8046
B4GALT1,0.0,pathway_binn,8047
BAG1,0.0,pathway_binn,8048
CHMP5,0.0,pathway_binn,8049
PLIN2,0.0,pathway_binn,8050
AQP3,0.0,pathway_binn,8051
NOL6,0.0,pathway_binn,8052
PRSS3,0.0,pathway_binn,8053
UBE2R2,0.0,pathway_binn,8054
UBAP1,0.0,pathway_binn,8055
KIF24,0.0,pathway_binn,8056
NUDT2,0.0,pathway_binn,8057
CNTFR,0.0,pathway_binn,8058
DCTN3,0.0,pathway_binn,8059
AQP7,0.0,pathway_binn,8060
DENND4C,0.0,pathway_binn,8061
SLC24A2,0.0,pathway_binn,8062
MLLT3,0.0,pathway_binn,8063
HACD4,0.0,pathway_binn,8064
IFNB1,0.0,pathway_binn,8065
IFNA4,0.0,pathway_binn,8066
IFNA7,0.0,pathway_binn,8067
IFNA16,0.0,pathway_binn,8068
IFNA14,0.0,pathway_binn,8069
TEK,0.0,pathway_binn,8070
KLHL9,0.0,pathway_binn,8071
IFNA6,0.0,pathway_binn,8072
IFNA2,0.0,pathway_binn,8073
IFNA8,0.0,pathway_binn,8074
IFNA1,0.0,pathway_binn,8075
MTAP,0.0,pathway_binn,8076
CDKN2A,0.0,pathway_binn,8077
CDKN2B,0.0,pathway_binn,8078
ELAVL2,0.0,pathway_binn,8079
IFNA5,0.0,pathway_binn,8080
COL14A1,0.0,pathway_binn,8081
MTBP,0.0,pathway_binn,8082
SNTB1,0.0,pathway_binn,8083
HAS2,0.0,pathway_binn,8084
DERL1,0.0,pathway_binn,8085
ATAD2,0.0,pathway_binn,8086
FBXO32,0.0,pathway_binn,8087
FAM91A1,0.0,pathway_binn,8088
RNF139,0.0,pathway_binn,8089
VPS28,0.0,pathway_binn,8090
SQLE,0.0,pathway_binn,8091
NSMCE2,0.0,pathway_binn,8092
TRIB1,0.0,pathway_binn,8093
MYC,0.0,pathway_binn,8094
ASAP1,0.0,pathway_binn,8095
ADCY8,0.0,pathway_binn,8096
KCNQ3,0.0,pathway_binn,8097
PHF20L1,0.0,pathway_binn,8098
SLA,0.0,pathway_binn,8099
NDUFB9,0.0,pathway_binn,8100
DPYS,0.0,pathway_binn,8101
DCSTAMP,0.0,pathway_binn,8102
LRP12,0.0,pathway_binn,8103
ZFPM2,0.0,pathway_binn,8104
ANGPT1,0.0,pathway_binn,8105
RSPO2,0.0,pathway_binn,8106
EIF3E,0.0,pathway_binn,8107
TRHR,0.0,pathway_binn,8108
ENY2,0.0,pathway_binn,8109
DSCC1,0.0,pathway_binn,8110
KCNV1,0.0,pathway_binn,8111
EIF3H,0.0,pathway_binn,8112
RAD21,0.0,pathway_binn,8113
SLC30A8,0.0,pathway_binn,8114
EXT1,0.0,pathway_binn,8115
TNFRSF11B,0.0,pathway_binn,8116
COLEC10,0.0,pathway_binn,8117
ENPP2,0.0,pathway_binn,8118
TAF2,0.0,pathway_binn,8119
EBAG9,0.0,pathway_binn,8120
GSDMD,0.0,pathway_binn,8121
NAPRT,0.0,pathway_binn,8122
PYCR3,0.0,pathway_binn,8123
SCRIB,0.0,pathway_binn,8124
PUF60,0.0,pathway_binn,8125
PLEC,0.0,pathway_binn,8126
PARP10,0.0,pathway_binn,8127
OPLAH,0.0,pathway_binn,8128
EXOSC4,0.0,pathway_binn,8129
NDRG1,0.0,pathway_binn,8130
CYC1,0.0,pathway_binn,8131
SHARPIN,0.0,pathway_binn,8132
MAF1,0.0,pathway_binn,8133
BOP1,0.0,pathway_binn,8134
HSF1,0.0,pathway_binn,8135
DGAT1,0.0,pathway_binn,8136
SLC52A2,0.0,pathway_binn,8137
CPSF1,0.0,pathway_binn,8138
SLC39A4,0.0,pathway_binn,8139
GPAA1,0.0,pathway_binn,8140
ST3GAL1,0.0,pathway_binn,8141
KHDRBS3,0.0,pathway_binn,8142
COL22A1,0.0,pathway_binn,8143
TRAPPC9,0.0,pathway_binn,8144
AGO2,0.0,pathway_binn,8145
PTK2,0.0,pathway_binn,8146
DENND3,0.0,pathway_binn,8147
GPR20,0.0,pathway_binn,8148
ARC,0.0,pathway_binn,8149
ZC3H3,0.0,pathway_binn,8150
LY6K,0.0,pathway_binn,8151
LYPD2,0.0,pathway_binn,8152
LY6D,0.0,pathway_binn,8153
CYP11B1,0.0,pathway_binn,8154
CYP11B2,0.0,pathway_binn,8155
LY6E,0.0,pathway_binn,8156
LY6H,0.0,pathway_binn,8157
GPIHBP1,0.0,pathway_binn,8158
RHPN1,0.0,pathway_binn,8159
MAFA,0.0,pathway_binn,8160
PSCA,0.0,pathway_binn,8161
CFTR,0.0,pathway_binn,8162
LSM8,0.0,pathway_binn,8163
KCND2,0.0,pathway_binn,8164
ING3,0.0,pathway_binn,8165
WNT16,0.0,pathway_binn,8166
FAM3C,0.0,pathway_binn,8167
PTPRZ1,0.0,pathway_binn,8168
AASS,0.0,pathway_binn,8169
TAS2R16,0.0,pathway_binn,8170
CHRNA2,0.0,pathway_binn,8171
NDUFA5,0.0,pathway_binn,8172
ASB15,0.0,pathway_binn,8173
WASL,0.0,pathway_binn,8174
HYAL4,0.0,pathway_binn,8175
SPAM1,0.0,pathway_binn,8176
GPR37,0.0,pathway_binn,8177
POT1,0.0,pathway_binn,8178
GRM8,0.0,pathway_binn,8179
GCC1,0.0,pathway_binn,8180
SLC13A1,0.0,pathway_binn,8181
NAMPT,0.0,pathway_binn,8182
PIK3CG,0.0,pathway_binn,8183
PRKAR2B,0.0,pathway_binn,8184
COG5,0.0,pathway_binn,8185
SLC26A4,0.0,pathway_binn,8186
CBLL1,0.0,pathway_binn,8187
SLC26A3,0.0,pathway_binn,8188
DLD,0.0,pathway_binn,8189
LAMB1,0.0,pathway_binn,8190
WNT2,0.0,pathway_binn,8191
PNPLA8,0.0,pathway_binn,8192
DNAJB9,0.0,pathway_binn,8193
DOCK4,0.0,pathway_binn,8194
FOXP2,0.0,pathway_binn,8195
TFEC,0.0,pathway_binn,8196
CAV2,0.0,pathway_binn,8197
CAV1,0.0,pathway_binn,8198
MET,0.0,pathway_binn,8199
CAPZA2,0.0,pathway_binn,8200
NRCAM,0.0,pathway_binn,8201
COPG2,0.0,pathway_binn,8202
MKLN1,0.0,pathway_binn,8203
PLXNA4,0.0,pathway_binn,8204
CHCHD3,0.0,pathway_binn,8205
EXOC4,0.0,pathway_binn,8206
SLC35B4,0.0,pathway_binn,8207
AKR1B1,0.0,pathway_binn,8208
AKR1B10,0.0,pathway_binn,8209
AKR1B15,0.0,pathway_binn,8210
ARF5,0.0,pathway_binn,8211
CALD1,0.0,pathway_binn,8212
AGBL3,0.0,pathway_binn,8213
WDR91,0.0,pathway_binn,8214
CNOT4,0.0,pathway_binn,8215
NUP205,0.0,pathway_binn,8216
SLC13A4,0.0,pathway_binn,8217
CHRM2,0.0,pathway_binn,8218
PTN,0.0,pathway_binn,8219
DGKI,0.0,pathway_binn,8220
BPGM,0.0,pathway_binn,8221
PAX4,0.0,pathway_binn,8222
SND1,0.0,pathway_binn,8223
LEP,0.0,pathway_binn,8224
RBM28,0.0,pathway_binn,8225
HILPDA,0.0,pathway_binn,8226
CALU,0.0,pathway_binn,8227
OPN1SW,0.0,pathway_binn,8228
FLNC,0.0,pathway_binn,8229
ATP6V1F,0.0,pathway_binn,8230
CEP41,0.0,pathway_binn,8231
TSPAN33,0.0,pathway_binn,8232
SMO,0.0,pathway_binn,8233
AHCYL2,0.0,pathway_binn,8234
NRF1,0.0,pathway_binn,8235
UBE2H,0.0,pathway_binn,8236
ZC3HC1,0.0,pathway_binn,8237
KLHDC10,0.0,pathway_binn,8238
CPA2,0.0,pathway_binn,8239
CPA1,0.0,pathway_binn,8240
IRF5,0.0,pathway_binn,8241
TRRAP,0.0,pathway_binn,8242
SMURF1,0.0,pathway_binn,8243
KPNA7,0.0,pathway_binn,8244
ARPC1A,0.0,pathway_binn,8245
ARPC1B,0.0,pathway_binn,8246
BUD31,0.0,pathway_binn,8247
CPSF4,0.0,pathway_binn,8248
ATP5MF,0.0,pathway_binn,8249
CYP3A5,0.0,pathway_binn,8250
RINT1,0.0,pathway_binn,8251
CYP3A4,0.0,pathway_binn,8252
CYP3A43,0.0,pathway_binn,8253
OR2AE1,0.0,pathway_binn,8254
TRIM4,0.0,pathway_binn,8255
AZGP1,0.0,pathway_binn,8256
COPS6,0.0,pathway_binn,8257
MCM7,0.0,pathway_binn,8258
AP4M1,0.0,pathway_binn,8259
TAF6,0.0,pathway_binn,8260
CYP3A7,0.0,pathway_binn,8261
GNGT1,0.0,pathway_binn,8262
TFPI2,0.0,pathway_binn,8263
GNG11,0.0,pathway_binn,8264
BET1,0.0,pathway_binn,8265
COL1A2,0.0,pathway_binn,8266
SGCE,0.0,pathway_binn,8267
PON1,0.0,pathway_binn,8268
PON3,0.0,pathway_binn,8269
PON2,0.0,pathway_binn,8270
BAIAP2L1,0.0,pathway_binn,8271
PDK4,0.0,pathway_binn,8272
DYNC1I1,0.0,pathway_binn,8273
SLC25A13,0.0,pathway_binn,8274
SEM1,0.0,pathway_binn,8275
DLX6,0.0,pathway_binn,8276
DLX5,0.0,pathway_binn,8277
SDHAF3,0.0,pathway_binn,8278
TAC1,0.0,pathway_binn,8279
BRI3,0.0,pathway_binn,8280
ASB4,0.0,pathway_binn,8281
PLOD3,0.0,pathway_binn,8282
CLDN15,0.0,pathway_binn,8283
FIS1,0.0,pathway_binn,8284
IFT22,0.0,pathway_binn,8285
COL26A1,0.0,pathway_binn,8286
MYL10,0.0,pathway_binn,8287
CUX1,0.0,pathway_binn,8288
SH2B2,0.0,pathway_binn,8289
ORAI2,0.0,pathway_binn,8290
LAMTOR4,0.0,pathway_binn,8291
NAPEPLD,0.0,pathway_binn,8292
PMPCB,0.0,pathway_binn,8293
DNAJC2,0.0,pathway_binn,8294
PSMC2,0.0,pathway_binn,8295
SLC26A5,0.0,pathway_binn,8296
RELN,0.0,pathway_binn,8297
ORC5,0.0,pathway_binn,8298
SRPK2,0.0,pathway_binn,8299
PUS7,0.0,pathway_binn,8300
FBXL13,0.0,pathway_binn,8301
GPC2,0.0,pathway_binn,8302
STAG3,0.0,pathway_binn,8303
PILRB,0.0,pathway_binn,8304
PILRA,0.0,pathway_binn,8305
PCOLCE,0.0,pathway_binn,8306
TFR2,0.0,pathway_binn,8307
ACTL6B,0.0,pathway_binn,8308
GNB2,0.0,pathway_binn,8309
POP7,0.0,pathway_binn,8310
MOGAT3,0.0,pathway_binn,8311
EPHB4,0.0,pathway_binn,8312
SRRT,0.0,pathway_binn,8313
ACHE,0.0,pathway_binn,8314
MUC3A,0.0,pathway_binn,8315
MUC12,0.0,pathway_binn,8316
MUC17,0.0,pathway_binn,8317
TRIM56,0.0,pathway_binn,8318
SERPINE1,0.0,pathway_binn,8319
AP1S1,0.0,pathway_binn,8320
VGF,0.0,pathway_binn,8321
EPO,0.0,pathway_binn,8322
FDFT1,0.0,pathway_binn,8323
CTSB,0.0,pathway_binn,8324
DEFB136,0.0,pathway_binn,8325
DEFB135,0.0,pathway_binn,8326
DEFB134,0.0,pathway_binn,8327
USP17L2,0.0,pathway_binn,8328
LONRF1,0.0,pathway_binn,8329
TRMT9B,0.0,pathway_binn,8330
DLC1,0.0,pathway_binn,8331
CREB3L2,0.0,pathway_binn,8332
TUSC3,0.0,pathway_binn,8333
MSR1,0.0,pathway_binn,8334
FGF20,0.0,pathway_binn,8335
MICU3,0.0,pathway_binn,8336
ZDHHC2,0.0,pathway_binn,8337
CNOT7,0.0,pathway_binn,8338
VPS37A,0.0,pathway_binn,8339
MTMR7,0.0,pathway_binn,8340
PCM1,0.0,pathway_binn,8341
SGCZ,0.0,pathway_binn,8342
AGPAT5,0.0,pathway_binn,8343
DEFB1,0.0,pathway_binn,8344
DEFA6,0.0,pathway_binn,8345
DEFA4,0.0,pathway_binn,8346
DEFA3,0.0,pathway_binn,8347
DEFA5,0.0,pathway_binn,8348
USP17L1,0.0,pathway_binn,8349
ZNF705G,0.0,pathway_binn,8350
DEFB4A,0.0,pathway_binn,8351
NEIL2,0.0,pathway_binn,8352
PRAG1,0.0,pathway_binn,8353
CLDN23,0.0,pathway_binn,8354
ERI1,0.0,pathway_binn,8355
TNKS,0.0,pathway_binn,8356
MSRA,0.0,pathway_binn,8357
SOX7,0.0,pathway_binn,8358
MTMR9,0.0,pathway_binn,8359
BLK,0.0,pathway_binn,8360
GATA4,0.0,pathway_binn,8361
USP17L3,0.0,pathway_binn,8362
RHOBTB2,0.0,pathway_binn,8363
TNFRSF10B,0.0,pathway_binn,8364
TNFRSF10C,0.0,pathway_binn,8365
TNFRSF10D,0.0,pathway_binn,8366
TNFRSF10A,0.0,pathway_binn,8367
CHMP7,0.0,pathway_binn,8368
LOXL2,0.0,pathway_binn,8369
ENTPD4,0.0,pathway_binn,8370
SLC25A37,0.0,pathway_binn,8371
ASAH1,0.0,pathway_binn,8372
DOCK5,0.0,pathway_binn,8373
GNRH1,0.0,pathway_binn,8374
EBF2,0.0,pathway_binn,8375
PPP2R2A,0.0,pathway_binn,8376
BNIP3L,0.0,pathway_binn,8377
DPYSL2,0.0,pathway_binn,8378
ADRA1A,0.0,pathway_binn,8379
TRIM35,0.0,pathway_binn,8380
PTK2B,0.0,pathway_binn,8381
NEFL,0.0,pathway_binn,8382
NAT1,0.0,pathway_binn,8383
NAT2,0.0,pathway_binn,8384
CSGALNACT1,0.0,pathway_binn,8385
INTS10,0.0,pathway_binn,8386
LPL,0.0,pathway_binn,8387
ATP6V1B2,0.0,pathway_binn,8388
GFRA2,0.0,pathway_binn,8389
DOK2,0.0,pathway_binn,8390
NPM2,0.0,pathway_binn,8391
EGR3,0.0,pathway_binn,8392
LGI3,0.0,pathway_binn,8393
SFTPC,0.0,pathway_binn,8394
BMP1,0.0,pathway_binn,8395
POLR3D,0.0,pathway_binn,8396
PIWIL2,0.0,pathway_binn,8397
SLC39A14,0.0,pathway_binn,8398
PPP3CC,0.0,pathway_binn,8399
SORBS3,0.0,pathway_binn,8400
CCAR2,0.0,pathway_binn,8401
DMTN,0.0,pathway_binn,8402
EPHB6,0.0,pathway_binn,8403
TRPV6,0.0,pathway_binn,8404
TRPV5,0.0,pathway_binn,8405
KEL,0.0,pathway_binn,8406
OR6V1,0.0,pathway_binn,8407
PIP,0.0,pathway_binn,8408
TAS2R39,0.0,pathway_binn,8409
TAS2R40,0.0,pathway_binn,8410
GSTK1,0.0,pathway_binn,8411
MCPH1,0.0,pathway_binn,8412
CLCN1,0.0,pathway_binn,8413
FAM131B,0.0,pathway_binn,8414
EPHA1,0.0,pathway_binn,8415
OR2F2,0.0,pathway_binn,8416
OR2F1,0.0,pathway_binn,8417
OR6B1,0.0,pathway_binn,8418
OR2A5,0.0,pathway_binn,8419
OR2A25,0.0,pathway_binn,8420
OR2A12,0.0,pathway_binn,8421
CASP2,0.0,pathway_binn,8422
AKR1D1,0.0,pathway_binn,8423
TRIM24,0.0,pathway_binn,8424
ATP6V0A4,0.0,pathway_binn,8425
KIAA1549,0.0,pathway_binn,8426
ZC3HAV1,0.0,pathway_binn,8427
HIPK2,0.0,pathway_binn,8428
TBXAS1,0.0,pathway_binn,8429
KDM7A,0.0,pathway_binn,8430
RAB19,0.0,pathway_binn,8431
PRSS1,0.0,pathway_binn,8432
NDUFB2,0.0,pathway_binn,8433
BRAF,0.0,pathway_binn,8434
AGK,0.0,pathway_binn,8435
SSBP1,0.0,pathway_binn,8436
TAS2R4,0.0,pathway_binn,8437
MGAM,0.0,pathway_binn,8438
OR9A4,0.0,pathway_binn,8439
CLEC5A,0.0,pathway_binn,8440
TAS2R38,0.0,pathway_binn,8441
DENND2A,0.0,pathway_binn,8442
RHEB,0.0,pathway_binn,8443
PRKAG2,0.0,pathway_binn,8444
GALNTL5,0.0,pathway_binn,8445
GALNT11,0.0,pathway_binn,8446
KMT2C,0.0,pathway_binn,8447
XRCC2,0.0,pathway_binn,8448
PAXIP1,0.0,pathway_binn,8449
HTR5A,0.0,pathway_binn,8450
INSIG1,0.0,pathway_binn,8451
OR2A2,0.0,pathway_binn,8452
UBE3C,0.0,pathway_binn,8453
DNAJB6,0.0,pathway_binn,8454
PTPRN2,0.0,pathway_binn,8455
NCAPG2,0.0,pathway_binn,8456
ESYT2,0.0,pathway_binn,8457
VIPR2,0.0,pathway_binn,8458
OR4F21,0.0,pathway_binn,8459
DLGAP2,0.0,pathway_binn,8460
ARHGEF10,0.0,pathway_binn,8461
SHH,0.0,pathway_binn,8462
OR2A14,0.0,pathway_binn,8463
ARHGEF35,0.0,pathway_binn,8464
ARHGEF5,0.0,pathway_binn,8465
TPK1,0.0,pathway_binn,8466
CUL1,0.0,pathway_binn,8467
EZH2,0.0,pathway_binn,8468
ZNF467,0.0,pathway_binn,8469
ATP6V0E2,0.0,pathway_binn,8470
RARRES2,0.0,pathway_binn,8471
SMARCD3,0.0,pathway_binn,8472
KCNH2,0.0,pathway_binn,8473
NOS3,0.0,pathway_binn,8474
ATG9B,0.0,pathway_binn,8475
ABCB8,0.0,pathway_binn,8476
ASIC3,0.0,pathway_binn,8477
CDK5,0.0,pathway_binn,8478
SLC4A2,0.0,pathway_binn,8479
ASB10,0.0,pathway_binn,8480
ABCF2,0.0,pathway_binn,8481
CHPF2,0.0,pathway_binn,8482
AOC1,0.0,pathway_binn,8483
UBE2D1,0.0,pathway_binn,8484
TFAM,0.0,pathway_binn,8485
ANK3,0.0,pathway_binn,8486
CDK1,0.0,pathway_binn,8487
RHOBTB1,0.0,pathway_binn,8488
ARID5B,0.0,pathway_binn,8489
ADO,0.0,pathway_binn,8490
EGR2,0.0,pathway_binn,8491
JMJD1C,0.0,pathway_binn,8492
SIGMAR1,0.0,pathway_binn,8493
SIRT1,0.0,pathway_binn,8494
HERC4,0.0,pathway_binn,8495
DNA2,0.0,pathway_binn,8496
SLC25A16,0.0,pathway_binn,8497
TET1,0.0,pathway_binn,8498
CCAR1,0.0,pathway_binn,8499
DDX21,0.0,pathway_binn,8500
SRGN,0.0,pathway_binn,8501
VPS26A,0.0,pathway_binn,8502
LRRTM3,0.0,pathway_binn,8503
TIMM23,0.0,pathway_binn,8504
PTPN20,0.0,pathway_binn,8505
GDF2,0.0,pathway_binn,8506
RBP3,0.0,pathway_binn,8507
MAPK8,0.0,pathway_binn,8508
ARHGAP22,0.0,pathway_binn,8509
ERCC6,0.0,pathway_binn,8510
CHAT,0.0,pathway_binn,8511
SLC18A3,0.0,pathway_binn,8512
IPMK,0.0,pathway_binn,8513
ASAH2,0.0,pathway_binn,8514
SGMS1,0.0,pathway_binn,8515
A1CF,0.0,pathway_binn,8516
PRKG1,0.0,pathway_binn,8517
CSTF2T,0.0,pathway_binn,8518
DKK1,0.0,pathway_binn,8519
MBL2,0.0,pathway_binn,8520
PCDH15,0.0,pathway_binn,8521
ZWINT,0.0,pathway_binn,8522
PARG,0.0,pathway_binn,8523
ASCC1,0.0,pathway_binn,8524
ANAPC16,0.0,pathway_binn,8525
DDIT4,0.0,pathway_binn,8526
MICU1,0.0,pathway_binn,8527
MCU,0.0,pathway_binn,8528
P4HA1,0.0,pathway_binn,8529
NUDT13,0.0,pathway_binn,8530
PPP3CB,0.0,pathway_binn,8531
SEC24C,0.0,pathway_binn,8532
SUPV3L1,0.0,pathway_binn,8533
ZSWIM8,0.0,pathway_binn,8534
NDST2,0.0,pathway_binn,8535
CAMK2G,0.0,pathway_binn,8536
PLAU,0.0,pathway_binn,8537
VCL,0.0,pathway_binn,8538
AP3M1,0.0,pathway_binn,8539
ADK,0.0,pathway_binn,8540
KAT6B,0.0,pathway_binn,8541
SAMD8,0.0,pathway_binn,8542
CHCHD1,0.0,pathway_binn,8543
HKDC1,0.0,pathway_binn,8544
HK1,0.0,pathway_binn,8545
TACR2,0.0,pathway_binn,8546
TSPAN15,0.0,pathway_binn,8547
NEUROG3,0.0,pathway_binn,8548
COL13A1,0.0,pathway_binn,8549
AIFM2,0.0,pathway_binn,8550
TYSND1,0.0,pathway_binn,8551
PPA1,0.0,pathway_binn,8552
CHST3,0.0,pathway_binn,8553
NODAL,0.0,pathway_binn,8554
PRF1,0.0,pathway_binn,8555
ADAMTS14,0.0,pathway_binn,8556
SGPL1,0.0,pathway_binn,8557
PCBD1,0.0,pathway_binn,8558
UNC5B,0.0,pathway_binn,8559
SLC29A3,0.0,pathway_binn,8560
CDH23,0.0,pathway_binn,8561
PSAP,0.0,pathway_binn,8562
NPFFR1,0.0,pathway_binn,8563
PRPF18,0.0,pathway_binn,8564
HSPA14,0.0,pathway_binn,8565
SUV39H2,0.0,pathway_binn,8566
DCLRE1C,0.0,pathway_binn,8567
OLAH,0.0,pathway_binn,8568
ACBD7,0.0,pathway_binn,8569
RPP38,0.0,pathway_binn,8570
NMT2,0.0,pathway_binn,8571
ITGA8,0.0,pathway_binn,8572
ALOX5,0.0,pathway_binn,8573
CUBN,0.0,pathway_binn,8574
TRDMT1,0.0,pathway_binn,8575
VIM,0.0,pathway_binn,8576
ST8SIA6,0.0,pathway_binn,8577
HACD1,0.0,pathway_binn,8578
STAM,0.0,pathway_binn,8579
MRC1,0.0,pathway_binn,8580
CACNB2,0.0,pathway_binn,8581
NSUN6,0.0,pathway_binn,8582
RSU1,0.0,pathway_binn,8583
GDI2,0.0,pathway_binn,8584
IL15RA,0.0,pathway_binn,8585
IL2RA,0.0,pathway_binn,8586
RBM17,0.0,pathway_binn,8587
PFKFB3,0.0,pathway_binn,8588
PRKCQ,0.0,pathway_binn,8589
ITIH2,0.0,pathway_binn,8590
KIN,0.0,pathway_binn,8591
ATP5F1C,0.0,pathway_binn,8592
PHYH,0.0,pathway_binn,8593
GATA3,0.0,pathway_binn,8594
USP6NL,0.0,pathway_binn,8595
UPF2,0.0,pathway_binn,8596
DHTKD1,0.0,pathway_binn,8597
SEC61A2,0.0,pathway_binn,8598
NUDT5,0.0,pathway_binn,8599
OPTN,0.0,pathway_binn,8600
MCM10,0.0,pathway_binn,8601
UCMA,0.0,pathway_binn,8602
TAF3,0.0,pathway_binn,8603
ZEB1,0.0,pathway_binn,8604
ARHGAP12,0.0,pathway_binn,8605
KIF5B,0.0,pathway_binn,8606
EPC1,0.0,pathway_binn,8607
ITGB1,0.0,pathway_binn,8608
NRP1,0.0,pathway_binn,8609
PARD3,0.0,pathway_binn,8610
CUL2,0.0,pathway_binn,8611
GJD4,0.0,pathway_binn,8612
COMMD3,0.0,pathway_binn,8613
ANKRD30A,0.0,pathway_binn,8614
BMS1,0.0,pathway_binn,8615
RET,0.0,pathway_binn,8616
CSGALNACT2,0.0,pathway_binn,8617
RASGEF1A,0.0,pathway_binn,8618
FXYD4,0.0,pathway_binn,8619
HNRNPF,0.0,pathway_binn,8620
CXCL12,0.0,pathway_binn,8621
OR13A1,0.0,pathway_binn,8622
FZD8,0.0,pathway_binn,8623
BMI1,0.0,pathway_binn,8624
PIP4K2A,0.0,pathway_binn,8625
MSRB2,0.0,pathway_binn,8626
PTF1A,0.0,pathway_binn,8627
OTUD1,0.0,pathway_binn,8628
ARHGAP21,0.0,pathway_binn,8629
MYO3A,0.0,pathway_binn,8630
GAD2,0.0,pathway_binn,8631
APBB1IP,0.0,pathway_binn,8632
MAP3K8,0.0,pathway_binn,8633
ABI1,0.0,pathway_binn,8634
ANKRD26,0.0,pathway_binn,8635
YME1L1,0.0,pathway_binn,8636
MASTL,0.0,pathway_binn,8637
ACBD5,0.0,pathway_binn,8638
RAB18,0.0,pathway_binn,8639
MPP7,0.0,pathway_binn,8640
WAC,0.0,pathway_binn,8641
BAMBI,0.0,pathway_binn,8642
MTPAP,0.0,pathway_binn,8643
PDSS1,0.0,pathway_binn,8644
ELOVL3,0.0,pathway_binn,8645
GBF1,0.0,pathway_binn,8646
NFKB2,0.0,pathway_binn,8647
FBXL15,0.0,pathway_binn,8648
KLHL21,0.0,pathway_binn,8649
SUFU,0.0,pathway_binn,8650
TRIM8,0.0,pathway_binn,8651
ARL3,0.0,pathway_binn,8652
CYP17A1,0.0,pathway_binn,8653
VDAC2,0.0,pathway_binn,8654
NT5C2,0.0,pathway_binn,8655
RPEL1,0.0,pathway_binn,8656
PCGF6,0.0,pathway_binn,8657
TAF5,0.0,pathway_binn,8658
PDCD11,0.0,pathway_binn,8659
CALHM1,0.0,pathway_binn,8660
CALHM3,0.0,pathway_binn,8661
NEURL1,0.0,pathway_binn,8662
SH3PXD2A,0.0,pathway_binn,8663
AS3MT,0.0,pathway_binn,8664
COX15,0.0,pathway_binn,8665
ABCC2,0.0,pathway_binn,8666
DNMBP,0.0,pathway_binn,8667
CPN1,0.0,pathway_binn,8668
ERLIN1,0.0,pathway_binn,8669
CHUK,0.0,pathway_binn,8670
SCD,0.0,pathway_binn,8671
WNT8B,0.0,pathway_binn,8672
SEC31B,0.0,pathway_binn,8673
PPRC1,0.0,pathway_binn,8674
HIF1AN,0.0,pathway_binn,8675
PAX2,0.0,pathway_binn,8676
TWNK,0.0,pathway_binn,8677
BTRC,0.0,pathway_binn,8678
POLL,0.0,pathway_binn,8679
FBXW4,0.0,pathway_binn,8680
FGF8,0.0,pathway_binn,8681
KCNIP2,0.0,pathway_binn,8682
LDB1,0.0,pathway_binn,8683
NDUFB8,0.0,pathway_binn,8684
ADRB1,0.0,pathway_binn,8685
TDRD1,0.0,pathway_binn,8686
ABLIM1,0.0,pathway_binn,8687
GFRA1,0.0,pathway_binn,8688
PNLIPRP3,0.0,pathway_binn,8689
PNLIP,0.0,pathway_binn,8690
PNLIPRP1,0.0,pathway_binn,8691
HSPA12A,0.0,pathway_binn,8692
ENO4,0.0,pathway_binn,8693
STN1,0.0,pathway_binn,8694
KCNK18,0.0,pathway_binn,8695
SLC18A2,0.0,pathway_binn,8696
EMX2,0.0,pathway_binn,8697
RAB11FIP2,0.0,pathway_binn,8698
PRLHR,0.0,pathway_binn,8699
EIF3A,0.0,pathway_binn,8700
SFXN4,0.0,pathway_binn,8701
PRDX3,0.0,pathway_binn,8702
GRK5,0.0,pathway_binn,8703
SHTN1,0.0,pathway_binn,8704
SLK,0.0,pathway_binn,8705
COL17A1,0.0,pathway_binn,8706
GSTO1,0.0,pathway_binn,8707
GSTO2,0.0,pathway_binn,8708
ADD3,0.0,pathway_binn,8709
SMNDC1,0.0,pathway_binn,8710
DUSP5,0.0,pathway_binn,8711
SMC3,0.0,pathway_binn,8712
PDCD4,0.0,pathway_binn,8713
NHLRC2,0.0,pathway_binn,8714
SHOC2,0.0,pathway_binn,8715
ADRA2A,0.0,pathway_binn,8716
GPAM,0.0,pathway_binn,8717
TECTB,0.0,pathway_binn,8718
ACSL5,0.0,pathway_binn,8719
VTI1A,0.0,pathway_binn,8720
TCF7L2,0.0,pathway_binn,8721
CASP7,0.0,pathway_binn,8722
DCLRE1A,0.0,pathway_binn,8723
BBIP1,0.0,pathway_binn,8724
LIPJ,0.0,pathway_binn,8725
LIPF,0.0,pathway_binn,8726
LIPK,0.0,pathway_binn,8727
LIPN,0.0,pathway_binn,8728
LIPM,0.0,pathway_binn,8729
STAMBPL1,0.0,pathway_binn,8730
ACTA2,0.0,pathway_binn,8731
FAS,0.0,pathway_binn,8732
CH25H,0.0,pathway_binn,8733
CUTC,0.0,pathway_binn,8734
IFIT2,0.0,pathway_binn,8735
IFIT3,0.0,pathway_binn,8736
IFIT1,0.0,pathway_binn,8737
IFIT5,0.0,pathway_binn,8738
PANK1,0.0,pathway_binn,8739
KIF20B,0.0,pathway_binn,8740
HTR7,0.0,pathway_binn,8741
RPP30,0.0,pathway_binn,8742
ANKRD1,0.0,pathway_binn,8743
LIPA,0.0,pathway_binn,8744
KCNMA1,0.0,pathway_binn,8745
DLG5,0.0,pathway_binn,8746
POLR3A,0.0,pathway_binn,8747
SFTPA1,0.0,pathway_binn,8748
SFTPD,0.0,pathway_binn,8749
MAT1A,0.0,pathway_binn,8750
TSPAN14,0.0,pathway_binn,8751
NRG3,0.0,pathway_binn,8752
RGR,0.0,pathway_binn,8753
RNLS,0.0,pathway_binn,8754
OPN4,0.0,pathway_binn,8755
BMPR1A,0.0,pathway_binn,8756
MMRN2,0.0,pathway_binn,8757
ADIRF,0.0,pathway_binn,8758
GLUD1,0.0,pathway_binn,8759
MINPP1,0.0,pathway_binn,8760
PAPSS2,0.0,pathway_binn,8761
ATAD1,0.0,pathway_binn,8762
PTEN,0.0,pathway_binn,8763
WAPL,0.0,pathway_binn,8764
TCTN3,0.0,pathway_binn,8765
ENTPD1,0.0,pathway_binn,8766
BLNK,0.0,pathway_binn,8767
PIK3AP1,0.0,pathway_binn,8768
SLIT1,0.0,pathway_binn,8769
ARHGAP19,0.0,pathway_binn,8770
FRAT1,0.0,pathway_binn,8771
FRAT2,0.0,pathway_binn,8772
PGAM1,0.0,pathway_binn,8773
PCGF5,0.0,pathway_binn,8774
MMS19,0.0,pathway_binn,8775
HOGA1,0.0,pathway_binn,8776
PI4K2A,0.0,pathway_binn,8777
LOXL4,0.0,pathway_binn,8778
HPS1,0.0,pathway_binn,8779
HPSE2,0.0,pathway_binn,8780
GOT1,0.0,pathway_binn,8781
SLC25A28,0.0,pathway_binn,8782
ENTPD7,0.0,pathway_binn,8783
EXOSC1,0.0,pathway_binn,8784
HECTD2,0.0,pathway_binn,8785
PPP1R3C,0.0,pathway_binn,8786
TNKS2,0.0,pathway_binn,8787
FGFBP3,0.0,pathway_binn,8788
IDE,0.0,pathway_binn,8789
KIF11,0.0,pathway_binn,8790
HHEX,0.0,pathway_binn,8791
EXOC6,0.0,pathway_binn,8792
CYP26C1,0.0,pathway_binn,8793
ALDH18A1,0.0,pathway_binn,8794
FFAR4,0.0,pathway_binn,8795
RBP4,0.0,pathway_binn,8796
LGI1,0.0,pathway_binn,8797
PLCE1,0.0,pathway_binn,8798
HELLS,0.0,pathway_binn,8799
CYP2C18,0.0,pathway_binn,8800
CYP2C9,0.0,pathway_binn,8801
CYP2C8,0.0,pathway_binn,8802
ACSM6,0.0,pathway_binn,8803
SORBS1,0.0,pathway_binn,8804
CYP26A1,0.0,pathway_binn,8805
NCBP1,0.0,pathway_binn,8806
XPA,0.0,pathway_binn,8807
NANS,0.0,pathway_binn,8808
TRIM14,0.0,pathway_binn,8809
TBC1D2,0.0,pathway_binn,8810
GABBR2,0.0,pathway_binn,8811
GALNT12,0.0,pathway_binn,8812
COL15A1,0.0,pathway_binn,8813
TGFBR1,0.0,pathway_binn,8814
ASB13,0.0,pathway_binn,8815
SEC61B,0.0,pathway_binn,8816
NR4A3,0.0,pathway_binn,8817
STX17,0.0,pathway_binn,8818
ERP44,0.0,pathway_binn,8819
TEX10,0.0,pathway_binn,8820
PLPPR1,0.0,pathway_binn,8821
BAAT,0.0,pathway_binn,8822
ALDOB,0.0,pathway_binn,8823
RNF20,0.0,pathway_binn,8824
ALG2,0.0,pathway_binn,8825
ROR2,0.0,pathway_binn,8826
SPTLC1,0.0,pathway_binn,8827
CENPP,0.0,pathway_binn,8828
OGN,0.0,pathway_binn,8829
OMD,0.0,pathway_binn,8830
ASPN,0.0,pathway_binn,8831
IPPK,0.0,pathway_binn,8832
BICD2,0.0,pathway_binn,8833
FGD3,0.0,pathway_binn,8834
TMOD1,0.0,pathway_binn,8835
PHF2,0.0,pathway_binn,8836
FBP2,0.0,pathway_binn,8837
FBP1,0.0,pathway_binn,8838
FANCC,0.0,pathway_binn,8839
PTCH1,0.0,pathway_binn,8840
SLC35D2,0.0,pathway_binn,8841
HABP4,0.0,pathway_binn,8842
CDC14B,0.0,pathway_binn,8843
CTSV,0.0,pathway_binn,8844
WNK2,0.0,pathway_binn,8845
GNG10,0.0,pathway_binn,8846
UGCG,0.0,pathway_binn,8847
SLC31A1,0.0,pathway_binn,8848
CDC26,0.0,pathway_binn,8849
PRPF4,0.0,pathway_binn,8850
ALAD,0.0,pathway_binn,8851
POLE3,0.0,pathway_binn,8852
RGS3,0.0,pathway_binn,8853
AMBP,0.0,pathway_binn,8854
GRIN3A,0.0,pathway_binn,8855
COL27A1,0.0,pathway_binn,8856
ORM1,0.0,pathway_binn,8857
ORM2,0.0,pathway_binn,8858
WHRN,0.0,pathway_binn,8859
ATP6V1G1,0.0,pathway_binn,8860
TNFSF15,0.0,pathway_binn,8861
TNFSF8,0.0,pathway_binn,8862
TNC,0.0,pathway_binn,8863
PAPPA,0.0,pathway_binn,8864
KIF12,0.0,pathway_binn,8865
SMC2,0.0,pathway_binn,8866
OR13F1,0.0,pathway_binn,8867
OR13C4,0.0,pathway_binn,8868
OR13C3,0.0,pathway_binn,8869
OR13C8,0.0,pathway_binn,8870
OR13C5,0.0,pathway_binn,8871
OR13C2,0.0,pathway_binn,8872
OR13C9,0.0,pathway_binn,8873
OR13D1,0.0,pathway_binn,8874
PTGR1,0.0,pathway_binn,8875
SLC44A1,0.0,pathway_binn,8876
FKTN,0.0,pathway_binn,8877
RAD23B,0.0,pathway_binn,8878
KLF4,0.0,pathway_binn,8879
ELP1,0.0,pathway_binn,8880
PTPN3,0.0,pathway_binn,8881
MUSK,0.0,pathway_binn,8882
LPAR1,0.0,pathway_binn,8883
OR2K2,0.0,pathway_binn,8884
ABCA1,0.0,pathway_binn,8885
HINT2,0.0,pathway_binn,8886
OR13J1,0.0,pathway_binn,8887
OR2S2,0.0,pathway_binn,8888
RECK,0.0,pathway_binn,8889
CLTA,0.0,pathway_binn,8890
GNE,0.0,pathway_binn,8891
PAX5,0.0,pathway_binn,8892
ZCCHC7,0.0,pathway_binn,8893
GRHPR,0.0,pathway_binn,8894
AUH,0.0,pathway_binn,8895
FBXO10,0.0,pathway_binn,8896
TOMM5,0.0,pathway_binn,8897
EXOSC3,0.0,pathway_binn,8898
DCAF10,0.0,pathway_binn,8899
SLC25A51,0.0,pathway_binn,8900
SHB,0.0,pathway_binn,8901
ALDH1B1,0.0,pathway_binn,8902
PRKACG,0.0,pathway_binn,8903
FXN,0.0,pathway_binn,8904
POLR1E,0.0,pathway_binn,8905
GALT,0.0,pathway_binn,8906
IL11RA,0.0,pathway_binn,8907
CCL27,0.0,pathway_binn,8908
CCL19,0.0,pathway_binn,8909
CCL21,0.0,pathway_binn,8910
VCP,0.0,pathway_binn,8911
FANCG,0.0,pathway_binn,8912
PIGO,0.0,pathway_binn,8913
STOML2,0.0,pathway_binn,8914
NPR2,0.0,pathway_binn,8915
TESK1,0.0,pathway_binn,8916
CD72,0.0,pathway_binn,8917
ARHGEF39,0.0,pathway_binn,8918
CA9,0.0,pathway_binn,8919
TPM2,0.0,pathway_binn,8920
TLN1,0.0,pathway_binn,8921
CREB3,0.0,pathway_binn,8922
GBA2,0.0,pathway_binn,8923
RGP1,0.0,pathway_binn,8924
UNC13B,0.0,pathway_binn,8925
UBQLN1,0.0,pathway_binn,8926
KIF27,0.0,pathway_binn,8927
HNRNPK,0.0,pathway_binn,8928
RMI1,0.0,pathway_binn,8929
SLC28A3,0.0,pathway_binn,8930
NTRK2,0.0,pathway_binn,8931
AGTPBP1,0.0,pathway_binn,8932
NAA35,0.0,pathway_binn,8933
GOLM1,0.0,pathway_binn,8934
APBA1,0.0,pathway_binn,8935
TUT7,0.0,pathway_binn,8936
GAS1,0.0,pathway_binn,8937
DAPK1,0.0,pathway_binn,8938
CTSL,0.0,pathway_binn,8939
S1PR3,0.0,pathway_binn,8940
SHC3,0.0,pathway_binn,8941
SECISBP2,0.0,pathway_binn,8942
SEMA4D,0.0,pathway_binn,8943
SYK,0.0,pathway_binn,8944
ISCA1,0.0,pathway_binn,8945
SMC5,0.0,pathway_binn,8946
KLF9,0.0,pathway_binn,8947
TRPM3,0.0,pathway_binn,8948
ABHD17B,0.0,pathway_binn,8949
GDA,0.0,pathway_binn,8950
ALDH1A1,0.0,pathway_binn,8951
ANXA1,0.0,pathway_binn,8952
RORB,0.0,pathway_binn,8953
TRPM6,0.0,pathway_binn,8954
TLE1,0.0,pathway_binn,8955
NMRK1,0.0,pathway_binn,8956
OSTF1,0.0,pathway_binn,8957
PCSK5,0.0,pathway_binn,8958
RFK,0.0,pathway_binn,8959
GCNT1,0.0,pathway_binn,8960
GNA14,0.0,pathway_binn,8961
GNAQ,0.0,pathway_binn,8962
CEP78,0.0,pathway_binn,8963
PSAT1,0.0,pathway_binn,8964
TLE4,0.0,pathway_binn,8965
CARNMT1,0.0,pathway_binn,8966
ADAMTSL2,0.0,pathway_binn,8967
DBH,0.0,pathway_binn,8968
SARDH,0.0,pathway_binn,8969
VAV2,0.0,pathway_binn,8970
WDR5,0.0,pathway_binn,8971
RXRA,0.0,pathway_binn,8972
COL5A1,0.0,pathway_binn,8973
FCN2,0.0,pathway_binn,8974
LCN1,0.0,pathway_binn,8975
TRIM32,0.0,pathway_binn,8976
LHX3,0.0,pathway_binn,8977
CCDC187,0.0,pathway_binn,8978
GPSM1,0.0,pathway_binn,8979
CARD9,0.0,pathway_binn,8980
SNAPC4,0.0,pathway_binn,8981
PMPCA,0.0,pathway_binn,8982
INPP5E,0.0,pathway_binn,8983
SEC16A,0.0,pathway_binn,8984
NOTCH1,0.0,pathway_binn,8985
UBAC1,0.0,pathway_binn,8986
QRFP,0.0,pathway_binn,8987
LAMC3,0.0,pathway_binn,8988
NUP214,0.0,pathway_binn,8989
POMT1,0.0,pathway_binn,8990
UCK1,0.0,pathway_binn,8991
RAPGEF1,0.0,pathway_binn,8992
NTNG2,0.0,pathway_binn,8993
TTF1,0.0,pathway_binn,8994
GTF3C4,0.0,pathway_binn,8995
SLC2A6,0.0,pathway_binn,8996
TSC1,0.0,pathway_binn,8997
GTF3C5,0.0,pathway_binn,8998
CEL,0.0,pathway_binn,8999
RALGDS,0.0,pathway_binn,9000
ABO,0.0,pathway_binn,9001
MED22,0.0,pathway_binn,9002
SURF1,0.0,pathway_binn,9003
SURF4,0.0,pathway_binn,9004
ADAMTS13,0.0,pathway_binn,9005
AK8,0.0,pathway_binn,9006
TOR4A,0.0,pathway_binn,9007
NOXA1,0.0,pathway_binn,9008
ENTPD8,0.0,pathway_binn,9009
PNPLA7,0.0,pathway_binn,9010
DPH7,0.0,pathway_binn,9011
EHMT1,0.0,pathway_binn,9012
CACNA1B,0.0,pathway_binn,9013
TUBB8,0.0,pathway_binn,9014
IDI2,0.0,pathway_binn,9015
AGPAT2,0.0,pathway_binn,9016
PFKP,0.0,pathway_binn,9017
PITRM1,0.0,pathway_binn,9018
AKR1E2,0.0,pathway_binn,9019
AKR1C2,0.0,pathway_binn,9020
AKR1C3,0.0,pathway_binn,9021
UCN3,0.0,pathway_binn,9022
TUBAL3,0.0,pathway_binn,9023
NET1,0.0,pathway_binn,9024
CALML5,0.0,pathway_binn,9025
IDI1,0.0,pathway_binn,9026
LCN15,0.0,pathway_binn,9027
TRAF2,0.0,pathway_binn,9028
FBXW5,0.0,pathway_binn,9029
C8G,0.0,pathway_binn,9030
LCN12,0.0,pathway_binn,9031
PTGDS,0.0,pathway_binn,9032
ABCA2,0.0,pathway_binn,9033
FUT7,0.0,pathway_binn,9034
NPDC1,0.0,pathway_binn,9035
NELFB,0.0,pathway_binn,9036
MAN1B1,0.0,pathway_binn,9037
DPP7,0.0,pathway_binn,9038
GRIN1,0.0,pathway_binn,9039
ANAPC2,0.0,pathway_binn,9040
SSNA1,0.0,pathway_binn,9041
TPRN,0.0,pathway_binn,9042
NDOR1,0.0,pathway_binn,9043
SLC34A3,0.0,pathway_binn,9044
TUBB4B,0.0,pathway_binn,9045
ENTPD2,0.0,pathway_binn,9046
OR1B1,0.0,pathway_binn,9047
OR1L1,0.0,pathway_binn,9048
OR1L3,0.0,pathway_binn,9049
OR1L4,0.0,pathway_binn,9050
OR1L6,0.0,pathway_binn,9051
OR5C1,0.0,pathway_binn,9052
PDCL,0.0,pathway_binn,9053
OR1K1,0.0,pathway_binn,9054
RABGAP1,0.0,pathway_binn,9055
ABL1,0.0,pathway_binn,9056
LHX2,0.0,pathway_binn,9057
NEK6,0.0,pathway_binn,9058
PSMB7,0.0,pathway_binn,9059
NR5A1,0.0,pathway_binn,9060
GOLGA1,0.0,pathway_binn,9061
SCAI,0.0,pathway_binn,9062
PPP6C,0.0,pathway_binn,9063
RABEPK,0.0,pathway_binn,9064
HSPA5,0.0,pathway_binn,9065
DENND1A,0.0,pathway_binn,9066
CDK5RAP2,0.0,pathway_binn,9067
FBXW2,0.0,pathway_binn,9068
PSMD5,0.0,pathway_binn,9069
PHF19,0.0,pathway_binn,9070
TRAF1,0.0,pathway_binn,9071
C5,0.0,pathway_binn,9072
CNTRL,0.0,pathway_binn,9073
RAB14,0.0,pathway_binn,9074
GSN,0.0,pathway_binn,9075
OR1Q1,0.0,pathway_binn,9076
DAB2IP,0.0,pathway_binn,9077
TTLL11,0.0,pathway_binn,9078
NDUFA8,0.0,pathway_binn,9079
MRRF,0.0,pathway_binn,9080
PTGS1,0.0,pathway_binn,9081
OR1J1,0.0,pathway_binn,9082
OR1N1,0.0,pathway_binn,9083
OR1N2,0.0,pathway_binn,9084
OR1L8,0.0,pathway_binn,9085
STOM,0.0,pathway_binn,9086
SET,0.0,pathway_binn,9087
PKN3,0.0,pathway_binn,9088
TBC1D13,0.0,pathway_binn,9089
KYAT1,0.0,pathway_binn,9090
LRRC8A,0.0,pathway_binn,9091
DOLK,0.0,pathway_binn,9092
NUP188,0.0,pathway_binn,9093
MIGA2,0.0,pathway_binn,9094
DOLPP1,0.0,pathway_binn,9095
GAPVD1,0.0,pathway_binn,9096
ASB6,0.0,pathway_binn,9097
PTGES,0.0,pathway_binn,9098
TOR1B,0.0,pathway_binn,9099
TOR1A,0.0,pathway_binn,9100
C9orf78,0.0,pathway_binn,9101
USP20,0.0,pathway_binn,9102
FNBP1,0.0,pathway_binn,9103
ASS1,0.0,pathway_binn,9104
EXOSC2,0.0,pathway_binn,9105
CRAT,0.0,pathway_binn,9106
MAPKAP1,0.0,pathway_binn,9107
MVB12B,0.0,pathway_binn,9108
SLC2A8,0.0,pathway_binn,9109
LRSAM1,0.0,pathway_binn,9110
STXBP1,0.0,pathway_binn,9111
CDK9,0.0,pathway_binn,9112
AK1,0.0,pathway_binn,9113
ST6GALNAC6,0.0,pathway_binn,9114
ST6GALNAC4,0.0,pathway_binn,9115
SPTAN1,0.0,pathway_binn,9116
PTGES2,0.0,pathway_binn,9117
LCN2,0.0,pathway_binn,9118
DNM1,0.0,pathway_binn,9119
GOLGA2,0.0,pathway_binn,9120
TRUB2,0.0,pathway_binn,9121
COQ4,0.0,pathway_binn,9122
SLC27A4,0.0,pathway_binn,9123
URM1,0.0,pathway_binn,9124
ODF2,0.0,pathway_binn,9125
GLE1,0.0,pathway_binn,9126
DPM2,0.0,pathway_binn,9127
TAF7,0.0,pathway_binn,9128
SLC25A2,0.0,pathway_binn,9129
DIAPH1,0.0,pathway_binn,9130
HDAC3,0.0,pathway_binn,9131
ARAP3,0.0,pathway_binn,9132
DELE1,0.0,pathway_binn,9133
RNF14,0.0,pathway_binn,9134
GNPDA1,0.0,pathway_binn,9135
FGF1,0.0,pathway_binn,9136
CALCR,0.0,pathway_binn,9137
NR3C1,0.0,pathway_binn,9138
GRXCR2,0.0,pathway_binn,9139
RBM27,0.0,pathway_binn,9140
TCERG1,0.0,pathway_binn,9141
DPYSL3,0.0,pathway_binn,9142
SPINK1,0.0,pathway_binn,9143
SCGB3A2,0.0,pathway_binn,9144
SPINK5,0.0,pathway_binn,9145
SPINK6,0.0,pathway_binn,9146
ARHGAP26,0.0,pathway_binn,9147
GFRA3,0.0,pathway_binn,9148
CDC25C,0.0,pathway_binn,9149
KDM3B,0.0,pathway_binn,9150
EGR1,0.0,pathway_binn,9151
ETF1,0.0,pathway_binn,9152
HSPA9,0.0,pathway_binn,9153
LRRTM2,0.0,pathway_binn,9154
SLC23A1,0.0,pathway_binn,9155
UBE2D2,0.0,pathway_binn,9156
ZMAT2,0.0,pathway_binn,9157
NRG2,0.0,pathway_binn,9158
CYSTM1,0.0,pathway_binn,9159
PFDN1,0.0,pathway_binn,9160
HBEGF,0.0,pathway_binn,9161
SLC4A9,0.0,pathway_binn,9162
SLC35A4,0.0,pathway_binn,9163
NDUFA2,0.0,pathway_binn,9164
IK,0.0,pathway_binn,9165
HARS2,0.0,pathway_binn,9166
CXXC5,0.0,pathway_binn,9167
TNIP1,0.0,pathway_binn,9168
ANXA6,0.0,pathway_binn,9169
GM2A,0.0,pathway_binn,9170
SLC36A2,0.0,pathway_binn,9171
SLC36A1,0.0,pathway_binn,9172
SPARC,0.0,pathway_binn,9173
ATOX1,0.0,pathway_binn,9174
NMUR2,0.0,pathway_binn,9175
GRIA1,0.0,pathway_binn,9176
SPINK9,0.0,pathway_binn,9177
MFAP3,0.0,pathway_binn,9178
GALNT10,0.0,pathway_binn,9179
SAP30L,0.0,pathway_binn,9180
HAND1,0.0,pathway_binn,9181
LARP1,0.0,pathway_binn,9182
CNOT8,0.0,pathway_binn,9183
GEMIN5,0.0,pathway_binn,9184
KIF4B,0.0,pathway_binn,9185
SGCD,0.0,pathway_binn,9186
FAM114A2,0.0,pathway_binn,9187
HTR4,0.0,pathway_binn,9188
ADRB2,0.0,pathway_binn,9189
ABLIM3,0.0,pathway_binn,9190
GRPEL2,0.0,pathway_binn,9191
PCYOX1L,0.0,pathway_binn,9192
CSNK1A1,0.0,pathway_binn,9193
ARHGEF37,0.0,pathway_binn,9194
PPARGC1B,0.0,pathway_binn,9195
PDE6A,0.0,pathway_binn,9196
GPX3,0.0,pathway_binn,9197
CSF1R,0.0,pathway_binn,9198
PDGFRB,0.0,pathway_binn,9199
SLC6A7,0.0,pathway_binn,9200
CAMK2A,0.0,pathway_binn,9201
ARSI,0.0,pathway_binn,9202
CD74,0.0,pathway_binn,9203
NDST1,0.0,pathway_binn,9204
RBM22,0.0,pathway_binn,9205
DCTN4,0.0,pathway_binn,9206
SLC26A2,0.0,pathway_binn,9207
FEM1C,0.0,pathway_binn,9208
TMED7,0.0,pathway_binn,9209
CDO1,0.0,pathway_binn,9210
ATG12,0.0,pathway_binn,9211
COMMD10,0.0,pathway_binn,9212
SEMA6A,0.0,pathway_binn,9213
TNFAIP8,0.0,pathway_binn,9214
HSD17B4,0.0,pathway_binn,9215
FTMT,0.0,pathway_binn,9216
CDC23,0.0,pathway_binn,9217
SNCAIP,0.0,pathway_binn,9218
SNX2,0.0,pathway_binn,9219
ALDH7A1,0.0,pathway_binn,9220
PHAX,0.0,pathway_binn,9221
LMNB1,0.0,pathway_binn,9222
SLC12A2,0.0,pathway_binn,9223
FBN2,0.0,pathway_binn,9224
SLC27A6,0.0,pathway_binn,9225
ADAMTS19,0.0,pathway_binn,9226
LOX,0.0,pathway_binn,9227
ST8SIA4,0.0,pathway_binn,9228
SLCO4C1,0.0,pathway_binn,9229
PPIP5K2,0.0,pathway_binn,9230
NUDT12,0.0,pathway_binn,9231
EFNA5,0.0,pathway_binn,9232
FBXL17,0.0,pathway_binn,9233
FER,0.0,pathway_binn,9234
PJA2,0.0,pathway_binn,9235
MAN2A1,0.0,pathway_binn,9236
PGGT1B,0.0,pathway_binn,9237
WDR36,0.0,pathway_binn,9238
CAMK4,0.0,pathway_binn,9239
STARD4,0.0,pathway_binn,9240
APC,0.0,pathway_binn,9241
SRP19,0.0,pathway_binn,9242
DCP2,0.0,pathway_binn,9243
YTHDC2,0.0,pathway_binn,9244
KCNN2,0.0,pathway_binn,9245
TRIM36,0.0,pathway_binn,9246
TSLP,0.0,pathway_binn,9247
TCF7,0.0,pathway_binn,9248
PPP2CA,0.0,pathway_binn,9249
UBE2B,0.0,pathway_binn,9250
JADE2,0.0,pathway_binn,9251
SAR1B,0.0,pathway_binn,9252
SEC24A,0.0,pathway_binn,9253
CAMLG,0.0,pathway_binn,9254
DDX46,0.0,pathway_binn,9255
CATSPER3,0.0,pathway_binn,9256
CHSY3,0.0,pathway_binn,9257
TGFBI,0.0,pathway_binn,9258
SMAD5,0.0,pathway_binn,9259
TRPC7,0.0,pathway_binn,9260
KLHL3,0.0,pathway_binn,9261
HNRNPA0,0.0,pathway_binn,9262
FAM13B,0.0,pathway_binn,9263
WNT8A,0.0,pathway_binn,9264
BRD8,0.0,pathway_binn,9265
KIF20A,0.0,pathway_binn,9266
IL9,0.0,pathway_binn,9267
HINT1,0.0,pathway_binn,9268
LYRM7,0.0,pathway_binn,9269
CDC42SE2,0.0,pathway_binn,9270
FNIP1,0.0,pathway_binn,9271
ACSL6,0.0,pathway_binn,9272
IL3,0.0,pathway_binn,9273
CSF2,0.0,pathway_binn,9274
P4HA2,0.0,pathway_binn,9275
SLC22A4,0.0,pathway_binn,9276
VDAC1,0.0,pathway_binn,9277
IRF1,0.0,pathway_binn,9278
IL5,0.0,pathway_binn,9279
RAD50,0.0,pathway_binn,9280
IL13,0.0,pathway_binn,9281
IL4,0.0,pathway_binn,9282
KIF3A,0.0,pathway_binn,9283
UQCRQ,0.0,pathway_binn,9284
LEAP2,0.0,pathway_binn,9285
AFF4,0.0,pathway_binn,9286
HSPA4,0.0,pathway_binn,9287
SLC22A5,0.0,pathway_binn,9288
BPHL,0.0,pathway_binn,9289
TUBB2A,0.0,pathway_binn,9290
TUBB2B,0.0,pathway_binn,9291
PSMG4,0.0,pathway_binn,9292
RPP40,0.0,pathway_binn,9293
LYRM4,0.0,pathway_binn,9294
FARS2,0.0,pathway_binn,9295
NRN1,0.0,pathway_binn,9296
F13A1,0.0,pathway_binn,9297
TIMD4,0.0,pathway_binn,9298
SSR1,0.0,pathway_binn,9299
RIOK1,0.0,pathway_binn,9300
DSP,0.0,pathway_binn,9301
SNRNP48,0.0,pathway_binn,9302
TXNDC5,0.0,pathway_binn,9303
EEF1E1,0.0,pathway_binn,9304
SLC35B3,0.0,pathway_binn,9305
TFAP2A,0.0,pathway_binn,9306
ELOVL2,0.0,pathway_binn,9307
LY86,0.0,pathway_binn,9308
MAPK9,0.0,pathway_binn,9309
GFPT2,0.0,pathway_binn,9310
CNOT6,0.0,pathway_binn,9311
FLT4,0.0,pathway_binn,9312
OR2Y1,0.0,pathway_binn,9313
MGAT1,0.0,pathway_binn,9314
BTNL8,0.0,pathway_binn,9315
OR2V1,0.0,pathway_binn,9316
OR2V2,0.0,pathway_binn,9317
RIPK1,0.0,pathway_binn,9318
RACK1,0.0,pathway_binn,9319
IRF4,0.0,pathway_binn,9320
EXOC2,0.0,pathway_binn,9321
FOXQ1,0.0,pathway_binn,9322
FOXC1,0.0,pathway_binn,9323
GMDS,0.0,pathway_binn,9324
SERPINB1,0.0,pathway_binn,9325
SERPINB6,0.0,pathway_binn,9326
NQO2,0.0,pathway_binn,9327
TRIM41,0.0,pathway_binn,9328
CDKAL1,0.0,pathway_binn,9329
SOX4,0.0,pathway_binn,9330
PRL,0.0,pathway_binn,9331
MRS2,0.0,pathway_binn,9332
GPLD1,0.0,pathway_binn,9333
ALDH5A1,0.0,pathway_binn,9334
KIAA0319,0.0,pathway_binn,9335
TDP2,0.0,pathway_binn,9336
ACOT13,0.0,pathway_binn,9337
EDN1,0.0,pathway_binn,9338
RIPOR2,0.0,pathway_binn,9339
CARMIL1,0.0,pathway_binn,9340
SLC17A1,0.0,pathway_binn,9341
SLC17A3,0.0,pathway_binn,9342
TRIM38,0.0,pathway_binn,9343
HFE,0.0,pathway_binn,9344
BTN3A2,0.0,pathway_binn,9345
BTN2A2,0.0,pathway_binn,9346
BTN3A1,0.0,pathway_binn,9347
GMNN,0.0,pathway_binn,9348
TBC1D7,0.0,pathway_binn,9349
GFOD1,0.0,pathway_binn,9350
SIRT5,0.0,pathway_binn,9351
RANBP9,0.0,pathway_binn,9352
RNF182,0.0,pathway_binn,9353
JARID2,0.0,pathway_binn,9354
DTNBP1,0.0,pathway_binn,9355
MYLIP,0.0,pathway_binn,9356
GMPR,0.0,pathway_binn,9357
E2F3,0.0,pathway_binn,9358
NUP153,0.0,pathway_binn,9359
KIF13A,0.0,pathway_binn,9360
NHLRC1,0.0,pathway_binn,9361
TPMT,0.0,pathway_binn,9362
KDM1B,0.0,pathway_binn,9363
DEK,0.0,pathway_binn,9364
RNF144B,0.0,pathway_binn,9365
ID4,0.0,pathway_binn,9366
MBOAT1,0.0,pathway_binn,9367
CAP2,0.0,pathway_binn,9368
GABRG2,0.0,pathway_binn,9369
CCNG1,0.0,pathway_binn,9370
HMMR,0.0,pathway_binn,9371
MAT2B,0.0,pathway_binn,9372
WWC1,0.0,pathway_binn,9373
PANK3,0.0,pathway_binn,9374
SLIT3,0.0,pathway_binn,9375
SPDL1,0.0,pathway_binn,9376
DOCK2,0.0,pathway_binn,9377
RNF130,0.0,pathway_binn,9378
KCNIP1,0.0,pathway_binn,9379
KCNMB1,0.0,pathway_binn,9380
FGF18,0.0,pathway_binn,9381
FBXW11,0.0,pathway_binn,9382
STK10,0.0,pathway_binn,9383
NEURL1B,0.0,pathway_binn,9384
DUSP1,0.0,pathway_binn,9385
ATP6V0E1,0.0,pathway_binn,9386
CREBRF,0.0,pathway_binn,9387
LCP2,0.0,pathway_binn,9388
HAVCR1,0.0,pathway_binn,9389
HAVCR2,0.0,pathway_binn,9390
ITK,0.0,pathway_binn,9391
CYFIP2,0.0,pathway_binn,9392
ADAM19,0.0,pathway_binn,9393
NIPAL4,0.0,pathway_binn,9394
THG1L,0.0,pathway_binn,9395
LSM11,0.0,pathway_binn,9396
CLINT1,0.0,pathway_binn,9397
GABRA1,0.0,pathway_binn,9398
IL12B,0.0,pathway_binn,9399
ADRA1B,0.0,pathway_binn,9400
PWWP2A,0.0,pathway_binn,9401
FABP6,0.0,pathway_binn,9402
SLU7,0.0,pathway_binn,9403
PTTG1,0.0,pathway_binn,9404
ATP10B,0.0,pathway_binn,9405
GABRB2,0.0,pathway_binn,9406
GABRA6,0.0,pathway_binn,9407
EBF1,0.0,pathway_binn,9408
GRK6,0.0,pathway_binn,9409
DBN1,0.0,pathway_binn,9410
PDLIM7,0.0,pathway_binn,9411
DOK3,0.0,pathway_binn,9412
DDX41,0.0,pathway_binn,9413
TMED9,0.0,pathway_binn,9414
B4GALT7,0.0,pathway_binn,9415
RMND5B,0.0,pathway_binn,9416
NHP2,0.0,pathway_binn,9417
BNIP1,0.0,pathway_binn,9418
COL23A1,0.0,pathway_binn,9419
GRM6,0.0,pathway_binn,9420
ADAMTS2,0.0,pathway_binn,9421
RUFY1,0.0,pathway_binn,9422
CANX,0.0,pathway_binn,9423
MAML1,0.0,pathway_binn,9424
LTC4S,0.0,pathway_binn,9425
MGAT4B,0.0,pathway_binn,9426
SQSTM1,0.0,pathway_binn,9427
PHYKPL,0.0,pathway_binn,9428
NKX2-5,0.0,pathway_binn,9429
STC2,0.0,pathway_binn,9430
BOD1,0.0,pathway_binn,9431
MSX2,0.0,pathway_binn,9432
DRD1,0.0,pathway_binn,9433
HRH2,0.0,pathway_binn,9434
HIGD2A,0.0,pathway_binn,9435
CLTB,0.0,pathway_binn,9436
FAF2,0.0,pathway_binn,9437
F12,0.0,pathway_binn,9438
SNCB,0.0,pathway_binn,9439
UNC5A,0.0,pathway_binn,9440
HK3,0.0,pathway_binn,9441
UIMC1,0.0,pathway_binn,9442
FGFR4,0.0,pathway_binn,9443
NSD1,0.0,pathway_binn,9444
RAB24,0.0,pathway_binn,9445
LMAN2,0.0,pathway_binn,9446
RGS14,0.0,pathway_binn,9447
SLC34A1,0.0,pathway_binn,9448
GPRIN1,0.0,pathway_binn,9449
KLHL2,0.0,pathway_binn,9450
MSMO1,0.0,pathway_binn,9451
CPE,0.0,pathway_binn,9452
TLL1,0.0,pathway_binn,9453
SPOCK3,0.0,pathway_binn,9454
CBR4,0.0,pathway_binn,9455
SH3RF1,0.0,pathway_binn,9456
NEK1,0.0,pathway_binn,9457
CLCN3,0.0,pathway_binn,9458
CHD1,0.0,pathway_binn,9459
GALNTL6,0.0,pathway_binn,9460
GALNT7,0.0,pathway_binn,9461
HMGB2,0.0,pathway_binn,9462
SAP30,0.0,pathway_binn,9463
HAND2,0.0,pathway_binn,9464
HPGD,0.0,pathway_binn,9465
GLRA3,0.0,pathway_binn,9466
ASB5,0.0,pathway_binn,9467
SPCS3,0.0,pathway_binn,9468
AADAT,0.0,pathway_binn,9469
SFRP2,0.0,pathway_binn,9470
PLRG1,0.0,pathway_binn,9471
FGB,0.0,pathway_binn,9472
FGA,0.0,pathway_binn,9473
FGG,0.0,pathway_binn,9474
LRAT,0.0,pathway_binn,9475
NPY2R,0.0,pathway_binn,9476
GUCY1A1,0.0,pathway_binn,9477
GUCY1B1,0.0,pathway_binn,9478
NPY5R,0.0,pathway_binn,9479
TDO2,0.0,pathway_binn,9480
CTSO,0.0,pathway_binn,9481
GRIA2,0.0,pathway_binn,9482
RXFP1,0.0,pathway_binn,9483
ETFDH,0.0,pathway_binn,9484
PPID,0.0,pathway_binn,9485
FNIP2,0.0,pathway_binn,9486
RAPGEF2,0.0,pathway_binn,9487
NPY1R,0.0,pathway_binn,9488
ASIC5,0.0,pathway_binn,9489
EXOC3,0.0,pathway_binn,9490
SLC9A3,0.0,pathway_binn,9491
CEP72,0.0,pathway_binn,9492
BRD9,0.0,pathway_binn,9493
NKD2,0.0,pathway_binn,9494
SLC12A7,0.0,pathway_binn,9495
SLC6A19,0.0,pathway_binn,9496
TERT,0.0,pathway_binn,9497
SLC6A3,0.0,pathway_binn,9498
VEGFC,0.0,pathway_binn,9499
NDUFS6,0.0,pathway_binn,9500
IRX2,0.0,pathway_binn,9501
IRX1,0.0,pathway_binn,9502
ADAMTS16,0.0,pathway_binn,9503
NSUN2,0.0,pathway_binn,9504
SRD5A1,0.0,pathway_binn,9505
TENT4A,0.0,pathway_binn,9506
ADCY2,0.0,pathway_binn,9507
MTRR,0.0,pathway_binn,9508
LPCAT1,0.0,pathway_binn,9509
NEIL3,0.0,pathway_binn,9510
AGA,0.0,pathway_binn,9511
DCTD,0.0,pathway_binn,9512
CLDN22,0.0,pathway_binn,9513
ING2,0.0,pathway_binn,9514
TRAPPC11,0.0,pathway_binn,9515
ENPP6,0.0,pathway_binn,9516
IRF2,0.0,pathway_binn,9517
CASP3,0.0,pathway_binn,9518
AHRR,0.0,pathway_binn,9519
ACSL1,0.0,pathway_binn,9520
SLC25A4,0.0,pathway_binn,9521
TLR3,0.0,pathway_binn,9522
CYP4V2,0.0,pathway_binn,9523
KLKB1,0.0,pathway_binn,9524
F11,0.0,pathway_binn,9525
MTNR1A,0.0,pathway_binn,9526
PLEKHG4B,0.0,pathway_binn,9527
SDHA,0.0,pathway_binn,9528
CENPU,0.0,pathway_binn,9529
TIFA,0.0,pathway_binn,9530
ALPK1,0.0,pathway_binn,9531
ANK2,0.0,pathway_binn,9532
CAMK2D,0.0,pathway_binn,9533
ARSJ,0.0,pathway_binn,9534
UGT8,0.0,pathway_binn,9535
NDST4,0.0,pathway_binn,9536
NDST3,0.0,pathway_binn,9537
METTL14,0.0,pathway_binn,9538
TLR2,0.0,pathway_binn,9539
FABP2,0.0,pathway_binn,9540
PDE5A,0.0,pathway_binn,9541
MAD2L1,0.0,pathway_binn,9542
TNIP3,0.0,pathway_binn,9543
QRFPR,0.0,pathway_binn,9544
ANXA5,0.0,pathway_binn,9545
EXOSC9,0.0,pathway_binn,9546
CCNA2,0.0,pathway_binn,9547
BBS7,0.0,pathway_binn,9548
SEC24D,0.0,pathway_binn,9549
DKK2,0.0,pathway_binn,9550
PAPSS1,0.0,pathway_binn,9551
SGMS2,0.0,pathway_binn,9552
CYP2U1,0.0,pathway_binn,9553
HADH,0.0,pathway_binn,9554
LEF1,0.0,pathway_binn,9555
OSTC,0.0,pathway_binn,9556
ETNPPL,0.0,pathway_binn,9557
COL25A1,0.0,pathway_binn,9558
PITX2,0.0,pathway_binn,9559
MCUB,0.0,pathway_binn,9560
CASP6,0.0,pathway_binn,9561
PLA2G12A,0.0,pathway_binn,9562
CFI,0.0,pathway_binn,9563
GAR1,0.0,pathway_binn,9564
RRH,0.0,pathway_binn,9565
EGF,0.0,pathway_binn,9566
ELOVL6,0.0,pathway_binn,9567
ENPEP,0.0,pathway_binn,9568
SEC24B,0.0,pathway_binn,9569
INPP4B,0.0,pathway_binn,9570
GAB1,0.0,pathway_binn,9571
SMARCA5,0.0,pathway_binn,9572
GYPA,0.0,pathway_binn,9573
HHIP,0.0,pathway_binn,9574
ANAPC10,0.0,pathway_binn,9575
ABCE1,0.0,pathway_binn,9576
SMAD1,0.0,pathway_binn,9577
MMAA,0.0,pathway_binn,9578
TRPC3,0.0,pathway_binn,9579
LSM6,0.0,pathway_binn,9580
POU4F2,0.0,pathway_binn,9581
EDNRA,0.0,pathway_binn,9582
ARHGAP10,0.0,pathway_binn,9583
NR3C2,0.0,pathway_binn,9584
SH3D19,0.0,pathway_binn,9585
FBXW7,0.0,pathway_binn,9586
TRIM2,0.0,pathway_binn,9587
MND1,0.0,pathway_binn,9588
ZNF827,0.0,pathway_binn,9589
IL2,0.0,pathway_binn,9590
IL21,0.0,pathway_binn,9591
BBS12,0.0,pathway_binn,9592
FGF2,0.0,pathway_binn,9593
SPRY1,0.0,pathway_binn,9594
INTU,0.0,pathway_binn,9595
HSPA4L,0.0,pathway_binn,9596
PLK4,0.0,pathway_binn,9597
PGRMC2,0.0,pathway_binn,9598
IL15,0.0,pathway_binn,9599
SCLT1,0.0,pathway_binn,9600
SLC7A11,0.0,pathway_binn,9601
NOCT,0.0,pathway_binn,9602
ELF2,0.0,pathway_binn,9603
NDUFC1,0.0,pathway_binn,9604
RAB33B,0.0,pathway_binn,9605
SETD7,0.0,pathway_binn,9606
MGST2,0.0,pathway_binn,9607
MAML3,0.0,pathway_binn,9608
UCP1,0.0,pathway_binn,9609
JADE1,0.0,pathway_binn,9610
FCHO2,0.0,pathway_binn,9611
BTF3,0.0,pathway_binn,9612
UTP15,0.0,pathway_binn,9613
ARHGEF28,0.0,pathway_binn,9614
HEXB,0.0,pathway_binn,9615
GFM2,0.0,pathway_binn,9616
FAM169A,0.0,pathway_binn,9617
GCNT4,0.0,pathway_binn,9618
HMGCR,0.0,pathway_binn,9619
SEMA5A,0.0,pathway_binn,9620
SV2C,0.0,pathway_binn,9621
IQGAP2,0.0,pathway_binn,9622
F2RL2,0.0,pathway_binn,9623
F2R,0.0,pathway_binn,9624
F2RL1,0.0,pathway_binn,9625
CRHBP,0.0,pathway_binn,9626
AGGF1,0.0,pathway_binn,9627
PDE8B,0.0,pathway_binn,9628
AP3B1,0.0,pathway_binn,9629
POLK,0.0,pathway_binn,9630
ADAMTS6,0.0,pathway_binn,9631
CENPK,0.0,pathway_binn,9632
PPWD1,0.0,pathway_binn,9633
TRAPPC13,0.0,pathway_binn,9634
NLN,0.0,pathway_binn,9635
ERBIN,0.0,pathway_binn,9636
CD180,0.0,pathway_binn,9637
PIK3R1,0.0,pathway_binn,9638
SLC30A5,0.0,pathway_binn,9639
TNPO1,0.0,pathway_binn,9640
CENPH,0.0,pathway_binn,9641
CDK7,0.0,pathway_binn,9642
AK6,0.0,pathway_binn,9643
TAF9,0.0,pathway_binn,9644
RAD17,0.0,pathway_binn,9645
OCLN,0.0,pathway_binn,9646
BDP1,0.0,pathway_binn,9647
MCCC2,0.0,pathway_binn,9648
MAP1B,0.0,pathway_binn,9649
CCNB1,0.0,pathway_binn,9650
COX7C,0.0,pathway_binn,9651
RASA1,0.0,pathway_binn,9652
CCNH,0.0,pathway_binn,9653
MEF2C,0.0,pathway_binn,9654
POLR3G,0.0,pathway_binn,9655
ADGRV1,0.0,pathway_binn,9656
NR2F1,0.0,pathway_binn,9657
ARSK,0.0,pathway_binn,9658
GPR150,0.0,pathway_binn,9659
SCAMP1,0.0,pathway_binn,9660
GLRX,0.0,pathway_binn,9661
ELL2,0.0,pathway_binn,9662
PCSK1,0.0,pathway_binn,9663
CAST,0.0,pathway_binn,9664
ERAP1,0.0,pathway_binn,9665
ERAP2,0.0,pathway_binn,9666
LNPEP,0.0,pathway_binn,9667
RIOK2,0.0,pathway_binn,9668
RGMB,0.0,pathway_binn,9669
RHOBTB3,0.0,pathway_binn,9670
LHFPL2,0.0,pathway_binn,9671
ARSB,0.0,pathway_binn,9672
DMGDH,0.0,pathway_binn,9673
BHMT2,0.0,pathway_binn,9674
BHMT,0.0,pathway_binn,9675
JMY,0.0,pathway_binn,9676
HOMER1,0.0,pathway_binn,9677
THBS4,0.0,pathway_binn,9678
SERINC5,0.0,pathway_binn,9679
EDIL3,0.0,pathway_binn,9680
DHFR,0.0,pathway_binn,9681
MSH3,0.0,pathway_binn,9682
RASGRF2,0.0,pathway_binn,9683
CKMT2,0.0,pathway_binn,9684
ACOT12,0.0,pathway_binn,9685
ATG10,0.0,pathway_binn,9686
XRCC4,0.0,pathway_binn,9687
VCAN,0.0,pathway_binn,9688
HAPLN1,0.0,pathway_binn,9689
ZFYVE16,0.0,pathway_binn,9690
IL7R,0.0,pathway_binn,9691
UGT3A1,0.0,pathway_binn,9692
UGT3A2,0.0,pathway_binn,9693
SKP2,0.0,pathway_binn,9694
NADK2,0.0,pathway_binn,9695
SLC1A3,0.0,pathway_binn,9696
NIPBL,0.0,pathway_binn,9697
NUP155,0.0,pathway_binn,9698
WDR70,0.0,pathway_binn,9699
CWC27,0.0,pathway_binn,9700
LIFR,0.0,pathway_binn,9701
OSMR,0.0,pathway_binn,9702
RICTOR,0.0,pathway_binn,9703
FYB1,0.0,pathway_binn,9704
C9,0.0,pathway_binn,9705
DAB2,0.0,pathway_binn,9706
PTGER4,0.0,pathway_binn,9707
PRKAA1,0.0,pathway_binn,9708
C7,0.0,pathway_binn,9709
GDNF,0.0,pathway_binn,9710
TAS2R1,0.0,pathway_binn,9711
CMBL,0.0,pathway_binn,9712
TRIO,0.0,pathway_binn,9713
OTULIN,0.0,pathway_binn,9714
ANKH,0.0,pathway_binn,9715
FBXL7,0.0,pathway_binn,9716
RETREG1,0.0,pathway_binn,9717
MYO10,0.0,pathway_binn,9718
BASP1,0.0,pathway_binn,9719
PRLR,0.0,pathway_binn,9720
PRDM9,0.0,pathway_binn,9721
DROSHA,0.0,pathway_binn,9722
MTMR12,0.0,pathway_binn,9723
ADAMTS12,0.0,pathway_binn,9724
RXFP3,0.0,pathway_binn,9725
SLC45A2,0.0,pathway_binn,9726
AMACR,0.0,pathway_binn,9727
RAD1,0.0,pathway_binn,9728
AGXT2,0.0,pathway_binn,9729
CDH18,0.0,pathway_binn,9730
MCIDAS,0.0,pathway_binn,9731
CCNO,0.0,pathway_binn,9732
MTREX,0.0,pathway_binn,9733
PLPP1,0.0,pathway_binn,9734
SLC38A9,0.0,pathway_binn,9735
DDX4,0.0,pathway_binn,9736
IL31RA,0.0,pathway_binn,9737
MAP3K1,0.0,pathway_binn,9738
SETD9,0.0,pathway_binn,9739
C6,0.0,pathway_binn,9740
RAB3C,0.0,pathway_binn,9741
PDE4D,0.0,pathway_binn,9742
DEPDC1B,0.0,pathway_binn,9743
ELOVL7,0.0,pathway_binn,9744
ERCC8,0.0,pathway_binn,9745
NDUFAF2,0.0,pathway_binn,9746
KIF2A,0.0,pathway_binn,9747
DIMT1,0.0,pathway_binn,9748
HTR1A,0.0,pathway_binn,9749
PLK2,0.0,pathway_binn,9750
OXCT1,0.0,pathway_binn,9751
FBXO4,0.0,pathway_binn,9752
GHR,0.0,pathway_binn,9753
SELENOP,0.0,pathway_binn,9754
HMGCS1,0.0,pathway_binn,9755
CCL28,0.0,pathway_binn,9756
PAIP1,0.0,pathway_binn,9757
NNT,0.0,pathway_binn,9758
FGF10,0.0,pathway_binn,9759
GPX8,0.0,pathway_binn,9760
EMB,0.0,pathway_binn,9761
PARP8,0.0,pathway_binn,9762
ISL1,0.0,pathway_binn,9763
PELO,0.0,pathway_binn,9764
ITGA1,0.0,pathway_binn,9765
ITGA2,0.0,pathway_binn,9766
MOCS2,0.0,pathway_binn,9767
FST,0.0,pathway_binn,9768
NDUFS4,0.0,pathway_binn,9769
SNX18,0.0,pathway_binn,9770
HCN1,0.0,pathway_binn,9771
SLC22A1,0.0,pathway_binn,9772
SLC22A2,0.0,pathway_binn,9773
SLC22A3,0.0,pathway_binn,9774
PLG,0.0,pathway_binn,9775
AGPAT4,0.0,pathway_binn,9776
PRKN,0.0,pathway_binn,9777
QKI,0.0,pathway_binn,9778
PDE10A,0.0,pathway_binn,9779
TBXT,0.0,pathway_binn,9780
BTN3A3,0.0,pathway_binn,9781
RNASET2,0.0,pathway_binn,9782
CCR6,0.0,pathway_binn,9783
GPR31,0.0,pathway_binn,9784
TTLL2,0.0,pathway_binn,9785
KIF25,0.0,pathway_binn,9786
THBS2,0.0,pathway_binn,9787
C6orf120,0.0,pathway_binn,9788
PHF10,0.0,pathway_binn,9789
DLL1,0.0,pathway_binn,9790
MPC1,0.0,pathway_binn,9791
MTRF1L,0.0,pathway_binn,9792
RGS17,0.0,pathway_binn,9793
OPRM1,0.0,pathway_binn,9794
TIAM2,0.0,pathway_binn,9795
TFB1M,0.0,pathway_binn,9796
CLDN20,0.0,pathway_binn,9797
NOX3,0.0,pathway_binn,9798
ARID1B,0.0,pathway_binn,9799
SNX9,0.0,pathway_binn,9800
IGF2R,0.0,pathway_binn,9801
GTF2H5,0.0,pathway_binn,9802
TULP4,0.0,pathway_binn,9803
DYNLT1,0.0,pathway_binn,9804
EZR,0.0,pathway_binn,9805
TAGAP,0.0,pathway_binn,9806
SOD2,0.0,pathway_binn,9807
ACAT2,0.0,pathway_binn,9808
TCP1,0.0,pathway_binn,9809
MAS1,0.0,pathway_binn,9810
SYNJ2,0.0,pathway_binn,9811
GNA12,0.0,pathway_binn,9812
CARD11,0.0,pathway_binn,9813
SDK1,0.0,pathway_binn,9814
FOXK1,0.0,pathway_binn,9815
WIPI2,0.0,pathway_binn,9816
SLC29A4,0.0,pathway_binn,9817
FBXL18,0.0,pathway_binn,9818
FSCN1,0.0,pathway_binn,9819
RNF216,0.0,pathway_binn,9820
FAM120B,0.0,pathway_binn,9821
PMS2,0.0,pathway_binn,9822
AIMP2,0.0,pathway_binn,9823
EIF2AK1,0.0,pathway_binn,9824
USP42,0.0,pathway_binn,9825
CYTH3,0.0,pathway_binn,9826
RAC1,0.0,pathway_binn,9827
DAGLB,0.0,pathway_binn,9828
KDELR2,0.0,pathway_binn,9829
C1GALT1,0.0,pathway_binn,9830
CCZ1,0.0,pathway_binn,9831
PSMB1,0.0,pathway_binn,9832
TBP,0.0,pathway_binn,9833
FAM20C,0.0,pathway_binn,9834
PDGFA,0.0,pathway_binn,9835
PRKAR1B,0.0,pathway_binn,9836
SUN1,0.0,pathway_binn,9837
ADAP1,0.0,pathway_binn,9838
COX19,0.0,pathway_binn,9839
CYP2W1,0.0,pathway_binn,9840
TTYH3,0.0,pathway_binn,9841
INTS1,0.0,pathway_binn,9842
MAFK,0.0,pathway_binn,9843
PSMG3,0.0,pathway_binn,9844
MAD1L1,0.0,pathway_binn,9845
MRM2,0.0,pathway_binn,9846
EIF3B,0.0,pathway_binn,9847
CHST12,0.0,pathway_binn,9848
LFNG,0.0,pathway_binn,9849
IQCE,0.0,pathway_binn,9850
GPER1,0.0,pathway_binn,9851
TAAR8,0.0,pathway_binn,9852
TAAR6,0.0,pathway_binn,9853
TAAR5,0.0,pathway_binn,9854
TAAR2,0.0,pathway_binn,9855
TAAR1,0.0,pathway_binn,9856
VNN1,0.0,pathway_binn,9857
VNN2,0.0,pathway_binn,9858
EYA4,0.0,pathway_binn,9859
SLC2A12,0.0,pathway_binn,9860
FBXO5,0.0,pathway_binn,9861
ALDH8A1,0.0,pathway_binn,9862
HBS1L,0.0,pathway_binn,9863
MYB,0.0,pathway_binn,9864
AHI1,0.0,pathway_binn,9865
PDE7B,0.0,pathway_binn,9866
MAP3K5,0.0,pathway_binn,9867
PEX7,0.0,pathway_binn,9868
IL20RA,0.0,pathway_binn,9869
IL22RA2,0.0,pathway_binn,9870
SGK1,0.0,pathway_binn,9871
FABP7,0.0,pathway_binn,9872
CLVS2,0.0,pathway_binn,9873
TRDN,0.0,pathway_binn,9874
RNF217,0.0,pathway_binn,9875
TPD52L1,0.0,pathway_binn,9876
HEY2,0.0,pathway_binn,9877
TRMT11,0.0,pathway_binn,9878
CENPW,0.0,pathway_binn,9879
RSPO3,0.0,pathway_binn,9880
TAAR9,0.0,pathway_binn,9881
PTPRK,0.0,pathway_binn,9882
LAMA2,0.0,pathway_binn,9883
ARHGAP18,0.0,pathway_binn,9884
EPB41L2,0.0,pathway_binn,9885
ARG1,0.0,pathway_binn,9886
ENPP3,0.0,pathway_binn,9887
OR2A4,0.0,pathway_binn,9888
ENPP1,0.0,pathway_binn,9889
CCN2,0.0,pathway_binn,9890
RNF146,0.0,pathway_binn,9891
UST,0.0,pathway_binn,9892
TAB2,0.0,pathway_binn,9893
PPIL4,0.0,pathway_binn,9894
LATS1,0.0,pathway_binn,9895
NUP43,0.0,pathway_binn,9896
PCMT1,0.0,pathway_binn,9897
RAET1E,0.0,pathway_binn,9898
RAET1G,0.0,pathway_binn,9899
ULBP2,0.0,pathway_binn,9900
IFNGR1,0.0,pathway_binn,9901
RAET1L,0.0,pathway_binn,9902
ULBP3,0.0,pathway_binn,9903
IYD,0.0,pathway_binn,9904
PLEKHG1,0.0,pathway_binn,9905
MTHFD1L,0.0,pathway_binn,9906
AKAP12,0.0,pathway_binn,9907
ESR1,0.0,pathway_binn,9908
SYNE1,0.0,pathway_binn,9909
VIP,0.0,pathway_binn,9910
ULBP1,0.0,pathway_binn,9911
TNFAIP3,0.0,pathway_binn,9912
PERP,0.0,pathway_binn,9913
HEBP2,0.0,pathway_binn,9914
REPS1,0.0,pathway_binn,9915
CITED2,0.0,pathway_binn,9916
NMBR,0.0,pathway_binn,9917
VTA1,0.0,pathway_binn,9918
ADGRG6,0.0,pathway_binn,9919
ADAT2,0.0,pathway_binn,9920
RAB32,0.0,pathway_binn,9921
FUCA2,0.0,pathway_binn,9922
PHACTR2,0.0,pathway_binn,9923
LTV1,0.0,pathway_binn,9924
PLAGL1,0.0,pathway_binn,9925
SF3B5,0.0,pathway_binn,9926
UTRN,0.0,pathway_binn,9927
EPM2A,0.0,pathway_binn,9928
FBXO30,0.0,pathway_binn,9929
SHPRH,0.0,pathway_binn,9930
GRM1,0.0,pathway_binn,9931
PEX3,0.0,pathway_binn,9932
CRCP,0.0,pathway_binn,9933
TPST1,0.0,pathway_binn,9934
KCTD7,0.0,pathway_binn,9935
RABGEF1,0.0,pathway_binn,9936
TYW1,0.0,pathway_binn,9937
AUTS2,0.0,pathway_binn,9938
GALNT17,0.0,pathway_binn,9939
POM121,0.0,pathway_binn,9940
TRIM50,0.0,pathway_binn,9941
COL28A1,0.0,pathway_binn,9942
FZD9,0.0,pathway_binn,9943
BAZ1B,0.0,pathway_binn,9944
BCL7B,0.0,pathway_binn,9945
MLXIPL,0.0,pathway_binn,9946
VPS37D,0.0,pathway_binn,9947
BUD23,0.0,pathway_binn,9948
STX1A,0.0,pathway_binn,9949
CLDN3,0.0,pathway_binn,9950
CLDN4,0.0,pathway_binn,9951
FKBP6,0.0,pathway_binn,9952
UPP1,0.0,pathway_binn,9953
ABCA13,0.0,pathway_binn,9954
IKZF1,0.0,pathway_binn,9955
FIGNL1,0.0,pathway_binn,9956
DDC,0.0,pathway_binn,9957
GRB10,0.0,pathway_binn,9958
SEC61G,0.0,pathway_binn,9959
EGFR,0.0,pathway_binn,9960
NIPSNAP2,0.0,pathway_binn,9961
ASL,0.0,pathway_binn,9962
CCT6A,0.0,pathway_binn,9963
SUMF2,0.0,pathway_binn,9964
PHKG1,0.0,pathway_binn,9965
CHCHD2,0.0,pathway_binn,9966
ZNF479,0.0,pathway_binn,9967
ZNF716,0.0,pathway_binn,9968
ZNF735,0.0,pathway_binn,9969
VKORC1L1,0.0,pathway_binn,9970
GUSB,0.0,pathway_binn,9971
PSPH,0.0,pathway_binn,9972
CACNA2D1,0.0,pathway_binn,9973
PCLO,0.0,pathway_binn,9974
SEMA3E,0.0,pathway_binn,9975
SEMA3A,0.0,pathway_binn,9976
GRM3,0.0,pathway_binn,9977
CROT,0.0,pathway_binn,9978
ABCB4,0.0,pathway_binn,9979
ABCB1,0.0,pathway_binn,9980
DBF4,0.0,pathway_binn,9981
ELN,0.0,pathway_binn,9982
SRI,0.0,pathway_binn,9983
STEAP4,0.0,pathway_binn,9984
CLDN12,0.0,pathway_binn,9985
FZD1,0.0,pathway_binn,9986
MTERF1,0.0,pathway_binn,9987
AKAP9,0.0,pathway_binn,9988
CYP51A1,0.0,pathway_binn,9989
PEX1,0.0,pathway_binn,9990
CDK6,0.0,pathway_binn,9991
ADAM22,0.0,pathway_binn,9992
LIMK1,0.0,pathway_binn,9993
EIF4H,0.0,pathway_binn,9994
LAT2,0.0,pathway_binn,9995
RFC2,0.0,pathway_binn,9996
CASTOR2,0.0,pathway_binn,9997
RCC1L,0.0,pathway_binn,9998
HIP1,0.0,pathway_binn,9999
POR,0.0,pathway_binn,10000
MDH2,0.0,pathway_binn,10001
HGF,0.0,pathway_binn,10002
YWHAG,0.0,pathway_binn,10003
ZP3,0.0,pathway_binn,10004
DTX2,0.0,pathway_binn,10005
FGL2,0.0,pathway_binn,10006
PTPN12,0.0,pathway_binn,10007
MAGI2,0.0,pathway_binn,10008
GNAI1,0.0,pathway_binn,10009
CD36,0.0,pathway_binn,10010
GNAT3,0.0,pathway_binn,10011
HSPB1,0.0,pathway_binn,10012
OSBPL3,0.0,pathway_binn,10013
CYCS,0.0,pathway_binn,10014
HNRNPA2B1,0.0,pathway_binn,10015
CBX3,0.0,pathway_binn,10016
SKAP2,0.0,pathway_binn,10017
HOXA1,0.0,pathway_binn,10018
HOXA2,0.0,pathway_binn,10019
HOXA3,0.0,pathway_binn,10020
HOXA4,0.0,pathway_binn,10021
HUS1,0.0,pathway_binn,10022
HOXA11,0.0,pathway_binn,10023
HIBADH,0.0,pathway_binn,10024
TAX1BP1,0.0,pathway_binn,10025
WIPF3,0.0,pathway_binn,10026
FKBP14,0.0,pathway_binn,10027
PLEKHA8,0.0,pathway_binn,10028
ZNRF2,0.0,pathway_binn,10029
NOD1,0.0,pathway_binn,10030
GGCT,0.0,pathway_binn,10031
HOXA6,0.0,pathway_binn,10032
MIOS,0.0,pathway_binn,10033
RPA3,0.0,pathway_binn,10034
THSD7A,0.0,pathway_binn,10035
DGKB,0.0,pathway_binn,10036
AGMO,0.0,pathway_binn,10037
CRPPA,0.0,pathway_binn,10038
AHR,0.0,pathway_binn,10039
PRPS1L1,0.0,pathway_binn,10040
HDAC9,0.0,pathway_binn,10041
GSDME,0.0,pathway_binn,10042
ITGB8,0.0,pathway_binn,10043
ABCB5,0.0,pathway_binn,10044
IL6,0.0,pathway_binn,10045
TOMM7,0.0,pathway_binn,10046
NUP42,0.0,pathway_binn,10047
GPNMB,0.0,pathway_binn,10048
MALSU1,0.0,pathway_binn,10049
IGF2BP3,0.0,pathway_binn,10050
NPY,0.0,pathway_binn,10051
TWIST1,0.0,pathway_binn,10052
COA1,0.0,pathway_binn,10053
BLVRA,0.0,pathway_binn,10054
UBE2D4,0.0,pathway_binn,10055
DBNL,0.0,pathway_binn,10056
PGAM2,0.0,pathway_binn,10057
POLM,0.0,pathway_binn,10058
POLD2,0.0,pathway_binn,10059
MYL7,0.0,pathway_binn,10060
GCK,0.0,pathway_binn,10061
CRHR2,0.0,pathway_binn,10062
CAMK2B,0.0,pathway_binn,10063
OGDH,0.0,pathway_binn,10064
PPIA,0.0,pathway_binn,10065
TBRG4,0.0,pathway_binn,10066
RAMP3,0.0,pathway_binn,10067
ADCY1,0.0,pathway_binn,10068
IGFBP1,0.0,pathway_binn,10069
IGFBP3,0.0,pathway_binn,10070
TNS3,0.0,pathway_binn,10071
YKT6,0.0,pathway_binn,10072
INMT,0.0,pathway_binn,10073
AQP1,0.0,pathway_binn,10074
ADCYAP1R1,0.0,pathway_binn,10075
PDE1C,0.0,pathway_binn,10076
LSM5,0.0,pathway_binn,10077
FKBP9,0.0,pathway_binn,10078
BBS9,0.0,pathway_binn,10079
NPSR1,0.0,pathway_binn,10080
SEPTIN7,0.0,pathway_binn,10081
HECW1,0.0,pathway_binn,10082
ANLN,0.0,pathway_binn,10083
ELMO1,0.0,pathway_binn,10084
STARD3NL,0.0,pathway_binn,10085
AMPH,0.0,pathway_binn,10086
VPS41,0.0,pathway_binn,10087
RALA,0.0,pathway_binn,10088
CDK13,0.0,pathway_binn,10089
INHBA,0.0,pathway_binn,10090
GLI3,0.0,pathway_binn,10091
PSMA2,0.0,pathway_binn,10092
EEPD1,0.0,pathway_binn,10093
IP6K3,0.0,pathway_binn,10094
LEMD2,0.0,pathway_binn,10095
MLN,0.0,pathway_binn,10096
GRM4,0.0,pathway_binn,10097
HMGA1,0.0,pathway_binn,10098
NUDT3,0.0,pathway_binn,10099
PACSIN1,0.0,pathway_binn,10100
SNRPC,0.0,pathway_binn,10101
TAF11,0.0,pathway_binn,10102
SERINC1,0.0,pathway_binn,10103
DEF6,0.0,pathway_binn,10104
PPARD,0.0,pathway_binn,10105
FANCE,0.0,pathway_binn,10106
TEAD3,0.0,pathway_binn,10107
FKBP5,0.0,pathway_binn,10108
CLPS,0.0,pathway_binn,10109
SRPK1,0.0,pathway_binn,10110
MAPK14,0.0,pathway_binn,10111
MAPK13,0.0,pathway_binn,10112
SCUBE3,0.0,pathway_binn,10113
TAP1,0.0,pathway_binn,10114
BRD2,0.0,pathway_binn,10115
COL11A2,0.0,pathway_binn,10116
RXRB,0.0,pathway_binn,10117
SLC39A7,0.0,pathway_binn,10118
HSD17B8,0.0,pathway_binn,10119
RING1,0.0,pathway_binn,10120
VPS52,0.0,pathway_binn,10121
B3GALT4,0.0,pathway_binn,10122
UQCC2,0.0,pathway_binn,10123
PFDN6,0.0,pathway_binn,10124
RGL2,0.0,pathway_binn,10125
TAPBP,0.0,pathway_binn,10126
DAXX,0.0,pathway_binn,10127
KIFC1,0.0,pathway_binn,10128
PHF1,0.0,pathway_binn,10129
SYNGAP1,0.0,pathway_binn,10130
BAK1,0.0,pathway_binn,10131
ITPR3,0.0,pathway_binn,10132
WDR46,0.0,pathway_binn,10133
TREML2,0.0,pathway_binn,10134
TREML4,0.0,pathway_binn,10135
TREM1,0.0,pathway_binn,10136
NCR2,0.0,pathway_binn,10137
TFEB,0.0,pathway_binn,10138
FRS3,0.0,pathway_binn,10139
TOMM6,0.0,pathway_binn,10140
USP49,0.0,pathway_binn,10141
BYSL,0.0,pathway_binn,10142
BRPF3,0.0,pathway_binn,10143
TAF8,0.0,pathway_binn,10144
GUCA1B,0.0,pathway_binn,10145
UBR2,0.0,pathway_binn,10146
TBCC,0.0,pathway_binn,10147
BICRAL,0.0,pathway_binn,10148
PTCRA,0.0,pathway_binn,10149
CNPY3,0.0,pathway_binn,10150
GNMT,0.0,pathway_binn,10151
PEX6,0.0,pathway_binn,10152
CCND3,0.0,pathway_binn,10153
STK38,0.0,pathway_binn,10154
SRSF3,0.0,pathway_binn,10155
CDKN1A,0.0,pathway_binn,10156
RAB44,0.0,pathway_binn,10157
PPIL1,0.0,pathway_binn,10158
FGD2,0.0,pathway_binn,10159
PIM1,0.0,pathway_binn,10160
RNF8,0.0,pathway_binn,10161
MDGA1,0.0,pathway_binn,10162
TREM2,0.0,pathway_binn,10163
GLP1R,0.0,pathway_binn,10164
KCNK5,0.0,pathway_binn,10165
KCNK17,0.0,pathway_binn,10166
KCNK16,0.0,pathway_binn,10167
KIF6,0.0,pathway_binn,10168
LRFN2,0.0,pathway_binn,10169
APOBEC2,0.0,pathway_binn,10170
NFYA,0.0,pathway_binn,10171
TREML1,0.0,pathway_binn,10172
GLO1,0.0,pathway_binn,10173
OR2H2,0.0,pathway_binn,10174
TRIM31,0.0,pathway_binn,10175
TRIM10,0.0,pathway_binn,10176
TRIM26,0.0,pathway_binn,10177
TRIM39,0.0,pathway_binn,10178
RPP21,0.0,pathway_binn,10179
ABCF1,0.0,pathway_binn,10180
PPP1R10,0.0,pathway_binn,10181
ATAT1,0.0,pathway_binn,10182
PSMB9,0.0,pathway_binn,10183
MDC1,0.0,pathway_binn,10184
TUBB,0.0,pathway_binn,10185
FLOT1,0.0,pathway_binn,10186
IER3,0.0,pathway_binn,10187
DDR1,0.0,pathway_binn,10188
GTF2H4,0.0,pathway_binn,10189
VARS2,0.0,pathway_binn,10190
MUC21,0.0,pathway_binn,10191
CDSN,0.0,pathway_binn,10192
DHX16,0.0,pathway_binn,10193
BTN2A1,0.0,pathway_binn,10194
BTN1A1,0.0,pathway_binn,10195
OR2B2,0.0,pathway_binn,10196
OR2B6,0.0,pathway_binn,10197
GPX6,0.0,pathway_binn,10198
GPX5,0.0,pathway_binn,10199
TRIM27,0.0,pathway_binn,10200
OR2W1,0.0,pathway_binn,10201
OR2B3,0.0,pathway_binn,10202
GABBR1,0.0,pathway_binn,10203
OR2J2,0.0,pathway_binn,10204
OR14J1,0.0,pathway_binn,10205
OR5V1,0.0,pathway_binn,10206
OR12D3,0.0,pathway_binn,10207
OR12D2,0.0,pathway_binn,10208
OR11A1,0.0,pathway_binn,10209
OR10C1,0.0,pathway_binn,10210
OR2H1,0.0,pathway_binn,10211
UBD,0.0,pathway_binn,10212
OR2J3,0.0,pathway_binn,10213
SLC44A4,0.0,pathway_binn,10214
EHMT2,0.0,pathway_binn,10215
C2,0.0,pathway_binn,10216
CFB,0.0,pathway_binn,10217
NELFE,0.0,pathway_binn,10218
DXO,0.0,pathway_binn,10219
C4B,0.0,pathway_binn,10220
CYP21A2,0.0,pathway_binn,10221
TNXB,0.0,pathway_binn,10222
TCF19,0.0,pathway_binn,10223
FKBPL,0.0,pathway_binn,10224
PPT2,0.0,pathway_binn,10225
AGPAT1,0.0,pathway_binn,10226
RNF5,0.0,pathway_binn,10227
AGER,0.0,pathway_binn,10228
GPSM3,0.0,pathway_binn,10229
BTNL2,0.0,pathway_binn,10230
TAP2,0.0,pathway_binn,10231
PSMB8,0.0,pathway_binn,10232
ATF6B,0.0,pathway_binn,10233
MICA,0.0,pathway_binn,10234
MICB,0.0,pathway_binn,10235
DDX39B,0.0,pathway_binn,10236
ATP6V1G2,0.0,pathway_binn,10237
LTA,0.0,pathway_binn,10238
TNF,0.0,pathway_binn,10239
LTB,0.0,pathway_binn,10240
NCR3,0.0,pathway_binn,10241
BAG6,0.0,pathway_binn,10242
NEU1,0.0,pathway_binn,10243
CSNK2B,0.0,pathway_binn,10244
LY6G6F,0.0,pathway_binn,10245
LY6G6D,0.0,pathway_binn,10246
MPIG6B,0.0,pathway_binn,10247
LY6G6C,0.0,pathway_binn,10248
MSH5,0.0,pathway_binn,10249
LSM2,0.0,pathway_binn,10250
HSPA1L,0.0,pathway_binn,10251
HSPA1A,0.0,pathway_binn,10252
HSPA1B,0.0,pathway_binn,10253
APOM,0.0,pathway_binn,10254
LYRM2,0.0,pathway_binn,10255
CASP8AP2,0.0,pathway_binn,10256
GJA10,0.0,pathway_binn,10257
BACH2,0.0,pathway_binn,10258
MAP3K7,0.0,pathway_binn,10259
EPHA7,0.0,pathway_binn,10260
MANEA,0.0,pathway_binn,10261
FUT9,0.0,pathway_binn,10262
UFL1,0.0,pathway_binn,10263
PPP2R5D,0.0,pathway_binn,10264
POU3F2,0.0,pathway_binn,10265
FBXL4,0.0,pathway_binn,10266
COQ3,0.0,pathway_binn,10267
USP45,0.0,pathway_binn,10268
MCHR2,0.0,pathway_binn,10269
ASCC3,0.0,pathway_binn,10270
GRIK2,0.0,pathway_binn,10271
HACE1,0.0,pathway_binn,10272
PRDM1,0.0,pathway_binn,10273
NDUFAF4,0.0,pathway_binn,10274
PGM3,0.0,pathway_binn,10275
ME1,0.0,pathway_binn,10276
SNAP91,0.0,pathway_binn,10277
RIPPLY2,0.0,pathway_binn,10278
CYB5R4,0.0,pathway_binn,10279
CEP162,0.0,pathway_binn,10280
NT5E,0.0,pathway_binn,10281
HTR1E,0.0,pathway_binn,10282
CGA,0.0,pathway_binn,10283
RRAGD,0.0,pathway_binn,10284
SLC35A1,0.0,pathway_binn,10285
RARS2,0.0,pathway_binn,10286
ORC3,0.0,pathway_binn,10287
CNR1,0.0,pathway_binn,10288
RNGTT,0.0,pathway_binn,10289
SRSF12,0.0,pathway_binn,10290
GABRR1,0.0,pathway_binn,10291
GABRR2,0.0,pathway_binn,10292
UBE2J1,0.0,pathway_binn,10293
GJB7,0.0,pathway_binn,10294
REV3L,0.0,pathway_binn,10295
FYN,0.0,pathway_binn,10296
LAMA4,0.0,pathway_binn,10297
MARCKS,0.0,pathway_binn,10298
HDAC2,0.0,pathway_binn,10299
HS3ST5,0.0,pathway_binn,10300
FRK,0.0,pathway_binn,10301
COL10A1,0.0,pathway_binn,10302
DSE,0.0,pathway_binn,10303
ATG5,0.0,pathway_binn,10304
KPNA5,0.0,pathway_binn,10305
GPRC6A,0.0,pathway_binn,10306
RFX6,0.0,pathway_binn,10307
GOPC,0.0,pathway_binn,10308
NUS1,0.0,pathway_binn,10309
PLN,0.0,pathway_binn,10310
ASF1A,0.0,pathway_binn,10311
MAN1A1,0.0,pathway_binn,10312
GJA1,0.0,pathway_binn,10313
RWDD1,0.0,pathway_binn,10314
CD24,0.0,pathway_binn,10315
MTRES1,0.0,pathway_binn,10316
PDSS2,0.0,pathway_binn,10317
OSTM1,0.0,pathway_binn,10318
NR2E1,0.0,pathway_binn,10319
SNX3,0.0,pathway_binn,10320
FOXO3,0.0,pathway_binn,10321
SESN1,0.0,pathway_binn,10322
PPIL6,0.0,pathway_binn,10323
SLC16A10,0.0,pathway_binn,10324
MICAL1,0.0,pathway_binn,10325
AK9,0.0,pathway_binn,10326
FIG4,0.0,pathway_binn,10327
WASF1,0.0,pathway_binn,10328
CDC40,0.0,pathway_binn,10329
DDO,0.0,pathway_binn,10330
SLC22A16,0.0,pathway_binn,10331
CDK19,0.0,pathway_binn,10332
AMD1,0.0,pathway_binn,10333
GTF3C6,0.0,pathway_binn,10334
SMPD2,0.0,pathway_binn,10335
CLIC5,0.0,pathway_binn,10336
ENPP4,0.0,pathway_binn,10337
CYP39A1,0.0,pathway_binn,10338
SLC25A27,0.0,pathway_binn,10339
TDRD6,0.0,pathway_binn,10340
PLA2G7,0.0,pathway_binn,10341
ADGRF5,0.0,pathway_binn,10342
TNFRSF21,0.0,pathway_binn,10343
CD2AP,0.0,pathway_binn,10344
UBE3D,0.0,pathway_binn,10345
MMUT,0.0,pathway_binn,10346
CENPQ,0.0,pathway_binn,10347
GLYATL3,0.0,pathway_binn,10348
RHAG,0.0,pathway_binn,10349
CRISP3,0.0,pathway_binn,10350
PGK2,0.0,pathway_binn,10351
DEFB114,0.0,pathway_binn,10352
DEFB113,0.0,pathway_binn,10353
DEFB110,0.0,pathway_binn,10354
OPN5,0.0,pathway_binn,10355
KLHDC3,0.0,pathway_binn,10356
RRP36,0.0,pathway_binn,10357
CUL7,0.0,pathway_binn,10358
KLC4,0.0,pathway_binn,10359
SRF,0.0,pathway_binn,10360
CUL9,0.0,pathway_binn,10361
DNPH1,0.0,pathway_binn,10362
POLR1C,0.0,pathway_binn,10363
XPO5,0.0,pathway_binn,10364
SUPT3H,0.0,pathway_binn,10365
GTPBP2,0.0,pathway_binn,10366
VEGFA,0.0,pathway_binn,10367
CAPN11,0.0,pathway_binn,10368
SLC29A1,0.0,pathway_binn,10369
HSP90AB1,0.0,pathway_binn,10370
SLC35B2,0.0,pathway_binn,10371
NFKBIE,0.0,pathway_binn,10372
AARS2,0.0,pathway_binn,10373
CDC5L,0.0,pathway_binn,10374
POLH,0.0,pathway_binn,10375
LMBRD1,0.0,pathway_binn,10376
COL19A1,0.0,pathway_binn,10377
COL9A1,0.0,pathway_binn,10378
FAM135A,0.0,pathway_binn,10379
SDHAF4,0.0,pathway_binn,10380
B3GAT2,0.0,pathway_binn,10381
RIMS1,0.0,pathway_binn,10382
KCNQ5,0.0,pathway_binn,10383
CGAS,0.0,pathway_binn,10384
TFAP2D,0.0,pathway_binn,10385
SLC17A5,0.0,pathway_binn,10386
CD109,0.0,pathway_binn,10387
COL12A1,0.0,pathway_binn,10388
COX7A2,0.0,pathway_binn,10389
FILIP1,0.0,pathway_binn,10390
MYO6,0.0,pathway_binn,10391
PHIP,0.0,pathway_binn,10392
ELOVL4,0.0,pathway_binn,10393
BCKDHB,0.0,pathway_binn,10394
MTO1,0.0,pathway_binn,10395
TFAP2B,0.0,pathway_binn,10396
IL17A,0.0,pathway_binn,10397
IL17F,0.0,pathway_binn,10398
MCM3,0.0,pathway_binn,10399
GSTA2,0.0,pathway_binn,10400
GSTA1,0.0,pathway_binn,10401
GSTA5,0.0,pathway_binn,10402
GSTA3,0.0,pathway_binn,10403
GSTA4,0.0,pathway_binn,10404
KHDRBS2,0.0,pathway_binn,10405
ELOVL5,0.0,pathway_binn,10406
GCLC,0.0,pathway_binn,10407
LRRC1,0.0,pathway_binn,10408
HCRTR2,0.0,pathway_binn,10409
HMGCLL1,0.0,pathway_binn,10410
COL21A1,0.0,pathway_binn,10411
DST,0.0,pathway_binn,10412
BAG2,0.0,pathway_binn,10413
RAB23,0.0,pathway_binn,10414
PRIM2,0.0,pathway_binn,10415
FBXO9,0.0,pathway_binn,10416
