gene,grad_importance
IGHM,6.2497866e-06
IGHG1,5.4412044e-06
IGKC,4.881332e-06
CCL18,4.76017e-06
PAGE2,3.4721565e-06
STC1,3.0613799e-06
TOMM20L,2.8370785e-06
ANP32D,2.7596109e-06
SPATA31A7,2.7471349e-06
FOXI2,2.7000685e-06
TBC1D21,2.664439e-06
SAGE1,2.5069385e-06
MYH4,2.5066236e-06
IQCF6,2.4622427e-06
POSTN,2.3763869e-06
MYPN,2.3252276e-06
PRAMEF4,2.2744e-06
DPT,2.2534496e-06
SOSTDC1,2.2528216e-06
AL772284.2,2.2097029e-06
NUTM2E,2.1782978e-06
TBR1,2.168265e-06
CLEC17A,2.1639319e-06
PRAMEF19,2.1615772e-06
FKBP1C,2.1139251e-06
DNAH5,2.1003036e-06
PNMA6E,2.0914506e-06
TMEM210,2.087602e-06
XAGE2,2.0610485e-06
ZDHHC19,2.0313494e-06
CCDC42,1.9894346e-06
MAGEB6B,1.9205472e-06
EPS8L1,1.9185231e-06
TCP11X1,1.9062576e-06
CXorf65,1.8992298e-06
FAM90A26,1.8732993e-06
KCTD19,1.8625127e-06
TRIM49B,1.8602294e-06
LCN9,1.8454599e-06
WDR64,1.832795e-06
CCL8,1.8321438e-06
VIT,1.8192328e-06
FAM216B,1.8139025e-06
C5orf67,1.8086803e-06
BHLHA9,1.7990711e-06
PIWIL3,1.797046e-06
RGPD3,1.7844943e-06
PZP,1.7808634e-06
ACTL7A,1.7666389e-06
ANKRD60,1.7665283e-06
RASSF6,1.7660853e-06
TPD52L3,1.748632e-06
ECEL1,1.7396522e-06
TEX11,1.7304694e-06
MYO1H,1.729687e-06
SPRR4,1.7204035e-06
MGAT4D,1.715096e-06
LRRN4,1.7093829e-06
MBD3L2B,1.704352e-06
DEFB112,1.6939974e-06
SLC36A3,1.6914491e-06
ERVFRD-1,1.688133e-06
RNF39,1.6845252e-06
SMOC2,1.6840804e-06
SPACA7,1.6821804e-06
GOLGA6L7,1.6820003e-06
POU6F2,1.6699454e-06
FAM162B,1.663755e-06
OTOP2,1.6605672e-06
FERD3L,1.6586686e-06
FCRL4,1.658003e-06
USP29,1.6570239e-06
CPHXL,1.6495653e-06
RASEF,1.647047e-06
TPSD1,1.6417655e-06
DMRTB1,1.6402267e-06
TAFA1,1.6358175e-06
NHLH2,1.6300803e-06
CRISP1,1.6285348e-06
TEX37,1.6284235e-06
CPA5,1.627876e-06
GLRA4,1.6097413e-06
WFIKKN2,1.6093785e-06
PATL2,1.6046514e-06
NUTM1,1.6045027e-06
NUPR2,1.594526e-06
TTC22,1.5917627e-06
SHOX,1.5877148e-06
SPANXN5,1.581407e-06
POM121L2,1.580571e-06
ERVV-1,1.5730328e-06
KIAA1257,1.572195e-06
CDX4,1.5720091e-06
CDR1,1.5718905e-06
EQTN,1.5689124e-06
EDDM3B,1.5650714e-06
PRB4,1.5641139e-06
ADAM7,1.5619179e-06
EXOC3L2,1.5593222e-06
NLRP13,1.558427e-06
SPIB,1.5560878e-06
GALP,1.5520467e-06
TSBP1,1.5483001e-06
EPHX3,1.5469737e-06
UBE2L5,1.544904e-06
TERB2,1.541384e-06
C13orf42,1.53983e-06
RS1,1.5292575e-06
TTLL8,1.5270798e-06
TMPRSS4,1.5217349e-06
EVX1,1.5135919e-06
FOXD4L6,1.5102029e-06
ANKRD40CL,1.5100186e-06
NLRP8,1.5100081e-06
TSGA13,1.5095889e-06
HOXA7,1.5082059e-06
FHAD1,1.5043776e-06
BARHL2,1.5034435e-06
TRAC,1.5030963e-06
COLCA2,1.5029085e-06
SP5,1.4974196e-06
LAD1,1.4926325e-06
RBMXL2,1.4897358e-06
BPIFA3,1.4893398e-06
CCDC155,1.488811e-06
XAGE5,1.4841527e-06
GMCL2,1.483586e-06
C11orf40,1.48079e-06
CCDC73,1.4766875e-06
TRAF3IP3,1.4676879e-06
LMOD2,1.4659064e-06
MAGEA11,1.45919e-06
VCX2,1.4483069e-06
LBX1,1.440288e-06
CCN3,1.4398399e-06
TNK1,1.4395206e-06
CYLC1,1.4390893e-06
CELA2B,1.4325991e-06
NLRP14,1.4234506e-06
C15orf62,1.4234481e-06
AC004593.3,1.421838e-06
CFAP45,1.4200043e-06
TRIM55,1.4187034e-06
PRAMEF18,1.416008e-06
AC010325.1,1.4126138e-06
EPYC,1.412088e-06
CYTIP,1.4101967e-06
MAB21L2,1.4090982e-06
PCP4,1.404936e-06
ADGB,1.3992518e-06
GLT1D1,1.3965592e-06
C9orf57,1.3940204e-06
RTL4,1.3935189e-06
PLEKHD1,1.3930882e-06
MYO18B,1.3909302e-06
CRYGA,1.3894401e-06
RIMBP3B,1.3864495e-06
OLIG3,1.3797882e-06
RPRML,1.3792718e-06
AP000552.4,1.3787012e-06
ANKRD66,1.3760907e-06
FRMPD1,1.3757134e-06
TMPRSS12,1.3744133e-06
RESP18,1.3735491e-06
ARMC3,1.3719217e-06
MAK,1.3709436e-06
MKX,1.3695613e-06
SPAG4,1.3688913e-06
C4orf17,1.3672217e-06
HSFX4,1.3613188e-06
IFNE,1.3607336e-06
FAM110C,1.3546277e-06
GIPC3,1.3511062e-06
KLHL34,1.349447e-06
UTF1,1.3474801e-06
FAT4,1.347435e-06
PATE3,1.3470494e-06
LRIT2,1.3458947e-06
MGP,1.3431758e-06
CRX,1.3405883e-06
PRB3,1.3373723e-06
BOLL,1.3329808e-06
AKAP14,1.3322465e-06
ART5,1.3310882e-06
C4orf54,1.3305632e-06
CTNNA3,1.3299746e-06
CFAP43,1.3293549e-06
EXOC3L4,1.3290559e-06
MZB1,1.3262713e-06
C12orf40,1.3252528e-06
LRRC74A,1.3246917e-06
PRSS51,1.3244626e-06
C8orf89,1.3225082e-06
TRABD2B,1.3224221e-06
AL845331.2,1.3223736e-06
LRRC2,1.316108e-06
PRSS37,1.3145863e-06
UMODL1,1.3138457e-06
RHEX,1.3128126e-06
SYPL2,1.3091335e-06
ZSCAN5A,1.3086277e-06
GDPD4,1.3085421e-06
C1orf100,1.3071066e-06
GABRP,1.3070514e-06
SNED1,1.3061484e-06
CTCFL,1.3043849e-06
SERPINA12,1.3011282e-06
KLHL40,1.2922238e-06
PRAC2,1.2916506e-06
MRLN,1.2904344e-06
CCDC83,1.2861641e-06
SUN5,1.286008e-06
FAM24A,1.2842203e-06
GPR146,1.283753e-06
C10orf55,1.2831824e-06
C10orf120,1.2821764e-06
CAPSL,1.279438e-06
PRR18,1.2789648e-06
FAM71C,1.2782568e-06
TCERG1L,1.2779788e-06
IQCF5,1.2755393e-06
FRAS1,1.2750769e-06
SPINT4,1.2743438e-06
NR0B1,1.2722702e-06
NEUROD6,1.2676552e-06
DEFB131B,1.26687e-06
RLN1,1.2618444e-06
SMIM21,1.2600652e-06
CDRT1,1.2562197e-06
OR52B4,1.2545149e-06
TM4SF20,1.2541794e-06
TRBC2,1.2531108e-06
KRTAP7-1,1.2525842e-06
HOXB8,1.2525351e-06
ACOD1,1.2522199e-06
CNTD1,1.250275e-06
HIST3H3,1.2498057e-06
C19orf85,1.249802e-06
GML,1.2450402e-06
MAGEB4,1.243557e-06
MTUS2,1.2433574e-06
C1orf61,1.2432449e-06
RTL3,1.2386023e-06
STK31,1.2367317e-06
C12orf81,1.2354693e-06
MYADML2,1.2347554e-06
OR8S1,1.2284494e-06
ENTHD1,1.2272753e-06
HDGFL1,1.2272675e-06
ACTRT1,1.2262411e-06
FAM178B,1.2259901e-06
CLECL1,1.2257004e-06
MPZL3,1.225319e-06
VIL1,1.2246463e-06
TCTEX1D4,1.2215453e-06
UNCX,1.2200251e-06
H1FNT,1.2195187e-06
SLC25A52,1.2187493e-06
CENPVL3,1.21775e-06
SCYGR4,1.2163902e-06
KHDC3L,1.2137842e-06
ADAM18,1.2120612e-06
FSCN3,1.211108e-06
LRRC36,1.2086683e-06
C19orf33,1.2075408e-06
EDDM13,1.206872e-06
MMEL1,1.2066888e-06
CALR3,1.2064056e-06
PPP4R3C,1.2062461e-06
C7orf33,1.2060776e-06
OVOL2,1.2033869e-06
CSTL1,1.2028473e-06
Z82206.1,1.1967784e-06
CCBE1,1.1961396e-06
NKX1-1,1.1950935e-06
TCL1A,1.1949305e-06
MAGEC1,1.1947758e-06
REG1B,1.1928215e-06
MS4A12,1.1926826e-06
CCDC105,1.1917971e-06
CCDC102A,1.1893271e-06
CLEC1A,1.187795e-06
LCN6,1.1877293e-06
TCTE1,1.1876831e-06
CRYBB3,1.1870194e-06
TMEM30B,1.1851268e-06
SMR3A,1.1835403e-06
C9orf92,1.1831006e-06
FCRL2,1.1802051e-06
SRPX2,1.1798123e-06
ODF2L,1.1782583e-06
MRGPRX1,1.1779656e-06
BARX1,1.1778441e-06
GKN2,1.1734941e-06
PRAMEF11,1.1726255e-06
SMIM9,1.1714255e-06
HBZ,1.1702218e-06
PPP1R3A,1.1699722e-06
SCGB2A2,1.1640499e-06
FOXE1,1.1639082e-06
ZG16,1.1620574e-06
FOXI3,1.1617042e-06
FMO4,1.1610645e-06
C1orf189,1.1580006e-06
ARL5C,1.1578694e-06
C11orf94,1.155108e-06
ZFP42,1.1548499e-06
SLFN13,1.1546382e-06
HELT,1.1524743e-06
CCDC195,1.1516677e-06
LACTBL1,1.1508531e-06
CLNK,1.1492348e-06
FOXD2,1.1490998e-06
RBM24,1.148274e-06
SOWAHB,1.1461328e-06
OTP,1.1459005e-06
MYO1G,1.1445436e-06
CCDC172,1.1442055e-06
SPATA1,1.1418673e-06
OPRPN,1.1417536e-06
SERPINA7,1.1410352e-06
S100A7L2,1.1385818e-06
GOLGA8M,1.1383497e-06
CC2D2B,1.1356764e-06
IGFL4,1.1331241e-06
TRIM40,1.1325988e-06
PVALEF,1.1323408e-06
AEBP1,1.1322736e-06
TINAG,1.1322135e-06
SHISA8,1.1304863e-06
MRGPRE,1.1292066e-06
AC021072.1,1.128953e-06
H3.Y,1.1258929e-06
TMEM132D,1.125226e-06
C1orf158,1.125133e-06
LRATD1,1.124048e-06
HBM,1.1230736e-06
TSKS,1.12135e-06
BAIAP3,1.1211844e-06
RIPOR3,1.1190352e-06
SPANXN3,1.1185024e-06
TAF11L4,1.1175946e-06
MEI1,1.1173264e-06
SPINK2,1.1164962e-06
PODNL1,1.1164093e-06
RHBDL2,1.1149398e-06
PDGFRL,1.1143195e-06
SLURP1,1.112224e-06
KIAA1211L,1.1120718e-06
FAM83B,1.1115752e-06
ERICH4,1.1113035e-06
PRSS16,1.1110924e-06
TSPAN16,1.1106499e-06
HOXD9,1.1102431e-06
TMCO5A,1.1097026e-06
RIPPLY3,1.1066096e-06
TTC16,1.1057075e-06
MAGEA12,1.1051584e-06
OR4F4,1.1041901e-06
IFIT1B,1.1040523e-06
TEX36,1.1023839e-06
RAD21L1,1.101446e-06
CAVIN2,1.1004503e-06
CDRT15L2,1.1003539e-06
C17orf99,1.1000305e-06
TRABD2A,1.0998826e-06
KIR3DL3,1.0988582e-06
PLK5,1.0982641e-06
CDK15,1.0976462e-06
TRGJP1,1.0974364e-06
NKX2-3,1.0969032e-06
TVP23C,1.0962093e-06
FAM170A,1.095322e-06
ASCL2,1.0953103e-06
GPR12,1.0952433e-06
LENG9,1.0950579e-06
MAB21L3,1.0940001e-06
IGHG3,1.0930268e-06
SMCP,1.0917864e-06
SIGLECL1,1.0916023e-06
RAX,1.091208e-06
HRK,1.0899221e-06
TMEM184A,1.0889906e-06
SPDYC,1.0888115e-06
TEX44,1.0862889e-06
DIRC1,1.0860533e-06
HSPB9,1.0846692e-06
DUPD1,1.0844823e-06
GPRC5A,1.0839628e-06
GRAMD2A,1.0807105e-06
LGALS13,1.0804906e-06
ZBED6CL,1.0803866e-06
RNF133,1.0802288e-06
SMPDL3B,1.0801414e-06
HIST1H4I,1.0797571e-06
C9orf152,1.0795206e-06
TCP10L2,1.0790227e-06
TRBC1,1.0783564e-06
PROSER2,1.076907e-06
CLEC12B,1.0738064e-06
PLAC1,1.0734003e-06
C1orf127,1.07129e-06
C3orf52,1.0712729e-06
TAF11L12,1.0710994e-06
SNAI3,1.0698292e-06
SPDEF,1.0697124e-06
SNX31,1.0691875e-06
EGFLAM,1.0689783e-06
CFAP77,1.0686173e-06
GPR33,1.0682166e-06
SLC35F4,1.0661173e-06
SKAP1,1.063646e-06
PSKH2,1.0633121e-06
CPLX4,1.061634e-06
SPIC,1.0604914e-06
WFDC10A,1.060347e-06
TRDC,1.0600905e-06
IGHA2,1.0594812e-06
H2BFWT,1.0592862e-06
DNAJC5B,1.0587023e-06
TMEM215,1.0586509e-06
TMEM95,1.0582017e-06
TCHHL1,1.0574294e-06
TRAPPC3L,1.0568727e-06
VWA7,1.0550015e-06
RIMBP2,1.0542666e-06
REM1,1.0540997e-06
C10orf71,1.0539368e-06
TRARG1,1.0538039e-06
STYK1,1.0534144e-06
CYP4X1,1.0509451e-06
CDHR2,1.0505704e-06
VGLL1,1.0490434e-06
STPG3,1.0489498e-06
SPINK14,1.0486069e-06
FAM209B,1.0476708e-06
PASD1,1.0465402e-06
C6orf141,1.0464672e-06
CFAP99,1.0454809e-06
SAXO1,1.0444749e-06
SEMA3G,1.0443099e-06
IMPG1,1.0420853e-06
CFAP299,1.041241e-06
TRGJP2,1.0402925e-06
BX276092.9,1.038704e-06
RHOXF1,1.0383608e-06
KCNJ18,1.036634e-06
SMCO1,1.0361621e-06
BIK,1.0342761e-06
C4orf51,1.033597e-06
RFPL4AL1,1.0332611e-06
FMR1NB,1.0324347e-06
TMPRSS7,1.0323956e-06
MARCH11,1.0318565e-06
SYTL5,1.0314485e-06
AL121578.2,1.031243e-06
ADGRA1,1.0278003e-06
PRR33,1.026648e-06
AC008397.1,1.0261889e-06
IGSF23,1.0261634e-06
MYCBPAP,1.0258526e-06
ANKRD53,1.0249574e-06
IGLC1,1.0246723e-06
ARR3,1.0214779e-06
SELENBP1,1.0212765e-06
SFRP5,1.0210534e-06
LRRIQ1,1.0206608e-06
PRRT1B,1.0202742e-06
STEAP1B,1.0200995e-06
GOLGA6L2,1.0196688e-06
FOXE3,1.0180514e-06
MAGEA4,1.0177262e-06
C17orf98,1.0174174e-06
MROH2B,1.016505e-06
SHISA6,1.0160728e-06
SIRPB2,1.0160497e-06
BMP8A,1.0159756e-06
SKOR2,1.0151289e-06
PRAMEF2,1.0142904e-06
METTL21C,1.0142347e-06
LOR,1.0129726e-06
SLC7A13,1.0128731e-06
VN1R2,1.0125735e-06
MAL2,1.0123644e-06
NXPH2,1.0118079e-06
PANO1,1.0117373e-06
PPIAL4A,1.0094374e-06
ACTRT2,1.0084383e-06
CEACAM21,1.0083526e-06
RGPD4,1.0083435e-06
SPDYE1,1.0078642e-06
TMEM200A,1.0071657e-06
TCEAL6,1.006731e-06
KLHL10,1.0060265e-06
SASH3,1.0059954e-06
TACSTD2,1.0037908e-06
SHCBP1L,1.0029869e-06
GGACT,1.0029606e-06
C10orf105,1.0023756e-06
TEX48,1.0020993e-06
RBP5,1.0020268e-06
FAM71E1,1.0015444e-06
PITX3,1.0013282e-06
SERTM2,9.99826e-07
SPACA1,9.993126e-07
IL17REL,9.980295e-07
CFAP97D2,9.974939e-07
STRA8,9.969316e-07
CD6,9.954192e-07
PRSS58,9.952649e-07
ZCCHC13,9.938076e-07
C9orf50,9.935906e-07
ZBED2,9.922171e-07
AC236972.4,9.917799e-07
CTAG2,9.913625e-07
LMNTD2,9.903711e-07
FIBCD1,9.900544e-07
HORMAD2,9.898616e-07
ITM2A,9.894973e-07
PNMA6F,9.893743e-07
ROS1,9.883933e-07
C1QTNF9,9.883894e-07
RNF212B,9.881132e-07
SLURP2,9.87987e-07
BCAR3,9.879122e-07
NLRP10,9.875818e-07
BNC1,9.865423e-07
SLC38A8,9.86108e-07
PRR23B,9.85036e-07
AC067752.1,9.833865e-07
SLC35G3,9.830732e-07
ZAR1L,9.827766e-07
ENDOU,9.812112e-07
C1orf87,9.808925e-07
GCSAML-AS1,9.807585e-07
ANHX,9.791619e-07
PCDH20,9.785243e-07
CFAP53,9.781969e-07
APOBEC3G,9.781023e-07
PATE1,9.768381e-07
GDF10,9.765657e-07
BEND2,9.755379e-07
TMEM156,9.748636e-07
WBP2NL,9.748101e-07
BRDT,9.748045e-07
SSX3,9.746853e-07
FBXO43,9.744244e-07
MYOCOS,9.743834e-07
LRRC26,9.742525e-07
MUC22,9.741802e-07
FAM205A,9.723489e-07
FAM9B,9.714693e-07
MPPED1,9.705384e-07
OR4E2,9.702519e-07
TBC1D28,9.698e-07
NUGGC,9.695126e-07
RSPH9,9.68864e-07
GZMK,9.6874e-07
FRG2,9.678687e-07
KRTAP20-4,9.675788e-07
TCL1B,9.665819e-07
SPDYE5,9.662884e-07
ERAS,9.662323e-07
SCG5,9.66047e-07
TULP2,9.659501e-07
C5orf47,9.650946e-07
CLEC18C,9.645614e-07
FRMD7,9.64514e-07
AGR2,9.644436e-07
FAM71A,9.633815e-07
CCDC33,9.633122e-07
TMPRSS13,9.62861e-07
FRMPD2,9.626868e-07
CGNL1,9.622162e-07
LRRC72,9.610957e-07
SLFN14,9.604389e-07
MCTP2,9.60373e-07
CA10,9.600417e-07
TMC4,9.598842e-07
LAMB4,9.597169e-07
C16orf78,9.58812e-07
FEV,9.585272e-07
SNX20,9.584012e-07
HOXB13,9.576229e-07
LRRN4CL,9.570504e-07
GJC3,9.566234e-07
CST7,9.552534e-07
INSL4,9.541053e-07
PRR15L,9.537974e-07
RASSF5,9.5357257e-07
KCTD4,9.5333246e-07
MS4A8,9.527873e-07
NPR3,9.520558e-07
PRRG3,9.5153683e-07
CCIN,9.5138466e-07
SPANXD,9.507926e-07
SMIM35,9.5042816e-07
HIST1H2AI,9.500877e-07
LMO3,9.4977094e-07
SPEM1,9.4935757e-07
PLA2G12B,9.4855443e-07
GIMD1,9.47844e-07
HOXB5,9.4762856e-07
C22orf42,9.473633e-07
RBPJL,9.4712595e-07
PEBP4,9.4616126e-07
NPPB,9.452328e-07
TCTEX1D1,9.448733e-07
HEPACAM2,9.443098e-07
KLK4,9.4430465e-07
GLYATL1B,9.4360405e-07
SCGB2A1,9.4337014e-07
TOX,9.429365e-07
FAM71B,9.422824e-07
EGFL6,9.414329e-07
PIGBOS1,9.407578e-07
GPR101,9.3996016e-07
TAF11L14,9.3961506e-07
ANKRD61,9.393165e-07
SMIM24,9.391234e-07
SOX30,9.390903e-07
ETV7,9.387308e-07
FOXS1,9.382964e-07
LRRC74B,9.3799747e-07
SIT1,9.376907e-07
SLC22A18,9.3766465e-07
SSU72P8,9.3730205e-07
ATOH7,9.3561005e-07
FAM47C,9.354705e-07
MYH7B,9.3542775e-07
SUSD5,9.3525745e-07
C17orf67,9.3516155e-07
TMEM31,9.3488535e-07
NIBAN1,9.3434977e-07
TXNDC2,9.339143e-07
DPPA5,9.3383227e-07
THEGL,9.321526e-07
TMEM270,9.3102483e-07
PRG4,9.306852e-07
MARCOL,9.295465e-07
CHP2,9.2731256e-07
SLCO6A1,9.2725423e-07
RTL1,9.272264e-07
INSYN2A,9.2694853e-07
PRSS57,9.26803e-07
ESM1,9.2650856e-07
ACP7,9.257302e-07
PATE4,9.252905e-07
TMIGD2,9.251501e-07
HOXC10,9.244175e-07
CBLN3,9.2435374e-07
CNTNAP2,9.2422835e-07
VILL,9.24057e-07
SCGB3A1,9.2330873e-07
TSPAN12,9.23289e-07
CLEC2L,9.229375e-07
NKX2-1,9.2263826e-07
CPA4,9.2178743e-07
SERPINB5,9.2169324e-07
TFDP3,9.2159956e-07
SPATA48,9.2146513e-07
MAGEB6,9.211799e-07
CST11,9.2094126e-07
SLC16A11,9.208934e-07
TMEM150B,9.19978e-07
TMEM238L,9.1858027e-07
METTL27,9.185198e-07
PRR16,9.177929e-07
RARRES1,9.174145e-07
EXOC1L,9.169682e-07
C19orf18,9.150802e-07
FAM81B,9.138856e-07
COCH,9.1374505e-07
DNAH11,9.132673e-07
MAGEC3,9.10346e-07
ACTL10,9.095079e-07
OLFM3,9.0898874e-07
CES4A,9.0885896e-07
XIRP1,9.0865205e-07
PPP1R1C,9.0591686e-07
SP140,9.049022e-07
GIMAP7,9.031334e-07
TGM4,9.027265e-07
C11orf86,9.0123496e-07
FCRLA,8.9965664e-07
AL590560.2,8.990164e-07
FAM241B,8.9677616e-07
FAM83C,8.958613e-07
NPAP1,8.958415e-07
C20orf202,8.9510615e-07
CCNB3,8.9509587e-07
CRCT1,8.948632e-07
NRIP3,8.9478834e-07
FRZB,8.9413965e-07
LRRC63,8.9340773e-07
PPP1R17,8.9262323e-07
SSX7,8.9241104e-07
H2BFM,8.9038423e-07
FSIP2,8.903344e-07
DYDC2,8.9028845e-07
OLFML1,8.8980653e-07
GYPE,8.8959825e-07
KRTAP20-3,8.884502e-07
FAM131C,8.880467e-07
GLOD5,8.8792206e-07
OCM2,8.876926e-07
C1orf146,8.8752586e-07
FAM133A,8.8728905e-07
VGLL3,8.8647175e-07
CCDC196,8.8553554e-07
MS4A5,8.8543794e-07
ERN2,8.8538474e-07
RBM11,8.8324003e-07
FNDC8,8.8297793e-07
TMC8,8.827241e-07
SEC14L3,8.826696e-07
FAM228A,8.81895e-07
PPP3R2,8.8115996e-07
NKAIN2,8.7925736e-07
CCDC190,8.786524e-07
MROH2A,8.781256e-07
SMIM22,8.772319e-07
SPDYE4,8.7683185e-07
RASSF10,8.765912e-07
EPN3,8.7647203e-07
C9orf135,8.760727e-07
ECHDC2,8.759261e-07
CCER2,8.750053e-07
SCGB1A1,8.744731e-07
CSHL1,8.743795e-07
DACH2,8.74181e-07
ERVMER34-1,8.7239954e-07
EHD4,8.717264e-07
KANK3,8.696997e-07
LANCL3,8.696902e-07
FAT2,8.692896e-07
PRM3,8.691145e-07
TRIM75P,8.690312e-07
LINGO4,8.685167e-07
CASZ1,8.6807853e-07
BPIFC,8.679726e-07
CCDC177,8.666778e-07
YBX2,8.660128e-07
AGR3,8.650086e-07
ZNF385C,8.6484397e-07
PRRG4,8.647897e-07
HOXC12,8.6430754e-07
MPP4,8.6412365e-07
NPC1L1,8.6372904e-07
MAS1L,8.6248957e-07
C14orf177,8.620733e-07
ZNF474,8.6172867e-07
PYDC1,8.614524e-07
ARMS2,8.612989e-07
CXorf58,8.608169e-07
BTBD18,8.6009e-07
CSMD3,8.590964e-07
SH2D3A,8.588237e-07
PHF24,8.5842925e-07
CCDC192,8.5828964e-07
ATF7IP2,8.58275e-07
TMEM273,8.580699e-07
TAFA4,8.5690664e-07
SPEM2,8.5690056e-07
FOXR1,8.5686673e-07
ANTXRL,8.5681796e-07
TMEM244,8.5626573e-07
KLHDC7A,8.552226e-07
GFRAL,8.550648e-07
SERPINB4,8.5414314e-07
NXPE4,8.527531e-07
FOXI1,8.5252395e-07
BARHL1,8.505312e-07
SMCO2,8.501761e-07
AC115220.1,8.4992183e-07
ANXA9,8.4980906e-07
CORO6,8.4975557e-07
AURKC,8.4971344e-07
CLMP,8.497131e-07
BFSP1,8.4941183e-07
HIST1H2AA,8.485392e-07
DLX3,8.4841116e-07
CSAG1,8.478114e-07
ALLC,8.4775047e-07
PDE6C,8.4696234e-07
ABHD1,8.4691794e-07
TCF24,8.463045e-07
TBX18,8.459616e-07
TPSG1,8.457477e-07
IQANK1,8.457374e-07
ADGRG7,8.456988e-07
TGM2,8.4566057e-07
TBC1D3E,8.455975e-07
DMRT3,8.4528494e-07
MEOX2,8.45232e-07
DPRX,8.447356e-07
TMPRSS11D,8.4463164e-07
PCDH11Y,8.427843e-07
RAI2,8.4273887e-07
SPANXB1,8.4155516e-07
CNTD2,8.410467e-07
RFPL3,8.406446e-07
CRNN,8.404933e-07
SLC22A9,8.4021315e-07
LHFPL1,8.399784e-07
MDFIC2,8.394374e-07
EFCAB3,8.3884055e-07
FAM166C,8.386264e-07
MROH9,8.379267e-07
SPDYA,8.369588e-07
ARRDC5,8.366179e-07
ITPRIP,8.364897e-07
ECRG4,8.3631033e-07
TENT5C,8.3611724e-07
ETDC,8.3589094e-07
IRGC,8.35204e-07
ZNF844,8.3431723e-07
LEKR1,8.3403285e-07
CEACAM4,8.339749e-07
FAM149B1,8.3318685e-07
TRIML1,8.3208596e-07
REG4,8.3180123e-07
CD34,8.3067863e-07
FRMPD4,8.3024537e-07
SH3TC1,8.298975e-07
VWA3B,8.297394e-07
TSSK1B,8.296077e-07
AC025283.2,8.294951e-07
SERPINB7,8.291205e-07
KCP,8.28581e-07
CWH43,8.2811056e-07
GOLT1A,8.2742775e-07
EHF,8.2728246e-07
BRINP3,8.268178e-07
GIMAP6,8.265077e-07
SPANXN1,8.252768e-07
AXDND1,8.2366444e-07
TMEM92,8.235538e-07
STXBP5L,8.2345116e-07
ADAM29,8.232897e-07
PRMT8,8.2251336e-07
SPEM3,8.2130157e-07
PRR20G,8.212093e-07
C3orf84,8.2103224e-07
SLFN11,8.206017e-07
LRRC15,8.2035075e-07
NEUROG2,8.2027765e-07
KLRG2,8.1985e-07
SMIM33,8.193165e-07
ERVV-2,8.182757e-07
PRAC1,8.1784884e-07
LHFPL3,8.177791e-07
LYNX1,8.173478e-07
GCM1,8.1528026e-07
EMCN,8.149765e-07
DPEP2NB,8.1488963e-07
RNF32,8.1416476e-07
MSLNL,8.1407836e-07
MMP27,8.140147e-07
PALMD,8.138583e-07
LGALS9C,8.137596e-07
RFESD,8.127005e-07
ISM2,8.123044e-07
AFAP1L2,8.1184106e-07
KLHL31,8.118058e-07
FAM83A,8.1166854e-07
RNF186,8.111398e-07
DNAI1,8.097795e-07
GPR151,8.095664e-07
RSPH1,8.0948206e-07
TLCD1,8.091188e-07
NSUN7,8.091112e-07
MINDY4B,8.0905915e-07
RADX,8.0871536e-07
ZNF185,8.080287e-07
RTBDN,8.076983e-07
C15orf48,8.076199e-07
G6PC,8.073801e-07
A2ML1,8.070363e-07
KLHDC7B,8.0657577e-07
FAM83E,8.0650506e-07
SLC6A16,8.060903e-07
AC106774.4,8.044687e-07
SEPTIN14,8.039023e-07
NXNL1,8.0377725e-07
GSX2,8.03629e-07
NCCRP1,8.035784e-07
TTC23L,8.0356006e-07
PDZD9,8.033159e-07
RIBC2,8.0328977e-07
SLC26A8,8.026021e-07
GPR174,8.019885e-07
POU2F3,8.0172197e-07
GSC2,8.0078456e-07
TRIM60,7.9926025e-07
SPOCK2,7.976335e-07
AL603764.2,7.975713e-07
DHRS2,7.9727346e-07
LRRC75A,7.9715375e-07
KNCN,7.9675556e-07
ZC2HC1B,7.9668956e-07
CST9L,7.966117e-07
ANGPTL1,7.9605246e-07
HUS1B,7.955106e-07
GSDMC,7.9518105e-07
MYOZ3,7.945161e-07
BBOF1,7.944911e-07
HMCN1,7.941947e-07
NXPH4,7.93785e-07
PRRG2,7.9372086e-07
ABHD16B,7.935038e-07
EFCAB9,7.9304544e-07
SYNE4,7.9304436e-07
MYOT,7.924884e-07
CUZD1,7.9217136e-07
UNC45B,7.919176e-07
CCDC152,7.9190414e-07
TBATA,7.918746e-07
CNNM1,7.9070486e-07
TM4SF5,7.90559e-07
TRIM15,7.8989086e-07
NYX,7.898067e-07
RETNLB,7.8970015e-07
TRGC2,7.896965e-07
SEL1L2,7.8916474e-07
BECN2,7.8882186e-07
VRTN,7.879818e-07
RERG,7.877165e-07
RPGRIP1,7.860065e-07
FANK1,7.859533e-07
ANXA8,7.8555786e-07
TMEM229A,7.850617e-07
CNTNAP5,7.848743e-07
TMEM98,7.8481355e-07
HHLA2,7.848099e-07
CPZ,7.8465445e-07
TMEM71,7.845224e-07
FAM240C,7.8438427e-07
TREX2,7.8428457e-07
CEACAM16,7.835515e-07
JAKMIP3,7.8340827e-07
LYZL1,7.8302327e-07
C1orf232,7.824944e-07
C1QL2,7.8246387e-07
SPATA31A5,7.822906e-07
NCBP2L,7.8225906e-07
FCHSD1,7.821371e-07
RSPH10B2,7.818002e-07
SOX15,7.817845e-07
MS4A15,7.815929e-07
C19orf71,7.812959e-07
DUSP13,7.8113953e-07
SEMG2,7.808435e-07
ABHD12B,7.8061834e-07
CEACAM20,7.805091e-07
NUTM2A,7.804819e-07
USHBP1,7.802941e-07
SAMD5,7.796484e-07
ATAD3C,7.794918e-07
MYOM3,7.793646e-07
R3HDML,7.793421e-07
ANKRD63,7.780428e-07
CBLC,7.778055e-07
NANOS2,7.774993e-07
SERHL2,7.77006e-07
AFM,7.7660445e-07
IGHD,7.7611776e-07
FAM166A,7.7598526e-07
WFDC11,7.7578636e-07
DNASE1L3,7.744594e-07
LRRC10B,7.728577e-07
MEGF6,7.7267805e-07
PDZK1,7.723509e-07
CDCP1,7.720627e-07
MAGEA10,7.720268e-07
GPR160,7.7200366e-07
AL451007.3,7.7158e-07
PDILT,7.7121723e-07
NEXN,7.708474e-07
C17orf78,7.705433e-07
TAF11L8,7.704404e-07
NSUN5,7.697217e-07
FOXN1,7.695682e-07
OOSP4B,7.6733767e-07
THEG,7.6673354e-07
LY6L,7.665387e-07
GPR87,7.6612616e-07
RTL9,7.6443683e-07
B4GALNT3,7.640295e-07
CT83,7.634871e-07
LRRIQ4,7.633436e-07
CST4,7.6320333e-07
SLC25A47,7.6310664e-07
CLPSL1,7.62159e-07
HMSD,7.62111e-07
DMRTA1,7.6199274e-07
NCMAP,7.614068e-07
DYNLT3,7.612586e-07
MYOZ2,7.6024116e-07
RBM47,7.599321e-07
ATOH1,7.5967654e-07
CDC14C,7.5966517e-07
TRHDE,7.5943194e-07
PRAMEF20,7.59325e-07
MRGPRX3,7.590088e-07
NKX3-1,7.589969e-07
DOK7,7.582255e-07
LGALS12,7.5803126e-07
C14orf39,7.5793895e-07
CTHRC1,7.57509e-07
SH3RF2,7.571289e-07
C2orf78,7.570758e-07
MAP3K7CL,7.559085e-07
OTX1,7.557714e-07
FAM169B,7.553972e-07
GPR157,7.5509155e-07
FAM47A,7.5504704e-07
TEX55,7.55016e-07
DBX2,7.55e-07
GLT6D1,7.5467045e-07
PRSS55,7.5314557e-07
XKR3,7.527617e-07
ZFP92,7.525614e-07
PPP1R27,7.521594e-07
ZNF728,7.518208e-07
FEZF1,7.5181737e-07
BEX5,7.516423e-07
KLRF2,7.514676e-07
OTOP3,7.5112024e-07
TMEM262,7.5070835e-07
RNF183,7.503786e-07
FAM177B,7.5010513e-07
GFI1B,7.4996245e-07
C6orf132,7.499023e-07
CLEC19A,7.4978226e-07
CDK18,7.490428e-07
TESMIN,7.4876976e-07
SH2D4A,7.486593e-07
TMIGD1,7.484e-07
PRR23A,7.483353e-07
AC134684.8,7.4827784e-07
DMBX1,7.47994e-07
AC007906.2,7.477128e-07
WSCD2,7.473863e-07
MAGEA8,7.4672033e-07
SMIM10L2B,7.462869e-07
AC011005.1,7.4589246e-07
GPRC5C,7.44955e-07
TTC25,7.440429e-07
VGLL2,7.4268377e-07
DNAAF3,7.4254825e-07
DACT2,7.419444e-07
GPRIN2,7.418997e-07
ZDHHC23,7.4146743e-07
TINCR,7.411156e-07
C1QTNF7,7.410977e-07
CPXM2,7.410367e-07
PRSS33,7.4057857e-07
HIST1H2BA,7.4000286e-07
FLACC1,7.393448e-07
H3F3C,7.39275e-07
CLEC20A,7.3918284e-07
APOBEC3D,7.3905954e-07
ARL14,7.378751e-07
AADACL3,7.376263e-07
C10orf53,7.369963e-07
MAGEB18,7.367078e-07
DLX1,7.3607345e-07
DNAH12,7.353976e-07
PPM1H,7.353534e-07
FGF5,7.352998e-07
HOXB7,7.352214e-07
TMEM26,7.3406096e-07
PPEF2,7.336709e-07
SYNCRIP,7.3337554e-07
FAM187B,7.332081e-07
KIAA1522,7.3279574e-07
CLEC2A,7.327483e-07
AL135905.2,7.326557e-07
HHLA1,7.325743e-07
SMR3B,7.3245263e-07
MYOM1,7.3185237e-07
SLC16A13,7.312652e-07
FAM163B,7.3032794e-07
GAPT,7.301166e-07
MAB21L4,7.2993424e-07
SHISA9,7.297178e-07
MYBPH,7.294817e-07
LRRC61,7.2909614e-07
HEMGN,7.2896273e-07
SAMD3,7.2858217e-07
CDHR4,7.284783e-07
RAPSN,7.2815186e-07
CCT8L2,7.2699964e-07
APELA,7.268951e-07
CFAP126,7.268642e-07
EFCC1,7.2677466e-07
CRYBG2,7.267739e-07
HDHD3,7.2663505e-07
TCEANC,7.265766e-07
C5orf58,7.260241e-07
GPR182,7.2522806e-07
PPP1R14D,7.251961e-07
MS4A13,7.25083e-07
CFAP52,7.250428e-07
PPP4R4,7.250337e-07
OSTN,7.249698e-07
GPR3,7.248746e-07
FAM170B,7.2479065e-07
SFRP4,7.24615e-07
LRCOL1,7.243861e-07
UNC5CL,7.23842e-07
PRAMEF13,7.232508e-07
TNMD,7.231868e-07
MAMDC2,7.2302885e-07
ARFGEF3,7.226957e-07
MPEG1,7.226424e-07
TSPO2,7.2261554e-07
RNF113B,7.2261116e-07
FAM30A,7.223998e-07
RNASE12,7.2236384e-07
N4BP3,7.222465e-07
AKR1C8P,7.220261e-07
GIMAP5,7.2143996e-07
SPATA3,7.2075505e-07
SLC22A14,7.203599e-07
GAB4,7.2035107e-07
ERVK3-1,7.2009027e-07
EXOC3L1,7.200749e-07
OBP2A,7.197269e-07
FAM163A,7.193252e-07
SH2D6,7.189469e-07
MRGPRF,7.176377e-07
PWWP3B,7.16841e-07
IFITM5,7.168209e-07
BMPER,7.1664635e-07
TMEM271,7.1617865e-07
OMP,7.1610015e-07
PROCA1,7.1594576e-07
FBXO39,7.14793e-07
MARCH10,7.1469503e-07
PLEKHH2,7.141982e-07
ANKRD29,7.140407e-07
DCDC2B,7.126318e-07
CRYBA1,7.1237577e-07
MDFIC,7.1231585e-07
SPATA31A6,7.121105e-07
GOLGA6L6,7.118557e-07
C3orf22,7.116552e-07
CRISP2,7.115531e-07
FCGBP,7.11341e-07
ZACN,7.1083576e-07
PRSS48,7.1067416e-07
DTHD1,7.099917e-07
TMTC1,7.097959e-07
SIX6,7.0968076e-07
CCDC85A,7.086999e-07
ISM1,7.082644e-07
DNAJC5G,7.07926e-07
MAGEB2,7.077335e-07
MYOF,7.0760206e-07
CABP5,7.0746063e-07
IQCF1,7.0684325e-07
SPEGNB,7.0679084e-07
NXPE1,7.064751e-07
TEX50,7.0614493e-07
ROPN1L,7.060939e-07
TMPRSS11E,7.0587015e-07
AL391650.1,7.05457e-07
C16orf54,7.047136e-07
PRR35,7.040422e-07
DPEP3,7.0376416e-07
P3R3URF,7.0372687e-07
HR,7.035746e-07
ISX,7.035257e-07
PDF,7.0232403e-07
MS4A10,7.0132353e-07
LMLN2,7.011503e-07
SERPINA11,7.0110104e-07
AHNAK2,7.0094995e-07
MFSD4A,7.0092415e-07
SPDYE6,7.0065215e-07
ANKRD65,6.9990887e-07
TDRD15,6.9975187e-07
C10orf95,6.9968763e-07
LYZL6,6.9967297e-07
ODAPH,6.991148e-07
VWA3A,6.989356e-07
CLEC3A,6.986145e-07
SOX14,6.981988e-07
TMEM266,6.980174e-07
PLEKHF1,6.979805e-07
SPERT,6.972295e-07
BSX,6.972248e-07
NXF5,6.971449e-07
SCX,6.9712405e-07
FAM83H,6.9711484e-07
LY75,6.970851e-07
RHOXF2B,6.9697506e-07
PRAMEF10,6.969353e-07
TERB1,6.9691544e-07
C11orf16,6.969094e-07
C7orf57,6.9677395e-07
CAPS2,6.967675e-07
DCST1,6.9664424e-07
LGSN,6.958775e-07
C1orf54,6.9527715e-07
GDF15,6.947874e-07
EMX1,6.9442837e-07
IFNK,6.9429024e-07
CR1L,6.942559e-07
PLAC9,6.941762e-07
BHMG1,6.941654e-07
ANGPTL7,6.9387596e-07
PIH1D3,6.9365404e-07
OR5BS1P,6.9350716e-07
GSG1L2,6.9343525e-07
NKX6-2,6.9338085e-07
LRRC71,6.931363e-07
CHADL,6.93039e-07
MYLPF,6.9274586e-07
CALHM5,6.927252e-07
GPR88,6.927059e-07
PRAMEF27,6.9243396e-07
DDX43,6.922444e-07
TMEM238,6.92013e-07
IGSF5,6.916139e-07
USP17L7,6.9151685e-07
SYNPO2,6.902052e-07
LCN10,6.901735e-07
LRRC18,6.9009883e-07
NME8,6.891773e-07
NPTX1,6.890743e-07
ZPBP2,6.887776e-07
TRIM54,6.887389e-07
TMEM247,6.8848135e-07
TMEM51,6.8798204e-07
WFDC10B,6.875992e-07
TNFAIP8L3,6.871724e-07
MFSD6L,6.8649996e-07
CCDC141,6.8646045e-07
SP9,6.861359e-07
TEX47,6.8611024e-07
AKAP3,6.859754e-07
C12orf54,6.859391e-07
TRIM64B,6.858093e-07
NOBOX,6.8572825e-07
CPNE4,6.8507796e-07
TRIM51GP,6.8505835e-07
CLRN1,6.8480796e-07
AC010255.3,6.844231e-07
CYYR1,6.8408093e-07
MOB3C,6.839878e-07
PRAP1,6.837812e-07
DNASE2B,6.8342706e-07
NELL1,6.8307503e-07
CCDC185,6.828936e-07
GSDMA,6.828665e-07
GPR153,6.8281446e-07
SMIM32,6.825561e-07
MCCD1,6.8251666e-07
PPM1N,6.821644e-07
NHLRC4,6.821189e-07
IRX4,6.8204565e-07
STX11,6.816926e-07
FREM3,6.8137325e-07
CFAP161,6.8082124e-07
TCF23,6.808162e-07
UBQLN3,6.8057363e-07
GGN,6.805332e-07
MYO5C,6.804394e-07
SPACA3,6.801097e-07
IQCA1,6.794514e-07
CHI3L2,6.7935053e-07
PCARE,6.7910605e-07
SMLR1,6.7907933e-07
S100A14,6.7893507e-07
AIF1,6.7864187e-07
MLIP,6.7789796e-07
FP565260.1,6.7741104e-07
PRR29,6.7729763e-07
TLCD4,6.766153e-07
AHSP,6.763434e-07
SVOPL,6.763339e-07
ZNF80,6.7600075e-07
ZNF763,6.759684e-07
TMEM225,6.757056e-07
ZFYVE28,6.7569056e-07
CCDC182,6.756434e-07
CBARP,6.7551036e-07
SLC35G5,6.751433e-07
PYROXD2,6.7512514e-07
CATIP,6.749556e-07
CST6,6.7455545e-07
SHISAL2A,6.740382e-07
TLX3,6.7399674e-07
SPATA31D3,6.7390005e-07
DNLZ,6.7373304e-07
ZAN,6.7365266e-07
CPLX3,6.7344376e-07
KLHL38,6.734143e-07
TENM3,6.7293405e-07
SLC22A25,6.725438e-07
ENPP5,6.7228706e-07
RFLNB,6.711336e-07
SNTN,6.703671e-07
C2CD4C,6.702595e-07
INSL6,6.699731e-07
CT62,6.6955556e-07
FCRL3,6.691419e-07
SIM1,6.689349e-07
TAF11L11,6.687951e-07
HOXA9,6.6859917e-07
PTCHD4,6.682505e-07
FRG2C,6.6825004e-07
FAM104A,6.6791165e-07
ANXA13,6.6778506e-07
RBPMS,6.67602e-07
SEC14L6,6.675982e-07
FRMD3,6.6742024e-07
CD164L2,6.6706565e-07
CXorf66,6.670131e-07
ABI3,6.666559e-07
MYLK4,6.6660346e-07
GPR152,6.6659135e-07
CMTM1,6.665039e-07
TBC1D3B,6.653637e-07
SDR42E1,6.652744e-07
SPATC1,6.6507494e-07
SIRPD,6.6499473e-07
RAB11FIP1,6.6493686e-07
VWA5B1,6.6465395e-07
SPAAR,6.646521e-07
MMP26,6.643868e-07
GPRC5D,6.6435626e-07
PHEX,6.641154e-07
BOD1L2,6.6363805e-07
PHGR1,6.635395e-07
ZNF813,6.6236316e-07
OLFML2A,6.6236265e-07
C1GALT1C1L,6.623545e-07
MAGEA9B,6.623094e-07
HMHB1,6.619909e-07
FAM161B,6.6192644e-07
CD247,6.617856e-07
MEIOB,6.6154865e-07
MGARP,6.615217e-07
CAPG,6.6150295e-07
NPTX2,6.6144247e-07
LMX1A,6.613138e-07
PAGE1,6.611921e-07
SLAMF8,6.61107e-07
BEAN1,6.604058e-07
AC005551.1,6.595272e-07
PHLDA2,6.5915407e-07
IGFL1,6.589739e-07
INSM2,6.589686e-07
TCF21,6.5870944e-07
MUSTN1,6.5833126e-07
CNGA3,6.5831676e-07
PDLIM3,6.5816255e-07
C7orf77,6.5800526e-07
EPPK1,6.579659e-07
DLEU7,6.578609e-07
TGIF2LX,6.5774714e-07
CD40,6.571337e-07
TMED6,6.5702955e-07
LEPR,6.568029e-07
CLRN3,6.562776e-07
RP1L1,6.559158e-07
ZIC5,6.5574926e-07
DMRTC2,6.556706e-07
PABPC1L2A,6.55654e-07
ZBBX,6.553724e-07
CDX1,6.5527877e-07
FREM2,6.5523267e-07
PCDHB15,6.549075e-07
NKG7,6.54895e-07
LMX1B,6.542959e-07
STK32B,6.5401e-07
TAL2,6.531664e-07
SPATA19,6.528883e-07
KLF8,6.5252794e-07
C9orf153,6.5207945e-07
CCDC36,6.519892e-07
TOM1L1,6.514635e-07
CCDC70,6.5136686e-07
C11orf87,6.5099493e-07
WFDC13,6.509477e-07
VAMP5,6.504465e-07
IQCM,6.498452e-07
TEX13D,6.497232e-07
RBMXL3,6.4947767e-07
HPCA,6.49438e-07
FNDC9,6.493551e-07
NKX2-4,6.4921505e-07
TMEM235,6.47656e-07
CNBD1,6.4730887e-07
ACCSL,6.4729795e-07
OVOL1,6.4722343e-07
SMIM38,6.4710014e-07
AC119396.1,6.4709195e-07
C2orf80,6.468452e-07
CALN1,6.4679097e-07
C1orf185,6.461791e-07
PKD2L1,6.459535e-07
SAA4,6.459442e-07
LURAP1,6.4569167e-07
USP50,6.454345e-07
CCDC9,6.454242e-07
LRP5L,6.453745e-07
WDR88,6.4525045e-07
FEZF2,6.451501e-07
ZNF837,6.4487347e-07
PLXDC1,6.4459596e-07
LURAP1L,6.445461e-07
STEAP1,6.4348706e-07
SCGB2B2,6.431938e-07
MADCAM1,6.4315907e-07
PLEKHA7,6.430077e-07
GRIFIN,6.429302e-07
C9orf43,6.417547e-07
ITIH1,6.417319e-07
C5orf49,6.4159974e-07
PNMA3,6.410177e-07
CLEC4F,6.405696e-07
PFN3,6.4050215e-07
KL,6.4043456e-07
SCGB1D2,6.402568e-07
RIPPLY1,6.4005553e-07
ASCL4,6.397907e-07
TRIM43,6.396446e-07
PKHD1,6.3949426e-07
PROB1,6.388652e-07
LRRC37A3,6.3882186e-07
SHROOM4,6.3880094e-07
C3orf80,6.38543e-07
CFAP47,6.38264e-07
GIPC2,6.3815577e-07
CRYGC,6.378875e-07
OTOR,6.377177e-07
C10orf62,6.3757767e-07
FAM167B,6.375055e-07
SOX18,6.369637e-07
PSTPIP2,6.369077e-07
ZNF618,6.366995e-07
CXCL14,6.3660735e-07
C2orf50,6.3656233e-07
ACOT6,6.3653204e-07
ZSCAN1,6.363493e-07
SMIM10,6.358361e-07
DNAH9,6.3576556e-07
PDLIM1,6.3511953e-07
LBHD2,6.3480655e-07
PRAMEF14,6.34735e-07
NR6A1,6.345018e-07
CPA6,6.342676e-07
MS4A14,6.341339e-07
CAGE1,6.3406395e-07
CABS1,6.338725e-07
FAM107A,6.3385045e-07
LZTS1,6.338343e-07
DMRTA2,6.3366974e-07
TBX10,6.333627e-07
BEND4,6.3309653e-07
C11orf45,6.324666e-07
EVX2,6.3222194e-07
TEX13B,6.32218e-07
RFX8,6.320724e-07
MAGEB10,6.320435e-07
PRSS35,6.3193437e-07
TRPC5OS,6.3173184e-07
CCDC194,6.315974e-07
NKAPL,6.314444e-07
SPATS1,6.3129636e-07
FRRS1,6.3110906e-07
TP53TG5,6.3101123e-07
FAM83G,6.308787e-07
SULT1C3,6.3072e-07
TTC29,6.300945e-07
C3orf85,6.2973675e-07
FCRL6,6.296813e-07
BNC2,6.296747e-07
CRACR2B,6.2892167e-07
TEKT3,6.288755e-07
KRTAP4-16,6.286983e-07
EFHB,6.285717e-07
CCDC201,6.285696e-07
CARD18,6.284799e-07
GKN1,6.284149e-07
LXN,6.2835915e-07
HEPHL1,6.280503e-07
BCL6B,6.2779213e-07
SLC22A31,6.2773614e-07
GULP1,6.276121e-07
MS4A6E,6.275183e-07
CCDC140,6.274765e-07
PROX2,6.269001e-07
STRIT1,6.267766e-07
TOX2,6.253079e-07
EFHC2,6.2527187e-07
C2CD6,6.2524316e-07
SOWAHD,6.250756e-07
MTFR2,6.250212e-07
SLC12A8,6.2471577e-07
NLRP2,6.2451426e-07
ZSWIM5,6.241559e-07
RTN4IP1,6.23929e-07
SEBOX,6.23618e-07
KCNT1,6.235013e-07
TMEM125,6.232312e-07
JHY,6.232308e-07
CALB2,6.228512e-07
KLK15,6.2283516e-07
CRYGN,6.2242697e-07
TMEM150C,6.2196347e-07
CCDC169,6.219152e-07
CFAP46,6.216601e-07
FTHL17,6.2137036e-07
MS4A4A,6.210919e-07
ITIH5,6.2105386e-07
TEKT1,6.209357e-07
TEKT5,6.20847e-07
PEG3,6.20609e-07
GPRIN3,6.205906e-07
BVES,6.205063e-07
PLEKHS1,6.203016e-07
TEX35,6.1994564e-07
FAM53A,6.1980916e-07
PKD1L3,6.197657e-07
SERPINB11,6.194083e-07
C3orf56,6.193724e-07
GBGT1,6.1911487e-07
ODF3L1,6.1911e-07
C3orf49,6.188836e-07
TENM2,6.18596e-07
TTC12,6.184902e-07
RPH3AL,6.183208e-07
YDJC,6.1822584e-07
CBY3,6.1797977e-07
CADPS2,6.178403e-07
ECM2,6.1781174e-07
LMNTD1,6.173336e-07
FBLN7,6.173186e-07
UBQLNL,6.169005e-07
GAS2L2,6.1603254e-07
RNASE9,6.157835e-07
METTL11B,6.1571626e-07
TLE6,6.152829e-07
ALG1L,6.149791e-07
CCER1,6.146477e-07
HELB,6.142539e-07
PABPC4L,6.139626e-07
RAMACL,6.1359395e-07
MAGEB1,6.134742e-07
DDX53,6.13257e-07
PPP1R1A,6.131183e-07
BSPRY,6.130712e-07
NT5DC4,6.130183e-07
PTPRH,6.130094e-07
BATF3,6.127035e-07
NR2E3,6.125437e-07
ZNF385B,6.1249193e-07
KLF18,6.122779e-07
DBX1,6.1220425e-07
TCFL5,6.12202e-07
C11orf21,6.114896e-07
PNMA5,6.1132766e-07
AL109810.2,6.1063594e-07
CSH2,6.105198e-07
USP51,6.104364e-07
PYHIN1,6.1033546e-07
CSRP3,6.1007796e-07
CABP7,6.09841e-07
UPK3B,6.096486e-07
ARGFX,6.095126e-07
TLDC2,6.094262e-07
CCDC60,6.0933206e-07
SMIM31,6.092259e-07
DACH1,6.090058e-07
OOSP3,6.0893365e-07
CCL26,6.088475e-07
WDR93,6.085375e-07
LACC1,6.0827693e-07
ZBTB7C,6.0801517e-07
SSMEM1,6.0788324e-07
IER2,6.0713495e-07
HRCT1,6.0667696e-07
GFY,6.064846e-07
PTX4,6.0617657e-07
TEX19,6.060651e-07
KRTAP22-2,6.0591793e-07
TPBG,6.0581897e-07
SSX5,6.055751e-07
SLC66A1L,6.0549013e-07
SAMSN1,6.0521955e-07
DNAH3,6.052109e-07
IER5,6.0505425e-07
ACTRT3,6.0475753e-07
OR51C1P,6.045456e-07
ZCCHC12,6.041648e-07
ADGRG4,6.039483e-07
C6orf118,6.03881e-07
CBLN4,6.0385963e-07
PPDPFL,6.03566e-07
C12orf60,6.035643e-07
C8orf74,6.034686e-07
NBPF3,6.032257e-07
ACCS,6.0306e-07
VHLL,6.0283907e-07
ASCL3,6.0263e-07
MARVELD2,6.025385e-07
CCSER1,6.0244423e-07
SLAMF1,6.0229604e-07
MYO1A,6.0188853e-07
MOXD1,6.0167713e-07
BARX2,6.0158254e-07
RNASE10,6.0150006e-07
FIGLA,6.0125143e-07
SLC17A4,6.006321e-07
CLC,6.005058e-07
RHEBL1,6.0020824e-07
OR5R1,6.00141e-07
CTAGE1,5.9998104e-07
LHFPL4,5.995937e-07
ZNF683,5.9954687e-07
CDH16,5.992901e-07
MSANTD1,5.990633e-07
LRRC19,5.9901544e-07
RSL24D1,5.9896513e-07
KIAA2012,5.9875737e-07
THNSL2,5.987529e-07
C11orf52,5.980487e-07
SOX5,5.9782064e-07
ERICH6B,5.9740296e-07
EBF3,5.9738016e-07
CD164,5.970953e-07
UBASH3A,5.9701676e-07
SAMD11,5.9695515e-07
BSPH1,5.9694185e-07
LOXHD1,5.969405e-07
LRRC56,5.969311e-07
C8orf34,5.9672055e-07
SCGB1D1,5.958467e-07
SPATA4,5.957706e-07
AADACL4,5.9556464e-07
P2RY8,5.9553975e-07
TM4SF18,5.953076e-07
TMC3,5.949208e-07
PPP1R2C,5.948619e-07
NR1I2,5.946685e-07
CNTNAP3,5.942215e-07
OLFML2B,5.9390163e-07
TGM6,5.937648e-07
ZNF391,5.9371604e-07
ZNF648,5.9248435e-07
COLQ,5.9245434e-07
FAM50B,5.923443e-07
AC008687.4,5.9228876e-07
TEX14,5.921915e-07
C17orf107,5.91626e-07
BNIP5,5.9154996e-07
PP2D1,5.9151176e-07
FIGNL2,5.913954e-07
KLHL1,5.9129474e-07
BTBD16,5.912651e-07
MRGPRX4,5.912078e-07
EFCAB12,5.9117394e-07
KCNRG,5.904647e-07
TMEM89,5.9007357e-07
TAFA3,5.90031e-07
VSIG8,5.8985734e-07
MARCH4,5.897245e-07
GZMA,5.8935984e-07
CT55,5.893585e-07
SLC15A5,5.892439e-07
IFNW1,5.8918096e-07
SLC7A4,5.8917277e-07
SLC35F2,5.888911e-07
OSR2,5.888209e-07
PDZK1IP1,5.886997e-07
GOT1L1,5.886431e-07
FSCB,5.884457e-07
TESPA1,5.883679e-07
FAM151A,5.882179e-07
CST5,5.8820564e-07
ADPRH,5.8771195e-07
MYMK,5.87644e-07
DMRT2,5.876195e-07
FAM221B,5.873591e-07
H3F3B,5.8733696e-07
NKX2-6,5.8733343e-07
ERICH3,5.8725635e-07
SERPINA9,5.871754e-07
FRMD8,5.868349e-07
MORC1,5.86506e-07
VSTM2B,5.864963e-07
CST8,5.863453e-07
TCF15,5.8629485e-07
FAM71D,5.862577e-07
CD200R1L,5.861313e-07
PTPRR,5.858308e-07
CLDN25,5.8576614e-07
CIDEB,5.8556896e-07
C1orf167,5.8549745e-07
BICDL2,5.8539507e-07
FAM90A1,5.8537705e-07
FER1L5,5.852784e-07
RSPH6A,5.8519726e-07
MYH15,5.850833e-07
AL162231.1,5.848913e-07
BMP5,5.848624e-07
MAP3K20,5.846826e-07
SP6,5.8466867e-07
GPR139,5.844715e-07
LRRC34,5.8436893e-07
F8A1,5.842081e-07
MKRN2OS,5.840292e-07
HOOK1,5.837327e-07
CCNI2,5.836282e-07
KCTD21,5.830031e-07
SPINK7,5.8294273e-07
C20orf85,5.8291124e-07
CFAP54,5.828729e-07
VSTM1,5.8279835e-07
TENM1,5.8273093e-07
MT1HL1,5.823332e-07
SLC38A11,5.822539e-07
BLACAT1,5.8219985e-07
HMX2,5.8194297e-07
RASSF7,5.8141734e-07
CLLU1OS,5.814133e-07
AC099489.1,5.8136106e-07
GOLGA8B,5.807664e-07
PXT1,5.804024e-07
TMPRSS11F,5.798153e-07
SLC16A5,5.798138e-07
SMAGP,5.795335e-07
DRAXIN,5.7906533e-07
MYOZ1,5.7896904e-07
C2orf91,5.787792e-07
HIST1H2BG,5.787238e-07
CFAP206,5.78709e-07
RASD1,5.7867544e-07
LINGO2,5.785505e-07
TM4SF19,5.783772e-07
SERTM1,5.782342e-07
C2orf16,5.779207e-07
C5orf46,5.770423e-07
PDZD3,5.76821e-07
ZNF497,5.763764e-07
LHX5,5.76374e-07
TCP11,5.7616336e-07
C3orf70,5.760755e-07
DKKL1,5.7602006e-07
RNF17,5.7579746e-07
MMP21,5.7573794e-07
LRRC31,5.752153e-07
LITAFD,5.752096e-07
RCSD1,5.751043e-07
SMIM28,5.75063e-07
WWC2,5.747228e-07
MAGEB16,5.7461597e-07
SPATA31D1,5.7456606e-07
CLSTN2,5.739634e-07
ZNF888,5.7395323e-07
SLC25A31,5.737726e-07
TULP1,5.736663e-07
HOXD10,5.731667e-07
HOXB9,5.729233e-07
STPG2,5.728417e-07
TMEM102,5.7277e-07
AL353572.3,5.7248434e-07
SH2D5,5.7232444e-07
TMPRSS3,5.722938e-07
SUMO4,5.7225344e-07
SPNS3,5.719255e-07
HIGD1B,5.7186213e-07
SSUH2,5.7164283e-07
GABRG1,5.7157257e-07
NXNL2,5.712836e-07
MEP1A,5.7080064e-07
PLEKHM1,5.704878e-07
C17orf50,5.7019105e-07
FAM43B,5.7005445e-07
GLDN,5.6990933e-07
SCML2,5.697629e-07
SNX33,5.6955304e-07
ECT2L,5.6937085e-07
TRIM42,5.6934795e-07
NLRP9,5.6929656e-07
RFPL2,5.6920356e-07
PHYHIP,5.691733e-07
OR5D3P,5.689779e-07
GPA33,5.6896096e-07
TOPAZ1,5.688172e-07
NKX1-2,5.6868134e-07
GPR148,5.6863894e-07
CCDC175,5.6833716e-07
HOXC13,5.6816316e-07
MINDY4,5.67441e-07
GABRD,5.673705e-07
IRX6,5.673448e-07
GK3P,5.6719654e-07
DNAH17,5.6641915e-07
PAWR,5.662193e-07
SLFN12L,5.6617876e-07
EPHX4,5.660667e-07
BATF2,5.660344e-07
FUT10,5.659971e-07
FAM237A,5.6590636e-07
ERICH2,5.658779e-07
SPANXN2,5.6576175e-07
POTEM,5.6571315e-07
BMP6,5.653192e-07
SOHLH1,5.6447647e-07
CHAD,5.641676e-07
TEX38,5.6395527e-07
SHISA3,5.6366724e-07
XG,5.6354907e-07
RBM44,5.6340195e-07
PRAMEF8,5.63019e-07
SLC4A11,5.622159e-07
PCDHA8,5.6221546e-07
TP53I13,5.61941e-07
PKLR,5.6170643e-07
HABP2,5.6169483e-07
PGC,5.61641e-07
KRT222,5.6158314e-07
ECSCR,5.615394e-07
TTC36,5.6137276e-07
MS4A6A,5.610013e-07
C1QTNF12,5.6094575e-07
FOXL1,5.607429e-07
HOXC9,5.60684e-07
MAGEL2,5.605835e-07
S100A6,5.605378e-07
C2orf15,5.6036714e-07
ZC3H12D,5.602751e-07
FGGY,5.6017615e-07
ACAP1,5.601068e-07
SLC22A7,5.600435e-07
TMEM132C,5.597105e-07
DYNAP,5.5923255e-07
TIFAB,5.5919566e-07
C4orf47,5.591411e-07
EVA1C,5.5903575e-07
OVCH1,5.589908e-07
VSTM2A,5.5886716e-07
PSAPL1,5.586879e-07
HOXB6,5.585697e-07
SLC16A4,5.583421e-07
QRICH2,5.582966e-07
CDRT15,5.5819044e-07
MYO7B,5.581765e-07
POU4F3,5.576949e-07
EGFL7,5.5766793e-07
AJAP1,5.57601e-07
RBM20,5.574529e-07
C16orf71,5.5719977e-07
ARL9,5.56886e-07
KLK9,5.567856e-07
TSSK4,5.5671626e-07
ASTL,5.5658626e-07
CYLC2,5.5649485e-07
FNDC5,5.564871e-07
GPR171,5.564793e-07
PIH1D2,5.5636946e-07
GPR85,5.5632074e-07
DCDC2,5.56263e-07
KLHL33,5.5606307e-07
CHORDC1,5.5529887e-07
C2orf73,5.551765e-07
CNKSR3,5.551717e-07
ANKRD35,5.551351e-07
ALX4,5.550907e-07
AC087498.1,5.550791e-07
TLCD2,5.548653e-07
ZG16B,5.54858e-07
NKX2-8,5.547385e-07
FIGN,5.5461555e-07
GPR142,5.544404e-07
SCEL,5.5438767e-07
C16orf89,5.5401847e-07
BEX2,5.5394065e-07
DND1,5.5355594e-07
NNAT,5.534186e-07
MEDAG,5.5337216e-07
GIN1,5.5335704e-07
EMP3,5.533212e-07
ARSE,5.532734e-07
CD8B2,5.526592e-07
CLIC3,5.524711e-07
LYZL4,5.523138e-07
SLC46A2,5.522323e-07
GADD45B,5.5213894e-07
SPAG17,5.521111e-07
CASC4,5.5202486e-07
KRTAP4-12,5.518829e-07
STX19,5.5179254e-07
CFAP74,5.5167266e-07
PLSCR5,5.5092926e-07
AL445238.1,5.5050003e-07
STAC,5.503559e-07
KNDC1,5.501321e-07
NKX6-3,5.4983127e-07
GDF5OS,5.497022e-07
HSH2D,5.496387e-07
MYLK3,5.495262e-07
MEOX1,5.494405e-07
ANKRD18A,5.493069e-07
STATH,5.4903876e-07
PRAMEF1,5.4878757e-07
PIM3,5.4867616e-07
MYOC,5.4822704e-07
MRGPRG,5.4810096e-07
SLC39A12,5.480422e-07
PRR23C,5.477144e-07
PLSCR1,5.477139e-07
QPCTL,5.476105e-07
ANKRD22,5.472819e-07
ITIH6,5.472514e-07
SLC35E4,5.4719766e-07
AC138647.1,5.471723e-07
SLFN5,5.4696625e-07
MUCL3,5.4631e-07
LSMEM1,5.4614156e-07
ZFHX4,5.461141e-07
LGALS14,5.460069e-07
SPATA16,5.4580954e-07
EFCAB8,5.4576196e-07
CACNA1F,5.4576003e-07
C5orf52,5.4568335e-07
C1orf105,5.455831e-07
PXDC1,5.455545e-07
TPRG1,5.455074e-07
HMX1,5.451301e-07
PAGE3,5.448681e-07
SSH3,5.448661e-07
CDHR5,5.448248e-07
WFDC8,5.4481166e-07
FYCO1,5.447236e-07
PYDC2,5.445648e-07
PCSK4,5.441636e-07
TMEM196,5.440877e-07
PPP1R32,5.4390375e-07
HSPB7,5.4387175e-07
UBXN10,5.437516e-07
MGAM2,5.436545e-07
PCDH12,5.43291e-07
C1orf194,5.430663e-07
DNAH8,5.4282793e-07
C2CD4A,5.427351e-07
XAGE3,5.4269844e-07
PCDHB1,5.426583e-07
ANKRD62,5.426491e-07
CFAP300,5.425862e-07
TFF2,5.424571e-07
CCDC116,5.423449e-07
IGHA1,5.4188456e-07
SOHLH2,5.415704e-07
TEX13C,5.415666e-07
CENPV,5.412695e-07
FAM217A,5.4049946e-07
TMEM174,5.398878e-07
FREM1,5.398841e-07
CARD17,5.396934e-07
GJE1,5.3937737e-07
FOXB2,5.393136e-07
C11orf97,5.391225e-07
FCMR,5.388853e-07
PCED1B,5.388572e-07
GTSF1,5.387547e-07
DNAH10,5.385761e-07
AC090360.1,5.3852045e-07
AC021097.2,5.3847737e-07
RIIAD1,5.3838573e-07
CRYGB,5.3802034e-07
APOL5,5.377646e-07
TENT5B,5.3775733e-07
CABP4,5.3767803e-07
MAP7D2,5.3758754e-07
GPR62,5.3754155e-07
AC187653.1,5.374927e-07
M1AP,5.3741485e-07
PAGE4,5.3739717e-07
WDR38,5.3737654e-07
SLC25A45,5.3730895e-07
SPATA6,5.367647e-07
CREG2,5.3672045e-07
RNF224,5.359447e-07
URAD,5.3557534e-07
C6orf223,5.3553924e-07
PIFO,5.350916e-07
ANKRD2,5.3457177e-07
FAM71E2,5.344899e-07
FAM9C,5.342499e-07
CD83,5.342422e-07
ZNF207,5.342144e-07
H1FOO,5.3415823e-07
SLC6A18,5.3403284e-07
CCDC68,5.338403e-07
TMEM239,5.3370894e-07
KAAG1,5.331629e-07
MFSD12,5.3307184e-07
TGM3,5.32943e-07
SLC16A12,5.3257276e-07
SPATA21,5.3254223e-07
CKAP2,5.325287e-07
HSBP1L1,5.323616e-07
SYNGR4,5.321437e-07
TRIM64C,5.320312e-07
IRF2BP1,5.3198477e-07
SHC4,5.3187506e-07
PARP15,5.3176785e-07
STUM,5.317239e-07
CDC42BPG,5.316376e-07
HIGD2B,5.310104e-07
PSORS1C2,5.307925e-07
HIST1H4G,5.307829e-07
NANOS1,5.3073524e-07
ELOA3,5.307058e-07
CYSRT1,5.30695e-07
TIGD1,5.3066134e-07
COBLL1,5.3053583e-07
TLX1,5.302466e-07
CFAP57,5.2994267e-07
SORCS3,5.2989816e-07
CARTPT,5.298026e-07
ELF4,5.297281e-07
PRR30,5.2952345e-07
TMEM88,5.29189e-07
LRRC32,5.288135e-07
CEP112,5.287505e-07
CCDC125,5.2873554e-07
SRARP,5.285431e-07
C17orf100,5.280744e-07
PTPRE,5.280084e-07
HIST1H3G,5.279447e-07
HOXD13,5.2786964e-07
C12orf42,5.2783923e-07
FAM47E,5.277942e-07
RCBTB2,5.2744724e-07
SORCS2,5.274439e-07
INCA1,5.273475e-07
FAM181A,5.2648244e-07
METTL24,5.264142e-07
CEP126,5.264098e-07
TMEM130,5.262754e-07
PPIAL4G,5.2609886e-07
CDCP2,5.25928e-07
MOB3B,5.2567503e-07
CEACAM19,5.2563837e-07
ACP4,5.253787e-07
CATSPERE,5.251266e-07
DOCK8-AS1,5.250739e-07
HES2,5.2488303e-07
SPACA9,5.240904e-07
ZNF579,5.238333e-07
ODF4,5.2358604e-07
ZNF132,5.234784e-07
TMEM269,5.234231e-07
CELSR1,5.233311e-07
SPZ1,5.2307587e-07
ANTXR2,5.2303847e-07
SPINK4,5.226313e-07
TSPAN19,5.225236e-07
INSRR,5.2251886e-07
C1orf116,5.2225226e-07
PTCHD1,5.2225175e-07
DHRS7C,5.218623e-07
SPATA45,5.215365e-07
TRGC1,5.2147794e-07
DCBLD1,5.2089683e-07
NBPF20,5.20873e-07
TMEM52B,5.207119e-07
PAMR1,5.2066025e-07
TMCO4,5.201328e-07
DLX4,5.200297e-07
UPK1B,5.199917e-07
TIE1,5.196103e-07
FOXB1,5.195831e-07
CCDC63,5.1939963e-07
SULT2B1,5.1930107e-07
ZDHHC11B,5.19301e-07
COX7B2,5.192077e-07
CD37,5.188719e-07
NACAD,5.186462e-07
CCL14,5.1861696e-07
MEST,5.18522e-07
RGS7BP,5.1851555e-07
ESX1,5.182611e-07
TES,5.1807535e-07
MAP4K1,5.178947e-07
RCAN2,5.1788624e-07
SMIM1,5.1779733e-07
SAMD12,5.175477e-07
AC091057.6,5.1733895e-07
PABPC3,5.172155e-07
SMTNL2,5.1720775e-07
C15orf65,5.1696213e-07
FAM227B,5.169574e-07
CARD6,5.168562e-07
DIRAS3,5.165251e-07
S100A4,5.162914e-07
SAMD9L,5.1627796e-07
PKD2L2,5.15836e-07
CMPK2,5.1571124e-07
FDCSP,5.155994e-07
GPR26,5.155861e-07
APOLD1,5.154429e-07
PSD4,5.153081e-07
SNX22,5.15279e-07
TTC4,5.147206e-07
AC013470.2,5.1467185e-07
S100G,5.145941e-07
CNGB3,5.142765e-07
TSACC,5.1402503e-07
OAF,5.139494e-07
ZDHHC1,5.138781e-07
HMCN2,5.13815e-07
ACRV1,5.1361906e-07
ARMC5,5.13422e-07
PRPH2,5.1318244e-07
CREM,5.131633e-07
MRAP,5.1309286e-07
TNFAIP2,5.129556e-07
DZANK1,5.129265e-07
UNC13C,5.1281177e-07
ARMH2,5.126013e-07
ERMN,5.1258655e-07
OIT3,5.125175e-07
LSMEM2,5.1234065e-07
SNCG,5.122835e-07
NOVA2,5.122586e-07
GSTT4,5.121728e-07
FSTL4,5.119363e-07
TMEM211,5.117342e-07
DNTT,5.115026e-07
MID2,5.11475e-07
ATP23,5.112874e-07
SAMD9,5.110632e-07
MAATS1,5.108513e-07
VSIG4,5.108185e-07
POU1F1,5.1062705e-07
ZNF165,5.105996e-07
NPAS1,5.1054445e-07
SCGB1D4,5.1024125e-07
AC113348.1,5.0983175e-07
CDH22,5.0969504e-07
CEP295NL,5.0959403e-07
PLCXD3,5.0951695e-07
RHBDF1,5.092229e-07
FXYD5,5.092202e-07
REEP6,5.089734e-07
CHRD,5.0896637e-07
CLIC6,5.0895795e-07
SLC43A3,5.0892766e-07
ODF3L2,5.0872444e-07
TMEM82,5.08722e-07
ARRDC4,5.085212e-07
OSGIN1,5.084491e-07
FCRL5,5.083771e-07
GPR141,5.0787474e-07
CLPSL2,5.078138e-07
MORN5,5.078011e-07
TTC6,5.0762964e-07
APOBEC3F,5.076239e-07
MYO1D,5.073758e-07
NLRP6,5.073317e-07
VSX1,5.0723855e-07
TMPRSS11B,5.069797e-07
JPH1,5.068692e-07
TSPAN1,5.068476e-07
LRFN5,5.0681655e-07
VAX1,5.068159e-07
OGDHL,5.0679927e-07
REC114,5.0658156e-07
FNDC3A,5.064464e-07
TMEM37,5.0637544e-07
C1orf210,5.062306e-07
GMFB,5.062298e-07
C1QTNF6,5.0604007e-07
MYADM,5.0601204e-07
POF1B,5.0593525e-07
FADS6,5.059044e-07
APCDD1L,5.058489e-07
OOEP,5.0568417e-07
CLEC18A,5.0566445e-07
TRIL,5.055655e-07
FOXR2,5.054393e-07
SMKR1,5.052976e-07
GPR34,5.0529076e-07
GKAP1,5.0525045e-07
MS4A7,5.051963e-07
UFSP1,5.049402e-07
KLF11,5.048419e-07
ZNF469,5.045241e-07
C9orf85,5.044623e-07
PAPLN,5.0426513e-07
MPV17L,5.042602e-07
MROH6,5.0420493e-07
HOXC6,5.041206e-07
MXRA5,5.040979e-07
PRR9,5.0403327e-07
PRPH,5.035575e-07
OSGIN2,5.032404e-07
TMCO2,5.030867e-07
TTC39A,5.030479e-07
SLC25A30,5.029246e-07
BANK1,5.0275844e-07
GASK1B,5.025418e-07
TXNDC8,5.0252856e-07
KLLN,5.0240163e-07
PCDHA11,5.021946e-07
ZYG11A,5.021943e-07
IQCC,5.021182e-07
CROCC2,5.020386e-07
TSPAN2,5.020004e-07
TMBIM4,5.01912e-07
S100Z,5.018812e-07
SPESP1,5.0139954e-07
STRIP2,5.0120184e-07
ZNF808,5.007312e-07
SIDT1,5.0049056e-07
LCNL1,5.002327e-07
DNAAF1,5.0000716e-07
KLHL32,4.999975e-07
DEPDC7,4.999835e-07
GPR180,4.9991297e-07
CCDC71L,4.995877e-07
CCDC69,4.995018e-07
MSC,4.99209e-07
FOXD4,4.9908414e-07
BTBD17,4.985345e-07
CLUL1,4.9847125e-07
C1orf68,4.9833324e-07
CLEC9A,4.9819954e-07
FAM189A1,4.9787155e-07
TMEM104,4.977664e-07
OCSTAMP,4.9772297e-07
IFI44,4.974178e-07
TAGLN,4.970473e-07
FMO5,4.970083e-07
SECTM1,4.9681836e-07
KY,4.9663976e-07
FATE1,4.966284e-07
SORCS1,4.9655154e-07
ZBED4,4.9639226e-07
TMEM252,4.962289e-07
PAPOLB,4.961596e-07
CFAP73,4.9612026e-07
HEATR4,4.9603875e-07
PPM1M,4.9603454e-07
OPALIN,4.9599925e-07
ZNF674,4.9599834e-07
FAM118A,4.958125e-07
TMEM200B,4.9504797e-07
TMEM119,4.9494923e-07
HSF5,4.948694e-07
AC132217.2,4.948335e-07
ACTBL2,4.945407e-07
C4orf45,4.945311e-07
VSIG1,4.9427166e-07
POU5F1B,4.94239e-07
KLF14,4.9416803e-07
HCLS1,4.9406907e-07
CCL24,4.940645e-07
ANKK1,4.9390707e-07
PROP1,4.9367503e-07
WDR49,4.934679e-07
CCN4,4.934557e-07
ADAP2,4.93362e-07
FAM221A,4.9318464e-07
C20orf173,4.9318373e-07
LSP1,4.930709e-07
FRRS1L,4.926674e-07
TSC22D1,4.926409e-07
LLCFC1,4.9261143e-07
EML6,4.9245915e-07
MRGPRX2,4.9235103e-07
FAM110D,4.922441e-07
RUFY4,4.919881e-07
SPAG6,4.91885e-07
IQUB,4.917283e-07
C11orf88,4.916902e-07
MAZ,4.9137185e-07
SYT16,4.912176e-07
ALX1,4.912171e-07
ILDR1,4.909824e-07
SLC25A48,4.9091915e-07
FAM71F1,4.907911e-07
LRRC3,4.9051846e-07
NASP,4.904372e-07
ASIP,4.901747e-07
ZBTB42,4.8946964e-07
NHLH1,4.892947e-07
LECT2,4.8927075e-07
DAW1,4.888879e-07
CRYBG1,4.88847e-07
BCL2L12,4.885856e-07
CNFN,4.8823534e-07
C20orf204,4.881611e-07
ADGRL4,4.8810597e-07
ATAD3A,4.880379e-07
PHF11,4.879829e-07
LRP1B,4.8794277e-07
STAC2,4.8766145e-07
ERICH1,4.8764696e-07
TBX15,4.876176e-07
CHODL,4.8718147e-07
CPED1,4.871544e-07
MALRD1,4.8714105e-07
IGSF1,4.8710166e-07
C12orf75,4.869838e-07
LBH,4.8661883e-07
TSPAN8,4.864536e-07
SPRR5,4.8631256e-07
MMP28,4.861898e-07
DAZL,4.8607325e-07
KATNAL2,4.856542e-07
COBL,4.855364e-07
FAM186A,4.8520934e-07
KRTAP6-3,4.8473197e-07
HESX1,4.847127e-07
PRSS36,4.846408e-07
GRTP1,4.845838e-07
DDN,4.845725e-07
REP15,4.8428404e-07
CCM2L,4.8427194e-07
PCDHGA5,4.8419014e-07
CLMN,4.84019e-07
GBX1,4.8396396e-07
SPX,4.8374653e-07
LONRF3,4.8363125e-07
CCDC158,4.833992e-07
SMIM6,4.832343e-07
TUNAR,4.831516e-07
TSNAXIP1,4.83039e-07
PGPEP1L,4.8294436e-07
MOS,4.82885e-07
MUTYH,4.8273625e-07
LKAAEAR1,4.8269993e-07
IL1RAP,4.826895e-07
C2CD4D,4.826433e-07
NR1I3,4.823588e-07
C17orf53,4.8213917e-07
ZNF672,4.820071e-07
DNAI2,4.8190225e-07
FBXO24,4.818292e-07
FAM24B,4.8155454e-07
SLC17A9,4.812309e-07
RASL11A,4.8117977e-07
JCAD,4.806308e-07
RBBP8NL,4.8058206e-07
DQX1,4.8030114e-07
HIST1H3E,4.8002056e-07
FSTL5,4.800122e-07
MYCNOS,4.800066e-07
C12orf71,4.7996025e-07
BHLHE23,4.7976937e-07
MICALL1,4.797359e-07
NAV3,4.7934674e-07
ARRDC2,4.79235e-07
LRMP,4.791961e-07
DCST2,4.7909276e-07
SCPEP1,4.790074e-07
CCDC57,4.7882514e-07
ERFE,4.788064e-07
TEX43,4.786161e-07
NACC2,4.7859294e-07
CILP2,4.7855355e-07
MASP2,4.7837153e-07
C1QTNF2,4.783558e-07
FNDC7,4.7826796e-07
MAGEB5,4.7825216e-07
ANKDD1B,4.781548e-07
MACROD2,4.780432e-07
GUCD1,4.779695e-07
ADGRF4,4.77893e-07
SLC26A10,4.778491e-07
MTUS1,4.7752894e-07
FAM71F2,4.772329e-07
C16orf90,4.772308e-07
PRSS53,4.770429e-07
IFITM10,4.770331e-07
TGDS,4.769987e-07
AFAP1L1,4.7677176e-07
ACTL7B,4.7675152e-07
DCAF12L1,4.766685e-07
VSIG2,4.7658088e-07
MARC2,4.7638142e-07
SPRY4,4.7622575e-07
SYCP2L,4.7613943e-07
UNC93A,4.7601495e-07
PXDNL,4.7578592e-07
MEI4,4.7555264e-07
SVEP1,4.7549798e-07
EVI2B,4.7538302e-07
PNLDC1,4.7535005e-07
TBX22,4.7533518e-07
KLHDC9,4.7531375e-07
GNB1L,4.7528926e-07
SEMA3D,4.7520135e-07
TMEM154,4.749119e-07
CUX2,4.7490946e-07
SHBG,4.747346e-07
SHFL,4.7464945e-07
C11orf53,4.745262e-07
DDIT4L,4.74507e-07
NDP,4.7435393e-07
GAGE10,4.7433392e-07
TMEM272,4.7429216e-07
ERP27,4.741552e-07
HARBI1,4.740934e-07
SBK2,4.7403242e-07
LINC02218,4.740028e-07
VASN,4.7395017e-07
C6orf58,4.7393374e-07
CNMD,4.739261e-07
NAP1L2,4.735504e-07
SUN3,4.734953e-07
SLC35G2,4.7338344e-07
FAHD2B,4.7301174e-07
PLEKHN1,4.7265766e-07
ZSCAN5B,4.7226823e-07
LHX8,4.7224785e-07
C19orf67,4.721917e-07
ZSWIM3,4.7211367e-07
SIX5,4.718846e-07
GCM2,4.7176786e-07
LY6G6E,4.716735e-07
TMEM176A,4.716719e-07
AP002495.1,4.715701e-07
MYRF,4.715529e-07
MYO1B,4.7142862e-07
ANKRD45,4.713432e-07
CDHR3,4.7118948e-07
KIAA0825,4.7093778e-07
HIPK4,4.7092405e-07
RNF148,4.7088042e-07
TMEM30A,4.708632e-07
ST18,4.7080263e-07
RREB1,4.7072783e-07
C14orf180,4.706528e-07
HASPIN,4.7062153e-07
RTL5,4.7058776e-07
TSSK2,4.7055923e-07
NYNRIN,4.7045714e-07
SYNPO2L,4.7031682e-07
PHLDB3,4.7029252e-07
TSPYL6,4.7024696e-07
CLEC14A,4.699729e-07
DAAM2,4.6989132e-07
RPGR,4.6980009e-07
LACRT,4.6935176e-07
ZAR1,4.6927613e-07
NUP62CL,4.692496e-07
LCA5L,4.6914178e-07
NOS1AP,4.6913974e-07
PLSCR4,4.690421e-07
TEX45,4.689907e-07
C19orf38,4.6885066e-07
STRN4,4.6879464e-07
PRAM1,4.6877486e-07
NFIL3,4.684069e-07
TMEM163,4.6840006e-07
SPEF2,4.6839946e-07
IGFN1,4.6813238e-07
WFDC6,4.6797814e-07
SMIM18,4.6789248e-07
MYMX,4.6784285e-07
NEUROD2,4.6751006e-07
CASS4,4.6714737e-07
PRSS54,4.671464e-07
HYPM,4.6713495e-07
TANC1,4.6666193e-07
OGFRL1,4.6661327e-07
PRAMEF33,4.665009e-07
CRYGD,4.6649626e-07
SELENOM,4.663311e-07
ADAM28,4.6630512e-07
CARD14,4.6630257e-07
DUSP27,4.6611132e-07
VSIG10L2,4.6600735e-07
CD7,4.660029e-07
ADAD1,4.6599718e-07
LRRC3C,4.659345e-07
ANKRD37,4.656425e-07
FCGR1B,4.6539003e-07
KHNYN,4.6530295e-07
TEX52,4.6512497e-07
MANSC4,4.650329e-07
RANBP3L,4.6495512e-07
CCDC188,4.6486284e-07
MRAP2,4.6476165e-07
DEF8,4.64568e-07
SIAH3,4.645427e-07
KIAA1324,4.641882e-07
S100A3,4.6397085e-07
AARD,4.637289e-07
TMEM151B,4.637176e-07
FYB2,4.6365994e-07
SYPL1,4.636423e-07
FAM3B,4.636284e-07
DUSP28,4.6355927e-07
H2AFJ,4.6339287e-07
GLT8D2,4.6332994e-07
SMIM23,4.6317646e-07
CCDC81,4.629663e-07
VWC2L,4.628752e-07
CRTAC1,4.627549e-07
SPRY3,4.6203223e-07
C6orf15,4.6188126e-07
MAP7D3,4.617691e-07
FADS3,4.6158044e-07
HGH1,4.6147667e-07
C1orf115,4.6143666e-07
CLUH,4.6142173e-07
PI16,4.6141596e-07
SIM2,4.6134275e-07
EVA1B,4.6104057e-07
C20orf141,4.6095911e-07
XKR8,4.609066e-07
LENEP,4.608913e-07
BMP8B,4.608387e-07
MEIOC,4.6047066e-07
TMEM255B,4.6042723e-07
AC015871.1,4.6031573e-07
PKIB,4.602483e-07
CPVL,4.6024766e-07
RBM46,4.6015072e-07
MAGEA6,4.6012102e-07
LRP2BP,4.6010655e-07
CCDC148,4.6003765e-07
HIST3H2BB,4.5997817e-07
CCDC3,4.5989296e-07
PDZRN4,4.597996e-07
KCTD8,4.5973516e-07
GCSAM,4.5965223e-07
C3orf20,4.5928792e-07
SMPX,4.5910215e-07
ADTRP,4.5906523e-07
ZNF608,4.5902956e-07
TRIM16L,4.5902843e-07
SEPTIN12,4.5900705e-07
TFCP2L1,4.587125e-07
KLHL29,4.5859815e-07
AIFM3,4.5845763e-07
ANKRD55,4.583781e-07
PCDHGA12,4.5825337e-07
PTPRQ,4.5824223e-07
HPCAL4,4.5819795e-07
SLC37A2,4.580143e-07
DIPK2B,4.5799152e-07
AHNAK,4.5781027e-07
SCML4,4.5771023e-07
MS4A18,4.5765742e-07
C1QTNF1,4.573486e-07
HHIPL2,4.570512e-07
SPINK8,4.5697695e-07
WFDC9,4.567839e-07
MYOM2,4.5667477e-07
LRRC53,4.5664953e-07
LST1,4.5651026e-07
ADGRG5,4.5645865e-07
CDC20B,4.5629972e-07
GCSAML,4.562423e-07
NLRP11,4.5588558e-07
TMEM212,4.5570934e-07
TMEM52,4.5568936e-07
ZBED9,4.5551283e-07
CCDC17,4.5549163e-07
SMIM10L2A,4.5512647e-07
NWD2,4.5505263e-07
DOC2A,4.5481357e-07
BTBD11,4.5464844e-07
EBLN2,4.5456997e-07
CCDC54,4.544031e-07
C8orf58,4.5401444e-07
GDF9,4.5400517e-07
SEMA4G,4.5398255e-07
PKDREJ,4.5396797e-07
CCDC179,4.5385855e-07
PRUNE2,4.5356782e-07
CFAP157,4.5348028e-07
MIPOL1,4.534762e-07
LGALS16,4.5331336e-07
GDF3,4.5322523e-07
ISL2,4.5258662e-07
OVCH2,4.525844e-07
AKAIN1,4.5257843e-07
TOR2A,4.5242933e-07
ANKRD33,4.5221856e-07
C1QTNF8,4.5217277e-07
CD69,4.521211e-07
ENC1,4.520316e-07
SP8,4.518587e-07
ZBTB32,4.5174085e-07
SSPO,4.5168449e-07
DRGX,4.5156222e-07
MCMDC2,4.515542e-07
PRSS38,4.5154795e-07
NXPH3,4.514312e-07
IGBP1,4.5138526e-07
MEP1B,4.5137176e-07
TTC24,4.5104645e-07
CCDC65,4.510198e-07
MDFI,4.5096257e-07
PRDM15,4.508363e-07
NECAB2,4.5082385e-07
TMEM176B,4.5077104e-07
EMP2,4.5074907e-07
ERFL,4.5060196e-07
RBM34,4.5052215e-07
MIER2,4.5034867e-07
CABCOCO1,4.503156e-07
NAA11,4.4994886e-07
IGFBPL1,4.4982608e-07
PRDM6,4.4974362e-07
C2orf92,4.4972603e-07
LIM2,4.491513e-07
PLEK2,4.4870285e-07
S100A13,4.4861804e-07
TMEM158,4.4851456e-07
LAX1,4.484769e-07
AC072022.2,4.482724e-07
TMEM202,4.4813336e-07
GRID2IP,4.4804906e-07
FCRLB,4.4788564e-07
TMC7,4.4778434e-07
CFAP58,4.475248e-07
REXO5,4.4750013e-07
PLVAP,4.4707622e-07
S100A5,4.4699087e-07
OC90,4.4635308e-07
PHOX2A,4.4619432e-07
CCDC170,4.4601333e-07
ARL4D,4.4561168e-07
SCRT2,4.4549606e-07
MAGEC2,4.4537325e-07
USP27X,4.45344e-07
ELFN1,4.45318e-07
ARL11,4.4531635e-07
TRIM58,4.451418e-07
CSDC2,4.4514172e-07
TMEM204,4.4495073e-07
ASCL5,4.4458145e-07
GDF6,4.4437743e-07
DEPDC4,4.4413227e-07
TEX26,4.4404894e-07
HIST4H4,4.4400983e-07
SPATA9,4.4396543e-07
PCDHA7,4.4394847e-07
CFAP221,4.4389185e-07
ZNF280A,4.4377984e-07
PRAMEF12,4.4372183e-07
DYDC1,4.435654e-07
ZNF843,4.4341965e-07
LRRIQ3,4.4267804e-07
H6PD,4.4262543e-07
ARID5A,4.4261034e-07
ADGRB1,4.4248597e-07
WDR78,4.4247335e-07
RDM1,4.422636e-07
TCEAL2,4.4219684e-07
MKRN3,4.421127e-07
GDF7,4.4206413e-07
DPP10,4.420326e-07
LVRN,4.4200598e-07
LDLRAD1,4.418898e-07
MAP6D1,4.4169616e-07
ETV2,4.4161285e-07
MAPK15,4.4120767e-07
METTL18,4.411977e-07
KLK11,4.410176e-07
ANGPTL6,4.410069e-07
CST2,4.4087133e-07
CXorf21,4.4084723e-07
SYCE1L,4.4080275e-07
LCA5,4.4076566e-07
PAX1,4.4073923e-07
CIB3,4.4058862e-07
ANKRD24,4.4041508e-07
MISP,4.403737e-07
CARMIL3,4.402869e-07
BCL2L10,4.402519e-07
CRB2,4.4019916e-07
LGALS2,4.3989493e-07
HES6,4.3960995e-07
GCNT2,4.3956607e-07
CCDC27,4.393468e-07
INSC,4.3928057e-07
NEUROD4,4.3911191e-07
CEP19,4.3895471e-07
PLD5,4.389253e-07
GDAP1L1,4.3891234e-07
TXLNB,4.387542e-07
GSDMB,4.386902e-07
BEND6,4.3868778e-07
SCYGR8,4.3862866e-07
DNAJC27,4.3847908e-07
FHOD1,4.3794307e-07
TMSB10,4.3774244e-07
HIST1H1E,4.3751925e-07
KCTD14,4.3733561e-07
GIMAP1,4.372861e-07
PHETA1,4.371434e-07
TMEM250,4.3707942e-07
ODF1,4.370754e-07
LRTM2,4.3695658e-07
ZBTB43,4.368989e-07
MCRIP2,4.3686592e-07
LRRC10,4.366165e-07
CFAP97D1,4.3613701e-07
RBM43,4.3607707e-07
KLHL26,4.3584757e-07
GPALPP1,4.3580886e-07
DEPP1,4.3576628e-07
TMEM19,4.3573647e-07
CMYA5,4.357198e-07
HAPLN3,4.3568613e-07
FHL5,4.3562315e-07
DNAH7,4.3548772e-07
SLC23A3,4.353536e-07
UPK3A,4.353122e-07
MAGEB17,4.3524525e-07
POU2AF1,4.3518307e-07
C18orf63,4.3510144e-07
NAGA,4.3507217e-07
CCDC171,4.3496706e-07
ZFP57,4.3490442e-07
ZNF630,4.348553e-07
KATNBL1,4.348294e-07
NEFH,4.3454648e-07
SPAG1,4.3443856e-07
DOC2B,4.3431237e-07
FRMD1,4.341674e-07
PAQR5,4.339575e-07
RMDN1,4.338776e-07
VWA5A,4.3370156e-07
IGSF9B,4.3357292e-07
DNAJB8,4.3348584e-07
OTOL1,4.3342604e-07
YPEL4,4.334168e-07
AC135068.1,4.3328265e-07
C22orf31,4.3326705e-07
ZMYND15,4.3322845e-07
LYG1,4.3317345e-07
PAX9,4.330942e-07
HYDIN,4.3298607e-07
MEIG1,4.3294978e-07
H2AFX,4.3294062e-07
KIAA1210,4.328251e-07
CST9,4.3281327e-07
NBDY,4.3276313e-07
STAC3,4.326511e-07
TEX13A,4.3259598e-07
SPATA6L,4.3240212e-07
RILPL2,4.323135e-07
METTL7B,4.3228349e-07
BTG3,4.3208334e-07
RSPH14,4.3204665e-07
RWDD2B,4.3199995e-07
FAM240B,4.3177752e-07
C1QTNF4,4.3169368e-07
KLF2,4.3164988e-07
PBX4,4.315366e-07
SMIM17,4.3147938e-07
CDH26,4.3135105e-07
TAF11L6,4.3117575e-07
THEMIS2,4.3117447e-07
HIST2H2BE,4.3113405e-07
RBM3,4.310513e-07
MTCP1,4.309777e-07
GAREM1,4.30585e-07
TSPEAR,4.305553e-07
RBAK,4.3045097e-07
SEL1L3,4.3034e-07
CPAMD8,4.3024738e-07
ZNF513,4.3018903e-07
SEPTIN1,4.3015174e-07
ADM5,4.300403e-07
TMEM81,4.3000122e-07
SLC16A14,4.2999827e-07
SLFN12,4.2987583e-07
TIGD4,4.296891e-07
LRRC43,4.2961898e-07
C1orf226,4.2951658e-07
TCIM,4.2942997e-07
SUSD2,4.29341e-07
TUSC2,4.2931484e-07
TMEM246,4.2920462e-07
SAP25,4.2920416e-07
MAP6,4.292004e-07
ZNF385D,4.2904236e-07
SKIDA1,4.2897955e-07
MINAR1,4.2879046e-07
CALML3,4.286117e-07
DEPTOR,4.2860103e-07
ELMOD1,4.284765e-07
HEATR5A,4.2846682e-07
LUZP2,4.2844172e-07
FAP,4.2821466e-07
LRRC37A2,4.2813778e-07
DBF4B,4.280586e-07
PPP1R3F,4.2793764e-07
AL160269.1,4.2765447e-07
PCNX3,4.2761258e-07
C16orf46,4.276014e-07
PRDM5,4.273651e-07
TMPRSS9,4.2731637e-07
WDR73,4.2731332e-07
MS4A4E,4.2722976e-07
MYH1,4.271326e-07
DAZAP2,4.2712705e-07
ARMC4,4.2708362e-07
CLRN2,4.2708052e-07
ZNF780B,4.2695788e-07
TGFB1I1,4.2695078e-07
CALHM4,4.2693006e-07
HIST1H1A,4.269137e-07
MEIS3,4.268165e-07
CPXCR1,4.266429e-07
RGL4,4.265899e-07
DGLUCY,4.264833e-07
WDR31,4.263367e-07
GLIS1,4.262789e-07
FAM183A,4.2625234e-07
SNPH,4.2618768e-07
MOG,4.2605103e-07
OVOL3,4.260268e-07
HOXD12,4.2599433e-07
NUP210L,4.2595244e-07
SLC35F1,4.2590742e-07
FAM180B,4.258678e-07
RNASE13,4.2565685e-07
AL354761.1,4.25332e-07
CSNKA2IP,4.2503618e-07
CTXN2,4.250298e-07
CLDN24,4.2496572e-07
C1orf141,4.248987e-07
BANF2,4.2481153e-07
ZSWIM4,4.2463208e-07
C10orf67,4.2443307e-07
MYRFL,4.2439675e-07
TNP2,4.2428064e-07
BCAM,4.2419188e-07
SCGN,4.2411335e-07
CD302,4.2404528e-07
SSBP3,4.239234e-07
CWF19L1,4.238778e-07
C2orf81,4.2362367e-07
PHLDA3,4.2348793e-07
CCDC32,4.233675e-07
RSPH4A,4.2321713e-07
PRSS12,4.2311163e-07
UAP1L1,4.2309995e-07
ZC2HC1C,4.227148e-07
FAM185A,4.2265725e-07
ZNF536,4.2259884e-07
SPATA18,4.2257676e-07
FSIP1,4.225535e-07
GPR149,4.225288e-07
ADGRA2,4.224648e-07
ANKLE1,4.224107e-07
CPEB1,4.2229513e-07
AADACL2,4.2229263e-07
IQCA1L,4.2228598e-07
ZDHHC12,4.2217954e-07
SMIM36,4.221099e-07
GOLGA8O,4.218522e-07
CPNE9,4.2184334e-07
NANOGNB,4.2175344e-07
PRSS56,4.2160474e-07
SYNDIG1L,4.215097e-07
DIRAS2,4.2138663e-07
LIX1,4.213713e-07
CEP85L,4.2098773e-07
THNSL1,4.2098188e-07
STH,4.2096858e-07
SAMD7,4.2094686e-07
FAM83F,4.2080146e-07
TSPYL5,4.206553e-07
DDI2,4.2063274e-07
C5orf60,4.2036322e-07
HMGB4,4.203098e-07
CENPBD1,4.202737e-07
VSTM4,4.202678e-07
C9orf129,4.2001398e-07
VWA2,4.1994653e-07
C19orf81,4.1986974e-07
CELF4,4.1984478e-07
SAMD4A,4.197641e-07
FAM229B,4.1964358e-07
MAGEB3,4.1959476e-07
HIST1H3H,4.1956022e-07
GPR179,4.1931685e-07
HMX3,4.1895174e-07
SNX25,4.1889436e-07
KIAA0586,4.1879022e-07
RUNX1T1,4.1876942e-07
PLTP,4.18715e-07
RASA4B,4.185607e-07
MSS51,4.1848017e-07
SEPTIN6,4.1836287e-07
AIDA,4.183381e-07
TMEM116,4.182573e-07
VSIG10L,4.1805296e-07
PCDHGA11,4.1801005e-07
CCDC121,4.179602e-07
ADCK5,4.1789733e-07
HSPBAP1,4.1779086e-07
EXD1,4.1771168e-07
DYRK4,4.1770113e-07
HIST1H2AG,4.1764903e-07
ADGRF2,4.174701e-07
DDX58,4.1716785e-07
DYTN,4.1712906e-07
TBC1D8,4.1710882e-07
ODF3,4.170923e-07
SLC31A2,4.1708935e-07
C3orf67,4.168477e-07
ANKRD31,4.1666678e-07
GLIPR1L1,4.1662574e-07
KLHL36,4.1657253e-07
MOCS1,4.1631733e-07
C5orf34,4.1610284e-07
CRISPLD1,4.160414e-07
FGD6,4.156556e-07
CCDC122,4.1564445e-07
ZNF805,4.1560176e-07
CCDC24,4.1559215e-07
GIMAP4,4.1555677e-07
ASPDH,4.1537402e-07
ZNF182,4.1535796e-07
FAM92B,4.1532894e-07
TMA7,4.1524254e-07
SUSD4,4.1506732e-07
ANGPTL5,4.150194e-07
GTSF1L,4.1500584e-07
CEMP1,4.148072e-07
STARD9,4.1480163e-07
C2orf69,4.1477094e-07
SCML1,4.1475218e-07
ACTL9,4.144553e-07
DHRS13,4.1443658e-07
BCAS4,4.1435615e-07
C9orf24,4.1435288e-07
MAP3K6,4.1406238e-07
C17orf97,4.140257e-07
PANX3,4.1393506e-07
CXCL17,4.138745e-07
ADGRF3,4.1366522e-07
AL032819.3,4.1337526e-07
ITPRID1,4.133708e-07
KLF17,4.1334542e-07
TRIOBP,4.1331668e-07
ZIC4,4.13161e-07
LY9,4.1307513e-07
RUBCNL,4.1295704e-07
NAT16,4.1292188e-07
CDYL2,4.1289113e-07
NRDE2,4.1286017e-07
GPR156,4.1275743e-07
KLK10,4.1255188e-07
PRDM13,4.12439e-07
PCDHB16,4.1226536e-07
HORMAD1,4.1223407e-07
ASPHD2,4.12063e-07
WDR62,4.1197532e-07
FANCD2OS,4.119007e-07
SERPINI2,4.118975e-07
MARVELD1,4.115711e-07
SHISAL1,4.1154544e-07
PALM2-AKAP2,4.1151716e-07
ANKEF1,4.1145105e-07
DDI1,4.1141422e-07
MRVI1,4.1133646e-07
GIMAP8,4.112716e-07
NT5DC1,4.112199e-07
LLPH,4.111026e-07
C16orf95,4.109163e-07
PTPRT,4.1089515e-07
TMEM207,4.108812e-07
ZPLD1,4.108766e-07
PPIC,4.1083715e-07
FAM180A,4.107601e-07
ZDHHC22,4.107529e-07
CAMKV,4.1060744e-07
ACPP,4.105536e-07
ERG,4.104546e-07
LRRC46,4.104316e-07
KIAA1211,4.103963e-07
AL162596.1,4.1021931e-07
RPUSD2,4.099895e-07
GPR78,4.0994684e-07
TPPP,4.0988206e-07
LIME1,4.0985887e-07
C11orf91,4.0966393e-07
FAXDC2,4.0962013e-07
S100A16,4.0960927e-07
C9orf131,4.093245e-07
CACNA2D4,4.0913406e-07
XKRX,4.0897405e-07
CDCA4,4.0881807e-07
CBX7,4.0879374e-07
TC2N,4.087253e-07
EXD3,4.0870154e-07
CCDC80,4.0849946e-07
ZNF491,4.0830489e-07
C15orf40,4.0828954e-07
C2orf83,4.0810124e-07
FOXF2,4.0805767e-07
GPATCH2,4.0801856e-07
LHFPL6,4.0800379e-07
MOK,4.0793768e-07
FER1L6,4.0782763e-07
MNS1,4.076346e-07
BACE2,4.0762143e-07
SPACA6,4.076152e-07
PLGRKT,4.0760105e-07
PRR32,4.0750123e-07
FAM122A,4.0749856e-07
CARD16,4.0739684e-07
NHSL2,4.0732672e-07
MAGEH1,4.071634e-07
DCAF4L2,4.0710992e-07
NUDT17,4.070391e-07
DRC3,4.0689903e-07
TRMT12,4.0674882e-07
BLID,4.065981e-07
RASL10B,4.0653072e-07
SLC22A18AS,4.0650417e-07
GSAP,4.063888e-07
ZNRF4,4.0636314e-07
C19orf54,4.0625974e-07
CCDC127,4.061137e-07
PRTG,4.0607674e-07
DEDD2,4.0607475e-07
SAMD15,4.0601776e-07
RAX2,4.0594688e-07
SPANXN4,4.0593437e-07
ARL13A,4.0589018e-07
SERTAD4,4.0579476e-07
PDC,4.0577052e-07
CYB5D1,4.0571612e-07
XKR5,4.056907e-07
ZBTB49,4.056542e-07
TTC30B,4.05604e-07
CCDC180,4.0556893e-07
IGLC7,4.0545896e-07
MTMR11,4.0542156e-07
CERKL,4.0540164e-07
MCTP1,4.0519427e-07
SH3BGR,4.0503005e-07
SPHKAP,4.0494425e-07
RHBDL1,4.0469186e-07
TUSC1,4.046163e-07
DDIAS,4.0460327e-07
TCOF1,4.04266e-07
FIBIN,4.0395022e-07
PRAF2,4.0394568e-07
NRBP2,4.0391387e-07
DDX31,4.0391038e-07
AKAP17A,4.0389202e-07
DSTN,4.038583e-07
BCL2L15,4.0372134e-07
PCDHB8,4.0366635e-07
POM121C,4.0358242e-07
LETMD1,4.034824e-07
PRAMEF6,4.0341067e-07
TYW1B,4.033811e-07
CDNF,4.0319603e-07
MAP7,4.0301398e-07
NXPE2,4.0295578e-07
RELT,4.0288305e-07
TMEM159,4.0287551e-07
ZNF219,4.02777e-07
MRTO4,4.0277047e-07
LRRC30,4.026505e-07
DLEC1,4.0262367e-07
PCDHGA10,4.0253877e-07
HOXC5,4.0248233e-07
GRID2,4.024657e-07
MYEOV,4.0241684e-07
CCDC114,4.0221968e-07
GPR6,4.018979e-07
TSPAN9,4.0166816e-07
CRYBA2,4.0162976e-07
TRIM59,4.0144846e-07
TINAGL1,4.012861e-07
SMCO4,4.0118866e-07
ABTB2,4.0117376e-07
REM2,4.01129e-07
SUB1,4.010263e-07
WDR7,4.0066672e-07
FDXACB1,4.005638e-07
CMTM5,4.0047163e-07
DDX28,4.003925e-07
STEAP2,4.003679e-07
KLF6,4.0031802e-07
USH2A,4.001124e-07
APOL3,4.000539e-07
RTP5,4.0002288e-07
ADGRD2,3.9997644e-07
C17orf64,3.99975e-07
JSRP1,3.9994538e-07
KCTD16,3.999252e-07
PTER,3.9991656e-07
ANKRD33B,3.9986958e-07
UBAP2,3.9985295e-07
C17orf49,3.9970925e-07
KIAA1614,3.996058e-07
ANKS4B,3.9924362e-07
ZNF414,3.9920707e-07
DEFB133,3.9905305e-07
ZC3HAV1L,3.9891697e-07
C2orf74,3.9877037e-07
TMEM167A,3.987148e-07
C1QL3,3.9862144e-07
CCDC61,3.983691e-07
ZNF511,3.9815524e-07
RASIP1,3.9812068e-07
FAM171A2,3.9799502e-07
A3GALT2,3.9795736e-07
LRCH1,3.9785732e-07
DAOA,3.9785155e-07
SEC14L5,3.9739538e-07
ZFYVE19,3.9724864e-07
LINC02694,3.971673e-07
TMEM74B,3.9709477e-07
ARHGAP36,3.9703497e-07
TEX9,3.9689718e-07
CLEC11A,3.9687984e-07
TAFA2,3.966812e-07
FAM205C,3.9656697e-07
KRBOX4,3.9652932e-07
SYNM,3.9626985e-07
TLCD5,3.9606945e-07
TENT5D,3.9601238e-07
GARNL3,3.9593303e-07
TMEM249,3.957619e-07
C12orf50,3.9573948e-07
SNX8,3.9557617e-07
RIMS2,3.9550883e-07
TMPPE,3.9544497e-07
OTUD6A,3.9537915e-07
HAP1,3.9525608e-07
NEURL3,3.952464e-07
TDRD5,3.9520918e-07
B3GNTL1,3.951521e-07
ZNF90,3.9489174e-07
FAM241A,3.9482924e-07
TTLL13P,3.948061e-07
PRR19,3.9469546e-07
SFMBT2,3.9468705e-07
FBXO48,3.94679e-07
ARX,3.9461943e-07
COMTD1,3.9444987e-07
PINLYP,3.9442693e-07
ONECUT2,3.9429165e-07
CNPY2,3.9414576e-07
TOGARAM2,3.9410256e-07
SLC18A1,3.9404404e-07
TAC4,3.940047e-07
SH3TC2,3.9368234e-07
AVPI1,3.9367612e-07
ADAM32,3.9366827e-07
MORN3,3.935501e-07
CALHM6,3.935415e-07
LAMP5,3.9350493e-07
HAGHL,3.933229e-07
ABHD8,3.9328583e-07
USP53,3.9314054e-07
MIR1915HG,3.9311303e-07
SYTL3,3.9306997e-07
PEAK3,3.9299908e-07
SYNDIG1,3.929351e-07
TMEM144,3.9288352e-07
NAALADL1,3.9282529e-07
AIPL1,3.9276128e-07
EPB41L4B,3.927408e-07
TSSK3,3.9267053e-07
SERPINF1,3.9264506e-07
SNX10,3.925871e-07
SYNJ2BP,3.9257722e-07
SLFNL1,3.9257534e-07
CARD19,3.9251418e-07
ARID3C,3.9249068e-07
AKAP4,3.9227808e-07
ERICH6,3.9213748e-07
KLHL30,3.9210772e-07
PLEKHF2,3.9202743e-07
FRMD4B,3.92001e-07
TMEM221,3.9195876e-07
CCDC89,3.9181256e-07
PATE2,3.9181145e-07
SCART1,3.91795e-07
ITLN2,3.9161554e-07
PNMA8B,3.91577e-07
SMIM41,3.91569e-07
SDCBP2,3.9154975e-07
BTBD19,3.9152252e-07
LRRC9,3.9151737e-07
DRAM1,3.9147818e-07
SFT2D1,3.914333e-07
MYH13,3.9140022e-07
LRATD2,3.9130174e-07
ANKRD30BL,3.9126107e-07
LAMP3,3.9123984e-07
CARS,3.911503e-07
FAM189A2,3.9111583e-07
CDCA3,3.9106604e-07
FRMD6,3.9067822e-07
RAI14,3.9056505e-07
ORAI3,3.9017792e-07
YIPF7,3.9004723e-07
MAMSTR,3.900271e-07
CCDC181,3.8999505e-07
ZNF781,3.899835e-07
KNOP1,3.8991885e-07
PRSS22,3.898176e-07
RNASE11,3.8976737e-07
RNF223,3.8908547e-07
BCOR,3.889984e-07
L3MBTL3,3.8898926e-07
UBE2QL1,3.8891218e-07
DHX34,3.8884764e-07
RD3L,3.88817e-07
NBPF11,3.8880134e-07
SEPTIN4,3.8880032e-07
FAM222A,3.886918e-07
PCDHB6,3.885676e-07
SCIN,3.885425e-07
TIGIT,3.8846207e-07
LRRC25,3.8842683e-07
MRO,3.883059e-07
TMEM181,3.8826852e-07
TTC38,3.881852e-07
PAQR8,3.88163e-07
FOXN4,3.8795997e-07
MACC1,3.8794533e-07
TMEM80,3.8793328e-07
PI15,3.877685e-07
METTL4,3.877165e-07
UBAP1L,3.877035e-07
SRL,3.875493e-07
TMEM253,3.8742175e-07
CCDC113,3.8738014e-07
CAMK1G,3.8733165e-07
SRRM5,3.872373e-07
TMEM171,3.8716163e-07
ARL14EPL,3.8703547e-07
CCL15,3.8693133e-07
CCDC77,3.868713e-07
SERPINB9,3.8685025e-07
CCDC110,3.867785e-07
PIEZO2,3.8676964e-07
PTTG2,3.86695e-07
TBC1D32,3.8666644e-07
MYPOP,3.8652917e-07
SEC14L4,3.8634e-07
SAMD10,3.8619555e-07
RFX4,3.860914e-07
ATPAF2,3.8597182e-07
ROBO3,3.8582266e-07
RUNDC3B,3.8560066e-07
TRAM1L1,3.855514e-07
CD5,3.854569e-07
CPSF4L,3.8542677e-07
AMZ1,3.8521813e-07
PRAME,3.851678e-07
YBX3,3.849606e-07
LDB2,3.8495773e-07
LRRC23,3.848746e-07
PRDM11,3.8475125e-07
RD3,3.8442417e-07
KLHDC8B,3.8437952e-07
ADAD2,3.8412432e-07
NAIF1,3.841069e-07
RAD51AP2,3.8409596e-07
HIST1H2AC,3.8408675e-07
VPS50,3.8407643e-07
CCN5,3.8407325e-07
ZFAT,3.840664e-07
LGALS4,3.8379682e-07
CCDC87,3.8315662e-07
ZC4H2,3.831387e-07
CRLF3,3.8309773e-07
CEP295,3.8292748e-07
AC104389.5,3.8288007e-07
FETUB,3.8273748e-07
MCTS1,3.8261365e-07
PFN4,3.8259677e-07
RCOR3,3.8256835e-07
SPINT3,3.8246728e-07
NRAP,3.824591e-07
LRRC6,3.8240918e-07
NEUROG1,3.8239907e-07
C7orf61,3.8217897e-07
MAGI3,3.8213292e-07
SFTA3,3.819605e-07
NFKBID,3.8193227e-07
THEMIS,3.8189432e-07
TSPAN32,3.818046e-07
LIMA1,3.814766e-07
ILDR2,3.8102237e-07
ANKRD34C,3.8099657e-07
HTRA3,3.8091778e-07
TESC,3.8086714e-07
MTSS2,3.8072443e-07
C12orf57,3.8069277e-07
PALM3,3.806303e-07
PCDHA13,3.8035927e-07
NUAK2,3.800985e-07
TM2D3,3.8001104e-07
RSPH3,3.799694e-07
ANKDD1A,3.7984714e-07
FIZ1,3.79697e-07
SLCO3A1,3.7963613e-07
EPB41L4A,3.7962135e-07
FRG1,3.7960743e-07
CSNK1A1L,3.7948834e-07
VWA8,3.78981e-07
TRIB2,3.7897613e-07
NYAP2,3.7892778e-07
PLCXD1,3.7883373e-07
AKNA,3.7883117e-07
SLC35F3,3.785153e-07
POPDC3,3.7844512e-07
SHOC1,3.7844254e-07
MYH7,3.7832612e-07
TRIM61,3.7829875e-07
ROBO4,3.782722e-07
CAMSAP3,3.782604e-07
C22orf15,3.7824984e-07
CRIP1,3.7824879e-07
PGGHG,3.781619e-07
PRRX1,3.7815823e-07
DACT3,3.7814618e-07
FAM126A,3.7812146e-07
LETM2,3.7806623e-07
RBP7,3.780559e-07
FAM76A,3.7803227e-07
RCN2,3.7802303e-07
SH2D3C,3.7786862e-07
ARL4A,3.7770795e-07
SPATA46,3.7767563e-07
KLF1,3.775315e-07
ADPRHL1,3.775234e-07
JPH4,3.7745988e-07
MINAR2,3.7743064e-07
THAP2,3.7737053e-07
PURA,3.7730263e-07
FHL3,3.7719687e-07
CMTM8,3.771699e-07
MYORG,3.7711717e-07
TMEM220,3.7701906e-07
C6orf47,3.7700985e-07
HES4,3.7688625e-07
ZNF804A,3.768176e-07
TPPP3,3.767398e-07
TMEM225B,3.7624977e-07
LAPTM4B,3.761221e-07
OR2I1P,3.760528e-07
RWDD2A,3.7599474e-07
AJM1,3.7596885e-07
FRA10AC1,3.7589328e-07
DRICH1,3.7573872e-07
OTULINL,3.75652e-07
KDM4F,3.7561068e-07
PCP4L1,3.7531433e-07
SOBP,3.7519567e-07
CKS2,3.7517518e-07
CNDP1,3.7514414e-07
LRRC55,3.7503256e-07
TTC39B,3.7502272e-07
PDCL2,3.750084e-07
DNASE1L2,3.7480692e-07
PLEKHM2,3.7476943e-07
VAX2,3.747427e-07
EPS8L3,3.7444775e-07
CLIC1,3.7439926e-07
PCDHA1,3.7415595e-07
ALPK2,3.7411098e-07
CASC1,3.7403726e-07
TBX19,3.7394486e-07
RASD2,3.7385624e-07
NPTXR,3.7381827e-07
PBLD,3.7381457e-07
POC5,3.7380778e-07
OOSP2,3.7368673e-07
SBK3,3.736507e-07
FAM227A,3.73619e-07
TMEM45B,3.735902e-07
WDR17,3.7336832e-07
WFDC5,3.7333902e-07
TMEM62,3.733131e-07
SPATA32,3.731637e-07
CCHCR1,3.731621e-07
SLC22A23,3.7310892e-07
PCDHGA3,3.7296184e-07
MEIKIN,3.7280543e-07
DISP1,3.727417e-07
KANTR,3.7273273e-07
ATXN7L1,3.7263874e-07
MARCH3,3.7248074e-07
CA8,3.7242737e-07
RAPGEF6,3.7236904e-07
NANOGP8,3.7227005e-07
NEK10,3.7201704e-07
PPP1R3B,3.7200297e-07
SPIN2B,3.7183412e-07
RIPK4,3.718242e-07
TMPRSS15,3.7164872e-07
CDPF1,3.7143178e-07
RNF166,3.7143124e-07
NEFM,3.7118798e-07
RBMS1,3.711818e-07
SLC10A5,3.7111624e-07
AVIL,3.7111445e-07
RNF208,3.7111246e-07
ZDHHC24,3.7106568e-07
ZNF366,3.7100742e-07
FAM155A,3.708185e-07
NEURL4,3.7078405e-07
CT47B1,3.70729e-07
ANKRD34B,3.7061463e-07
MBNL3,3.7038157e-07
TMEM86A,3.7032055e-07
NECAB3,3.700957e-07
ZNF131,3.7005347e-07
RFPL4A,3.6983414e-07
ZNF396,3.6982445e-07
RASSF9,3.6969377e-07
TMPRSS11A,3.6962226e-07
SLC25A34,3.6960452e-07
PCDH17,3.695353e-07
TLCD3A,3.693893e-07
ZXDB,3.693709e-07
TERC,3.69362e-07
SFR1,3.6930655e-07
CDRT4,3.6928654e-07
SMIM30,3.692685e-07
SHROOM1,3.6916643e-07
PIRT,3.6915657e-07
TM4SF1,3.691225e-07
HID1,3.6911663e-07
YIPF1,3.6901952e-07
IMPG2,3.6901676e-07
DNAJC16,3.6893866e-07
DRC7,3.689264e-07
CCDC168,3.6889296e-07
FAT3,3.6861408e-07
GNG14,3.6847965e-07
GTPBP8,3.6847254e-07
SP140L,3.682393e-07
LZTS3,3.682058e-07
TUB,3.681806e-07
C6orf201,3.6817013e-07
MAP3K19,3.6814964e-07
SLC15A2,3.6812327e-07
GAS2L1,3.6796095e-07
PPP2R2B,3.678827e-07
CCDC86,3.673659e-07
WDR92,3.6728147e-07
TM6SF2,3.671737e-07
EEF1AKNMT,3.6703312e-07
PPP1R3G,3.6669962e-07
ITGB1BP2,3.6669692e-07
SRPX,3.6652085e-07
ARMC12,3.6651716e-07
BFSP2,3.6636254e-07
ADAL,3.6633838e-07
LRIF1,3.663284e-07
SEMA6B,3.6608637e-07
CCNDBP1,3.660725e-07
CCDC91,3.6600835e-07
FAM214B,3.65899e-07
FAM240A,3.6571683e-07
FAM89B,3.6567783e-07
PDLIM4,3.655633e-07
STMND1,3.6541448e-07
FAM237B,3.6533424e-07
CCNB1IP1,3.652715e-07
CALHM2,3.6525384e-07
TEKT2,3.6521277e-07
MAP10,3.6519444e-07
VMO1,3.6498076e-07
FSD2,3.6494413e-07
RNF175,3.6489246e-07
INSYN1,3.64888e-07
HIST1H4C,3.648811e-07
TMEM61,3.6487125e-07
GINM1,3.6480427e-07
SLC35D3,3.6441676e-07
LRRCC1,3.642226e-07
ECHDC3,3.6409978e-07
C10orf143,3.6409236e-07
VSTM2L,3.640483e-07
TMC5,3.6385146e-07
TRIM7,3.6376713e-07
SPATA12,3.6371844e-07
SELENOV,3.6363858e-07
TEX54,3.635729e-07
MXD3,3.6355843e-07
ZNF784,3.6355735e-07
C2CD2,3.6341297e-07
STPG1,3.6326736e-07
CTTNBP2,3.6324963e-07
SMTNL1,3.6317564e-07
INAFM1,3.6316396e-07
RAB11FIP5,3.6302237e-07
SIDT2,3.6302094e-07
TMEM60,3.62991e-07
PLCXD2,3.6272004e-07
IGSF8,3.626423e-07
PLSCR2,3.6260994e-07
NLRP2B,3.6260548e-07
OPA3,3.6255636e-07
NXT2,3.6251015e-07
PAEP,3.62437e-07
DUSP19,3.6242224e-07
C22orf23,3.6227692e-07
FAM8A1,3.6224716e-07
RFPL1,3.620579e-07
TM6SF1,3.620116e-07
AFF1,3.6195317e-07
NKPD1,3.6187328e-07
CHIC1,3.6183187e-07
PDE6H,3.6172668e-07
NPIPB2,3.6164099e-07
CA11,3.6160665e-07
TMCC2,3.6157982e-07
TEDDM1,3.6154884e-07
ENDOG,3.6148035e-07
EVI2A,3.6144112e-07
ADARB2,3.6139804e-07
SHROOM3,3.613919e-07
KLHL6,3.6109876e-07
CRIP3,3.610544e-07
SCIMP,3.6093732e-07
DCLK3,3.609217e-07
BLOC1S2,3.6084433e-07
CROCC,3.605113e-07
VSNL1,3.6046626e-07
TMEM155,3.6038247e-07
PMFBP1,3.6037338e-07
DCDC2C,3.6032185e-07
SLC7A6OS,3.601276e-07
MZF1,3.5993952e-07
BOLA3,3.5993662e-07
ASXL3,3.5991138e-07
CACNG5,3.593891e-07
C21orf58,3.5926936e-07
SPG21,3.59152e-07
MAP4K2,3.5909304e-07
STXBP4,3.590037e-07
TMEM88B,3.5897537e-07
RNF227,3.5891284e-07
CCDC184,3.5881385e-07
EDDM3A,3.5844764e-07
PTP4A3,3.5818815e-07
SHOX2,3.581796e-07
GPR19,3.5816043e-07
MOSPD1,3.5812712e-07
NEMP1,3.5795725e-07
C7orf31,3.5792607e-07
RBM38,3.5791828e-07
BRWD3,3.5786547e-07
FBXO16,3.577653e-07
TEDC1,3.577295e-07
FOSL2,3.5768014e-07
PBK,3.5754275e-07
CAVIN3,3.5740882e-07
TSNARE1,3.571309e-07
SPPL2C,3.569389e-07
YJEFN3,3.5691738e-07
RCAN1,3.5688137e-07
FAM149A,3.568282e-07
ZNF852,3.5668555e-07
ZNFX1,3.565722e-07
SH3PXD2B,3.5655728e-07
CNNM4,3.5649887e-07
TPRG1L,3.5647295e-07
NIM1K,3.564292e-07
ERBB3,3.564077e-07
GABRE,3.563968e-07
ARPIN,3.563354e-07
GIMAP2,3.5631624e-07
ARMC10,3.5626388e-07
ABHD13,3.5624657e-07
TRANK1,3.560155e-07
TMEM14C,3.559917e-07
PPP1R14C,3.5595764e-07
BAALC,3.556147e-07
CDCA7,3.5547666e-07
TMEM160,3.5546591e-07
AC073111.4,3.5520574e-07
ZNF720,3.5502825e-07
LRRD1,3.548871e-07
HS1BP3,3.5467767e-07
KLHL35,3.5462614e-07
CARD10,3.5462605e-07
TJP3,3.545414e-07
LCN8,3.5451615e-07
DNAH14,3.5444813e-07
CFAP69,3.5441505e-07
KANK2,3.5430568e-07
FAT1,3.5412464e-07
RERGL,3.540084e-07
DNAJC28,3.539191e-07
CORO1B,3.539113e-07
CLDN34,3.5388322e-07
TMEM120A,3.5386776e-07
NCOA7,3.5386293e-07
CACNG1,3.5381808e-07
SEMA3C,3.5376956e-07
WFDC1,3.537383e-07
FAM9A,3.5369865e-07
ERP29,3.5368114e-07
MYO15B,3.535856e-07
TRIML2,3.5353543e-07
BCL3,3.5347827e-07
TTC30A,3.534641e-07
RCOR2,3.533357e-07
RASL12,3.5325795e-07
BORCS6,3.532004e-07
ADAMDEC1,3.5316916e-07
WDR5B,3.53113e-07
CD3EAP,3.530913e-07
C1RL,3.5304754e-07
WDR87,3.5297853e-07
WFDC3,3.5293021e-07
DNAH1,3.5291552e-07
CLDND2,3.5282858e-07
SERTAD1,3.5282167e-07
CCNYL1,3.5268678e-07
PHLDB2,3.526861e-07
AMOT,3.5254604e-07
UNG,3.5251801e-07
FAM135B,3.5240313e-07
HHIPL1,3.5233532e-07
NFE2L3,3.5228936e-07
PHRF1,3.5227993e-07
C16orf96,3.521409e-07
CDK17,3.520433e-07
DRC1,3.5203354e-07
PLGLB2,3.5196143e-07
NINJ2,3.5193838e-07
TMEM100,3.5159346e-07
OCIAD2,3.5152027e-07
CCDC160,3.5147386e-07
DUSP18,3.5140496e-07
NRK,3.513735e-07
ROPN1B,3.512773e-07
ZNF883,3.5121226e-07
SSX2IP,3.5114886e-07
TMEM275,3.5109198e-07
VN1R4,3.5107868e-07
FOXJ3,3.5100157e-07
GRINA,3.5090088e-07
RASGEF1C,3.508487e-07
TMEM268,3.508407e-07
JPH2,3.5080038e-07
CYTL1,3.5068476e-07
FMN2,3.5065543e-07
RSBN1L,3.5063545e-07
MS4A1,3.5059034e-07
VWC2,3.5054964e-07
C8orf82,3.5051656e-07
SCGB1C2,3.5039452e-07
PEX5L,3.5032798e-07
AFF2,3.502451e-07
PARVG,3.5021353e-07
ALDH16A1,3.501706e-07
FAM110B,3.498768e-07
KRCC1,3.498744e-07
ASMTL,3.4956193e-07
FMN1,3.4953527e-07
NUFIP1,3.4946837e-07
ZNF628,3.494038e-07
ISLR2,3.4925284e-07
PLIN5,3.4906768e-07
MPPED2,3.4894433e-07
EFCAB13,3.4879181e-07
PLLP,3.486999e-07
TMEM236,3.485862e-07
LRRC38,3.4845976e-07
PSORS1C1,3.4842859e-07
DNAJB2,3.4815085e-07
GRID1,3.4809494e-07
FASTKD3,3.4803344e-07
MYCT1,3.480038e-07
RADIL,3.4789863e-07
TMEM255A,3.4789755e-07
ZNF407,3.4786666e-07
PRR27,3.4785154e-07
ZNF107,3.4750838e-07
SIX3,3.474873e-07
TEX51,3.4745813e-07
ANKFN1,3.4745267e-07
VSTM5,3.4740992e-07
TGM7,3.4739966e-07
CCDC28A,3.4737613e-07
GLT8D1,3.47169e-07
NUPR1,3.470464e-07
LBHD1,3.4700543e-07
PCDHB7,3.470023e-07
LRRC17,3.4692445e-07
SOX8,3.4689083e-07
ENG,3.4683572e-07
HEXIM2,3.467496e-07
PGBD2,3.4670464e-07
CCDC15,3.4669714e-07
WDR90,3.4668508e-07
WDR72,3.4668412e-07
PARM1,3.4664944e-07
CRYBB1,3.4662477e-07
PRPF40B,3.4647064e-07
ZBTB5,3.4643617e-07
TSPAN3,3.463543e-07
LRRN3,3.4634212e-07
C19orf48,3.4631248e-07
RRS1,3.4613717e-07
C10orf142,3.4611637e-07
CDKN3,3.4586694e-07
FAM167A,3.456399e-07
CSPP1,3.4560875e-07
KANK4,3.4556453e-07
PIM2,3.455599e-07
IGLON5,3.4550308e-07
CCDC142,3.4540417e-07
TMEM187,3.4530248e-07
APOL6,3.452293e-07
DYRK3,3.4502912e-07
CORO2A,3.449413e-07
SLC45A4,3.4492425e-07
CCNL1,3.4490293e-07
SCYL2,3.4487337e-07
TMBIM6,3.4482005e-07
TFAP4,3.4473356e-07
CCDC163,3.4470642e-07
ZFX,3.444578e-07
C6orf163,3.4441595e-07
RNASEH2B,3.4438304e-07
SAMD13,3.4432173e-07
UBALD1,3.4429644e-07
SH3BGRL2,3.4428692e-07
ITM2C,3.4420583e-07
CCDC38,3.4420245e-07
DTD2,3.4414543e-07
IGFL3,3.4410317e-07
TMEM173,3.4410064e-07
ADSSL1,3.4400054e-07
CTXN3,3.4399181e-07
BNIPL,3.4396714e-07
C12orf74,3.4382626e-07
C16orf74,3.438087e-07
ZNF365,3.4375526e-07
HNRNPCL2,3.4367852e-07
ZGLP1,3.4360565e-07
CXorf38,3.4360187e-07
SH2D4B,3.435202e-07
TMEM201,3.4343267e-07
DNAH6,3.4340178e-07
ZFAND4,3.4335923e-07
PCDHB5,3.431892e-07
C17orf58,3.4312038e-07
SCAF1,3.4309025e-07
SFTA2,3.4285978e-07
PRR15,3.4285e-07
EN2,3.42755e-07
SLC17A2,3.426084e-07
ULK4,3.4246418e-07
ADGRD1,3.423188e-07
HSF4,3.421448e-07
TMEM241,3.4212962e-07
RHBDL3,3.419156e-07
MAP9,3.4186618e-07
CASTOR3,3.4186482e-07
C10orf99,3.4162372e-07
ZSCAN23,3.4157708e-07
PREP,3.4148954e-07
ATXN7L2,3.4137713e-07
P3H4,3.41362e-07
C18orf21,3.412652e-07
ZBTB10,3.4125492e-07
TXNDC9,3.412447e-07
EFCAB6,3.410316e-07
YY2,3.409599e-07
MYNN,3.408688e-07
PEX11G,3.4086347e-07
CHST9,3.408051e-07
PKDCC,3.4071127e-07
PIK3IP1,3.4061358e-07
MFRP,3.405099e-07
CATSPERZ,3.4042193e-07
URGCP,3.403976e-07
MIA,3.4038086e-07
TMPRSS5,3.4033945e-07
CYB5D2,3.4029193e-07
EFHD1,3.4029003e-07
LLGL2,3.400959e-07
DNAJC4,3.3997298e-07
TMEM192,3.399279e-07
HOXA5,3.3980004e-07
RUSC2,3.397989e-07
ZFP41,3.396113e-07
TSPYL1,3.396018e-07
C19orf57,3.395761e-07
C11orf65,3.3955033e-07
IQCD,3.3954663e-07
PCGF3,3.3948845e-07
C11orf42,3.3946932e-07
TIPARP,3.3943937e-07
PTPN21,3.3935507e-07
BRICD5,3.3924405e-07
RFLNA,3.392226e-07
CCDC150,3.3921398e-07
LRRC3B,3.3914844e-07
ZNF277,3.3902896e-07
APOL2,3.3897447e-07
TCP10L,3.3884152e-07
TOMM34,3.3877305e-07
CCDC153,3.3875475e-07
MAP3K21,3.3873368e-07
TSGA10IP,3.3869392e-07
NIPSNAP3A,3.3857802e-07
FAM166B,3.384432e-07
SPATA22,3.3844208e-07
FAM160A1,3.383473e-07
CMTM7,3.3822903e-07
PCDH11X,3.3817238e-07
ARMH4,3.3815152e-07
IGSF3,3.380422e-07
HEPN1,3.3798656e-07
HBQ1,3.3773654e-07
PIP4P2,3.37662e-07
DNHD1,3.375244e-07
SNX32,3.3731314e-07
FAM171B,3.3730623e-07
POPDC2,3.3724908e-07
NEDD9,3.371646e-07
TM9SF4,3.371624e-07
ARMH1,3.3716086e-07
NSUN3,3.370924e-07
PARP12,3.3706496e-07
PRR7,3.3706112e-07
INTS6L,3.370402e-07
DNASE1,3.3702182e-07
RHBDD1,3.3689327e-07
JRK,3.3681022e-07
TNS2,3.3676255e-07
CCDC97,3.365767e-07
UBTD1,3.364464e-07
KIAA1324L,3.3640546e-07
ZNF835,3.360578e-07
TMIGD3,3.359711e-07
SLC25A46,3.3594614e-07
PRPSAP1,3.359208e-07
THAP10,3.358792e-07
VNN3,3.3586227e-07
CXorf40A,3.3582285e-07
TMEM120B,3.357571e-07
ARL6IP1,3.357229e-07
ZMYM3,3.3552377e-07
FBXO34,3.354516e-07
LRRC39,3.3540636e-07
KDF1,3.3539297e-07
CCDC39,3.353897e-07
RBMS3,3.3538436e-07
RUNDC3A,3.3531083e-07
KIAA1328,3.3515263e-07
TRAF4,3.3497716e-07
NRROS,3.3486342e-07
TESK2,3.347881e-07
DISP3,3.347445e-07
CCDC189,3.3472512e-07
THUMPD2,3.3467845e-07
NEMP2,3.346415e-07
ZCWPW2,3.3454327e-07
KIAA1217,3.3452383e-07
PKD1L1,3.3451676e-07
MAGEF1,3.3451613e-07
ZNHIT2,3.3434665e-07
LMBR1,3.3417174e-07
SIAE,3.3415537e-07
CFAP44,3.3411348e-07
EXPH5,3.3411138e-07
PMP2,3.3404447e-07
TMEM64,3.3400642e-07
SYT4,3.3382886e-07
RPUSD1,3.3382508e-07
ZNF622,3.338026e-07
UPK2,3.3338853e-07
BFAR,3.333753e-07
PCDHGA1,3.333251e-07
CALML6,3.332676e-07
FAM218A,3.3326748e-07
TMEM243,3.332622e-07
TKTL1,3.3322877e-07
C1QTNF3,3.3298141e-07
BICC1,3.3298102e-07
ABCC12,3.3281182e-07
TMEM213,3.3280548e-07
ZNF57,3.3272744e-07
INSYN2B,3.3265385e-07
ZNF69,3.325576e-07
AIRE,3.325242e-07
SLC18B1,3.3241986e-07
APOL4,3.3237566e-07
MAGEA1,3.323547e-07
ZNF98,3.3224157e-07
SHISA7,3.3194917e-07
DNAJC1,3.3175587e-07
ZFPL1,3.316836e-07
SULF1,3.315958e-07
RASSF8,3.3153546e-07
NOLC1,3.3149706e-07
MBNL2,3.313119e-07
TOP3B,3.3120395e-07
CCDC85C,3.311693e-07
GPR63,3.3114188e-07
SYNE3,3.3103152e-07
C20orf96,3.3102089e-07
ADIG,3.3100787e-07
SHLD1,3.3100602e-07
SETMAR,3.3097714e-07
FLVCR2,3.309391e-07
ANXA10,3.30888e-07
EFCAB11,3.308291e-07
MOB2,3.3076682e-07
DDX25,3.3076455e-07
PCDH8,3.3072624e-07
RTP4,3.3066388e-07
TMEFF1,3.3061428e-07
SLC9A3R2,3.3059018e-07
LGALS8,3.3057202e-07
NCKAP5,3.305129e-07
TTYH1,3.3044861e-07
SPEF1,3.3043452e-07
ZNF404,3.3033606e-07
C11orf1,3.3028522e-07
PUM3,3.3013052e-07
ARPP21,3.301215e-07
PPP1R42,3.3009482e-07
RNF215,3.2994362e-07
TEF,3.2991218e-07
MDP1,3.2981174e-07
TEX33,3.2975944e-07
L3MBTL4,3.297225e-07
C1QL4,3.2971246e-07
CFAP61,3.2959582e-07
ZC3H6,3.295773e-07
C1orf198,3.2939434e-07
ZBTB2,3.2936265e-07
NFKBIZ,3.2932365e-07
PHOX2B,3.2927974e-07
LEXM,3.2914835e-07
ING1,3.2914292e-07
CCNJL,3.291182e-07
UBL4B,3.290963e-07
NUDT18,3.290284e-07
TTC26,3.2901067e-07
WDR76,3.2898734e-07
FKBP7,3.2895204e-07
PTPDC1,3.288164e-07
VSIG10,3.2879046e-07
MIER3,3.2878222e-07
WEE2,3.2871708e-07
SEMA3B,3.2870966e-07
MBTD1,3.2869886e-07
GGT2,3.2864773e-07
GSG1,3.2863505e-07
MTG1,3.2860515e-07
HIVEP2,3.2858517e-07
CD248,3.2854788e-07
MARVELD3,3.284035e-07
SAR1A,3.28224e-07
CTBS,3.2821794e-07
N6AMT1,3.2814341e-07
EML1,3.2811616e-07
SLC7A14,3.281074e-07
PID1,3.2810274e-07
CPQ,3.280605e-07
ADGRL2,3.2801574e-07
TIMP4,3.2797954e-07
MFF,3.279007e-07
NAA15,3.2790055e-07
AGAP1,3.278814e-07
NXN,3.278453e-07
TCTE3,3.2781801e-07
DIRAS1,3.2768062e-07
UBALD2,3.27657e-07
PCNX4,3.2756955e-07
IGFLR1,3.2756756e-07
PRR5L,3.272871e-07
TLE7,3.272528e-07
TTC9B,3.2720044e-07
CCDC191,3.270995e-07
R3HCC1L,3.2693202e-07
CD163L1,3.2687151e-07
DTWD2,3.267456e-07
HEATR9,3.2667745e-07
TTC7A,3.266198e-07
ACTR6,3.265857e-07
IFFO2,3.2658446e-07
SPATA2L,3.2645542e-07
SHISA2,3.264548e-07
OTOS,3.2627514e-07
DLK2,3.26227e-07
SPAG5,3.2617353e-07
GPN2,3.2617095e-07
FOXD4L5,3.2616055e-07
C16orf92,3.2607173e-07
C3orf18,3.2588994e-07
MICAL2,3.257359e-07
MEAK7,3.256459e-07
EOGT,3.255979e-07
CCDC117,3.254824e-07
ABI3BP,3.2528652e-07
MCF2L2,3.2522317e-07
TMEM38A,3.2519256e-07
SLC16A9,3.2506597e-07
C10orf82,3.2498707e-07
RUSC1,3.2497206e-07
CTXND2,3.2487725e-07
FJX1,3.2478172e-07
MOSMO,3.2476765e-07
PNPLA1,3.2468765e-07
C4orf46,3.2448767e-07
ZNF575,3.2446397e-07
ZNF787,3.2444856e-07
SFT2D3,3.243917e-07
TRIM66,3.2414943e-07
SPAG8,3.239299e-07
FPGS,3.2389326e-07
LNP1,3.2385086e-07
GRWD1,3.238458e-07
PHYHIPL,3.2373916e-07
TSHZ2,3.2372947e-07
FERMT1,3.2367478e-07
C18orf25,3.2360077e-07
TGFBRAP1,3.2356272e-07
TECPR1,3.2327787e-07
PRAMEF15,3.232649e-07
SAPCD1,3.2324695e-07
ZNF296,3.2322322e-07
MLYCD,3.231145e-07
L1TD1,3.2302637e-07
C12orf45,3.2297567e-07
FRYL,3.228765e-07
NFATC4,3.228581e-07
ZNF85,3.2271126e-07
PLSCR3,3.226239e-07
DDTL,3.2260556e-07
FAM81A,3.2246356e-07
AC093323.1,3.2245302e-07
SNX7,3.2245194e-07
TM4SF4,3.2230363e-07
TNP1,3.2213896e-07
PCDHA3,3.2211153e-07
EEF1AKMT3,3.2210826e-07
PRR22,3.2205872e-07
PODN,3.2205008e-07
PLAG1,3.2204778e-07
ZBTB8B,3.2204767e-07
HSPB11,3.2195177e-07
SURF6,3.2190746e-07
IGSF22,3.2189521e-07
SASS6,3.21854e-07
CCDC173,3.2180287e-07
GAGE1,3.21792e-07
LNX2,3.217248e-07
GOLPH3L,3.2169686e-07
ATRNL1,3.2166471e-07
PPP2R2C,3.216285e-07
SERP2,3.214968e-07
RELL2,3.2146266e-07
FTCDNL1,3.2142322e-07
FICD,3.2141344e-07
EFCAB1,3.213913e-07
PPP5D1,3.2132002e-07
NINJ1,3.2110447e-07
GPANK1,3.21048e-07
SPATA24,3.2103773e-07
PACRG,3.2101178e-07
PRTFDC1,3.2080683e-07
CKAP2L,3.2078913e-07
TP53INP2,3.207664e-07
C2CD4B,3.2074308e-07
CSRP2,3.2068337e-07
CELA1,3.2063357e-07
SRRM4,3.2059583e-07
SSBP4,3.2049113e-07
ATG2A,3.2047794e-07
IQCH,3.2041413e-07
KCTD12,3.203092e-07
KIAA1586,3.2026833e-07
BCLAF3,3.2006764e-07
KLHL14,3.1994725e-07
RANBP6,3.199387e-07
RBPMS2,3.199193e-07
SMAP2,3.1990703e-07
AC025287.4,3.1977615e-07
ZKSCAN2,3.1969077e-07
RNF167,3.196852e-07
RUNX2,3.1962063e-07
SERGEF,3.1954198e-07
SCRN2,3.1952797e-07
LRIT1,3.1945365e-07
CEP128,3.193414e-07
GLTPD2,3.193192e-07
H1FX,3.1930728e-07
TBL2,3.1928124e-07
TBX4,3.1926194e-07
MRFAP1,3.1925433e-07
TMEM260,3.1919646e-07
BRINP1,3.1913166e-07
SH3BP5L,3.1911603e-07
ATOH8,3.1904435e-07
ZNF16,3.1903073e-07
SPATA8,3.1901678e-07
CPNE5,3.1890514e-07
TTK,3.1886537e-07
CRELD2,3.1882539e-07
C4orf19,3.1876237e-07
SPATA5L1,3.1874185e-07
NRM,3.1869317e-07
HNRNPUL2,3.1868615e-07
GORAB,3.1860037e-07
C19orf73,3.1859278e-07
RABEP2,3.185847e-07
ARL8B,3.1853966e-07
EIF4EBP3,3.184814e-07
CNTNAP4,3.1845047e-07
DNAAF4,3.184367e-07
CLN6,3.184077e-07
C3orf14,3.1838826e-07
FAM184A,3.1832596e-07
THAP8,3.1832096e-07
MROH1,3.1828094e-07
SPATA31A1,3.1825968e-07
SSC4D,3.182139e-07
CCDC183,3.180684e-07
TSPAN10,3.1806027e-07
SEMA6C,3.1804876e-07
UBXN2B,3.1804396e-07
LDB3,3.1801466e-07
RNFT1,3.1799564e-07
OSCP1,3.179545e-07
MMD2,3.1794315e-07
IRF2BP2,3.1792703e-07
PDRG1,3.1771413e-07
RTKN2,3.1767732e-07
PDZD7,3.176677e-07
MYZAP,3.1761934e-07
NRSN1,3.175135e-07
LHX6,3.174411e-07
SRPK3,3.1742076e-07
ZNF766,3.1735766e-07
FGF17,3.1730426e-07
FAM151B,3.1730127e-07
FHIT,3.1728607e-07
LYZL2,3.172764e-07
TMEM265,3.1726015e-07
GREB1L,3.1723778e-07
MEGF8,3.1719662e-07
POM121L12,3.1714217e-07
CD82,3.1706037e-07
RGN,3.1701765e-07
DNAJC14,3.1701558e-07
TMEM200C,3.1694125e-07
TMEM232,3.1692716e-07
OCEL1,3.1680477e-07
SCFD2,3.1679008e-07
HAPLN4,3.1676703e-07
GLIS2,3.167231e-07
NRARP,3.1671544e-07
NBPF19,3.1657052e-07
SERPINI1,3.1645737e-07
CNNM2,3.1639377e-07
TMEM106A,3.1639317e-07
AFG1L,3.1632933e-07
ELSPBP1,3.1631123e-07
CD1E,3.1628795e-07
GDPD2,3.1622855e-07
GCNA,3.1617606e-07
PNMA6A,3.1617358e-07
PHETA2,3.1615005e-07
DBNDD1,3.1612524e-07
POC1A,3.1589164e-07
HLX,3.1588323e-07
DHRS7,3.1586566e-07
PCDHGB7,3.1584034e-07
EPB42,3.1576772e-07
FUBP3,3.1573794e-07
TRIM16,3.1564036e-07
B4GALNT4,3.1562553e-07
FAM43A,3.1560276e-07
IQCN,3.1559347e-07
ZSCAN5C,3.1554143e-07
RFTN2,3.154812e-07
TCHP,3.1547438e-07
NATD1,3.153236e-07
STK40,3.1527534e-07
ATE1,3.1524286e-07
EIF4EBP2,3.1519957e-07
ETV3L,3.1516933e-07
MTCL1,3.1510646e-07
GGTLC1,3.1508554e-07
IL17B,3.1505866e-07
IMPAD1,3.1504663e-07
TMCO6,3.149493e-07
ZMAT4,3.1486766e-07
C10orf90,3.1483543e-07
ELMSAN1,3.147328e-07
RFTN1,3.1472925e-07
CLK1,3.1456878e-07
MSTO1,3.1454746e-07
CSNK1G1,3.1449454e-07
ZC3H12B,3.1425634e-07
ZNF7,3.1412745e-07
KLHL17,3.141122e-07
MLF1,3.141036e-07
AC233723.1,3.1402737e-07
RIMS4,3.1402584e-07
ACAP2,3.139644e-07
LYSMD2,3.1394435e-07
VMAC,3.1393895e-07
FBLL1,3.1389547e-07
USP31,3.1385795e-07
FAM47B,3.1384766e-07
LACTB,3.138102e-07
RUBCN,3.137717e-07
SENP6,3.1372983e-07
FNDC1,3.1363567e-07
PBOV1,3.1354983e-07
AKAP11,3.135426e-07
CLIC4,3.1344334e-07
FBXO25,3.1343657e-07
CDKL2,3.134068e-07
PCDHA6,3.1337825e-07
ZFAND1,3.1335938e-07
KIFC3,3.1335102e-07
C4orf36,3.1329748e-07
OLFM1,3.13105e-07
MPZL2,3.130097e-07
EID2B,3.1295212e-07
FAM155B,3.1293e-07
TRABD,3.128742e-07
IQSEC2,3.1285916e-07
HIST3H2A,3.1282366e-07
ANKRD18B,3.1273564e-07
TECPR2,3.1270824e-07
ZNF408,3.1262354e-07
TAFA5,3.1253407e-07
REPIN1,3.1253066e-07
PDCD6,3.125213e-07
RBM19,3.124097e-07
CHRDL2,3.123864e-07
USP35,3.122843e-07
ANKUB1,3.1209984e-07
LRMDA,3.1205494e-07
SFXN5,3.11958e-07
LDLRAD3,3.119559e-07
TMEM251,3.1185164e-07
FBXL2,3.1184447e-07
MYO1F,3.11841e-07
MSMB,3.1184013e-07
TMCC3,3.1178283e-07
CRIM1,3.1176447e-07
RNF170,3.1174156e-07
PCDHGA7,3.116686e-07
NAALADL2,3.1162878e-07
FAIM2,3.1162602e-07
SLC25A39,3.1162153e-07
TWISTNB,3.1157867e-07
MFHAS1,3.1155594e-07
C20orf144,3.1137918e-07
MAP3K15,3.1137424e-07
RPRM,3.113555e-07
SAAL1,3.1135517e-07
OBP2B,3.1134888e-07
PNMA8A,3.1127243e-07
SYNC,3.1120226e-07
LACTB2,3.111736e-07
SBDS,3.1112793e-07
GPRASP1,3.1110812e-07
ERMAP,3.1093526e-07
LRRC14B,3.1093336e-07
AC011195.2,3.1087757e-07
ARMCX4,3.1085784e-07
RTP3,3.1082186e-07
ARIH2OS,3.1080347e-07
AOAH,3.1077212e-07
ATP5MD,3.1074748e-07
NFATC2IP,3.1070388e-07
CUEDC1,3.105748e-07
MOAP1,3.1047907e-07
CCDC13,3.10445e-07
LGALSL,3.1037524e-07
PRIMA1,3.10301e-07
BMP3,3.1022063e-07
FOXO6,3.1019803e-07
TMA16,3.1017325e-07
FAHD2A,3.1010174e-07
CIR1,3.099407e-07
PHACTR3,3.0990955e-07
ZMYM6,3.098817e-07
RRP12,3.0983057e-07
DCAF12,3.096357e-07
TRMT10B,3.096293e-07
BRD3,3.0959953e-07
CTXND1,3.095139e-07
STOML1,3.094764e-07
SLC7A2,3.0939228e-07
MCMBP,3.0935288e-07
UBR5,3.0934686e-07
NIFK,3.0932824e-07
TMEM234,3.092625e-07
PRRT1,3.0909726e-07
CAAP1,3.090232e-07
CRAMP1,3.0866758e-07
CHAMP1,3.0865283e-07
EDF1,3.0858664e-07
TTC3,3.0841642e-07
TMEM63C,3.083587e-07
SNORC,3.0835696e-07
ZNF629,3.0832337e-07
ERG28,3.0829526e-07
STXBP5,3.0817782e-07
DDX60L,3.0814667e-07
MROH7,3.0813442e-07
QRSL1,3.078022e-07
TJAP1,3.077888e-07
ZSCAN29,3.0770903e-07
TRAF5,3.0769945e-07
KLHL4,3.076109e-07
LMTK3,3.0759827e-07
WFIKKN1,3.074857e-07
CCDC62,3.073593e-07
TMEM229B,3.0731735e-07
SKOR1,3.0728216e-07
CARMIL2,3.0721182e-07
SMIM27,3.0720398e-07
TENM4,3.0715546e-07
RHBDD3,3.0697956e-07
PRRG1,3.0691118e-07
RRNAD1,3.0689532e-07
GHRL,3.0685968e-07
LAPTM5,3.0683648e-07
SOWAHA,3.0681505e-07
ENKUR,3.0668775e-07
KBTBD12,3.0663097e-07
YBEY,3.0648434e-07
CADPS,3.0648056e-07
SPATC1L,3.064602e-07
ANGEL2,3.0643267e-07
FASTKD1,3.0640248e-07
PCDHA10,3.0632364e-07
HMG20A,3.0615593e-07
IQCJ,3.0613128e-07
ZBTB9,3.060689e-07
ZNHIT6,3.0599833e-07
CDKL1,3.0594396e-07
ZSCAN20,3.0592082e-07
FAM204A,3.0591124e-07
SIX4,3.058395e-07
RASGEF1B,3.0582362e-07
TEX53,3.0576822e-07
CDH20,3.0569421e-07
TEX29,3.056898e-07
RAD54L,3.05667e-07
SAYSD1,3.0562677e-07
ACTR3B,3.05552e-07
CMTM2,3.055076e-07
SYNPO,3.0542503e-07
IPCEF1,3.0535134e-07
PALD1,3.0532198e-07
RFPL4B,3.0527585e-07
SIPA1L3,3.0526834e-07
CDKL4,3.0524618e-07
STOX2,3.0517756e-07
INF2,3.0514985e-07
RTL8A,3.0507726e-07
BLOC1S5,3.0506686e-07
ARFGEF1,3.049682e-07
PPP1R16B,3.0491557e-07
NPM3,3.0490702e-07
WDR34,3.0482747e-07
CCDC200,3.0476792e-07
DMWD,3.0474064e-07
TRIM51,3.0472185e-07
LYSMD4,3.046849e-07
BTAF1,3.0467194e-07
GRAMD1A,3.046147e-07
ZSCAN22,3.0458364e-07
ARMC9,3.0455482e-07
ASPM,3.044566e-07
WDFY4,3.0441626e-07
HOMEZ,3.0432523e-07
HIST1H4B,3.0428745e-07
TSPAN4,3.0426895e-07
TMEM121,3.0421208e-07
PPP1R36,3.0417874e-07
FAM117A,3.041271e-07
DNAJB12,3.0412272e-07
CELSR3,3.0406187e-07
ARMC2,3.038962e-07
SREK1IP1,3.0388162e-07
ISOC1,3.036824e-07
ATP5MPL,3.0364956e-07
TTC31,3.0355585e-07
EN1,3.034581e-07
TSPAN6,3.0338853e-07
TMX4,3.033862e-07
FAM78B,3.033216e-07
VSX2,3.0326473e-07
KIAA0930,3.0313092e-07
PCBP3,3.03074e-07
FNDC11,3.0306794e-07
SOX21,3.0302687e-07
LRRFIP2,3.0302098e-07
MCC,3.029715e-07
CISD3,3.0289152e-07
GMEB2,3.0287057e-07
CCDC18,3.0279801e-07
NOP16,3.027915e-07
ZNF48,3.0278298e-07
DYRK1B,3.0272068e-07
JAGN1,3.0267984e-07
DERPC,3.0267034e-07
FAM216A,3.0264624e-07
C8orf37,3.0261063e-07
KRBOX1,3.024854e-07
ZCCHC4,3.0245852e-07
XPNPEP1,3.0241912e-07
ASPRV1,3.0236626e-07
NUCKS1,3.0233858e-07
RNF207,3.0220883e-07
VWA5B2,3.0201687e-07
PCGF1,3.019848e-07
WDR53,3.0196335e-07
RNF151,3.0181462e-07
TMEM74,3.0180848e-07
NAA50,3.0180618e-07
RNASEH2A,3.018026e-07
ARNTL,3.0173325e-07
PGAP2,3.0168448e-07
METTL25,3.0160035e-07
BEND3,3.0152626e-07
RASL10A,3.01503e-07
DALRD3,3.0144713e-07
DAP,3.0131574e-07
TEX22,3.012416e-07
TSGA10,3.012336e-07
CEMIP2,3.0115103e-07
PHTF1,3.010651e-07
CCDC137,3.0104758e-07
MAST3,3.0097078e-07
NSMF,3.0088432e-07
FOXN3,3.0069415e-07
GADD45G,3.006502e-07
DCAF4L1,3.005244e-07
AMER2,3.0047778e-07
PIMREG,3.0031796e-07
EVI5L,3.0019223e-07
RTTN,3.001531e-07
TMEM79,3.0010506e-07
HEG1,3.0007422e-07
SMIM2,3.0001956e-07
EIF4ENIF1,3.0001644e-07
LRRN2,3.000152e-07
C15orf41,2.9996036e-07
DDX19B,2.9992404e-07
GNL2,2.999239e-07
SLC9A3R1,2.9971864e-07
MFSD13A,2.996739e-07
SCRN1,2.99672e-07
IBA57,2.9959563e-07
MPND,2.9955066e-07
SMYD4,2.9937542e-07
ERGIC3,2.9921395e-07
RASL11B,2.9916515e-07
ZNF284,2.991604e-07
QSOX2,2.9912871e-07
LRRC66,2.991018e-07
AP5M1,2.990985e-07
DNAJA3,2.990453e-07
PPP1R3D,2.9899562e-07
NT5C3A,2.989637e-07
CCDC120,2.9887968e-07
SLC10A4,2.9886658e-07
ELK3,2.9880567e-07
SAPCD2,2.9878285e-07
DIXDC1,2.9877535e-07
KITLG,2.987388e-07
ZNF239,2.9858788e-07
PRICKLE2,2.985831e-07
ZFR2,2.9849673e-07
PCDHA4,2.9847675e-07
WDR25,2.98446e-07
MMS22L,2.983858e-07
LINGO3,2.9835817e-07
IQCF2,2.982551e-07
ZNF251,2.9810897e-07
TMCC1,2.9788833e-07
PCDHB9,2.9786446e-07
AMMECR1L,2.9785932e-07
TMSB15B,2.9783692e-07
C14orf28,2.9774318e-07
TMEM190,2.9768063e-07
STMN4,2.975286e-07
RUNDC1,2.974791e-07
SPIRE2,2.9731314e-07
RBM12B,2.9730464e-07
STX7,2.972774e-07
METTL8,2.9724302e-07
JAZF1,2.9714008e-07
PPP1R9A,2.9712578e-07
TTPAL,2.971171e-07
DNAAF5,2.9711597e-07
PRRT4,2.969269e-07
NIPSNAP3B,2.969206e-07
TOE1,2.9690463e-07
PTPA,2.9686746e-07
LPXN,2.9684017e-07
KLK6,2.9681323e-07
ADGRB3,2.9664284e-07
TMEFF2,2.966244e-07
ZCCHC2,2.9662297e-07
GPM6B,2.9657542e-07
ZDHHC13,2.9650104e-07
TMCO1,2.9647364e-07
CCDC96,2.96467e-07
NLRP5,2.9639523e-07
PNCK,2.9625727e-07
NOP53,2.9618158e-07
FAM76B,2.96179e-07
SYNGR3,2.961592e-07
DNAJC12,2.9609188e-07
DDX18,2.9605297e-07
SPIN3,2.9605278e-07
PRDX5,2.9595176e-07
MFSD4B,2.9594446e-07
MAD2L1BP,2.9589955e-07
SLC6A17,2.9584973e-07
ASPHD1,2.9564183e-07
PALLD,2.956228e-07
C9orf72,2.9557137e-07
OGFOD3,2.9552666e-07
FAM89A,2.9543702e-07
MTFP1,2.9533393e-07
DHX33,2.952841e-07
DHDH,2.950321e-07
GGNBP2,2.9499208e-07
SPATA33,2.949099e-07
MAL,2.948705e-07
GAS7,2.9484497e-07
PRIMPOL,2.9481564e-07
SPEG,2.9475538e-07
C9orf116,2.94707e-07
ZNF526,2.9463234e-07
GOLGA7B,2.9454276e-07
STOX1,2.94342e-07
XKR9,2.941218e-07
CELF6,2.940764e-07
PLAA,2.940254e-07
DLX2,2.9402153e-07
DUS4L,2.9395272e-07
ZNF280C,2.9395093e-07
CDKN2AIP,2.9390046e-07
FOXRED2,2.9376912e-07
FAM98C,2.9372566e-07
CRYBA4,2.9358878e-07
AKAP7,2.9353683e-07
SALL3,2.9347333e-07
ZNF862,2.934707e-07
LZIC,2.934671e-07
PTPRN,2.9327467e-07
CDADC1,2.9319867e-07
OXR1,2.9312034e-07
PITX1,2.9306202e-07
C11orf96,2.930597e-07
CCDC40,2.9298994e-07
YTHDF3,2.9298496e-07
HSFX3,2.9297337e-07
HEXD,2.9296422e-07
C12orf56,2.928393e-07
PGM5,2.926666e-07
ARMCX2,2.9256026e-07
LRRC27,2.925404e-07
KIAA1755,2.9252243e-07
ZNF831,2.9252084e-07
SIL1,2.9248446e-07
SHLD2,2.9235363e-07
WDR97,2.9234084e-07
TTC23,2.923275e-07
NRL,2.923189e-07
TRERF1,2.9225367e-07
TMEM132E,2.9216176e-07
TUBD1,2.9212273e-07
TRIM67,2.921098e-07
PTBP2,2.9202639e-07
TMSB15A,2.920084e-07
NSG2,2.919953e-07
ADGRG2,2.9191048e-07
ZNF280D,2.9184582e-07
SLC16A6,2.9175465e-07
THSD8,2.916889e-07
PRSS45P,2.9167268e-07
MIEF2,2.916569e-07
SUSD6,2.9158883e-07
REELD1,2.915645e-07
NDRG4,2.9147532e-07
SMCO3,2.9143393e-07
EIF6,2.9141535e-07
SLC25A41,2.9135168e-07
HIST1H2AK,2.9130302e-07
CIP2A,2.9116882e-07
MYEF2,2.9108472e-07
USP38,2.9093695e-07
MARS,2.9092638e-07
TSPAN18,2.909224e-07
TXNL4B,2.9091836e-07
KLF3,2.9081482e-07
KBTBD11,2.9078873e-07
SASH1,2.9066135e-07
BRAT1,2.9054337e-07
TCEAL3,2.9052111e-07
ESS2,2.9049153e-07
CLN8,2.904842e-07
SLC39A9,2.90472e-07
NWD1,2.9030866e-07
MYCBP,2.903082e-07
OLFML3,2.903058e-07
ERBB4,2.902478e-07
C9orf40,2.901796e-07
NIN,2.9016292e-07
IL17D,2.9013506e-07
HSF2BP,2.9005687e-07
CCL23,2.899369e-07
CABYR,2.8989737e-07
PLA2G2C,2.8984076e-07
NBL1,2.8977803e-07
EGFL8,2.8972386e-07
FCRL1,2.89651e-07
OSBP2,2.8961594e-07
C16orf70,2.8960852e-07
ATXN7L3B,2.8945652e-07
METTL6,2.8931524e-07
CCDC166,2.8916682e-07
MFSD1,2.8913712e-07
IGHE,2.890922e-07
ABRACL,2.890559e-07
OOSP4A,2.8904842e-07
PINX1,2.889999e-07
DDX54,2.889679e-07
LRRC69,2.8887763e-07
LMBRD2,2.888074e-07
FBXO8,2.8877028e-07
JKAMP,2.887237e-07
TCEANC2,2.887135e-07
WASHC3,2.8870338e-07
TMEM63B,2.8867035e-07
RBM48,2.8864108e-07
TMEM132B,2.8863693e-07
APCDD1,2.8861876e-07
ABRA,2.8861461e-07
FAM3D,2.885922e-07
PCYOX1,2.8855257e-07
CHURC1,2.8855217e-07
RECQL,2.8847205e-07
SPIN4,2.8834285e-07
NBPF1,2.882125e-07
LPP,2.881745e-07
HDDC3,2.881708e-07
TRAF3IP2,2.880865e-07
C16orf87,2.880848e-07
OXLD1,2.8803632e-07
NPVF,2.8801358e-07
TMEM267,2.8796157e-07
LIX1L,2.8795867e-07
TMTC3,2.8791507e-07
ZYX,2.878989e-07
RSRC1,2.878953e-07
ELMOD3,2.87882e-07
ZNF341,2.8787846e-07
SARM1,2.8785453e-07
SVIL,2.8783393e-07
PPP1R16A,2.8770813e-07
PCDHA5,2.876561e-07
SP110,2.8761409e-07
SHD,2.8758924e-07
SOGA1,2.8749557e-07
CNP,2.8735502e-07
SCARB1,2.871303e-07
SLAMF9,2.8712026e-07
C4orf33,2.8711978e-07
ZNF518A,2.8711386e-07
LIMD2,2.8701226e-07
C6orf52,2.8693896e-07
NRBF2,2.8690428e-07
MPP2,2.868813e-07
ZBTB7B,2.867656e-07
C2orf72,2.8675186e-07
ZNF117,2.8663302e-07
LRRN1,2.8657553e-07
FAM234B,2.8638297e-07
PACC1,2.8637285e-07
DNAL1,2.8630822e-07
ZNF362,2.8630797e-07
TNFAIP8L1,2.862021e-07
ZRANB3,2.861584e-07
CDYL,2.8612422e-07
SLC39A13,2.8597424e-07
ACYP1,2.8592316e-07
TMSB15B-1,2.8588417e-07
RRP1B,2.858612e-07
PRRT2,2.8582048e-07
TEX30,2.8571014e-07
CRYGS,2.856646e-07
VEZF1,2.856471e-07
EIF4E1B,2.8561715e-07
RFX7,2.8557983e-07
CCDC154,2.8555615e-07
RARS,2.8549863e-07
SMIM19,2.8522794e-07
ELMO3,2.8516763e-07
CPO,2.8511332e-07
STAU2,2.8495182e-07
ADSS,2.849209e-07
ATP5MGL,2.848881e-07
SBNO1,2.8488262e-07
FAM78A,2.848765e-07
SDAD1,2.8484504e-07
AKAP8,2.84793e-07
BCAP29,2.8476978e-07
PTGES3L,2.8457717e-07
ZNF449,2.8456168e-07
TLX2,2.8445834e-07
CCDC107,2.844363e-07
PSRC1,2.8434275e-07
DNAAF2,2.841658e-07
ZNF44,2.841609e-07
ZNF501,2.840044e-07
MTDH,2.839945e-07
CCNQ,2.8388988e-07
CCDC82,2.838593e-07
FAM102B,2.8384102e-07
RC3H2,2.8372355e-07
PTRHD1,2.8357255e-07
CES5A,2.835561e-07
BAZ2B,2.835142e-07
HOXA13,2.8350252e-07
KLRC3,2.8345573e-07
SH3BP2,2.834122e-07
REEP4,2.8337428e-07
HDX,2.833427e-07
MPV17L2,2.8333932e-07
TMEM134,2.8332224e-07
FBXO36,2.8330774e-07
SMIM8,2.832488e-07
PPM1J,2.8321958e-07
EBPL,2.8320105e-07
MON2,2.8316938e-07
P4HTM,2.830287e-07
KLHL8,2.8300425e-07
LAYN,2.8296745e-07
PRXL2C,2.8290003e-07
HDGFL3,2.8279356e-07
ZNF451,2.827862e-07
OTUD4,2.8274263e-07
KIAA2013,2.827299e-07
MFSD6,2.8272314e-07
KIAA1549L,2.827031e-07
MFSD14B,2.8261277e-07
CMIP,2.825635e-07
PAQR7,2.82456e-07
ETV5,2.8230284e-07
MOB4,2.822776e-07
ANKMY2,2.819934e-07
CLK2,2.8190615e-07
PODXL,2.818656e-07
SH3D21,2.8186184e-07
FOXL2NB,2.818589e-07
ATP13A3,2.8177575e-07
KLHL7,2.8175936e-07
MICALL2,2.8172158e-07
CYP27C1,2.817143e-07
PIP5KL1,2.8167176e-07
FAM168B,2.8165073e-07
LRIG3,2.816461e-07
DHRS1,2.8156148e-07
PRMT9,2.815429e-07
DOP1B,2.8154076e-07
SCAMP2,2.815312e-07
MLLT6,2.815164e-07
TMUB1,2.8150671e-07
BAHD1,2.8141713e-07
DEPDC1,2.813589e-07
EFHC1,2.8133005e-07
GPR155,2.813076e-07
SLC10A7,2.8122625e-07
LMO4,2.812222e-07
C15orf61,2.8120542e-07
MTERF2,2.811967e-07
SWI5,2.811793e-07
ZBTB24,2.8113053e-07
PPP4R3B,2.809802e-07
XKR4,2.8097432e-07
ZNF503,2.8092492e-07
PITHD1,2.8086194e-07
GPR137B,2.8082883e-07
ZNF322,2.8077383e-07
TTBK1,2.806694e-07
LRBA,2.8064107e-07
ZSCAN18,2.8063138e-07
PTOV1,2.806112e-07
GANC,2.805448e-07
CNIH4,2.8053907e-07
LRIT3,2.8049175e-07
SHLD3,2.804452e-07
STK32C,2.804381e-07
EML2,2.8043326e-07
CLIP4,2.8042822e-07
RIC8A,2.803113e-07
RNH1,2.8018414e-07
AIG1,2.8016956e-07
RTN2,2.8013412e-07
FBXO46,2.800431e-07
ANTXR1,2.800427e-07
GMCL1,2.7998422e-07
TBKBP1,2.799117e-07
TCEAL1,2.7988625e-07
CPLANE2,2.7988366e-07
GRASP,2.798549e-07
OGFR,2.7983003e-07
TCEA3,2.7980965e-07
ANXA4,2.7980073e-07
CERCAM,2.79686e-07
LTO1,2.7959396e-07
ZMYND19,2.7949756e-07
TCEAL4,2.7943847e-07
H3F3A,2.7940888e-07
FAM83D,2.7934885e-07
CMTM3,2.793373e-07
NPIPB15,2.7931594e-07
GTDC1,2.7927777e-07
TBC1D12,2.7925114e-07
HSPB3,2.792305e-07
VPS13B,2.7903044e-07
CBFA2T3,2.7901712e-07
SMIM4,2.7901442e-07
SERPINE3,2.7898727e-07
CNTNAP3B,2.7895004e-07
MAJIN,2.7882228e-07
TMCO3,2.788032e-07
ZNF646,2.7874793e-07
PARP3,2.7866767e-07
TM9SF3,2.7857664e-07
ZNF853,2.7856936e-07
MDH1B,2.7855916e-07
TMEM242,2.7855347e-07
SYNPR,2.7849137e-07
TMEM72,2.7845542e-07
TIGD6,2.7844814e-07
SURF2,2.783831e-07
TEP1,2.783812e-07
TMEM9,2.783694e-07
CAMK2N2,2.7836867e-07
CEP104,2.7835102e-07
CASKIN2,2.7829486e-07
FUNDC2,2.7827807e-07
MEIS2,2.7825521e-07
LRRC59,2.78207e-07
TIAF1,2.7819542e-07
ZBTB46,2.781886e-07
NDUFA4L2,2.7814164e-07
TWSG1,2.7809435e-07
FAM210B,2.780461e-07
MEGF10,2.7800493e-07
TMEM231,2.7796344e-07
SH2D7,2.7788573e-07
BAHCC1,2.778567e-07
PHPT1,2.778116e-07
C5orf15,2.77805e-07
PDCL3,2.7780183e-07
MAPK8IP1,2.776906e-07
DEC1,2.7764864e-07
FAM199X,2.7760524e-07
PRRC2A,2.7759305e-07
MOB3A,2.775699e-07
ANKMY1,2.773873e-07
CCDC126,2.773667e-07
COA7,2.773589e-07
PSD3,2.7733807e-07
SPINK13,2.772953e-07
GSKIP,2.772068e-07
WBP2,2.7714222e-07
MALL,2.7714196e-07
NIT1,2.7697874e-07
ZNF229,2.769787e-07
NEXMIF,2.7695475e-07
PMIS2,2.769208e-07
LINC02693,2.7685527e-07
SERTAD3,2.768527e-07
CCN6,2.767499e-07
GPR107,2.766713e-07
PCMTD1,2.7662884e-07
ANKRD13C,2.7662654e-07
PRCD,2.7662512e-07
DCDC1,2.7662082e-07
RNF212,2.766191e-07
ZDHHC14,2.765799e-07
SEMA3F,2.765432e-07
CCDC178,2.764959e-07
TP53I11,2.7647022e-07
SMIM5,2.763808e-07
WDR63,2.7636048e-07
LYAR,2.7634204e-07
ZFYVE26,2.7625228e-07
CDK3,2.7619723e-07
PRICKLE3,2.7607277e-07
AP3S2,2.760149e-07
TCAF1,2.759802e-07
ANP32B,2.7593555e-07
QSER1,2.7590727e-07
GLIS3,2.7586023e-07
ABT1,2.75791e-07
RMC1,2.7575163e-07
PABPC5,2.7570874e-07
LLGL1,2.7569845e-07
TMEM185B,2.7566404e-07
CENPJ,2.7561583e-07
CDR2,2.755789e-07
TBC1D31,2.7554742e-07
MSANTD4,2.7550797e-07
HOOK3,2.7548526e-07
NEPRO,2.7541748e-07
NTAN1,2.7538485e-07
THAP5,2.7529745e-07
C1orf122,2.752834e-07
SMIM13,2.751004e-07
NCDN,2.7509822e-07
FAM13C,2.7498922e-07
FAM114A1,2.749096e-07
DNAJC22,2.7483446e-07
CSMD2,2.7474462e-07
FNBP4,2.747314e-07
SPATA31E1,2.7472498e-07
SMOX,2.7461326e-07
RBMXL1,2.745986e-07
SH3YL1,2.7457537e-07
SLC22A10,2.744887e-07
STK17B,2.744734e-07
TRIM23,2.7442718e-07
KCTD18,2.743651e-07
RNF187,2.7430633e-07
PPIF,2.7430414e-07
SLC2A4RG,2.7427717e-07
EPRS,2.7427527e-07
NOMO1,2.7427168e-07
SEC14L2,2.7426492e-07
SAXO2,2.742149e-07
HIST1H2AE,2.7421362e-07
NDNF,2.7417434e-07
PRELID2,2.7410485e-07
SMARCAL1,2.740226e-07
FAM219A,2.7401106e-07
NUDT1,2.7398957e-07
ZNF319,2.7397633e-07
PPP4R3A,2.7395328e-07
C3orf62,2.7393867e-07
RNPEP,2.7392528e-07
CAMK2N1,2.7376376e-07
JRKL,2.737291e-07
HAPLN2,2.7372286e-07
TOB2,2.735657e-07
PUS10,2.735345e-07
RBM45,2.734851e-07
UBP1,2.734813e-07
TDRD10,2.7313803e-07
WSCD1,2.7304222e-07
C10orf88,2.729941e-07
STRBP,2.7296545e-07
RALGPS1,2.7291642e-07
C1orf43,2.7289974e-07
IRF2BPL,2.728459e-07
TTC9,2.727736e-07
MAGEE2,2.7275777e-07
INVS,2.727513e-07
SCAF4,2.7271594e-07
WDHD1,2.7267785e-07
RNPEPL1,2.7249482e-07
BRD3OS,2.7245684e-07
TMEM38B,2.7243567e-07
PRELID3B,2.7243337e-07
ARMC7,2.7239997e-07
ZXDA,2.723888e-07
CAVIN4,2.7228788e-07
CC2D1A,2.722745e-07
TRIQK,2.7221657e-07
FAM160A2,2.7213767e-07
SP2,2.7211203e-07
FAM181B,2.72085e-07
BRSK2,2.7208347e-07
ZBTB3,2.7195333e-07
MARF1,2.7194628e-07
RECQL5,2.7189878e-07
ARMH3,2.7173806e-07
GAS8,2.716678e-07
ADGRA3,2.7164458e-07
RPH3A,2.7164197e-07
COPS9,2.7161022e-07
SLC25A43,2.715932e-07
DDX19A,2.715652e-07
DCHS2,2.715401e-07
ILVBL,2.715359e-07
CENPB,2.71504e-07
URI1,2.7150185e-07
FAM229A,2.713576e-07
PAQR4,2.713392e-07
PLEKHJ1,2.7130457e-07
SMOC1,2.712993e-07
HYLS1,2.7122994e-07
KCNT2,2.7121064e-07
NIBAN2,2.711793e-07
CCDC138,2.7117215e-07
TMEM41A,2.7113023e-07
MNX1,2.7109357e-07
PLEKHH3,2.7103465e-07
HMGN1,2.7097863e-07
IFNAR2,2.7092696e-07
ABHD14A,2.70895e-07
SPOUT1,2.708594e-07
FAM120AOS,2.7062865e-07
ISOC2,2.705747e-07
TMEM208,2.705507e-07
DCAF15,2.7053932e-07
TATDN3,2.7043413e-07
PKIG,2.704333e-07
FOCAD,2.703544e-07
CRYBG3,2.702869e-07
STIM2,2.7023052e-07
KRIT1,2.701841e-07
RAPGEFL1,2.7014877e-07
CD276,2.7010827e-07
MSMP,2.7004137e-07
LZTR1,2.6999933e-07
HELQ,2.699762e-07
NAP1L3,2.6983633e-07
TMEM117,2.6981627e-07
IGIP,2.697537e-07
BPTF,2.6968868e-07
IMMP1L,2.696839e-07
TRO,2.6968388e-07
LRRC29,2.6967243e-07
GBA,2.696647e-07
TPBGL,2.6965125e-07
RAD54L2,2.696393e-07
PGBD4,2.6963878e-07
DISC1,2.696387e-07
BTBD3,2.695839e-07
SNTG1,2.6958114e-07
CPEB2,2.6956994e-07
NAT8L,2.693681e-07
C17orf80,2.6936098e-07
MTFR1,2.693405e-07
XRRA1,2.692975e-07
GPR158,2.691746e-07
CLSTN3,2.6917195e-07
UBLCP1,2.6910536e-07
RNF157,2.6897428e-07
LITAF,2.6890882e-07
GDPGP1,2.688923e-07
WDR86,2.6874162e-07
FGL1,2.6874102e-07
LRRC40,2.6872002e-07
TOP1MT,2.6871115e-07
LARP6,2.6861852e-07
FOXD1,2.6860295e-07
PLXDC2,2.6856762e-07
C1orf53,2.6855125e-07
GLYR1,2.6837117e-07
LANCL2,2.682658e-07
DIP2B,2.6820905e-07
PEAR1,2.6818924e-07
TCEAL8,2.6805182e-07
SAMD14,2.6804793e-07
CFAP36,2.679514e-07
IQSEC1,2.6786338e-07
NOP9,2.677604e-07
SIK2,2.6768515e-07
TMEM87B,2.675302e-07
L3HYPDH,2.675198e-07
MPP5,2.6750314e-07
ROGDI,2.674553e-07
DIPK1C,2.674199e-07
GPR61,2.674041e-07
ZNF580,2.6733184e-07
UBAC2,2.673078e-07
ABHD15,2.6728952e-07
PHACTR4,2.672513e-07
USP36,2.6723885e-07
HIC2,2.6718467e-07
C18orf32,2.671479e-07
CCDC85B,2.6710563e-07
STK32A,2.6697154e-07
HIST1H4J,2.6694656e-07
PCDHB11,2.6691583e-07
C1orf52,2.6688684e-07
TM9SF2,2.668791e-07
ANKRD50,2.6670176e-07
SPICE1,2.6665475e-07
THAP1,2.6661343e-07
C11orf71,2.664867e-07
TMEM114,2.6648226e-07
BTBD9,2.6647328e-07
PRRX2,2.6645148e-07
ZBTB6,2.6643505e-07
HMGN3,2.6616343e-07
CELA3A,2.6609737e-07
TANGO6,2.6605395e-07
SHISAL2B,2.6604485e-07
NLE1,2.6602007e-07
MAGIX,2.659884e-07
STMN3,2.6586147e-07
SLC35C2,2.6585855e-07
DNAJC21,2.6585727e-07
NKTR,2.6570748e-07
ZC3H7B,2.6567977e-07
THAP11,2.6562566e-07
TRIP6,2.6558956e-07
BOK,2.6558166e-07
LMLN,2.6543162e-07
C9orf16,2.6542693e-07
C1orf159,2.6542054e-07
MARCKSL1,2.6535704e-07
FAM189B,2.6535506e-07
ASTN2,2.6528437e-07
CLIP2,2.6525458e-07
HECA,2.6525035e-07
FOPNL,2.6518674e-07
CELF5,2.6496375e-07
TLCD3B,2.649443e-07
PROX1,2.6491318e-07
AIF1L,2.648823e-07
ASTE1,2.6485728e-07
LRRC58,2.6482923e-07
KBTBD3,2.6458127e-07
MORC4,2.6457698e-07
CDKL5,2.6451696e-07
AUNIP,2.6448092e-07
KRBA1,2.6444428e-07
TBCE-1,2.6443442e-07
TG,2.642982e-07
AAR2,2.6421773e-07
TMEM131,2.6420295e-07
SMYD5,2.641867e-07
CELSR2,2.6416248e-07
SUSD3,2.6413497e-07
DNAJB13,2.6412783e-07
FAM133B,2.640473e-07
AP3D1,2.6403615e-07
TMEM44,2.6402594e-07
STXBP6,2.639998e-07
SNX11,2.6392703e-07
CCDC106,2.638827e-07
ITPRIPL1,2.638813e-07
OLIG2,2.638555e-07
LBX2,2.6382995e-07
GPATCH2L,2.637888e-07
CSRNP1,2.6378493e-07
HTATIP2,2.6369915e-07
IRX5,2.636985e-07
FAM49A,2.6364836e-07
CNST,2.6362954e-07
VPS26B,2.6361565e-07
IKZF4,2.6357122e-07
CFDP1,2.6345398e-07
ZNF367,2.6345e-07
LDAH,2.6333598e-07
TMEM151A,2.6332694e-07
ANKRD40,2.6328445e-07
MKI67,2.6328058e-07
PDZD8,2.6324585e-07
PKNOX2,2.630617e-07
CEP170B,2.6301868e-07
ZMYND11,2.630168e-07
KRI1,2.6300995e-07
ANKRD34A,2.6300717e-07
TMEM165,2.629765e-07
RIMS3,2.6292122e-07
TMEM53,2.6280165e-07
UFSP2,2.6278644e-07
ITPRIPL2,2.6263768e-07
HLF,2.626297e-07
ARL6IP6,2.626021e-07
ZNF780A,2.6259295e-07
SIMC1,2.625596e-07
ZFP91,2.6252368e-07
TNFAIP8L2,2.624707e-07
PPP1R3E,2.6237328e-07
TONSL,2.6236862e-07
TMEM45A,2.6234363e-07
ZSWIM9,2.6226417e-07
GATC,2.6225675e-07
LINC00672,2.6220772e-07
FAM111A,2.6216364e-07
ARMCX1,2.6209761e-07
ZNF181,2.6202122e-07
ZNF84,2.620155e-07
FXR2,2.6199035e-07
ZNF283,2.6185907e-07
C16orf86,2.6181974e-07
MCM9,2.618181e-07
ILKAP,2.6178557e-07
PRSS27,2.617689e-07
GLIPR1L2,2.6176764e-07
TKTL2,2.6176707e-07
UEVLD,2.617462e-07
NCBP3,2.616698e-07
RAVER2,2.6165532e-07
DDX50,2.615939e-07
CCDC30,2.6149826e-07
ZCCHC14,2.6116905e-07
BEX4,2.611367e-07
NOXRED1,2.610818e-07
CISD1,2.6093736e-07
ARL15,2.608767e-07
AEN,2.606956e-07
NAV2,2.6067883e-07
BCORL1,2.605737e-07
CDK5RAP1,2.605533e-07
ZBTB4,2.6053627e-07
DNAJC18,2.60505e-07
XPNPEP3,2.6047957e-07
AMN1,2.6042645e-07
CIB1,2.6040763e-07
DUSP14,2.603697e-07
ST7,2.6036176e-07
ZNF576,2.60361e-07
ACTL8,2.603609e-07
FAM228B,2.6033513e-07
SLC41A3,2.6033237e-07
BEX1,2.602585e-07
ZBTB7A,2.6025663e-07
MAP3K9,2.6025458e-07
SIRT7,2.6017815e-07
RFX1,2.601134e-07
TMEM8B,2.600957e-07
TTC14,2.6007726e-07
C11orf74,2.600423e-07
TMEM150A,2.600286e-07
C2orf88,2.6000706e-07
ZNF639,2.5996914e-07
SPATA7,2.5996795e-07
BIVM,2.5993123e-07
SLC25A24,2.598519e-07
NSA2,2.5984247e-07
C17orf113,2.5983454e-07
ZNF232,2.5975555e-07
BORCS7,2.59709e-07
SRA1,2.5966403e-07
SVOP,2.5966088e-07
HUNK,2.5955657e-07
SMIM3,2.5954475e-07
GLI4,2.5954043e-07
KIAA1109,2.5948768e-07
EMC9,2.5946912e-07
RNF145,2.5944937e-07
STKLD1,2.594253e-07
SALL2,2.59421e-07
PRR12,2.594121e-07
SPOCK1,2.5941128e-07
SCAF11,2.5940744e-07
PPDPF,2.5938866e-07
MAPK8IP3,2.5933534e-07
POU6F1,2.5930936e-07
ZBTB44,2.5919772e-07
ZSCAN2,2.5915742e-07
RPF2,2.5912195e-07
ANKRD11,2.5909696e-07
ZNF76,2.590376e-07
PDZD4,2.589593e-07
MFSD10,2.5893794e-07
MINDY1,2.588594e-07
ZBTB26,2.5884717e-07
AAGAB,2.5876275e-07
TSPAN17,2.5867402e-07
COIL,2.586554e-07
ZMYND12,2.5862954e-07
CRIP2,2.5861857e-07
BTNL3,2.5860615e-07
CREB5,2.5857884e-07
ARMC6,2.585547e-07
NKAIN3,2.585446e-07
FBXO45,2.5852557e-07
RNASEH2C,2.5846182e-07
RNF121,2.5845551e-07
TPPP2,2.583313e-07
PHF12,2.5832915e-07
SEZ6L2,2.583275e-07
PAM,2.5828297e-07
SFXN3,2.5826634e-07
CYB561D1,2.5824173e-07
PHF13,2.5823147e-07
RMDN2,2.5813867e-07
PDZRN3,2.5810888e-07
SLC35F6,2.5803578e-07
ZBTB37,2.5802552e-07
FAM171A1,2.58007e-07
ASAP3,2.5791118e-07
ANKRA2,2.5790732e-07
KLHL24,2.579006e-07
LRP3,2.5773642e-07
C5orf30,2.5770282e-07
CEP44,2.5767778e-07
DNAJC15,2.576546e-07
NTMT1,2.5764115e-07
TMEM135,2.5762733e-07
ZNF502,2.5752453e-07
GTF2IRD1,2.5749995e-07
ANKRD13B,2.5749438e-07
FNDC3B,2.5747656e-07
C22orf39,2.574706e-07
FNDC10,2.5743836e-07
FKBP11,2.573164e-07
LRWD1,2.571397e-07
NAGPA,2.5709502e-07
CSMD1,2.570827e-07
SPATA17,2.5689573e-07
ZGRF1,2.5686083e-07
SPTY2D1,2.568506e-07
CISD2,2.5684795e-07
DNALI1,2.5669075e-07
CFAP70,2.5664954e-07
SLC45A1,2.566401e-07
DKK3,2.5663033e-07
SKA3,2.5661663e-07
SORBS2,2.5656126e-07
GPR137,2.5649538e-07
OLFM2,2.564859e-07
UFM1,2.5637434e-07
TRAM2,2.562519e-07
CASKIN1,2.5613434e-07
MRTFB,2.561196e-07
SCRT1,2.5611436e-07
NMD3,2.5608492e-07
FBXO28,2.5597626e-07
NAF1,2.5591638e-07
CLSTN1,2.5589785e-07
NEBL,2.5588744e-07
UBXN2A,2.5585283e-07
CLYBL,2.558123e-07
DHRS12,2.5578842e-07
STMP1,2.5578217e-07
ANGEL1,2.557791e-07
FEZ1,2.5571612e-07
RNASE4,2.5570796e-07
PTCD2,2.5564455e-07
HHLA3,2.5563295e-07
C16orf58,2.5551577e-07
PARD3B,2.55515e-07
MORN4,2.5549488e-07
HMGXB4,2.554743e-07
NFKBIL1,2.5541996e-07
RWDD4,2.551818e-07
RBM18,2.551616e-07
SARAF,2.551537e-07
DPP8,2.550823e-07
TDRP,2.550191e-07
ARL16,2.5494452e-07
NDFIP1,2.5493196e-07
ZDBF2,2.5489405e-07
TBC1D9,2.5473437e-07
ADGRF1,2.5471192e-07
PTGFRN,2.5469222e-07
IQCG,2.5462055e-07
TMEM184C,2.5450794e-07
TANGO2,2.5448432e-07
SPRYD7,2.5447204e-07
TMED8,2.54422e-07
CNTLN,2.5430734e-07
IGDCC3,2.5425862e-07
SLC30A9,2.5424433e-07
SUGCT,2.5419573e-07
LMTK2,2.5419132e-07
HSPA14-1,2.5419118e-07
TMEM47,2.5417498e-07
ERMP1,2.541576e-07
ZCWPW1,2.5409335e-07
C11orf80,2.5406175e-07
SERF2,2.5400095e-07
CLBA1,2.5398168e-07
ZMIZ2,2.5397907e-07
LDOC1,2.538816e-07
TTC28,2.538558e-07
CACHD1,2.5381573e-07
DCAF12L2,2.5374945e-07
FKBP15,2.5374865e-07
PSKH1,2.5372395e-07
ZNF878,2.536679e-07
FAM174A,2.5358113e-07
CCDC174,2.5352287e-07
PASK,2.534894e-07
GPATCH11,2.534725e-07
VWDE,2.534367e-07
SCAPER,2.5339327e-07
MAST4,2.533745e-07
CDCA2,2.5336263e-07
PCDH9,2.5331903e-07
SDF4,2.5330743e-07
C19orf12,2.5329552e-07
CETN3,2.532855e-07
ODF3B,2.532806e-07
LSM14B,2.5325716e-07
LCORL,2.5321677e-07
APBB2,2.5308756e-07
TMEM14B,2.530825e-07
DNAJC9,2.5292223e-07
WDR61,2.528267e-07
POGLUT2,2.5269003e-07
TTI2,2.5268113e-07
BZW2,2.5263975e-07
SS18L2,2.5248707e-07
EFS,2.524773e-07
CREBZF,2.5243673e-07
SMIM15,2.52436e-07
ZNF891,2.5230014e-07
ENKD1,2.522915e-07
C6orf89,2.5217489e-07
SLC12A9,2.521675e-07
NUDCD1,2.5215851e-07
THAP7,2.5213822e-07
FAM131A,2.5211662e-07
OLIG1,2.519371e-07
MTX3,2.5191682e-07
APC2,2.5186637e-07
SULF2,2.5179676e-07
ASTN1,2.517498e-07
GPATCH8,2.5165036e-07
BRINP2,2.5162717e-07
ANKAR,2.5157297e-07
SYT13,2.515606e-07
FAM120A,2.5153903e-07
IPO13,2.5150857e-07
PBX3,2.5150538e-07
SLC25A53,2.515015e-07
CEP55,2.5149174e-07
S100A2,2.5148168e-07
PYROXD1,2.5146718e-07
GAREM2,2.5142194e-07
EFCAB14,2.5141645e-07
AMMECR1,2.5140872e-07
PLEKHB2,2.513934e-07
LRP11,2.513226e-07
SPINDOC,2.5123873e-07
LMNB2,2.5123532e-07
PABPC1L,2.5118695e-07
PACS2,2.511826e-07
MARCH6,2.5116975e-07
UBXN8,2.511548e-07
LUZP1,2.5113638e-07
AIFM1,2.5101983e-07
IRAK1BP1,2.5095719e-07
ZMIZ1,2.5092606e-07
PLPBP,2.5087658e-07
ZNF177,2.5087286e-07
MYLK2,2.5087277e-07
TTC7B,2.5083386e-07
ARMT1,2.5080706e-07
TMEM179,2.507892e-07
DDX55,2.5077182e-07
PGBD5,2.507136e-07
MLLT10,2.5063576e-07
HHATL,2.506143e-07
HIST1H1D,2.506041e-07
SH3BGRL,2.5057483e-07
FCHSD2,2.505462e-07
TEDC2,2.5052393e-07
SLC25A35,2.504715e-07
CIAO2A,2.5033978e-07
CCDC130,2.5031338e-07
ZBTB11,2.5026654e-07
NEK3,2.5022587e-07
C19orf44,2.502155e-07
SYAP1,2.5001583e-07
GAL3ST3,2.5001495e-07
CHRAC1,2.499896e-07
SIPA1L2,2.4998863e-07
CCDC112,2.4993628e-07
PROM2,2.4989038e-07
SIK3,2.4985607e-07
C8orf33,2.4981858e-07
SHE,2.4978263e-07
NCLN,2.4972718e-07
STYX,2.496839e-07
CCNJ,2.4964058e-07
NT5DC2,2.496108e-07
ZFYVE27,2.4957185e-07
C11orf95,2.4948116e-07
MEGF11,2.4943142e-07
RETREG3,2.4940863e-07
GPR135,2.4938032e-07
AKAP6,2.4936807e-07
TIGD5,2.49311e-07
DDX51,2.4915482e-07
NAA80,2.4899992e-07
ZNF174,2.4897855e-07
TRIM65,2.4889275e-07
KIZ,2.488738e-07
XPO4,2.4885978e-07
HPS6,2.4882746e-07
DDX60,2.488226e-07
POU5F2,2.4878975e-07
POGLUT3,2.4873256e-07
FAXC,2.4868916e-07
KCTD2,2.486697e-07
WDR54,2.4865116e-07
PHF21B,2.486401e-07
DPY19L1,2.4863755e-07
LANCL1,2.4853415e-07
KLF10,2.485124e-07
RABL3,2.4839872e-07
LASP1,2.4838457e-07
CNTROB,2.4836996e-07
MARCH8,2.4836987e-07
KIAA0040,2.4832448e-07
TMED1,2.4829077e-07
ASF1B,2.4823606e-07
VTCN1,2.4822967e-07
TNNI3K,2.481664e-07
METTL16,2.48037e-07
CCDC102B,2.479852e-07
SGTB,2.4795324e-07
SPATA5,2.4794303e-07
ANKRD13D,2.4785493e-07
RNF11,2.478457e-07
ELAVL3,2.4782906e-07
TLK1,2.4781488e-07
IGSF11,2.4770117e-07
ZNF316,2.4760865e-07
ANKRD36,2.4760604e-07
FAM193A,2.475909e-07
CSRNP2,2.4757387e-07
N4BP2L1,2.4756397e-07
ERRFI1,2.4755192e-07
LRRC57,2.4754686e-07
ZSWIM1,2.4749974e-07
ZSWIM2,2.4742732e-07
TNPO3,2.473745e-07
PLEKHH1,2.4733637e-07
SDF2L1,2.4729832e-07
TXNDC17,2.4726236e-07
KLHDC1,2.4724312e-07
C1orf162,2.4715544e-07
STK35,2.4712034e-07
NGDN,2.4709018e-07
DRAM2,2.470491e-07
PCDH18,2.469998e-07
ZSCAN30,2.4699648e-07
EAPP,2.469904e-07
CPNE2,2.4685838e-07
ZNF518B,2.468247e-07
NXF3,2.4681947e-07
ZNF148,2.4681512e-07
RAB28,2.4672713e-07
ZSCAN12,2.4658945e-07
TFPI,2.463724e-07
USP6,2.463158e-07
CLK4,2.4628122e-07
ZNF800,2.4626044e-07
THAP6,2.4620576e-07
NRDC,2.4606314e-07
CCDC115,2.4603978e-07
PUSL1,2.4601405e-07
CLK3,2.459811e-07
ARMC1,2.4595118e-07
TXLNG,2.45927e-07
ZBTB45,2.4571483e-07
IKZF5,2.4566262e-07
LAP3,2.4564073e-07
TMEM245,2.4562854e-07
ZNF8,2.455665e-07
H2AFZ,2.4550124e-07
PDIA4,2.454897e-07
EMC2,2.454566e-07
KRBA2,2.4545577e-07
HPCAL1,2.4544747e-07
DPCD,2.4538141e-07
BOLA1,2.4536877e-07
MIF4GD,2.4532196e-07
HARS,2.4516814e-07
EIF2A,2.4512678e-07
MINDY2,2.450553e-07
FSD1L,2.4494474e-07
TRUB1,2.449201e-07
FAM186B,2.4487085e-07
TNKS1BP1,2.4479667e-07
CORO7,2.4476316e-07
HDDC2,2.4474573e-07
DHRS11,2.447109e-07
MILR1,2.4461247e-07
LEPROTL1,2.445976e-07
IDNK,2.444856e-07
TMEM121B,2.443895e-07
SPECC1,2.4434456e-07
CACUL1,2.4433137e-07
ARMCX6,2.442849e-07
WDR66,2.4424858e-07
DHX29,2.4421257e-07
ZNF850,2.4416096e-07
CLPB,2.4409562e-07
ELAC1,2.4407728e-07
TMEM147,2.440573e-07
ABHD18,2.4404193e-07
NUDCD3,2.4401197e-07
CHFR,2.4384232e-07
SNX4,2.4380938e-07
RBM12,2.437966e-07
MAP4K3,2.4376553e-07
PPP1R21,2.4374262e-07
EIF1,2.4374032e-07
KLHDC4,2.4367304e-07
VAT1L,2.4366088e-07
SRFBP1,2.4360313e-07
SMTN,2.4359585e-07
SERTAD2,2.4358158e-07
FAF1,2.4338084e-07
EIF2D,2.433596e-07
CPEB4,2.4333087e-07
BX255925.3,2.432424e-07
SNX15,2.4320028e-07
ZNF880,2.4319579e-07
TAPBPL,2.4313934e-07
CYBC1,2.431341e-07
CPXM1,2.4299615e-07
TUBE1,2.4289858e-07
ZBTB8A,2.428919e-07
ZNF527,2.4281877e-07
ERGIC2,2.4281573e-07
KLRC4,2.427831e-07
TTC17,2.4276747e-07
PCDHB4,2.4260288e-07
SPATS2,2.4258222e-07
CCDC51,2.4255925e-07
SLC66A3,2.4253683e-07
TBC1D19,2.4252844e-07
THUMPD3,2.4249064e-07
PTCD1,2.4248817e-07
GALK2,2.423289e-07
IRGQ,2.4232205e-07
FAM160B1,2.4231323e-07
VWCE,2.4226222e-07
DZIP1L,2.4222354e-07
CSNK1G3,2.422171e-07
MYO16,2.4204675e-07
PLP2,2.419533e-07
MAGEE1,2.4193395e-07
SEPTIN9,2.4191687e-07
HNRNPH3,2.4188157e-07
TMEM54,2.418735e-07
ANKS6,2.4174656e-07
PITPNC1,2.417198e-07
IFRD2,2.417032e-07
BEND7,2.416422e-07
SRBD1,2.41635e-07
CGREF1,2.416021e-07
MACROD1,2.4156725e-07
SLC25A23,2.4146075e-07
EML5,2.413587e-07
AP1AR,2.4124435e-07
OCIAD1,2.412438e-07
TMEM170A,2.4120206e-07
VIPAS39,2.4119657e-07
KBTBD4,2.4118117e-07
KATNA1,2.4117784e-07
FHL1,2.4109954e-07
DUS1L,2.4100157e-07
METAP1D,2.4093717e-07
TMEM39B,2.409224e-07
LRRC37B,2.4087757e-07
GSG1L,2.408533e-07
FBRS,2.407729e-07
HMGN5,2.4073833e-07
TSSK6,2.4073455e-07
TRIP13,2.4071736e-07
HINT3,2.40687e-07
GATB,2.406617e-07
SPA17,2.4064988e-07
IER5L,2.4056928e-07
IER3IP1,2.4055512e-07
CIART,2.4031735e-07
PDE4B,2.4023151e-07
RBM6,2.4011007e-07
AP3B2,2.4010748e-07
DESI2,2.4007082e-07
FAM102A,2.4003413e-07
GVQW3,2.3999928e-07
VPS9D1,2.399362e-07
HOXA10,2.398928e-07
PCDHGC5,2.3985132e-07
EIF1B,2.3984097e-07
INAVA,2.3982474e-07
FAM126B,2.398019e-07
ZBTB14,2.3972854e-07
RNF38,2.3969037e-07
METRNL,2.39617e-07
KIAA0355,2.395304e-07
PCNX2,2.3952373e-07
STAU1,2.3946603e-07
ZBTB25,2.3942687e-07
STK17A,2.3938753e-07
MYCL,2.393728e-07
TMEM106C,2.3936516e-07
PCDHGA6,2.3932245e-07
SKIV2L,2.393218e-07
MDM1,2.3922266e-07
CEP68,2.3917602e-07
CMTR2,2.3915496e-07
HMGB3,2.391499e-07
SAMD1,2.3912625e-07
NUDT16L1,2.3910874e-07
ARRDC3,2.3909635e-07
STK33,2.3903726e-07
TSSC4,2.3894464e-07
C8orf88,2.3888418e-07
LRRC45,2.3882362e-07
TMEM183A,2.3881788e-07
PCID2,2.387986e-07
CUTA,2.3869976e-07
WDR47,2.3864473e-07
TPD52L2,2.3850487e-07
ABTB1,2.3838584e-07
RSRP1,2.3833525e-07
ATPAF1,2.3832081e-07
MLXIP,2.382482e-07
CDKL3,2.3819828e-07
TMEM131L,2.3816959e-07
PARP11,2.381632e-07
MYBPHL,2.3810672e-07
ATCAY,2.3809817e-07
DMXL1,2.3804105e-07
YPEL3,2.3795738e-07
TENT5A,2.3781763e-07
C19orf25,2.3780986e-07
CPLANE1,2.3779931e-07
METTL2A,2.3778277e-07
FCGRT,2.3778041e-07
DEAF1,2.3777993e-07
GSE1,2.3769901e-07
ANXA11,2.3769881e-07
USP46,2.3768989e-07
MAPK1IP1L,2.376763e-07
RNF149,2.3767248e-07
FUT11,2.376213e-07
SPPL3,2.3753132e-07
VEPH1,2.374196e-07
BTBD10,2.3711526e-07
MARCH2,2.3709322e-07
SMARCAD1,2.369366e-07
PLEKHM3,2.3690522e-07
CALY,2.3689127e-07
IGFL2,2.3687869e-07
CDK5RAP3,2.3686178e-07
OSER1,2.3685094e-07
THEM6,2.3681771e-07
ZFAND2B,2.3664154e-07
PATZ1,2.3663311e-07
CTXN1,2.3660151e-07
IRX3,2.3658389e-07
CEND1,2.365598e-07
CLN5,2.365427e-07
TMEM217,2.3640291e-07
ATXN2,2.3632381e-07
EFR3B,2.3630155e-07
AP3M2,2.3627517e-07
DUSP26,2.3621207e-07
YPEL2,2.3619077e-07
CLGN,2.361603e-07
RANBP17,2.3611702e-07
TMEM43,2.360396e-07
TDRD3,2.3601199e-07
ZC3H14,2.3599075e-07
QARS,2.3593046e-07
TMEM128,2.3590795e-07
CCDC6,2.3581033e-07
CHMP1B,2.3579223e-07
SBK1,2.3579112e-07
ZHX1,2.3578524e-07
SEPTIN11,2.3568839e-07
CCNL2,2.3547095e-07
SEPTIN10,2.3545942e-07
ERI2,2.3539397e-07
BTF3L4,2.3527241e-07
UBL7,2.3524636e-07
SCRN3,2.3517865e-07
PDZD2,2.3515877e-07
ATRAID,2.3515291e-07
CIZ1,2.350926e-07
MEX3B,2.3506534e-07
TEX49,2.3505082e-07
ZBED3,2.3504393e-07
HTRA4,2.3496143e-07
SNHG32,2.3485704e-07
PHYHD1,2.3475202e-07
CLHC1,2.3453065e-07
ZBTB20,2.3452965e-07
BICDL1,2.3451987e-07
ARL10,2.3439001e-07
ANKRD52,2.3438064e-07
MAP3K12,2.3428109e-07
PTMS,2.342631e-07
MAP4K5,2.3425214e-07
TIGD3,2.3414248e-07
C4orf50,2.3400446e-07
YTHDF1,2.3399949e-07
C11orf49,2.3397938e-07
FAM120C,2.3397695e-07
ZSCAN26,2.3392379e-07
SCMH1,2.3389116e-07
EMC6,2.3385427e-07
TGFBR3L,2.338245e-07
ZNF281,2.3364582e-07
ZDHHC16,2.3364531e-07
ZNF134,2.3357624e-07
DDX56,2.335655e-07
IQCK,2.335559e-07
ZNF35,2.3355217e-07
UTP23,2.3346705e-07
PGPEP1,2.3336534e-07
YIPF4,2.3333216e-07
LYSMD3,2.3331548e-07
PBX2,2.333046e-07
PGAP3,2.333034e-07
MIDN,2.3320774e-07
EVI5,2.3318124e-07
ZNF236,2.3316397e-07
ZCCHC9,2.3315843e-07
TARSL2,2.3315638e-07
GPR1,2.3311966e-07
HIRIP3,2.330779e-07
CCDC157,2.3305589e-07
KIAA0895L,2.3300791e-07
NEK8,2.3300791e-07
AFF3,2.3296823e-07
PDCD10,2.3295807e-07
CECR2,2.329542e-07
C1QL1,2.3287919e-07
ADCK2,2.3279851e-07
SLC30A7,2.3267044e-07
NPEPL1,2.3262399e-07
LIN28B,2.3249186e-07
CCDC88B,2.324205e-07
NCOA5,2.3228934e-07
SGSM1,2.3228547e-07
WDR74,2.3227179e-07
VSIR,2.3222246e-07
TBC1D30,2.3221627e-07
LYSMD1,2.3216641e-07
CNN3,2.321304e-07
FKBP3,2.3212547e-07
PLPP7,2.3211207e-07
HSPB2,2.3201565e-07
C11orf68,2.3201505e-07
LRGUK,2.3198128e-07
SMIM7,2.319587e-07
C12orf73,2.3190997e-07
C7orf25,2.3188719e-07
HSF2,2.3183291e-07
MN1,2.318237e-07
VPS13D,2.3181205e-07
PLEKHB1,2.3180951e-07
ABHD2,2.3178272e-07
MANSC1,2.3175437e-07
FAM174C,2.3173325e-07
CDIP1,2.3164493e-07
ZDHHC4,2.3157725e-07
ANKRD16,2.3156836e-07
TTC13,2.3150092e-07
NDUFA4,2.3148978e-07
LDLRAD4,2.3147304e-07
TMTC2,2.3135969e-07
CCDC134,2.3129466e-07
GNPTAB,2.3119688e-07
STK19,2.3118433e-07
TMEM9B,2.3103267e-07
SRCAP,2.3096352e-07
PCDH10,2.3094317e-07
STX12,2.3091847e-07
JAKMIP2,2.3090716e-07
BROX,2.308817e-07
ARMCX5,2.3086727e-07
ETV1,2.3080115e-07
ZDHHC6,2.3072373e-07
MFSD8,2.3071819e-07
MXI1,2.3067882e-07
SNX21,2.3062128e-07
PCMTD2,2.3057281e-07
SYT17,2.3055148e-07
TMEM70,2.3054413e-07
SFSWAP,2.305336e-07
FILIP1L,2.3048561e-07
BRSK1,2.3048422e-07
NLRP7,2.3041575e-07
TMEM222,2.3038811e-07
DTX3,2.3036453e-07
LUC7L2,2.3026949e-07
AATK,2.30203e-07
SLC25A36,2.3020098e-07
ZNF789,2.3013361e-07
UBFD1,2.3012227e-07
ZBED8,2.3003649e-07
E4F1,2.300108e-07
TMEM94,2.2997793e-07
IPP,2.2991503e-07
DARS,2.2990532e-07
ZPR1,2.2987311e-07
SSBP2,2.2983718e-07
KLHL23,2.2979285e-07
ZMPSTE24,2.2966935e-07
ZFAND2A,2.2966397e-07
TRPS1,2.2964058e-07
SPRYD3,2.2962136e-07
EMC1,2.2961034e-07
PCDHB2,2.2958275e-07
TMEM18,2.29559e-07
TRNP1,2.2955219e-07
PDXP,2.2951372e-07
C4orf3,2.2944765e-07
SCARF2,2.293566e-07
ATP6AP1L,2.2934572e-07
THAP3,2.2927061e-07
TMEM106B,2.2926751e-07
KIAA0513,2.2924446e-07
SFMBT1,2.2923393e-07
FAM118B,2.2920626e-07
RASSF2,2.2920017e-07
SNAP47,2.2918725e-07
SESTD1,2.2916065e-07
FBXO47,2.2915984e-07
C6orf226,2.2888212e-07
PHOSPHO2,2.2885936e-07
PPAN,2.2882568e-07
ATAD5,2.2879108e-07
ALKBH4,2.2874472e-07
PPP1R15B,2.2868458e-07
CCDC198,2.2866678e-07
NXPH1,2.2866372e-07
TMEM254,2.2864386e-07
AAMDC,2.28598e-07
C8orf76,2.2858337e-07
TMEM164,2.285194e-07
TSTD2,2.2849424e-07
ZSCAN9,2.2842993e-07
CIB4,2.2841822e-07
KRTCAP3,2.2841463e-07
BMP2K,2.2841303e-07
TLNRD1,2.2840015e-07
TARBP1,2.2839008e-07
CPEB3,2.2835097e-07
FAM207A,2.283388e-07
ZDHHC18,2.2833213e-07
PCDH1,2.2823622e-07
LYPLAL1,2.2823038e-07
H1F0,2.281814e-07
KAZALD1,2.281314e-07
FLYWCH2,2.2805457e-07
SLAIN2,2.2800907e-07
TMEM178A,2.2793547e-07
RTCA,2.2793347e-07
TMEM99,2.279121e-07
C12orf76,2.2785055e-07
YIPF5,2.2785035e-07
ZNF462,2.2780698e-07
GPATCH4,2.2779362e-07
TTC39C,2.2774637e-07
HAMP,2.2761627e-07
GRAMD4,2.2754192e-07
CHAF1B,2.2751638e-07
DCHS1,2.2749127e-07
DUSP22,2.2748614e-07
TTC37,2.2748596e-07
FAIM,2.2736995e-07
DMTF1,2.2735256e-07
PLAC8L1,2.273039e-07
PRR11,2.2730113e-07
CCDC7,2.2726225e-07
ANXA7,2.2719396e-07
C3orf33,2.2716524e-07
PLP1,2.2714099e-07
KIAA1671,2.2710378e-07
KLF7,2.2708343e-07
TMEM109,2.2707319e-07
EYS,2.2704151e-07
MKRN2,2.2699176e-07
SFT2D2,2.2695814e-07
SCYL3,2.2686245e-07
MAPK8IP2,2.268409e-07
DPY19L4,2.2681483e-07
DDAH2,2.2681209e-07
SLC25A25,2.2672373e-07
SELENOH,2.2671325e-07
SYT6,2.2669023e-07
MPP6,2.2668159e-07
ZBED5,2.2668125e-07
GPATCH3,2.2661902e-07
FBRSL1,2.2656525e-07
SLC38A6,2.2655676e-07
BIN3,2.265538e-07
ZMYM1,2.2653774e-07
TLK2,2.2653246e-07
EXO5,2.264605e-07
CMTR1,2.2641835e-07
UHRF1BP1L,2.2638342e-07
PRR3,2.2624059e-07
NT5DC3,2.2623392e-07
C2orf66,2.2613362e-07
MPPE1,2.2611503e-07
TRMO,2.2591773e-07
RNF24,2.257844e-07
SEMA4C,2.2564593e-07
TCF20,2.255767e-07
RABL6,2.255628e-07
SEPTIN8,2.255388e-07
ZFP3,2.2552383e-07
SHROOM2,2.2549992e-07
NCBP2AS2,2.254936e-07
HFM1,2.254823e-07
DESI1,2.2542652e-07
GDAP2,2.2540108e-07
TCEA2,2.2534823e-07
HOOK2,2.2524226e-07
PCDHGB6,2.2515958e-07
GAS2L3,2.2510748e-07
SOGA3,2.2503887e-07
CPT1C,2.2501943e-07
SENP7,2.2500303e-07
SMIM10L1,2.2498821e-07
CNPPD1,2.249704e-07
RTL6,2.248778e-07
CCNY,2.248755e-07
WDR13,2.248161e-07
CCDC146,2.248015e-07
CXorf56,2.2475702e-07
SNX16,2.2472749e-07
HIST1H1B,2.2467376e-07
RSAD1,2.2463219e-07
LRRK1,2.2461312e-07
RTL10,2.2457412e-07
JPT1,2.245592e-07
EMP1,2.2454117e-07
SEZ6,2.2452114e-07
RBM15B,2.2446197e-07
PRDM2,2.2446113e-07
PHACTR1,2.244318e-07
ZSCAN31,2.2435457e-07
ZNF142,2.2431298e-07
ANKRD13A,2.2429042e-07
GNL1,2.2426183e-07
RSBN1,2.242065e-07
TTC1,2.2405492e-07
TIGD2,2.2401953e-07
SHCBP1,2.2388132e-07
FAM174B,2.2387489e-07
GPT2,2.2379409e-07
RBM33,2.2375166e-07
ZADH2,2.237114e-07
RNF122,2.2363852e-07
USP40,2.2361696e-07
NOL4L,2.2353599e-07
RNF150,2.235046e-07
MARCH9,2.2347517e-07
MAGI1,2.2339998e-07
GPN3,2.2330242e-07
LARP4,2.2328878e-07
SEC63,2.2323081e-07
TROAP,2.2322557e-07
VMA21,2.2322557e-07
STK36,2.2321599e-07
FBXO3,2.2316961e-07
IBTK,2.2311065e-07
STAP1,2.2310851e-07
PCDHGA2,2.2304644e-07
ZNF410,2.2303117e-07
PRPF39,2.2299021e-07
LRRC4C,2.2298002e-07
MAST1,2.2297816e-07
MAST2,2.2296845e-07
FBXO42,2.2296608e-07
RNF141,2.2295217e-07
NCKAP5L,2.2294746e-07
ADGRB2,2.2293075e-07
TAPT1,2.2289592e-07
DAZAP1,2.2288592e-07
PCSK1N,2.228492e-07
FAM234A,2.2284742e-07
GPBP1L1,2.2276379e-07
FMC1,2.227385e-07
LARP4B,2.2272955e-07
APLP1,2.2271315e-07
GABPB1,2.2270414e-07
DPP6,2.2269856e-07
PIH1D1,2.2266032e-07
SSH2,2.2265363e-07
RNFT2,2.2258955e-07
ZNF318,2.2256289e-07
CYB561D2,2.2238451e-07
PIGQ,2.223838e-07
SH3GLB2,2.2236239e-07
CCSER2,2.2235956e-07
APTX,2.2222444e-07
DNAJB14,2.2219585e-07
ECHDC1,2.2219572e-07
C20orf27,2.2219238e-07
INAFM2,2.2218897e-07
TRPT1,2.221828e-07
SLC49A3,2.2214554e-07
ANGPTL2,2.2207608e-07
FAM124A,2.2200634e-07
MAP3K10,2.2191166e-07
FAM49B,2.2186448e-07
ZBTB38,2.2175043e-07
EDRF1,2.2173616e-07
CYP4Z1,2.2159577e-07
RSL1D1,2.2152926e-07
PSD2,2.21518e-07
ZNF572,2.2149861e-07
ZNF574,2.2148336e-07
LYST,2.2148325e-07
WDFY2,2.2144816e-07
ZNF516,2.2143854e-07
ZNF723,2.2143796e-07
PCDHAC1,2.214167e-07
HEATR6,2.21379e-07
WDR27,2.2123515e-07
ATXN2L,2.2119707e-07
TMEM108,2.2117636e-07
DENND10,2.2116573e-07
PEF1,2.2116149e-07
CHRNB1,2.2113669e-07
NAA16,2.2112704e-07
ZNF83,2.2106943e-07
FAM117B,2.2099555e-07
CCDC186,2.2098708e-07
FAM210A,2.2093232e-07
RAP2A,2.2091167e-07
SNN,2.2090042e-07
SERBP1,2.2088032e-07
RAPGEF5,2.2082989e-07
H2AFY,2.2082841e-07
WWC3,2.2078915e-07
CFAP97,2.2071701e-07
KLHDC8A,2.2069707e-07
SYNRG,2.2069108e-07
TNPO2,2.2062268e-07
FAM110A,2.2050028e-07
LRRC73,2.2047482e-07
C20orf194,2.2042923e-07
ADGRG1,2.2039903e-07
TTC21A,2.2029522e-07
BORCS5,2.2028658e-07
PDCD2L,2.2025661e-07
TOM1L2,2.2024713e-07
AFDN,2.2021668e-07
LRCH2,2.2011879e-07
NDFIP2,2.2008463e-07
ZBTB34,2.2005611e-07
CBLN2,2.2002023e-07
CYB561A3,2.2001623e-07
SOCS7,2.1998756e-07
IPO9,2.1995504e-07
TARS,2.198701e-07
DMXL2,2.1975806e-07
SPATS2L,2.1966541e-07
TCTA,2.1963042e-07
LENG8,2.1957958e-07
RETREG2,2.1948767e-07
IFFO1,2.1943022e-07
TMEM203,2.1942552e-07
TMEM185A,2.1937626e-07
CDC123,2.193069e-07
WFDC12,2.1923657e-07
TUFT1,2.1923317e-07
UNC50,2.190923e-07
ZNF578,2.1909148e-07
MPP3,2.1899778e-07
MATN2,2.1898198e-07
NKD1,2.1886306e-07
FIBP,2.1885106e-07
PLXNB2,2.1881799e-07
C5orf24,2.18739e-07
PPTC7,2.1867697e-07
LRRC47,2.1867537e-07
LSG1,2.1862047e-07
CCDC90B,2.1856904e-07
ARID3B,2.1855904e-07
LRIG2,2.1855249e-07
TCEAL5,2.1849587e-07
FEZ2,2.184763e-07
EBF4,2.1845004e-07
RNF214,2.1844652e-07
STRIP1,2.1833891e-07
DUSP15,2.183317e-07
SLMAP,2.1831322e-07
ZNF879,2.1829997e-07
DGCR2,2.1828008e-07
SETD5,2.1826068e-07
ZNF581,2.1822528e-07
BSDC1,2.1816652e-07
CAMTA1,2.1816379e-07
POGZ,2.1815747e-07
PKIA,2.1812785e-07
RASSF4,2.1807087e-07
AMER3,2.1805263e-07
CAMSAP1,2.1795884e-07
ENTR1,2.1791224e-07
RALYL,2.1787505e-07
TNFRSF19,2.178314e-07
CACFD1,2.1782628e-07
MFSD11,2.1779681e-07
MOSPD3,2.1768817e-07
SLC30A4,2.176696e-07
PLBD2,2.1763294e-07
GRK4,2.175974e-07
PHB,2.1759072e-07
AC118549.1,2.1752692e-07
SNX24,2.1745309e-07
KCTD5,2.1742967e-07
ANKRD44,2.1741417e-07
SLC49A4,2.1739538e-07
MAP1A,2.17374e-07
NOM1,2.1734581e-07
ZCCHC17,2.173003e-07
AP5S1,2.1727526e-07
ZFP62,2.1726076e-07
HPS5,2.172355e-07
ALKBH7,2.1721796e-07
C15orf39,2.1719987e-07
MB21D2,2.1718567e-07
FAM161A,2.1718157e-07
RPAIN,2.1718145e-07
NCS1,2.171248e-07
CCDC14,2.1711635e-07
CCDC66,2.1701972e-07
METRN,2.1695442e-07
MEX3D,2.1689473e-07
CORO1C,2.1684271e-07
DYM,2.1679728e-07
ASAP2,2.1676001e-07
PRDM10,2.1664023e-07
LEMD1,2.1663304e-07
ZNF653,2.1642184e-07
WDR41,2.1641561e-07
PPP1R26,2.1628601e-07
ZNF66,2.1626022e-07
LYRM9,2.1615259e-07
PCDHA2,2.1611223e-07
SART3,2.1603947e-07
CAPS,2.1603796e-07
NUSAP1,2.1595083e-07
PRXL2A,2.1593537e-07
LYPD6,2.159246e-07
UPRT,2.1591318e-07
NREP,2.158476e-07
NIF3L1,2.158306e-07
WBP1L,2.1581768e-07
TMEM33,2.1580085e-07
TMEM123,2.1575627e-07
ANXA2R,2.1574081e-07
SLC22A24,2.156751e-07
IFI27L1,2.1564047e-07
ZNF768,2.1563449e-07
DIS3L,2.1561675e-07
ZYG11B,2.1557312e-07
ATP5IF1,2.1552137e-07
PAK1IP1,2.1552135e-07
TMEM68,2.154824e-07
DUSP11,2.1542644e-07
C2CD2L,2.1539722e-07
C12orf29,2.153309e-07
BTBD2,2.15183e-07
NIBAN3,2.1514494e-07
HPF1,2.151106e-07
CCDC124,2.1501799e-07
C12orf4,2.1496821e-07
DONSON,2.1488324e-07
GTPBP1,2.1476022e-07
TMEM145,2.1473559e-07
NFXL1,2.1472984e-07
CCDC92,2.1457834e-07
C11orf58,2.1452429e-07
PWP1,2.1442285e-07
ZNF609,2.1434126e-07
ZFYVE1,2.1431622e-07
GRAMD1C,2.1428876e-07
C12orf66,2.1415069e-07
PRR14,2.1412953e-07
PTRH1,2.1408694e-07
CEP120,2.1401418e-07
CALCOCO1,2.1399914e-07
RTN1,2.1394695e-07
PCDHA12,2.1384596e-07
PM20D2,2.1384521e-07
HEATR5B,2.138153e-07
ERC1,2.1378558e-07
ENOX2,2.1377502e-07
LY6G5B,2.1372041e-07
MLLT11,2.136916e-07
CARF,2.1366341e-07
R3HDM2,2.1363681e-07
APPBP2,2.1354927e-07
EFCAB10,2.1353718e-07
GNPTG,2.1345795e-07
LSM14A,2.133949e-07
RILPL1,2.1335414e-07
UBASH3B,2.1334624e-07
XPR1,2.1333895e-07
PAIP2B,2.1331194e-07
CRYZ,2.1329689e-07
SNX19,2.1328367e-07
PARPBP,2.1328337e-07
PRPF4B,2.1328101e-07
MIEN1,2.132272e-07
MARCH5,2.1320216e-07
STYXL1,2.1317979e-07
EPDR1,2.131561e-07
INIP,2.1310098e-07
AASDH,2.1295783e-07
MYO1E,2.1294248e-07
ZNF652,2.1291274e-07
ANKS1B,2.1278787e-07
DCLK1,2.1276001e-07
LRRC42,2.1275935e-07
MFSD3,2.1270833e-07
TMEM169,2.1267154e-07
FAM136A,2.12649e-07
NKRF,2.1264118e-07
GDF11,2.1252818e-07
SLC35E1,2.124398e-07
ANTKMT,2.1242896e-07
BMT2,2.1241317e-07
PROSER3,2.1230532e-07
NPAS3,2.122902e-07
GPR137C,2.1222866e-07
GSX1,2.1212497e-07
EID1,2.1208905e-07
GLOD4,2.1200688e-07
CTDSPL,2.1198025e-07
TAZ,2.118996e-07
KBTBD2,2.118981e-07
SH3RF3,2.1184114e-07
SLC35F5,2.11837e-07
TBC1D22A,2.117603e-07
TMEM25,2.1175329e-07
TBC1D9B,2.1174488e-07
GPRASP2,2.1174242e-07
ZNF106,2.1171346e-07
LYRM1,2.1165022e-07
CIC,2.1164642e-07
WDR60,2.1158776e-07
KLHL28,2.1153247e-07
CLPTM1L,2.1148287e-07
ZNF280B,2.1134763e-07
CERT1,2.1132624e-07
POLDIP2,2.1131018e-07
CCDC149,2.1129816e-07
SFXN1,2.1129517e-07
TMEM42,2.112602e-07
CAPRIN2,2.1122935e-07
SCAMP3,2.1112665e-07
SMPDL3A,2.1110269e-07
RESF1,2.110455e-07
CFAP100,2.1102038e-07
CORO2B,2.1098082e-07
ST7L,2.1094088e-07
KRTCAP2,2.1092892e-07
C1orf74,2.108424e-07
KIAA1841,2.107996e-07
UBQLN4,2.107674e-07
MEPCE,2.1061533e-07
NBEAL1,2.1057147e-07
DHX30,2.1055858e-07
MFSD5,2.1051467e-07
ZMAT3,2.1048386e-07
IPO4,2.1035851e-07
KIAA1191,2.1033111e-07
SH3BP5,2.1030792e-07
PDIK1L,2.1024833e-07
ULK2,2.1022333e-07
TMEM205,2.1013541e-07
MARC1,2.1009335e-07
THAP12,2.100711e-07
GPR162,2.0997527e-07
TNS1,2.0988755e-07
FAM162A,2.0987606e-07
C1orf94,2.0965591e-07
LIMCH1,2.0961714e-07
UNK,2.0944377e-07
ZBTB39,2.0942055e-07
SLC38A7,2.091897e-07
PCDHGA9,2.091413e-07
TTC9C,2.0913872e-07
HMBOX1,2.0910996e-07
CCDC47,2.090669e-07
CNPY4,2.0903319e-07
XKR7,2.090269e-07
GRAMD2B,2.0890654e-07
ENOSF1,2.0888838e-07
PROSER1,2.0887624e-07
ZNF22,2.0881706e-07
HP1BP3,2.0880394e-07
PRR36,2.0874343e-07
FMR1,2.0874134e-07
LRCH4,2.086897e-07
MAB21L1,2.0866774e-07
LEPROT,2.0865842e-07
SBNO2,2.0861378e-07
ATPSCKMT,2.0859618e-07
PPP1R18,2.0859166e-07
DIP2A,2.0858393e-07
TMTC4,2.0856112e-07
CDV3,2.0849457e-07
RASSF1,2.0845069e-07
CCDC136,2.0842218e-07
CGRRF1,2.0841297e-07
MBLAC2,2.083362e-07
FBXO33,2.0831772e-07
RIC8B,2.082772e-07
TMEM237,2.0814869e-07
GLIPR2,2.0811288e-07
ATXN1L,2.0810512e-07
LRPAP1,2.0807875e-07
DDT,2.0800837e-07
GRIPAP1,2.0800245e-07
ZBTB18,2.079647e-07
CRIPT,2.0774688e-07
DHX57,2.0772744e-07
EXOC6B,2.0766397e-07
EPC2,2.075963e-07
AZI2,2.0756355e-07
DPP9,2.0747223e-07
RBM23,2.0740165e-07
CDR2L,2.0739886e-07
STIMATE,2.0731355e-07
ZCCHC24,2.0729304e-07
HSPB6,2.0723976e-07
SLF1,2.0722207e-07
MPZL1,2.0717891e-07
UBXN4,2.0708318e-07
ACP2,2.0700784e-07
SYT14,2.0696828e-07
CDHR1,2.0692482e-07
WBP1,2.0681402e-07
CYHR1,2.0674743e-07
PCED1A,2.0671851e-07
SYNGR2,2.0669982e-07
RTL8B,2.0666732e-07
COA8,2.0664402e-07
TRA2A,2.0661419e-07
POU3F4,2.065794e-07
DDX10,2.065658e-07
DUSP23,2.0648939e-07
N4BP2L2,2.0647072e-07
TM7SF3,2.0646537e-07
USB1,2.064089e-07
CNNM3,2.0640837e-07
PPP1R12C,2.0640448e-07
RSRC2,2.0633608e-07
C2orf68,2.0632561e-07
ICK,2.063211e-07
SELENON,2.0629481e-07
ZBTB47,2.0627674e-07
KATNB1,2.0627154e-07
HYI,2.0624724e-07
CINP,2.0620006e-07
ACP1,2.0606511e-07
SCP2D1,2.0605766e-07
FGFR1OP,2.0598371e-07
MIPEP,2.0589664e-07
IFI27L2,2.0587954e-07
ZSCAN16,2.058565e-07
PPP4R1,2.0582523e-07
RBM15,2.0578803e-07
ZC3H12C,2.0563589e-07
CTNNAL1,2.0560451e-07
PCNX1,2.0553003e-07
ZNF488,2.0551559e-07
TTC32,2.0546888e-07
ZNF346,2.0546672e-07
ZFYVE21,2.0538532e-07
PTTG1IP,2.0535393e-07
VARS,2.0530979e-07
ELK4,2.053067e-07
RTF2,2.052507e-07
TEX261,2.0524116e-07
ZDHHC15,2.0520557e-07
PEG10,2.0515031e-07
SNX17,2.0507066e-07
SLC66A2,2.0505459e-07
SETD4,2.0501625e-07
ZNHIT1,2.0498165e-07
PAXBP1,2.049549e-07
PDCD5,2.0489692e-07
MSANTD3,2.0479551e-07
RNF165,2.0460814e-07
TEX46,2.0460564e-07
MAPRE2,2.0457647e-07
EHBP1L1,2.0455639e-07
C21orf91,2.0453308e-07
EFCAB2,2.0446535e-07
SDF2,2.0443836e-07
ZC3H13,2.043668e-07
HDHD2,2.0436133e-07
HDGFL2,2.0431312e-07
CAMSAP2,2.0429493e-07
ZNF821,2.0426397e-07
TLN2,2.0422458e-07
PBDC1,2.0420171e-07
UBR7,2.0416567e-07
ANKRD12,2.0416336e-07
BLCAP,2.0415234e-07
SMCHD1,2.0409318e-07
RAB11FIP4,2.0406308e-07
RNF44,2.0406019e-07
ACAP3,2.0402024e-07
UNC13A,2.0391985e-07
AGFG2,2.0390439e-07
YPEL1,2.03858e-07
PNMA8C,2.0363835e-07
C1orf216,2.0363105e-07
HSPBP1,2.0361306e-07
DUSP21,2.0358353e-07
UBE4B,2.0351295e-07
AFAP1,2.0339583e-07
LRCH3,2.0334612e-07
SMIM12,2.0328501e-07
DHX40,2.0316352e-07
TMEM69,2.031246e-07
TMEM161A,2.0302012e-07
ZMYND10,2.0301268e-07
TSPAN31,2.0300322e-07
FAM107B,2.0292823e-07
ZXDC,2.0292566e-07
ARVCF,2.0275095e-07
TSHZ3,2.0274254e-07
PCDHB12,2.027361e-07
ZNF593,2.0263883e-07
TCP11L2,2.0261002e-07
MAPKBP1,2.0252973e-07
NAP1L5,2.0240383e-07
KARS,2.0233612e-07
ZNRD2,2.0219325e-07
DIP2C,2.0216319e-07
TOX3,2.0213292e-07
TAOK2,2.0212599e-07
MRFAP1L1,2.0210466e-07
UBR3,2.0204538e-07
ZSWIM6,2.0193718e-07
PDGFC,2.0185601e-07
HAX1,2.0180414e-07
TMEM168,2.017154e-07
KATNAL1,2.017124e-07
C8orf48,2.0169765e-07
TTC27,2.0168189e-07
TRIM52,2.016684e-07
YTHDF2,2.0165031e-07
RELL1,2.0162682e-07
NCL,2.016142e-07
ZRANB2,2.0153598e-07
PCDHGA8,2.0148774e-07
ADGRL1,2.0147061e-07
ZNF783,2.0141032e-07
SDR39U1,2.0130504e-07
HEPACAM,2.0127133e-07
WRAP73,2.0124926e-07
NAA40,2.0124051e-07
CDK16,2.0118584e-07
MECP2,2.0109665e-07
NOL8,2.0103175e-07
CCDC151,2.0096967e-07
PLEKHO1,2.0094863e-07
GPRC5B,2.0092457e-07
UNC119,2.0088844e-07
TBCK,2.0086217e-07
PHF23,2.0084003e-07
NETO1,2.0083851e-07
MAP1S,2.0070455e-07
TTC33,2.0067773e-07
PPP1R11,2.0067205e-07
C16orf72,2.006605e-07
RECQL4,2.0062691e-07
SPAG16,2.0057055e-07
TMEM189,2.0052103e-07
UNC45A,2.0050895e-07
HMGXB3,2.0044365e-07
EPM2AIP1,2.0043092e-07
ATG2B,2.0021415e-07
LRRC20,2.0019456e-07
PTK7,2.0012635e-07
FRY,2.0012601e-07
BEND5,2.0002074e-07
TXNRD3,2.0001634e-07
OXNAD1,1.9994164e-07
GATD1,1.9980442e-07
FBH1,1.9972359e-07
SLC10A3,1.996392e-07
PRUNE1,1.995953e-07
NFS1,1.9958193e-07
METTL15,1.9958057e-07
ZC3H10,1.995681e-07
PIBF1,1.9951861e-07
CSRNP3,1.9947463e-07
SWSAP1,1.9946253e-07
ARPC5L,1.9941277e-07
PPP1R37,1.9941015e-07
RBM4B,1.9934917e-07
RALY,1.9933434e-07
TMEM178B,1.992493e-07
CIRBP,1.9918035e-07
NAT14,1.9917289e-07
TSC22D2,1.9912851e-07
C5orf22,1.9911703e-07
SRCIN1,1.9906352e-07
GHITM,1.9903813e-07
AVL9,1.9900475e-07
AMIGO1,1.9883782e-07
RER1,1.9879818e-07
PPP1R9B,1.9877601e-07
PNISR,1.9866555e-07
CLDND1,1.9861962e-07
PCDHGB2,1.9860288e-07
CELF2,1.985984e-07
EEF1AKMT4,1.9855057e-07
ZNF438,1.9855023e-07
TMEM140,1.9838858e-07
PSD,1.9838178e-07
HSDL1,1.9837273e-07
SAT2,1.9830678e-07
FAM53C,1.9828057e-07
SNX13,1.9826847e-07
C14orf93,1.98265e-07
TTF2,1.9826233e-07
SECISBP2L,1.9825328e-07
NES,1.982302e-07
TIMM29,1.981826e-07
CHAF1A,1.9817169e-07
KTI12,1.9814922e-07
SUCO,1.981214e-07
FLII,1.9804634e-07
IRGM,1.980319e-07
SLC35G1,1.9795891e-07
IARS,1.979531e-07
ZNF276,1.978829e-07
GPM6A,1.9788267e-07
TMEM39A,1.9779402e-07
ACYP2,1.9773881e-07
PSPC1,1.9771424e-07
HMGN4,1.9760287e-07
ESF1,1.9760141e-07
C2orf42,1.9756258e-07
PGBD1,1.9754175e-07
SPAG7,1.974709e-07
HIST1H2BH,1.9737097e-07
SMIM29,1.973455e-07
TOMM40L,1.9732184e-07
ALKBH6,1.9726863e-07
LRRC75B,1.9726663e-07
TAMM41,1.9722715e-07
MTCH2,1.9721425e-07
APMAP,1.9717216e-07
IGSF9,1.9714771e-07
HDHD5,1.9710622e-07
FAM217B,1.9710163e-07
ZNF260,1.9707996e-07
YAE1,1.9695578e-07
SEC14L1,1.9692202e-07
C12orf49,1.9691447e-07
TBC1D22B,1.9690454e-07
BTBD8,1.9688427e-07
MPDZ,1.9688126e-07
FBXO38,1.9682567e-07
SETBP1,1.9681168e-07
ADGRL3,1.9678815e-07
DDX59,1.9670937e-07
SNX14,1.9669838e-07
POGK,1.9662605e-07
CDKN2AIPNL,1.965557e-07
FNDC4,1.9649848e-07
TMEM35A,1.964931e-07
STIL,1.9647469e-07
CFAP20,1.9643817e-07
TMEM107,1.9640538e-07
STK39,1.9636404e-07
CLPTM1,1.9633045e-07
BSCL2,1.9632307e-07
CREBL2,1.9629461e-07
BZW1,1.9629302e-07
MSANTD2,1.9622696e-07
FASTK,1.9622557e-07
KCNJ13,1.962065e-07
ZC2HC1A,1.9616007e-07
LINS1,1.9598951e-07
RP9,1.9592828e-07
C1orf174,1.9579976e-07
ANKRD49,1.9577749e-07
SPRYD4,1.9575809e-07
BRIX1,1.9572416e-07
ZNF644,1.9567062e-07
CCNI,1.9563959e-07
TXNDC16,1.9561608e-07
SIVA1,1.9560139e-07
VPS26C,1.9551355e-07
LZTS2,1.9548791e-07
FAM53B,1.953939e-07
PMS1,1.953752e-07
ERMARD,1.9531736e-07
R3HDM4,1.9526037e-07
FAM222B,1.9511943e-07
SZRD1,1.9505664e-07
HOXD8,1.9503493e-07
ALKBH1,1.9499767e-07
STX2,1.9497547e-07
GXYLT1,1.949675e-07
MAP3K13,1.9494765e-07
CLCC1,1.9486008e-07
URB2,1.9477515e-07
GPN1,1.9473978e-07
SLC4A1AP,1.9467412e-07
KANSL1L,1.9465801e-07
EXD2,1.946164e-07
ZNRD1,1.9449953e-07
CRYZL1,1.9442696e-07
RFX5,1.9440483e-07
PLS3,1.9438862e-07
FOXP1,1.9431452e-07
SNX6,1.9430631e-07
CFL2,1.9425431e-07
TRNAU1AP,1.9425124e-07
PHTF2,1.9425049e-07
MARK1,1.9424124e-07
IMMP2L,1.9412833e-07
MTPN,1.9410832e-07
REEP3,1.9408881e-07
NETO2,1.940774e-07
BTBD7,1.9389425e-07
GRAMD1B,1.9387362e-07
SEC23B,1.938118e-07
TCEAL7,1.9379286e-07
DIPK2A,1.9375948e-07
RABGAP1L,1.9368552e-07
DDX24,1.9365321e-07
ANKRD39,1.9363294e-07
CYB561,1.9362197e-07
DCBLD2,1.9361119e-07
ZNF330,1.9359685e-07
HBP1,1.9358401e-07
FAM98A,1.9355664e-07
NEK4,1.9351539e-07
ICA1,1.9349359e-07
BBX,1.9345305e-07
RBM41,1.9342447e-07
DHX32,1.9339642e-07
WDFY3,1.933873e-07
DNAJC30,1.9332788e-07
FAM200A,1.9321884e-07
PPP1R35,1.9319172e-07
MORN2,1.9313566e-07
DEXI,1.9312843e-07
SLC35A5,1.9310333e-07
SEMA4B,1.9294428e-07
ZNF275,1.9291899e-07
IGSF6,1.9288562e-07
KLF12,1.9282791e-07
QRICH1,1.9276656e-07
RFXAP,1.9271336e-07
C14orf132,1.9270249e-07
MESD,1.9251841e-07
VMP1,1.9248064e-07
NUP58,1.9246305e-07
ICA1L,1.924348e-07
RNF26,1.9242493e-07
R3HCC1,1.9240956e-07
PNMA1,1.9240663e-07
ANKHD1,1.9234528e-07
TRMT2B,1.9228415e-07
DNAJB5,1.9225975e-07
PPP1R7,1.9224524e-07
RABIF,1.9223621e-07
MAP3K4,1.9210005e-07
SLC35E3,1.9205079e-07
LRRC24,1.9204083e-07
FAM200B,1.9198556e-07
ROM1,1.9197007e-07
FAM104B,1.9180787e-07
AP5Z1,1.9178542e-07
CAPRIN1,1.9166656e-07
DOP1A,1.916419e-07
C17orf75,1.9163825e-07
DNPEP,1.9162881e-07
NFE2L1,1.9154281e-07
ZBTB40,1.9154156e-07
DNAJC25,1.9152135e-07
STK16,1.9140373e-07
CCDC34,1.9139077e-07
DIPK1A,1.9135489e-07
WDFY1,1.9107509e-07
ANKRD10,1.9102056e-07
H2AFY2,1.9101742e-07
BAZ1A,1.9101206e-07
TMEM199,1.9099718e-07
KIAA1958,1.9098604e-07
PUS1,1.9096744e-07
RPF1,1.9092658e-07
SMIM14,1.9090389e-07
WDR37,1.9088603e-07
RBIS,1.90868e-07
TTI1,1.9069331e-07
NXPE3,1.9056772e-07
USF3,1.9050587e-07
NDRG3,1.9047125e-07
SMARCA1,1.9040294e-07
PCDHGC3,1.9037138e-07
CADM4,1.9035076e-07
RERE,1.9034636e-07
TELO2,1.902652e-07
MADD,1.9026506e-07
MEX3A,1.9024831e-07
NPAT,1.9024634e-07
DSTYK,1.9022154e-07
KHDC1,1.9020602e-07
KIAA0556,1.9016736e-07
DNAJB4,1.9008381e-07
ZNF836,1.9003535e-07
ZNF326,1.90001e-07
STK38L,1.8995189e-07
TMEM184B,1.8991555e-07
SLC46A3,1.8988183e-07
ZNF358,1.898524e-07
SLC39A11,1.898496e-07
CPLX2,1.8982847e-07
EHBP1,1.8980221e-07
NACC1,1.8968846e-07
ATXN1,1.8959534e-07
PUS7L,1.8959068e-07
SMCR8,1.8954862e-07
VIRMA,1.8942437e-07
LONRF2,1.8934064e-07
C4orf48,1.8925388e-07
C1orf21,1.8922418e-07
SARS,1.8920781e-07
MREG,1.891499e-07
SFXN2,1.8906603e-07
PCDHA9,1.8903702e-07
MTHFSD,1.8902367e-07
ECD,1.8897296e-07
ZFP64,1.8892716e-07
THAP9,1.8890836e-07
MMP23B,1.8889946e-07
ATP6V1FNB,1.8881096e-07
KMT2E,1.8877542e-07
HEATR3,1.8874134e-07
LSM12,1.8868768e-07
TVP23A,1.8866875e-07
CKLF,1.8859328e-07
GLMP,1.8855077e-07
NDRG2,1.8854165e-07
PHF3,1.8848361e-07
SEC62,1.884777e-07
MED12L,1.8839702e-07
ECPAS,1.8837463e-07
TMEM35B,1.8834291e-07
GPR89B,1.8832377e-07
JPH3,1.8825912e-07
MEGF9,1.8821913e-07
MTFR1L,1.8802706e-07
SOX12,1.8801364e-07
C1orf56,1.8795643e-07
MCUR1,1.879431e-07
UBN2,1.8788367e-07
WASHC5,1.8787544e-07
FAM111B,1.8781722e-07
HELZ,1.8780814e-07
AKTIP,1.8780382e-07
METTL9,1.8775116e-07
ZNF292,1.8757962e-07
SELENOW,1.875764e-07
TOGARAM1,1.8747838e-07
ARL6IP4,1.8743097e-07
TACC2,1.8733492e-07
ERI3,1.8718515e-07
HECTD4,1.8718015e-07
NAV1,1.8715382e-07
TMEM41B,1.8710217e-07
ALPK3,1.8705776e-07
SLCO5A1,1.870469e-07
GK5,1.8693257e-07
REXO4,1.869276e-07
TBCEL,1.8691732e-07
RC3H1,1.8691628e-07
CMSS1,1.8687261e-07
ZDHHC17,1.8642564e-07
INA,1.8632542e-07
HIST1H2BB,1.8632356e-07
JDP2,1.8622765e-07
HCFC1R1,1.861546e-07
SEPTIN3,1.861125e-07
VN1R1,1.8608776e-07
SAC3D1,1.8603802e-07
FAM122B,1.8592925e-07
HIPK3,1.8590625e-07
TASOR2,1.8588058e-07
CFAP298,1.8577735e-07
PNRC1,1.8574995e-07
HIST1H1C,1.8560264e-07
FHDC1,1.8552441e-07
SCAMP4,1.854871e-07
LARP1B,1.8541378e-07
KIAA0232,1.8534071e-07
TMEM14A,1.8530137e-07
ZNF524,1.852165e-07
EMC8,1.8518836e-07
TANC2,1.851082e-07
CBLN1,1.8508638e-07
NME5,1.8501906e-07
PPM1G,1.8500471e-07
CCPG1,1.8496853e-07
ZBTB22,1.8495602e-07
TMEM97,1.8490874e-07
GPR108,1.8489149e-07
CEP85,1.8487228e-07
PEPD,1.8471768e-07
USP54,1.8461064e-07
RUFY2,1.8454286e-07
KIAA0753,1.8447113e-07
PPP6R2,1.8441884e-07
GTF2I,1.8431818e-07
TMEM240,1.8430268e-07
CLUAP1,1.8427266e-07
ITFG1,1.8423121e-07
OARD1,1.8422168e-07
GCAT,1.8421785e-07
PLAGL2,1.8420175e-07
PRRC2C,1.8409288e-07
GZF1,1.8400272e-07
SAMD4B,1.8398741e-07
MMD,1.8394121e-07
FRMD5,1.8391593e-07
FSD1,1.8386731e-07
SLAIN1,1.8382562e-07
ZMAT1,1.8381776e-07
TBC1D5,1.837667e-07
CCDC28B,1.8363829e-07
USPL1,1.83587e-07
NUDCD2,1.8352077e-07
SYT3,1.8349907e-07
MDN1,1.8349029e-07
FOXN2,1.83397e-07
KIF1BP,1.8334399e-07
TMEM214,1.833408e-07
TMEM143,1.8326392e-07
PBXIP1,1.8322505e-07
SON,1.830951e-07
NOA1,1.83009e-07
HSDL2,1.8298924e-07
PXK,1.829735e-07
DUS3L,1.8294179e-07
FAM3A,1.82887e-07
FLVCR1,1.8288263e-07
CDK14,1.8280608e-07
ERC2,1.8264576e-07
TRIM47,1.8256625e-07
RCBTB1,1.8256412e-07
CCDC43,1.8246531e-07
NUDT22,1.8245431e-07
ATL3,1.8242602e-07
TCTEX1D2,1.8233646e-07
SCAND1,1.8229144e-07
ANKS1A,1.8222055e-07
CASD1,1.8217997e-07
MYCBP2,1.8215931e-07
KCTD9,1.8207636e-07
AMZ2,1.8189614e-07
CYREN,1.8186095e-07
WDYHV1,1.8177624e-07
KIAA0408,1.8174192e-07
ZNF594,1.8169081e-07
ARL5A,1.815992e-07
ZHX2,1.8153904e-07
TAGLN3,1.815273e-07
TMEM170B,1.8139653e-07
OTUD6B,1.8135769e-07
SP4,1.8131325e-07
CALML4,1.8130494e-07
PCDHB13,1.8129995e-07
BMERB1,1.8119825e-07
MMP24OS,1.8115527e-07
ELMOD2,1.8099904e-07
ZNF823,1.8098842e-07
SNX29,1.809379e-07
APPL2,1.8084656e-07
STX8,1.8077677e-07
EMSY,1.8071218e-07
MIIP,1.8068589e-07
C9orf64,1.8058427e-07
SERAC1,1.8025519e-07
SCNM1,1.80137e-07
CALCOCO2,1.8011694e-07
C12orf43,1.8006556e-07
DENR,1.8004823e-07
EFL1,1.8004562e-07
TMEM167B,1.7994256e-07
ST5,1.7993882e-07
VPS13C,1.7990516e-07
REEP5,1.7977483e-07
PHLDB1,1.797509e-07
ELFN2,1.7970625e-07
API5,1.7968677e-07
EPG5,1.7965809e-07
SWT1,1.7965706e-07
FAM160B2,1.7963768e-07
TOB1,1.7953856e-07
TMEM230,1.7952979e-07
STRN3,1.7951724e-07
HPS3,1.7950468e-07
ZNF384,1.7941002e-07
PWWP3A,1.7937066e-07
MINDY3,1.7934761e-07
DBNDD2,1.7930397e-07
PAQR9,1.79283e-07
ERCC6L2,1.7924872e-07
ZNF428,1.7923092e-07
HEXIM1,1.7922348e-07
AHDC1,1.791257e-07
YY1AP1,1.7911584e-07
LY6G5C,1.7910234e-07
REXO1,1.7905855e-07
POC1B,1.7883791e-07
SEPTIN5,1.7881396e-07
IFRD1,1.7880716e-07
NAT9,1.7876873e-07
FAM214A,1.7869839e-07
ZC3H7A,1.7867534e-07
KIAA2026,1.7859493e-07
GOLT1B,1.784433e-07
NOL10,1.7819973e-07
MKNK2,1.7815825e-07
KCTD17,1.7809462e-07
KCTD10,1.7807966e-07
CTNND2,1.7789318e-07
IVNS1ABP,1.7789198e-07
SPTY2D1OS,1.7783864e-07
VOPP1,1.778207e-07
KCTD11,1.7775277e-07
KXD1,1.77676e-07
RNF13,1.7766124e-07
PPP1R14B,1.776578e-07
TMEM138,1.7748773e-07
TNRC18,1.7741323e-07
MELK,1.7736627e-07
WDR89,1.7732037e-07
TMEM259,1.772071e-07
NENF,1.7715311e-07
HINFP,1.7713839e-07
RALGPS2,1.7709128e-07
ZSCAN21,1.7707988e-07
TSR2,1.7698926e-07
NKAIN4,1.7692365e-07
TCEAL9,1.7689524e-07
MANBAL,1.7688784e-07
MAP2,1.7688102e-07
SCYL1,1.7687711e-07
ENOX1,1.7685508e-07
FAM172A,1.768084e-07
MORC3,1.7679896e-07
RO60,1.7678319e-07
GMEB1,1.7675777e-07
SLC25A33,1.766291e-07
CCDC167,1.7661763e-07
NIPSNAP1,1.7655324e-07
SLC25A40,1.763431e-07
CCDC9B,1.7626859e-07
ZUP1,1.7623778e-07
YIF1B,1.7618211e-07
TRAF3IP1,1.76076e-07
MFSD9,1.7598147e-07
TACC1,1.759192e-07
ANKS3,1.757624e-07
C6orf136,1.7575029e-07
MTLN,1.7574673e-07
FOXP4,1.755835e-07
RBFA,1.7557814e-07
ZMYM4,1.7557122e-07
PNMA2,1.755044e-07
CXXC4,1.7547696e-07
EIF1AD,1.7544029e-07
ZNF695,1.7534701e-07
SNX1,1.7534136e-07
FKBP10,1.7532533e-07
YIPF3,1.7532489e-07
MTG2,1.7525856e-07
RNF169,1.752481e-07
ROMO1,1.7517588e-07
C1orf109,1.7515792e-07
SGSM3,1.7496346e-07
PTPRG,1.7495601e-07
TIGD7,1.7488283e-07
ZFAND3,1.7482787e-07
LRRC28,1.747878e-07
PLCL1,1.7476947e-07
PACRGL,1.7462897e-07
AGAP3,1.745702e-07
ITPRID2,1.7448188e-07
CHIC2,1.7439648e-07
ZNF512,1.7433284e-07
TENT2,1.7425052e-07
N4BP2,1.7418664e-07
MITD1,1.7417452e-07
TMEM218,1.7408328e-07
ILRUN,1.740634e-07
KIAA0895,1.7403748e-07
TRIM44,1.7403032e-07
TSPAN11,1.7382393e-07
VPS8,1.7379865e-07
TMEM209,1.7379823e-07
HIST1H2BN,1.7378596e-07
PLCL2,1.7375709e-07
C5orf51,1.737189e-07
RCN3,1.7362814e-07
WRNIP1,1.7345785e-07
SLC30A6,1.7333439e-07
NUFIP2,1.7322958e-07
ARRDC1,1.7316546e-07
MAP7D1,1.7309735e-07
TMEM17,1.7303283e-07
FUBP1,1.7281472e-07
RAVER1,1.7281447e-07
GASK1A,1.728096e-07
FAM219B,1.7276032e-07
MXRA7,1.7271509e-07
LARS,1.7266215e-07
ZBTB12,1.7264543e-07
YIPF2,1.726281e-07
JTB,1.7260646e-07
UHRF1BP1,1.7259542e-07
C19orf47,1.7253824e-07
GLRX2,1.7253288e-07
RELCH,1.7231042e-07
INKA2,1.7209939e-07
AFTPH,1.72001e-07
TSC22D4,1.7194834e-07
MARCH7,1.7192615e-07
NVL,1.7191493e-07
EIPR1,1.7190227e-07
RSPRY1,1.7186174e-07
YARS,1.7164068e-07
EFR3A,1.7142376e-07
TBCCD1,1.7136027e-07
PHF14,1.713317e-07
BCAS3,1.7131735e-07
ZNF623,1.712633e-07
NME9,1.7120385e-07
C12orf65,1.7117742e-07
NFX1,1.7117621e-07
MXD1,1.7117374e-07
ZNF397,1.7111908e-07
RABAC1,1.7110959e-07
SELENOO,1.7110673e-07
ZNF829,1.7079753e-07
ARL5B,1.7079097e-07
NAA25,1.7063307e-07
DPY19L3,1.7051929e-07
FHOD3,1.7034694e-07
LARP7,1.7025309e-07
HERPUD2,1.7021195e-07
ANKRD6,1.7012957e-07
TMEM175,1.7009165e-07
TXNDC12,1.7006339e-07
CCDC93,1.70014e-07
ATF7,1.699995e-07
TEPSIN,1.6998726e-07
XXYLT1,1.6996077e-07
RITA1,1.699207e-07
OGA,1.6986259e-07
LAPTM4A,1.6968652e-07
PCDHB14,1.6946055e-07
CELF1,1.6944635e-07
WARS,1.6942593e-07
PAXX,1.6940874e-07
NKAIN1,1.6936451e-07
TSPYL4,1.693543e-07
DDX27,1.6932121e-07
ATAD2B,1.6923433e-07
TIPRL,1.6914365e-07
ERGIC1,1.6909546e-07
PCIF1,1.6906158e-07
CTDSPL2,1.6901463e-07
USP32,1.689759e-07
C18orf54,1.6858154e-07
ARNTL2,1.6851168e-07
TRMT2A,1.6848831e-07
CLASRP,1.6842242e-07
CCM2,1.6827312e-07
TMEM91,1.6822776e-07
CLEC16A,1.6822035e-07
SLC25A38,1.6821899e-07
ZCCHC3,1.6805652e-07
BCL2L2,1.680373e-07
AKIRIN2,1.679979e-07
ABCF3,1.6798704e-07
TATDN1,1.6796805e-07
CMTM4,1.6793086e-07
RAPH1,1.678584e-07
KLHL15,1.6770608e-07
R3HDM1,1.6763937e-07
ZPBP,1.6760546e-07
DCLK2,1.675589e-07
SGSM2,1.6745683e-07
RNF112,1.6739313e-07
HMCES,1.6727485e-07
ANKRD46,1.6726287e-07
RRP15,1.6721195e-07
VEZT,1.6719957e-07
ZNF345,1.6717316e-07
SHF,1.6708587e-07
NOVA1,1.6707337e-07
CDAN1,1.6707182e-07
RAD54B,1.6694725e-07
TBRG1,1.6690818e-07
BRI3BP,1.6690761e-07
ZFHX2,1.6670599e-07
NFAT5,1.6668731e-07
PTPRM,1.6666372e-07
C6orf62,1.6655046e-07
NUDT9,1.6649884e-07
CAMTA2,1.6643324e-07
CCDC84,1.6643077e-07
TMEM50A,1.6641513e-07
TMEM263,1.664116e-07
PNKD,1.6632076e-07
DBR1,1.6630501e-07
SMIM26,1.6630189e-07
GIGYF1,1.6629906e-07
THAP4,1.6616437e-07
ZCCHC18,1.6615287e-07
CAMK1D,1.6614841e-07
AKIP1,1.6612776e-07
GSTCD,1.6602887e-07
PCDHB3,1.6594198e-07
UMAD1,1.6586701e-07
SLC37A3,1.6576233e-07
ATRN,1.6567367e-07
C11orf24,1.6565376e-07
CSDE1,1.6565279e-07
PRRC1,1.6564746e-07
SNX12,1.6560627e-07
DTWD1,1.6544622e-07
ZBTB1,1.654363e-07
RIC3,1.6542052e-07
VXN,1.6541998e-07
PCDHB10,1.6536696e-07
WDR83OS,1.6524163e-07
NUMBL,1.6516219e-07
GOLPH3,1.6508243e-07
MFSD14A,1.6479417e-07
MICAL3,1.6469727e-07
ETAA1,1.6467386e-07
TRAFD1,1.6467257e-07
C12orf10,1.6459795e-07
CSE1L,1.6459477e-07
THYN1,1.645392e-07
RMND1,1.6453893e-07
PRRC2B,1.6449803e-07
RFXANK,1.6445429e-07
URB1,1.6436725e-07
C16orf91,1.6433852e-07
TSKU,1.64261e-07
RIBC1,1.6425803e-07
APBB3,1.6415491e-07
ATXN10,1.641145e-07
SPIN1,1.6406835e-07
LRRC4,1.6388319e-07
TMX1,1.6371987e-07
PRADC1,1.6363416e-07
BORCS8,1.6362274e-07
NAP1L4,1.6360154e-07
RANBP3,1.6354686e-07
WASHC4,1.634729e-07
KIAA1143,1.6345e-07
UBTD2,1.634179e-07
KHDC4,1.6320881e-07
MTSS1,1.6320563e-07
GATAD1,1.6314317e-07
FRMD4A,1.6308388e-07
LMBR1L,1.6288236e-07
TSHZ1,1.6287032e-07
RFWD3,1.6267562e-07
TMEM59L,1.6267363e-07
HEMK1,1.6250334e-07
DENND11,1.6243563e-07
TMEM65,1.623841e-07
B3GNT10,1.6234314e-07
XBP1,1.6230793e-07
SRRD,1.6229306e-07
KIAA0100,1.6227699e-07
CAND2,1.6220338e-07
FAM168A,1.6214189e-07
CCDC50,1.6209596e-07
GUF1,1.620429e-07
CTIF,1.6198082e-07
SYBU,1.6193562e-07
NOL4,1.6191099e-07
KIAA0319L,1.6183641e-07
CARHSP1,1.6173564e-07
DNTTIP2,1.6170235e-07
TOR3A,1.615785e-07
PRR14L,1.6156775e-07
PABPC4,1.6154259e-07
GSR,1.6148137e-07
RTL8C,1.6144425e-07
ANKRD42,1.6143636e-07
CCDC71,1.6129756e-07
TRMT1L,1.6127449e-07
ELOF1,1.6122344e-07
BRMS1L,1.6121446e-07
MPLKIP,1.61204e-07
SEPHS1,1.6118545e-07
MLC1,1.6112196e-07
CEP95,1.6100088e-07
NOL7,1.6096035e-07
XPO6,1.6090367e-07
RPAP1,1.6074341e-07
TMUB2,1.607367e-07
MARCH1,1.6065393e-07
SPG11,1.6046287e-07
WDPCP,1.6039168e-07
RMDN3,1.6036272e-07
MYT1,1.6035844e-07
SINHCAF,1.6032841e-07
AKIRIN1,1.6030131e-07
OXSR1,1.6027626e-07
ZER1,1.6024232e-07
GFOD2,1.6021342e-07
SSH1,1.6006415e-07
UBAP2L,1.5989248e-07
SPART,1.5987796e-07
ZNF841,1.5985577e-07
ITGB1BP1,1.5985334e-07
ANKRD54,1.5974584e-07
XKR6,1.5974184e-07
ZGPAT,1.5971823e-07
JMJD8,1.5962608e-07
CELF3,1.5954947e-07
TSTA3,1.594207e-07
ZNF444,1.5941555e-07
GON4L,1.5937911e-07
TPRA1,1.5932672e-07
CRELD1,1.592495e-07
WIZ,1.5921844e-07
INKA1,1.5918398e-07
SLC35B1,1.5918002e-07
TBC1D23,1.589079e-07
PALM,1.5885048e-07
SAFB2,1.588338e-07
SH3GLB1,1.5861565e-07
CFAP410,1.5856101e-07
GTPBP6,1.5850009e-07
ZNF32,1.5837519e-07
NAA60,1.582427e-07
LCOR,1.582357e-07
ATMIN,1.5816653e-07
ENDOV,1.5815414e-07
GLCCI1,1.5803242e-07
ADPRHL2,1.5800786e-07
SUGP2,1.579844e-07
C11orf54,1.5797912e-07
ODR4,1.5796722e-07
ZZEF1,1.5763551e-07
MACF1,1.5761341e-07
SLF2,1.5761073e-07
RPAP3,1.5749451e-07
PAQR6,1.574588e-07
NTPCR,1.5733335e-07
ASNSD1,1.5730286e-07
CGGBP1,1.5698045e-07
CDC42SE1,1.5693057e-07
HNRNPLL,1.5692196e-07
G2E3,1.5670486e-07
ZNF507,1.5660738e-07
NOC3L,1.5617398e-07
ZNF587B,1.5609024e-07
MIER1,1.5584709e-07
OGFOD2,1.5570916e-07
ZFYVE9,1.5570417e-07
TCAIM,1.5568789e-07
TMEM182,1.5562424e-07
TSPAN13,1.5552779e-07
CCSAP,1.5536197e-07
ZSWIM7,1.5533334e-07
C2orf49,1.5532889e-07
CEP350,1.550916e-07
CDCA7L,1.5479313e-07
NOL3,1.5456025e-07
ARGLU1,1.54425e-07
AHSA1,1.5441208e-07
FAM122C,1.543588e-07
WDSUB1,1.5434709e-07
TMEM198,1.5410494e-07
MLF2,1.5381526e-07
MARK2,1.5373011e-07
PYM1,1.5358398e-07
ELAVL4,1.5352332e-07
ZNF146,1.5312276e-07
BCL2L13,1.5299642e-07
KLHL18,1.5290107e-07
NKAPD1,1.5288428e-07
JPT2,1.5287723e-07
FBXL6,1.5283318e-07
C19orf53,1.5258132e-07
EI24,1.5250508e-07
ABHD16A,1.5242459e-07
IGSF21,1.52413e-07
AC092835.1,1.5238446e-07
RIPOR1,1.5205767e-07
TM9SF1,1.5205245e-07
PRMT2,1.5198593e-07
ANKRD7,1.5195415e-07
FAM193B,1.5181602e-07
GTPBP4,1.5171757e-07
TM2D1,1.517066e-07
SETX,1.5169492e-07
ARFIP1,1.516892e-07
ZFP82,1.5166984e-07
NARS,1.516364e-07
TEFM,1.5162583e-07
TMEM8A,1.5161335e-07
TMX2,1.5161078e-07
TMEM161B,1.5155489e-07
TMEM141,1.5152513e-07
RHBDD2,1.5129963e-07
TOX4,1.5120428e-07
TBC1D2B,1.5112411e-07
HAGH,1.5102037e-07
PRPF38B,1.5091308e-07
TXNDC15,1.508889e-07
ANKIB1,1.5074717e-07
SCAMP5,1.5068893e-07
EID2,1.5064965e-07
GARS,1.5063375e-07
ZMYM5,1.5060263e-07
PDLIM2,1.5054181e-07
NSG1,1.5036429e-07
TCP11L1,1.5027173e-07
ABHD11,1.5004673e-07
CTTNBP2NL,1.4996841e-07
GAL3ST4,1.4972926e-07
NHSL1,1.4967041e-07
TFCP2,1.495537e-07
ERH,1.4945749e-07
ZFR,1.4945313e-07
TM2D2,1.4903e-07
BCCIP,1.4899322e-07
ENHO,1.4881626e-07
CEP170,1.4877467e-07
ACVR1,1.4877301e-07
FAM192A,1.487618e-07
PURG,1.485278e-07
C7orf50,1.4844603e-07
C14orf119,1.4841818e-07
PREPL,1.4823947e-07
DUT,1.4808458e-07
MFAP3L,1.4800216e-07
SNX30,1.4784945e-07
S100PBP,1.475276e-07
C3orf38,1.4750205e-07
IPO11,1.4713532e-07
ZNF654,1.47045e-07
SNX27,1.4675373e-07
RNF180,1.4673968e-07
ZBTB21,1.4655015e-07
EWSR1,1.4642701e-07
SELENOT,1.4642458e-07
TMEM256,1.4636593e-07
SPATA20,1.46334e-07
KCTD20,1.4629528e-07
ATL1,1.462817e-07
IAH1,1.460716e-07
NUP98,1.4584491e-07
SCAF8,1.4579587e-07
ZNF329,1.457358e-07
CUEDC2,1.4565761e-07
NUTF2,1.4562718e-07
MRNIP,1.4548115e-07
FAM98B,1.4546919e-07
CEBPZOS,1.4539857e-07
DIDO1,1.4531258e-07
TOR1AIP2,1.4518437e-07
AARSD1,1.4514794e-07
DIPK1B,1.4504964e-07
NARF,1.4491884e-07
MAP3K2,1.441595e-07
C7orf26,1.4381844e-07
ANP32E,1.4372971e-07
MBNL1,1.4365695e-07
GABPB2,1.4365615e-07
MEA1,1.4364701e-07
METTL7A,1.4359331e-07
C1orf131,1.4356533e-07
CTDSP1,1.4353776e-07
PPP2R3C,1.4353355e-07
KLHDC2,1.4347593e-07
PTBP3,1.4332589e-07
GNL3L,1.4312714e-07
UBL3,1.4312306e-07
DEDD,1.4260446e-07
EMC7,1.4244934e-07
ZHX3,1.4194471e-07
SHISA4,1.4194067e-07
TMEM127,1.4168629e-07
SNRK,1.4158485e-07
XPO7,1.4143852e-07
RNF10,1.4116122e-07
STK25,1.4102487e-07
NAA20,1.4074794e-07
RBBP9,1.4065212e-07
SUSD1,1.4032544e-07
NONO,1.4027887e-07
VPS13A,1.4021046e-07
ARL14EP,1.3943352e-07
METTL17,1.3940773e-07
GPR173,1.3921645e-07
NUCB2,1.391155e-07
WDR44,1.3874914e-07
EMC10,1.3816953e-07
TRIR,1.3801231e-07
C1orf112,1.3797118e-07
CNRIP1,1.3789315e-07
SPIRE1,1.3734955e-07
SMAP1,1.3653236e-07
IGDCC4,1.3594745e-07
PGAM5,1.3547633e-07
NCOA4,1.3540124e-07
CEBPZ,1.3536514e-07
SPNS1,1.3525899e-07
WDR55,1.3505922e-07
MTCH1,1.348067e-07
GTPBP10,1.3480664e-07
REEP2,1.3478308e-07
SEZ6L,1.3420666e-07
PPP2R3A,1.3409193e-07
KNSTRN,1.3364942e-07
ANKRD17,1.3355391e-07
DUSP12,1.3332463e-07
CRB1,1.331493e-07
GPBP1,1.3306897e-07
RASSF3,1.3291093e-07
MTURN,1.329057e-07
UBXN6,1.3274864e-07
PRPSAP2,1.327113e-07
SELENOF,1.3220227e-07
LUC7L,1.3179134e-07
ZNF24,1.3169371e-07
CREB1,1.3156381e-07
MPHOSPH9,1.3154987e-07
NUB1,1.3145545e-07
C2orf76,1.3139865e-07
SPECC1L,1.3118283e-07
NAA10,1.3099987e-07
METTL5,1.300442e-07
TBPL1,1.2994337e-07
NYAP1,1.2959455e-07
UFC1,1.2950824e-07
MAK16,1.2909769e-07
GIGYF2,1.2764744e-07
ZBTB48,1.2762912e-07
SH3BGRL3,1.2712769e-07
TMEM101,1.2702323e-07
SLC38A10,1.2676658e-07
CYP20A1,1.2559286e-07
RLF,1.2551818e-07
SLX4IP,1.2519962e-07
CZIB,1.2509271e-07
MAP4,1.2449573e-07
SLC48A1,1.2349464e-07
PTAR1,1.2301986e-07
NCAM2,1.2287963e-07
SACS,1.225536e-07
TMED4,1.2160386e-07
PAIP2,1.212729e-07
ETV3,1.20882e-07
AARS,1.2008748e-07
SCARA3,1.1885123e-07
RUFY3,1.1870367e-07
PURB,1.1822588e-07
TDRD7,1.1716603e-07
LNPK,1.15819795e-07
SLTM,1.1567137e-07
NRSN2,1.1563068e-07
CCDC159,1.1397009e-07
MANEAL,1.1324359e-07
RPP25L,1.12903834e-07
ZNF121,1.1265627e-07
METTL26,1.1257873e-07
FAM177A1,1.11474165e-07
SELENOK,1.1120113e-07
CDK20,1.1046751e-07
DTD1,1.0851526e-07
VGLL4,1.0824588e-07
TMEM248,1.066331e-07
ECI2,1.06169296e-07
ZBTB41,9.859382e-08
TMEM50B,9.221689e-08
