gene,importance,rank,stream
ZNF664,0.0019547564,1,pathway_binn
CCNC,0.001375721,2,pathway_binn
ZNF711,0.0013739631,3,pathway_binn
MED4,0.0012812432,4,pathway_binn
ZNF436,0.0011721733,5,pathway_binn
ZNF559,0.0011344621,6,pathway_binn
ZNF75A,0.0010743501,7,pathway_binn
ZNF25,0.001066946,8,pathway_binn
ZNF655,0.00097571866,9,pathway_binn
ZNF562,0.0009557346,10,pathway_binn
MED20,0.0009377476,11,pathway_binn
ZNF300,0.00088723836,12,pathway_binn
MED14,0.00087454956,13,pathway_binn
ZNF33A,0.00078669935,14,pathway_binn
ZNF268,0.00077886606,15,pathway_binn
ACTG1,0.000732059,16,pathway_binn
ZNF676,0.0007200722,17,pathway_binn
ZNF793,0.0007062138,18,pathway_binn
ZNF254,0.00062443974,19,pathway_binn
NBEA,0.000620056,20,pathway_binn
ZNF445,0.00054193294,21,pathway_binn
ZNF138,0.00052539515,22,pathway_binn
ZFP1,0.0005223535,23,pathway_binn
ZNF70,0.0005193153,24,pathway_binn
ZNF263,0.00051513896,25,pathway_binn
ZNF492,0.0005108924,26,pathway_binn
CDH2,0.00049446034,27,pathway_binn
MED16,0.00049246475,28,pathway_binn
ZNF561,0.0004913862,29,pathway_binn
ZNF184,0.00045978298,30,pathway_binn
ZNF586,0.00045447843,31,pathway_binn
ZNF620,0.00043118067,32,pathway_binn
ZNF317,0.00042282464,33,pathway_binn
ZSCAN25,0.00038805715,34,pathway_binn
ZFP28,0.00038772335,35,pathway_binn
ZNF257,0.000384476,36,pathway_binn
ZNF33B,0.0003803543,37,pathway_binn
ZNF333,0.0003741409,38,pathway_binn
ZNF772,0.00037245316,39,pathway_binn
ZNF510,0.00035714035,40,pathway_binn
ZNF195,0.00035651418,41,pathway_binn
ZNF43,0.00035094118,42,pathway_binn
ZNF197,0.00034716935,43,pathway_binn
ZNF248,0.00033591062,44,pathway_binn
ZNF568,0.00033296706,45,pathway_binn
ZNF626,0.000332587,46,pathway_binn
ZNF483,0.00033223143,47,pathway_binn
ZFP30,0.00032354365,48,pathway_binn
ZNF713,0.00032109095,49,pathway_binn
CD14,0.00031765495,50,pathway_binn
ZNF180,0.0003079559,51,pathway_binn
ZNF621,0.00030583836,52,pathway_binn
CTNNA1,0.00030281048,53,pathway_binn
ZNF398,0.00029393056,54,pathway_binn
ZNF205,0.0002929016,55,pathway_binn
ZNF689,0.00028955814,56,pathway_binn
MED8,0.00028779512,57,pathway_binn
MED30,0.00028662145,58,pathway_binn
TICAM1,0.0002841475,59,pathway_binn
ZNF660,0.0002831053,60,pathway_binn
ZNF493,0.0002814604,61,pathway_binn
MED1,0.00028046,62,pathway_binn
ZNF302,0.00028041023,63,pathway_binn
ZNF697,0.00027768247,64,pathway_binn
ZNF354C,0.00026389892,65,pathway_binn
ZNF570,0.000263366,66,pathway_binn
ZNF544,0.00026083266,67,pathway_binn
ZNF708,0.00025628743,68,pathway_binn
ZNF717,0.00025627777,69,pathway_binn
ZNF730,0.00025291616,70,pathway_binn
ZNF557,0.00025104752,71,pathway_binn
ZNF681,0.0002498225,72,pathway_binn
ZNF441,0.00024844927,73,pathway_binn
TLR4,0.00024754967,74,pathway_binn
ZNF782,0.0002473812,75,pathway_binn
MED13,0.00024586305,76,pathway_binn
ZFP90,0.00024345868,77,pathway_binn
ZNF175,0.00023945652,78,pathway_binn
ZNF677,0.00023777645,79,pathway_binn
ZNF331,0.00023486809,80,pathway_binn
ZNF605,0.00022868052,81,pathway_binn
ZNF606,0.00022498365,82,pathway_binn
ZNF625,0.00021985947,83,pathway_binn
ZNF569,0.00021740221,84,pathway_binn
ZNF627,0.00021624147,85,pathway_binn
ZNF724,0.00021446407,86,pathway_binn
ZNF124,0.00020950731,87,pathway_binn
ZNF709,0.0002091032,88,pathway_binn
ZNF234,0.00020484552,89,pathway_binn
GLRA1,0.00020214151,90,pathway_binn
ZNF426,0.00020000372,91,pathway_binn
MED7,0.00019189101,92,pathway_binn
ZNF500,0.00019019611,93,pathway_binn
ZNF17,0.00018723584,94,pathway_binn
ZNF540,0.00018176365,95,pathway_binn
LY96,0.0001786977,96,pathway_binn
ZNF41,0.00017842022,97,pathway_binn
ZKSCAN8,0.00017790102,98,pathway_binn
ZNF34,0.00017750815,99,pathway_binn
ZNF74,0.00017561695,100,pathway_binn
ZNF548,0.00017204648,101,pathway_binn
ZNF212,0.00017156778,102,pathway_binn
ZNF585B,0.00016939943,103,pathway_binn
ZNF496,0.00016846335,104,pathway_binn
ZNF256,0.0001665295,105,pathway_binn
MED17,0.00016556596,106,pathway_binn
ZNF250,0.00016370669,107,pathway_binn
ZNF554,0.00016360592,108,pathway_binn
ZNF226,0.00016069827,109,pathway_binn
ZNF224,0.00015755129,110,pathway_binn
ZNF14,0.00015744775,111,pathway_binn
ZNF266,0.00015730271,112,pathway_binn
ZNF200,0.00015565424,113,pathway_binn
ZNF671,0.00015288469,114,pathway_binn
MED26,0.00015265227,115,pathway_binn
ZNF619,0.00014999534,116,pathway_binn
ZNF136,0.00014756208,117,pathway_binn
ZNF550,0.0001447635,118,pathway_binn
ZNF480,0.0001391243,119,pathway_binn
ZNF26,0.00013612112,120,pathway_binn
ZNF23,0.0001340457,121,pathway_binn
ZNF584,0.00013367842,122,pathway_binn
ZNF799,0.00013336357,123,pathway_binn
ZNF484,0.00012912149,124,pathway_binn
ZNF614,0.00012898509,125,pathway_binn
ZNF92,0.00012872482,126,pathway_binn
ZNF549,0.00012725167,127,pathway_binn
MED15,0.00012539019,128,pathway_binn
ZNF777,0.00012537956,129,pathway_binn
ZNF285,0.00012523349,130,pathway_binn
ZSCAN32,0.00012490652,131,pathway_binn
ZNF786,0.00012468513,132,pathway_binn
ZNF383,0.00012379665,133,pathway_binn
ZNF514,0.00012379138,134,pathway_binn
ZNF565,0.00012214227,135,pathway_binn
ZNF558,0.000119046665,136,pathway_binn
ZNF778,0.00011877033,137,pathway_binn
TRIM28,0.00011851473,138,pathway_binn
ZNF343,0.00011835855,139,pathway_binn
ZNF688,0.00011780481,140,pathway_binn
ZNF486,0.00011772821,141,pathway_binn
ZNF101,0.0001170139,142,pathway_binn
ZNF354A,0.000115712086,143,pathway_binn
ZNF460,0.000115692215,144,pathway_binn
ZNF610,0.000114749426,145,pathway_binn
ZNF669,0.000113580325,146,pathway_binn
MED27,0.00011180509,147,pathway_binn
MED12,0.00010786136,148,pathway_binn
ZNF282,0.00010631298,149,pathway_binn
MED6,0.000105641295,150,pathway_binn
ZNF552,0.00010347376,151,pathway_binn
ZNF253,0.00010305946,152,pathway_binn
ZNF45,0.00010160369,153,pathway_binn
ZNF18,0.00010039248,154,pathway_binn
ZNF311,0.000100145124,155,pathway_binn
MED24,9.9790166e-05,156,pathway_binn
ZNF680,9.9659526e-05,157,pathway_binn
ZNF785,9.911336e-05,158,pathway_binn
ZNF169,9.908525e-05,159,pathway_binn
ZNF519,9.894607e-05,160,pathway_binn
ZKSCAN5,9.825567e-05,161,pathway_binn
ZNF740,9.788394e-05,162,pathway_binn
ZNF595,9.7552074e-05,163,pathway_binn
ZNF668,9.6904325e-05,164,pathway_binn
ZNF202,9.669578e-05,165,pathway_binn
ZNF112,9.663279e-05,166,pathway_binn
ZNF597,9.660696e-05,167,pathway_binn
MED23,9.574359e-05,168,pathway_binn
ZNF790,9.556273e-05,169,pathway_binn
ZNF382,9.541312e-05,170,pathway_binn
ZNF222,9.3679366e-05,171,pathway_binn
ZNF776,9.006614e-05,172,pathway_binn
IGHM,2.225652e-06,1,dense_mlp
IGHG1,1.9395861e-06,2,dense_mlp
IGKC,1.731036e-06,3,dense_mlp
CCL18,1.671213e-06,4,dense_mlp
PAGE2,1.1511594e-06,5,dense_mlp
FOXI2,9.557614e-07,6,dense_mlp
ANP32D,9.4781996e-07,7,dense_mlp
SPATA31A7,9.4539666e-07,8,dense_mlp
STC1,9.3825e-07,9,dense_mlp
TBC1D21,9.1705243e-07,10,dense_mlp
SAGE1,9.016632e-07,11,dense_mlp
MYH4,8.6085475e-07,12,dense_mlp
TOMM20L,8.601348e-07,13,dense_mlp
IQCF6,8.4647826e-07,14,dense_mlp
MYPN,8.3285136e-07,15,dense_mlp
SOSTDC1,7.982631e-07,16,dense_mlp
PRAMEF4,7.850291e-07,17,dense_mlp
TBR1,7.574274e-07,18,dense_mlp
NUTM2E,7.573749e-07,19,dense_mlp
AL772284.2,7.5367956e-07,20,dense_mlp
DPT,7.4779774e-07,21,dense_mlp
POSTN,7.475771e-07,22,dense_mlp
DNAH5,7.36684e-07,23,dense_mlp
PRAMEF19,7.2834945e-07,24,dense_mlp
PNMA6E,7.271811e-07,25,dense_mlp
FKBP1C,7.25291e-07,26,dense_mlp
CLEC17A,7.214781e-07,27,dense_mlp
ZDHHC19,7.089546e-07,28,dense_mlp
XAGE2,6.9610593e-07,29,dense_mlp
EPS8L1,6.8581903e-07,30,dense_mlp
CXorf65,6.810543e-07,31,dense_mlp
CCDC42,6.7689234e-07,32,dense_mlp
TMEM210,6.751595e-07,33,dense_mlp
TCP11X1,6.6811884e-07,34,dense_mlp
KCTD19,6.568282e-07,35,dense_mlp
MAGEB6B,6.445768e-07,36,dense_mlp
LCN9,6.4265095e-07,37,dense_mlp
TRIM49B,6.408683e-07,38,dense_mlp
RGPD3,6.354901e-07,39,dense_mlp
VIT,6.303484e-07,40,dense_mlp
FCRL4,6.2366473e-07,41,dense_mlp
FAM216B,6.2092533e-07,42,dense_mlp
TEX11,6.1954023e-07,43,dense_mlp
MYO1H,6.126372e-07,44,dense_mlp
USP29,6.0770935e-07,45,dense_mlp
FAM90A26,6.052632e-07,46,dense_mlp
TPD52L3,6.036708e-07,47,dense_mlp
ACTL7A,6.001326e-07,48,dense_mlp
MGAT4D,5.983369e-07,49,dense_mlp
BHLHA9,5.949863e-07,50,dense_mlp
RASSF6,5.9407716e-07,51,dense_mlp
CCL8,5.9277806e-07,52,dense_mlp
WDR64,5.916702e-07,53,dense_mlp
MBD3L2B,5.887319e-07,54,dense_mlp
PZP,5.8695184e-07,55,dense_mlp
ECEL1,5.8595464e-07,56,dense_mlp
GOLGA6L7,5.7816806e-07,57,dense_mlp
SPANXN5,5.7749793e-07,58,dense_mlp
POU6F2,5.769682e-07,59,dense_mlp
ANKRD60,5.754185e-07,60,dense_mlp
EPHX3,5.740776e-07,61,dense_mlp
TTC22,5.7346045e-07,62,dense_mlp
LRRN4,5.686297e-07,63,dense_mlp
DEFB112,5.668517e-07,64,dense_mlp
FERD3L,5.6107524e-07,65,dense_mlp
TSBP1,5.610409e-07,66,dense_mlp
CPHXL,5.5921777e-07,67,dense_mlp
UBE2L5,5.590046e-07,68,dense_mlp
EDDM3B,5.5890496e-07,69,dense_mlp
PIWIL3,5.5752975e-07,70,dense_mlp
SPACA7,5.558524e-07,71,dense_mlp
PATL2,5.5249365e-07,72,dense_mlp
VCX2,5.519859e-07,73,dense_mlp
NUTM1,5.5158523e-07,74,dense_mlp
TPSD1,5.511331e-07,75,dense_mlp
NLRP13,5.506523e-07,76,dense_mlp
ADAM7,5.4935765e-07,77,dense_mlp
BARHL2,5.487203e-07,78,dense_mlp
TAFA1,5.4738223e-07,79,dense_mlp
DMRTB1,5.473234e-07,80,dense_mlp
POM121L2,5.427998e-07,81,dense_mlp
C13orf42,5.4165776e-07,82,dense_mlp
XAGE5,5.395456e-07,83,dense_mlp
RS1,5.3886765e-07,84,dense_mlp
NHLH2,5.371798e-07,85,dense_mlp
ERVFRD-1,5.3669953e-07,86,dense_mlp
EVX1,5.3563315e-07,87,dense_mlp
SMOC2,5.343542e-07,88,dense_mlp
NUPR2,5.3167446e-07,89,dense_mlp
RBMXL2,5.296349e-07,90,dense_mlp
NLRP8,5.2636193e-07,91,dense_mlp
TTLL8,5.2533505e-07,92,dense_mlp
GLRA4,5.242078e-07,93,dense_mlp
SHOX,5.1955874e-07,94,dense_mlp
SLC36A3,5.1926963e-07,95,dense_mlp
BPIFA3,5.182153e-07,96,dense_mlp
COLCA2,5.1728495e-07,97,dense_mlp
KIAA1257,5.1516247e-07,98,dense_mlp
ERVV-1,5.1419414e-07,99,dense_mlp
RPRML,5.131516e-07,100,dense_mlp
C15orf62,5.128678e-07,101,dense_mlp
RASEF,5.1211987e-07,102,dense_mlp
LMOD2,5.1017514e-07,103,dense_mlp
RNF39,5.0969635e-07,104,dense_mlp
CDR1,5.091119e-07,105,dense_mlp
LBX1,5.0767215e-07,106,dense_mlp
TSGA13,5.0759814e-07,107,dense_mlp
C4orf17,5.0732507e-07,108,dense_mlp
GMCL2,5.058924e-07,109,dense_mlp
CDX4,5.037697e-07,110,dense_mlp
SP5,5.025901e-07,111,dense_mlp
CPA5,5.022445e-07,112,dense_mlp
C5orf67,5.0100414e-07,113,dense_mlp
FAM162B,4.995505e-07,114,dense_mlp
SPIB,4.9922204e-07,115,dense_mlp
PLEKHD1,4.97035e-07,116,dense_mlp
C11orf40,4.969457e-07,117,dense_mlp
OTOP2,4.962908e-07,118,dense_mlp
HOXA7,4.9589556e-07,119,dense_mlp
FOXD4L6,4.9177527e-07,120,dense_mlp
MAGEA11,4.906916e-07,121,dense_mlp
GIPC3,4.894169e-07,122,dense_mlp
ANKRD40CL,4.8764235e-07,123,dense_mlp
FHAD1,4.841325e-07,124,dense_mlp
PATE3,4.829885e-07,125,dense_mlp
GLT1D1,4.826562e-07,126,dense_mlp
ADGB,4.822675e-07,127,dense_mlp
CELA2B,4.8204345e-07,128,dense_mlp
SPINT4,4.8148087e-07,129,dense_mlp
AC010325.1,4.80849e-07,130,dense_mlp
TERB2,4.802738e-07,131,dense_mlp
PRB4,4.799991e-07,132,dense_mlp
SPRR4,4.773421e-07,133,dense_mlp
RIMBP3B,4.7629615e-07,134,dense_mlp
ART5,4.7569208e-07,135,dense_mlp
GALP,4.7490957e-07,136,dense_mlp
TRIM55,4.7359583e-07,137,dense_mlp
SERPINA12,4.731368e-07,138,dense_mlp
RESP18,4.713839e-07,139,dense_mlp
WFIKKN2,4.70824e-07,140,dense_mlp
IFNE,4.6615844e-07,141,dense_mlp
EPYC,4.6585637e-07,142,dense_mlp
CCDC155,4.6349393e-07,143,dense_mlp
AL845331.2,4.6329308e-07,144,dense_mlp
PRSS37,4.6207768e-07,145,dense_mlp
MAK,4.6124964e-07,146,dense_mlp
EXOC3L4,4.6093552e-07,147,dense_mlp
OLIG3,4.607659e-07,148,dense_mlp
DEFB131B,4.6061254e-07,149,dense_mlp
SPAG4,4.5998965e-07,150,dense_mlp
PRAC2,4.5657518e-07,151,dense_mlp
CFAP43,4.5610724e-07,152,dense_mlp
TCERG1L,4.5578008e-07,153,dense_mlp
MAB21L2,4.551858e-07,154,dense_mlp
TMPRSS4,4.5450022e-07,155,dense_mlp
FAM110C,4.528316e-07,156,dense_mlp
TMEM30B,4.5276732e-07,157,dense_mlp
CTCFL,4.5262354e-07,158,dense_mlp
CCDC83,4.519681e-07,159,dense_mlp
RHEX,4.5188793e-07,160,dense_mlp
PRSS51,4.5183998e-07,161,dense_mlp
AP000552.4,4.5025305e-07,162,dense_mlp
RTL4,4.4954183e-07,163,dense_mlp
GABRP,4.4950912e-07,164,dense_mlp
C10orf120,4.4890805e-07,165,dense_mlp
EQTN,4.4863054e-07,166,dense_mlp
GDPD4,4.47496e-07,167,dense_mlp
AKAP14,4.469814e-07,168,dense_mlp
C9orf57,4.4591314e-07,169,dense_mlp
LAD1,4.4522022e-07,170,dense_mlp
CNTD1,4.4114793e-07,171,dense_mlp
ARMC3,4.4013032e-07,172,dense_mlp
MS4A12,4.3891112e-07,173,dense_mlp
NLRP14,4.380879e-07,174,dense_mlp
C19orf85,4.376496e-07,175,dense_mlp
CFAP45,4.363419e-07,176,dense_mlp
FRAS1,4.3617143e-07,177,dense_mlp
FAM71C,4.361634e-07,178,dense_mlp
CLEC1A,4.3611652e-07,179,dense_mlp
FAM24A,4.3610103e-07,180,dense_mlp
FRMPD1,4.3601315e-07,181,dense_mlp
OR52B4,4.3552842e-07,182,dense_mlp
KHDC3L,4.352859e-07,183,dense_mlp
CYLC1,4.348088e-07,184,dense_mlp
RLN1,4.339849e-07,185,dense_mlp
C1orf100,4.339401e-07,186,dense_mlp
MYO18B,4.322154e-07,187,dense_mlp
STK31,4.3184437e-07,188,dense_mlp
SUN5,4.3147764e-07,189,dense_mlp
CRYBB3,4.312834e-07,190,dense_mlp
CRISP1,4.3063636e-07,191,dense_mlp
LRIT2,4.305436e-07,192,dense_mlp
NR0B1,4.2936017e-07,193,dense_mlp
EDDM13,4.2912598e-07,194,dense_mlp
OR8S1,4.2870164e-07,195,dense_mlp
PRB3,4.2838712e-07,196,dense_mlp
MAGEC1,4.2769588e-07,197,dense_mlp
UTF1,4.272995e-07,198,dense_mlp
SMIM21,4.2577798e-07,199,dense_mlp
SCYGR4,4.2520395e-07,200,dense_mlp
MZB1,4.247264e-07,201,dense_mlp
TRABD2B,4.2460368e-07,202,dense_mlp
EXOC3L2,4.2407814e-07,203,dense_mlp
C19orf33,4.2388467e-07,204,dense_mlp
PCP4,4.2364928e-07,205,dense_mlp
ADAM18,4.2260257e-07,206,dense_mlp
C8orf89,4.218101e-07,207,dense_mlp
HSFX4,4.2139393e-07,208,dense_mlp
LACTBL1,4.212904e-07,209,dense_mlp
PRAMEF18,4.2088564e-07,210,dense_mlp
MRLN,4.2065506e-07,211,dense_mlp
CCDC73,4.2058807e-07,212,dense_mlp
NEUROD6,4.1855853e-07,213,dense_mlp
MAGEB4,4.1845556e-07,214,dense_mlp
C4orf54,4.1702566e-07,215,dense_mlp
ANKRD66,4.1693926e-07,216,dense_mlp
KLHL40,4.159082e-07,217,dense_mlp
CSTL1,4.1586514e-07,218,dense_mlp
SLC25A52,4.1510012e-07,219,dense_mlp
FOXD2,4.150847e-07,220,dense_mlp
CCDC102A,4.14389e-07,221,dense_mlp
CALR3,4.1369648e-07,222,dense_mlp
CLECL1,4.1346206e-07,223,dense_mlp
CTNNA3,4.1248393e-07,224,dense_mlp
TRAC,4.1212186e-07,225,dense_mlp
CRYGA,4.112216e-07,226,dense_mlp
HIST3H3,4.1071453e-07,227,dense_mlp
Z82206.1,4.1055998e-07,228,dense_mlp
FCRL2,4.1020306e-07,229,dense_mlp
BOLL,4.1010907e-07,230,dense_mlp
PPP1R3A,4.0985066e-07,231,dense_mlp
GML,4.0921486e-07,232,dense_mlp
S100A7L2,4.090776e-07,233,dense_mlp
NKX1-1,4.083044e-07,234,dense_mlp
MKX,4.077684e-07,235,dense_mlp
CDRT1,4.0717921e-07,236,dense_mlp
FAT4,4.0662425e-07,237,dense_mlp
MMEL1,4.0660885e-07,238,dense_mlp
HOXB8,4.060334e-07,239,dense_mlp
MGP,4.0602478e-07,240,dense_mlp
FAM178B,4.0542116e-07,241,dense_mlp
RBM24,4.0522212e-07,242,dense_mlp
HDGFL1,4.0369144e-07,243,dense_mlp
IQCF5,4.030473e-07,244,dense_mlp
GKN2,4.0226092e-07,245,dense_mlp
HELT,4.0173148e-07,246,dense_mlp
C11orf94,4.0172336e-07,247,dense_mlp
CCN3,4.0152017e-07,248,dense_mlp
VIL1,4.0125923e-07,249,dense_mlp
AC004593.3,4.0100693e-07,250,dense_mlp
SMR3A,4.0058111e-07,251,dense_mlp
TCP10L2,3.9905692e-07,252,dense_mlp
ENTHD1,3.9713467e-07,253,dense_mlp
MYADML2,3.9665537e-07,254,dense_mlp
C10orf55,3.943732e-07,255,dense_mlp
UNCX,3.9321864e-07,256,dense_mlp
FOXI3,3.9258128e-07,257,dense_mlp
CCDC105,3.9229954e-07,258,dense_mlp
FMO4,3.9140772e-07,259,dense_mlp
MTUS2,3.9072341e-07,260,dense_mlp
SMPDL3B,3.905051e-07,261,dense_mlp
SNED1,3.8950085e-07,262,dense_mlp
TEX37,3.8885787e-07,263,dense_mlp
TMEM215,3.880917e-07,264,dense_mlp
FSCN3,3.8787454e-07,265,dense_mlp
PVALEF,3.8728987e-07,266,dense_mlp
PODNL1,3.8576266e-07,267,dense_mlp
REG1B,3.8571937e-07,268,dense_mlp
METTL21C,3.854908e-07,269,dense_mlp
KIR3DL3,3.851415e-07,270,dense_mlp
CCBE1,3.8449042e-07,271,dense_mlp
LENG9,3.8414848e-07,272,dense_mlp
ERICH4,3.839862e-07,273,dense_mlp
ARL5C,3.8382024e-07,274,dense_mlp
RHOXF1,3.8375583e-07,275,dense_mlp
SEMA3G,3.8373233e-07,276,dense_mlp
IGFL4,3.835985e-07,277,dense_mlp
TMCO5A,3.829306e-07,278,dense_mlp
PRAMEF11,3.8271742e-07,279,dense_mlp
SMIM9,3.8236368e-07,280,dense_mlp
ACOD1,3.8221597e-07,281,dense_mlp
RHBDL2,3.821503e-07,282,dense_mlp
TCL1A,3.8155494e-07,283,dense_mlp
SPATA1,3.815508e-07,284,dense_mlp
AC021072.1,3.8144591e-07,285,dense_mlp
C3orf52,3.8121638e-07,286,dense_mlp
LRRC74A,3.8120078e-07,287,dense_mlp
OPRPN,3.8063882e-07,288,dense_mlp
CRX,3.8016026e-07,289,dense_mlp
PPP4R3C,3.798147e-07,290,dense_mlp
TEX36,3.7932492e-07,291,dense_mlp
CYTIP,3.7916476e-07,292,dense_mlp
MPZL3,3.7847184e-07,293,dense_mlp
C12orf40,3.7837825e-07,294,dense_mlp
PLAC1,3.7835633e-07,295,dense_mlp
FOXE1,3.7819783e-07,296,dense_mlp
SHISA8,3.7801286e-07,297,dense_mlp
SPANXN3,3.7750345e-07,298,dense_mlp
ASCL2,3.768661e-07,299,dense_mlp
TMPRSS12,3.7626384e-07,300,dense_mlp
ZBED6CL,3.750785e-07,301,dense_mlp
CLNK,3.7453714e-07,302,dense_mlp
SLURP1,3.7447236e-07,303,dense_mlp
FAM209B,3.7434162e-07,304,dense_mlp
ZFP42,3.739161e-07,305,dense_mlp
FAM83B,3.7389182e-07,306,dense_mlp
TM4SF20,3.735815e-07,307,dense_mlp
ACTRT1,3.7292494e-07,308,dense_mlp
OR4F4,3.7267637e-07,309,dense_mlp
HBZ,3.7255367e-07,310,dense_mlp
VWA7,3.7212322e-07,311,dense_mlp
TAF11L4,3.7139387e-07,312,dense_mlp
TRGJP1,3.7124514e-07,313,dense_mlp
TNK1,3.7105946e-07,314,dense_mlp
TTC16,3.7101583e-07,315,dense_mlp
H2BFWT,3.704187e-07,316,dense_mlp
SMCP,3.703721e-07,317,dense_mlp
MRGPRE,3.6939002e-07,318,dense_mlp
GPR12,3.6883478e-07,319,dense_mlp
TRIM40,3.6798716e-07,320,dense_mlp
SLFN13,3.6795984e-07,321,dense_mlp
H1FNT,3.6779517e-07,322,dense_mlp
MAL2,3.6766474e-07,323,dense_mlp
HBM,3.6760036e-07,324,dense_mlp
TRABD2A,3.670815e-07,325,dense_mlp
STPG3,3.6661064e-07,326,dense_mlp
RTL3,3.6636987e-07,327,dense_mlp
SOWAHB,3.6550503e-07,328,dense_mlp
OVOL2,3.6544938e-07,329,dense_mlp
C1orf189,3.6507078e-07,330,dense_mlp
ZSCAN5A,3.6482243e-07,331,dense_mlp
KRTAP7-1,3.639483e-07,332,dense_mlp
MRGPRX1,3.6369113e-07,333,dense_mlp
VGLL1,3.636438e-07,334,dense_mlp
CCDC195,3.6358898e-07,335,dense_mlp
MAGEA12,3.6355138e-07,336,dense_mlp
CCDC172,3.6321364e-07,337,dense_mlp
MYO1G,3.631786e-07,338,dense_mlp
RIMBP2,3.6304624e-07,339,dense_mlp
RAX,3.6275122e-07,340,dense_mlp
C1orf158,3.6262333e-07,341,dense_mlp
LOR,3.6249864e-07,342,dense_mlp
CLEC12B,3.6199512e-07,343,dense_mlp
PRR33,3.618234e-07,344,dense_mlp
TRBC2,3.613621e-07,345,dense_mlp
GOLGA8M,3.612302e-07,346,dense_mlp
FAM170A,3.603928e-07,347,dense_mlp
C17orf67,3.6019966e-07,348,dense_mlp
TRGJP2,3.6013998e-07,349,dense_mlp
PROSER2,3.601014e-07,350,dense_mlp
C1orf127,3.5953926e-07,351,dense_mlp
GPR146,3.588272e-07,352,dense_mlp
CA10,3.5848927e-07,353,dense_mlp
RFPL4AL1,3.5836905e-07,354,dense_mlp
RIPOR3,3.5801446e-07,355,dense_mlp
GDF10,3.5794466e-07,356,dense_mlp
SPDYC,3.5769236e-07,357,dense_mlp
OTP,3.567282e-07,358,dense_mlp
TSKS,3.5650552e-07,359,dense_mlp
CENPVL3,3.563856e-07,360,dense_mlp
TAF11L12,3.562703e-07,361,dense_mlp
SRPX2,3.5565913e-07,362,dense_mlp
AC008397.1,3.5490453e-07,363,dense_mlp
SLC35F4,3.546195e-07,364,dense_mlp
CTAG2,3.5408482e-07,365,dense_mlp
CDHR2,3.540222e-07,366,dense_mlp
TCTE1,3.5341452e-07,367,dense_mlp
TRARG1,3.5280897e-07,368,dense_mlp
KIAA1211L,3.5248206e-07,369,dense_mlp
PRRG3,3.5243724e-07,370,dense_mlp
MS4A8,3.5238438e-07,371,dense_mlp
RNF133,3.523496e-07,372,dense_mlp
TRAF3IP3,3.5169506e-07,373,dense_mlp
C6orf141,3.5112257e-07,374,dense_mlp
TMEM200A,3.505309e-07,375,dense_mlp
FMR1NB,3.5042962e-07,376,dense_mlp
NUGGC,3.499797e-07,377,dense_mlp
CFAP97D2,3.4961852e-07,378,dense_mlp
UMODL1,3.4925202e-07,379,dense_mlp
MAB21L3,3.4920942e-07,380,dense_mlp
SLC38A8,3.4914058e-07,381,dense_mlp
SERPINA7,3.4873406e-07,382,dense_mlp
IGSF23,3.4863285e-07,383,dense_mlp
TMEM95,3.485418e-07,384,dense_mlp
PRSS16,3.4833468e-07,385,dense_mlp
VN1R2,3.4795428e-07,386,dense_mlp
BIK,3.4790338e-07,387,dense_mlp
SPACA1,3.4760728e-07,388,dense_mlp
PRRT1B,3.4737334e-07,389,dense_mlp
CC2D2B,3.4695503e-07,390,dense_mlp
GRAMD2A,3.466815e-07,391,dense_mlp
SERTM2,3.4640914e-07,392,dense_mlp
CPLX4,3.4627905e-07,393,dense_mlp
RTL1,3.4581055e-07,394,dense_mlp
SMCO1,3.4508824e-07,395,dense_mlp
FAM71E1,3.450501e-07,396,dense_mlp
TMEM132D,3.448432e-07,397,dense_mlp
HIST1H2AI,3.4467482e-07,398,dense_mlp
SHCBP1L,3.4451025e-07,399,dense_mlp
C10orf105,3.4386954e-07,400,dense_mlp
MEI1,3.435486e-07,401,dense_mlp
C7orf33,3.435384e-07,402,dense_mlp
BAIAP3,3.4339885e-07,403,dense_mlp
SNAI3,3.427916e-07,404,dense_mlp
EGFL6,3.4261495e-07,405,dense_mlp
AL121578.2,3.4217393e-07,406,dense_mlp
INSL4,3.4201503e-07,407,dense_mlp
MCTP2,3.4120004e-07,408,dense_mlp
TSPAN16,3.4118537e-07,409,dense_mlp
ADGRA1,3.411064e-07,410,dense_mlp
SLURP2,3.4106668e-07,411,dense_mlp
SPEM1,3.408942e-07,412,dense_mlp
RIPPLY3,3.4070115e-07,413,dense_mlp
IGHA2,3.4036935e-07,414,dense_mlp
NKX2-3,3.4014352e-07,415,dense_mlp
PRR18,3.400837e-07,416,dense_mlp
CAPSL,3.3996588e-07,417,dense_mlp
KCNJ18,3.3971523e-07,418,dense_mlp
APOBEC3G,3.392819e-07,419,dense_mlp
SIGLECL1,3.3906284e-07,420,dense_mlp
GCSAML-AS1,3.387568e-07,421,dense_mlp
IGHG3,3.3836358e-07,422,dense_mlp
STEAP1B,3.3778016e-07,423,dense_mlp
MYCBPAP,3.3776882e-07,424,dense_mlp
PDGFRL,3.3770246e-07,425,dense_mlp
CD6,3.3764758e-07,426,dense_mlp
GPR33,3.3689432e-07,427,dense_mlp
BEND2,3.3685635e-07,428,dense_mlp
SPINK14,3.3676613e-07,429,dense_mlp
SPINK2,3.3658608e-07,430,dense_mlp
HRK,3.364951e-07,431,dense_mlp
IGLC1,3.3644704e-07,432,dense_mlp
SLC7A13,3.3635038e-07,433,dense_mlp
CFAP53,3.3613208e-07,434,dense_mlp
TMIGD2,3.3572087e-07,435,dense_mlp
ERAS,3.356959e-07,436,dense_mlp
GJC3,3.356207e-07,437,dense_mlp
CFAP299,3.3531e-07,438,dense_mlp
STYK1,3.3481032e-07,439,dense_mlp
LGALS13,3.3427222e-07,440,dense_mlp
C9orf152,3.3396807e-07,441,dense_mlp
STRA8,3.339432e-07,442,dense_mlp
TMPRSS7,3.338989e-07,443,dense_mlp
ESM1,3.3373522e-07,444,dense_mlp
LRRC74B,3.3364364e-07,445,dense_mlp
SERPINB5,3.333383e-07,446,dense_mlp
FRG2,3.3253252e-07,447,dense_mlp
SCGB2A1,3.3231944e-07,448,dense_mlp
BARX1,3.32161e-07,449,dense_mlp
LRRC63,3.321016e-07,450,dense_mlp
PRAMEF2,3.3200507e-07,451,dense_mlp
PPIAL4A,3.317388e-07,452,dense_mlp
CDRT15L2,3.3162172e-07,453,dense_mlp
RGPD4,3.3139315e-07,454,dense_mlp
SNX31,3.3136047e-07,455,dense_mlp
LRATD1,3.3134063e-07,456,dense_mlp
HORMAD2,3.3118002e-07,457,dense_mlp
SPDEF,3.3116348e-07,458,dense_mlp
TMEM184A,3.3116268e-07,459,dense_mlp
IFIT1B,3.308144e-07,460,dense_mlp
LRRIQ1,3.3055292e-07,461,dense_mlp
ACP7,3.3045683e-07,462,dense_mlp
ENDOU,3.3034274e-07,463,dense_mlp
C1QTNF9,3.3022926e-07,464,dense_mlp
C17orf99,3.3002541e-07,465,dense_mlp
ANKRD53,3.2996576e-07,466,dense_mlp
NXPH2,3.2958187e-07,467,dense_mlp
PANO1,3.2957863e-07,468,dense_mlp
HSPB9,3.2925695e-07,469,dense_mlp
RNF212B,3.2917427e-07,470,dense_mlp
INSYN2A,3.2898612e-07,471,dense_mlp
SPIC,3.2878626e-07,472,dense_mlp
NLRP10,3.2878486e-07,473,dense_mlp
CDK15,3.2837252e-07,474,dense_mlp
OR4E2,3.2829476e-07,475,dense_mlp
FAM9B,3.2755705e-07,476,dense_mlp
KLHL34,3.2683664e-07,477,dense_mlp
DPPA5,3.2680524e-07,478,dense_mlp
PCDH20,3.2678346e-07,479,dense_mlp
PEBP4,3.2572208e-07,480,dense_mlp
TCTEX1D4,3.2535306e-07,481,dense_mlp
PRSS57,3.2524326e-07,482,dense_mlp
YBX2,3.2468174e-07,483,dense_mlp
ROS1,3.2455495e-07,484,dense_mlp
FAM205A,3.2451516e-07,485,dense_mlp
ZAR1L,3.241919e-07,486,dense_mlp
SYPL2,3.238529e-07,487,dense_mlp
SIRPB2,3.23301e-07,488,dense_mlp
EXOC1L,3.232645e-07,489,dense_mlp
TEX44,3.23226e-07,490,dense_mlp
LMNTD2,3.2308708e-07,491,dense_mlp
GPR101,3.2213146e-07,492,dense_mlp
CPA4,3.2152383e-07,493,dense_mlp
SPANXD,3.2117416e-07,494,dense_mlp
MPPED1,3.2046228e-07,495,dense_mlp
FOXR1,3.2019716e-07,496,dense_mlp
NPC1L1,3.2015083e-07,497,dense_mlp
C4orf51,3.1969773e-07,498,dense_mlp
SLFN14,3.1918853e-07,499,dense_mlp
CXorf58,3.191413e-07,500,dense_mlp
TINAG,3.1878642e-07,501,dense_mlp
SIT1,3.1840923e-07,502,dense_mlp
SLC35G3,3.1807303e-07,503,dense_mlp
MROH2B,3.177773e-07,504,dense_mlp
TFDP3,3.1753538e-07,505,dense_mlp
AC067752.1,3.1744625e-07,506,dense_mlp
FOXS1,3.1656833e-07,507,dense_mlp
PRR15L,3.1637526e-07,508,dense_mlp
AEBP1,3.1598103e-07,509,dense_mlp
KLHL10,3.1576985e-07,510,dense_mlp
TGM4,3.1576116e-07,511,dense_mlp
ARR3,3.1541316e-07,512,dense_mlp
GLYATL1B,3.1526056e-07,513,dense_mlp
H3.Y,3.1520204e-07,514,dense_mlp
RBPJL,3.1516518e-07,515,dense_mlp
C14orf177,3.1506323e-07,516,dense_mlp
PRR16,3.1478464e-07,517,dense_mlp
LRRC26,3.1466436e-07,518,dense_mlp
RASSF5,3.1462397e-07,519,dense_mlp
DIRC1,3.142641e-07,520,dense_mlp
GOLT1A,3.1424273e-07,521,dense_mlp
CHP2,3.141773e-07,522,dense_mlp
FRMD7,3.1417585e-07,523,dense_mlp
C9orf50,3.1415792e-07,524,dense_mlp
MAGEB6,3.13965e-07,525,dense_mlp
SCGB3A1,3.135397e-07,526,dense_mlp
LRRN4CL,3.1290583e-07,527,dense_mlp
PIGBOS1,3.1290207e-07,528,dense_mlp
SFRP5,3.126008e-07,529,dense_mlp
TRIM75P,3.1226833e-07,530,dense_mlp
SASH3,3.1218153e-07,531,dense_mlp
TRAPPC3L,3.120095e-07,532,dense_mlp
AC236972.4,3.105221e-07,533,dense_mlp
C1orf61,3.1029057e-07,534,dense_mlp
SPEM2,3.1016256e-07,535,dense_mlp
FIBCD1,3.1009287e-07,536,dense_mlp
TMEM31,3.1008668e-07,537,dense_mlp
TMEM156,3.099551e-07,538,dense_mlp
ZBED2,3.0969872e-07,539,dense_mlp
LRRC72,3.0952162e-07,540,dense_mlp
SYTL5,3.093803e-07,541,dense_mlp
KRTAP20-4,3.092982e-07,542,dense_mlp
GOLGA6L2,3.08966e-07,543,dense_mlp
EGFLAM,3.088733e-07,544,dense_mlp
PRAC1,3.087819e-07,545,dense_mlp
CEACAM21,3.0871078e-07,546,dense_mlp
PATE4,3.086705e-07,547,dense_mlp
DUPD1,3.084079e-07,548,dense_mlp
SLC22A18,3.081256e-07,549,dense_mlp
TMC4,3.080567e-07,550,dense_mlp
SCG5,3.080356e-07,551,dense_mlp
CAVIN2,3.079444e-07,552,dense_mlp
FBXO43,3.0782994e-07,553,dense_mlp
ANKRD61,3.0755655e-07,554,dense_mlp
FAM228A,3.0743314e-07,555,dense_mlp
CYP4X1,3.0727097e-07,556,dense_mlp
FAM71B,3.0721415e-07,557,dense_mlp
CST7,3.0669852e-07,558,dense_mlp
FAM241B,3.0648116e-07,559,dense_mlp
C19orf18,3.0637455e-07,560,dense_mlp
C5orf47,3.062118e-07,561,dense_mlp
C12orf81,3.060385e-07,562,dense_mlp
ACTL10,3.0578514e-07,563,dense_mlp
AGR3,3.056938e-07,564,dense_mlp
BARHL1,3.0553284e-07,565,dense_mlp
ODF2L,3.052826e-07,566,dense_mlp
NPAP1,3.049724e-07,567,dense_mlp
BCAR3,3.0482016e-07,568,dense_mlp
PLK5,3.0474237e-07,569,dense_mlp
RARRES1,3.0419346e-07,570,dense_mlp
GSC2,3.0397945e-07,571,dense_mlp
ZG16,3.037619e-07,572,dense_mlp
DYDC2,3.036923e-07,573,dense_mlp
ZCCHC13,3.0260844e-07,574,dense_mlp
C22orf42,3.0250584e-07,575,dense_mlp
HIST1H4I,3.0250507e-07,576,dense_mlp
OCM2,3.0215352e-07,577,dense_mlp
ANHX,3.0134157e-07,578,dense_mlp
RASSF10,3.006327e-07,579,dense_mlp
DNAJC5B,3.005604e-07,580,dense_mlp
REM1,3.0051874e-07,581,dense_mlp
TEX48,3.0038555e-07,582,dense_mlp
GPR174,3.0036927e-07,583,dense_mlp
CCIN,3.0033803e-07,584,dense_mlp
RSPH9,3.003196e-07,585,dense_mlp
WFDC10A,3.0012131e-07,586,dense_mlp
SMIM24,2.9968948e-07,587,dense_mlp
SAXO1,2.9960012e-07,588,dense_mlp
TAF11L14,2.994664e-07,589,dense_mlp
CRCT1,2.992105e-07,590,dense_mlp
DPRX,2.9906556e-07,591,dense_mlp
LRRC36,2.9902438e-07,592,dense_mlp
SHISA6,2.9820907e-07,593,dense_mlp
SSX3,2.98047e-07,594,dense_mlp
SOX30,2.9755967e-07,595,dense_mlp
TMC8,2.9748085e-07,596,dense_mlp
LANCL3,2.9744945e-07,597,dense_mlp
LRRC2,2.9727406e-07,598,dense_mlp
FAM81B,2.9724401e-07,599,dense_mlp
C20orf202,2.9721116e-07,600,dense_mlp
TMEM273,2.9711833e-07,601,dense_mlp
ETV7,2.9709827e-07,602,dense_mlp
ACTRT2,2.970358e-07,603,dense_mlp
MYOCOS,2.96563e-07,604,dense_mlp
FAM83C,2.9629254e-07,605,dense_mlp
FOXE3,2.9622626e-07,606,dense_mlp
COCH,2.9607753e-07,607,dense_mlp
GFRAL,2.960711e-07,608,dense_mlp
RAD21L1,2.9597962e-07,609,dense_mlp
SKOR2,2.959416e-07,610,dense_mlp
LAMB4,2.9560755e-07,611,dense_mlp
HOXC12,2.9549614e-07,612,dense_mlp
HEPACAM2,2.9549568e-07,613,dense_mlp
PRRG2,2.9525066e-07,614,dense_mlp
NPR3,2.951969e-07,615,dense_mlp
SMCO2,2.951807e-07,616,dense_mlp
NKAIN2,2.9496962e-07,617,dense_mlp
RFPL3,2.9495453e-07,618,dense_mlp
KLK4,2.9434403e-07,619,dense_mlp
CGNL1,2.9431942e-07,620,dense_mlp
C1orf146,2.9423035e-07,621,dense_mlp
LCN6,2.941463e-07,622,dense_mlp
GIMD1,2.938733e-07,623,dense_mlp
ARMS2,2.9370355e-07,624,dense_mlp
SLCO6A1,2.936817e-07,625,dense_mlp
CFAP99,2.934146e-07,626,dense_mlp
CORO6,2.922669e-07,627,dense_mlp
KRTAP20-3,2.9204924e-07,628,dense_mlp
G6PC,2.9184469e-07,629,dense_mlp
TVP23C,2.9102546e-07,630,dense_mlp
SNX20,2.9102168e-07,631,dense_mlp
SCGB2A2,2.9095423e-07,632,dense_mlp
BX276092.9,2.9026384e-07,633,dense_mlp
DNAH11,2.8985124e-07,634,dense_mlp
ANXA9,2.8963086e-07,635,dense_mlp
TACSTD2,2.89611e-07,636,dense_mlp
CLEC2L,2.8930324e-07,637,dense_mlp
FAM83E,2.8916966e-07,638,dense_mlp
CWH43,2.884575e-07,639,dense_mlp
HMSD,2.8716863e-07,640,dense_mlp
SMIM22,2.870713e-07,641,dense_mlp
CFAP77,2.8699978e-07,642,dense_mlp
PPP1R1C,2.8698292e-07,643,dense_mlp
CD34,2.866352e-07,644,dense_mlp
LINGO4,2.8643896e-07,645,dense_mlp
MS4A5,2.863777e-07,646,dense_mlp
DYNLT3,2.8623637e-07,647,dense_mlp
RFESD,2.862117e-07,648,dense_mlp
ARRDC5,2.861807e-07,649,dense_mlp
GYPE,2.8616833e-07,650,dense_mlp
TRGC2,2.860624e-07,651,dense_mlp
ERVMER34-1,2.8560225e-07,652,dense_mlp
KCTD4,2.853831e-07,653,dense_mlp
PCDH11Y,2.8517096e-07,654,dense_mlp
BRDT,2.8502433e-07,655,dense_mlp
CST4,2.849406e-07,656,dense_mlp
MUC22,2.848463e-07,657,dense_mlp
MINDY4B,2.8482427e-07,658,dense_mlp
CSHL1,2.8393234e-07,659,dense_mlp
AFAP1L2,2.8374447e-07,660,dense_mlp
PRG4,2.8368882e-07,661,dense_mlp
CCER2,2.8363445e-07,662,dense_mlp
PITX3,2.8343877e-07,663,dense_mlp
SLC16A11,2.833461e-07,664,dense_mlp
RBP5,2.8284242e-07,665,dense_mlp
CASZ1,2.8265035e-07,666,dense_mlp
THEGL,2.8258444e-07,667,dense_mlp
ANXA8,2.8220984e-07,668,dense_mlp
KCP,2.821713e-07,669,dense_mlp
CCDC192,2.818457e-07,670,dense_mlp
CUZD1,2.8174534e-07,671,dense_mlp
RBM11,2.8126138e-07,672,dense_mlp
TMEM244,2.8118905e-07,673,dense_mlp
ITM2A,2.8112467e-07,674,dense_mlp
SEPTIN14,2.8104844e-07,675,dense_mlp
ZNF844,2.8103688e-07,676,dense_mlp
MYH7B,2.8096787e-07,677,dense_mlp
AL590560.2,2.8083198e-07,678,dense_mlp
HHLA2,2.80608e-07,679,dense_mlp
DMRT3,2.8053847e-07,680,dense_mlp
SELENBP1,2.8048817e-07,681,dense_mlp
MARCOL,2.802175e-07,682,dense_mlp
BFSP1,2.801931e-07,683,dense_mlp
BTBD18,2.7997552e-07,684,dense_mlp
TPSG1,2.79633e-07,685,dense_mlp
NYX,2.7952072e-07,686,dense_mlp
MARCH11,2.7899415e-07,687,dense_mlp
LHFPL1,2.7881228e-07,688,dense_mlp
KLRF2,2.786525e-07,689,dense_mlp
KLHDC7A,2.785167e-07,690,dense_mlp
SMIM35,2.7801548e-07,691,dense_mlp
DUSP13,2.7782008e-07,692,dense_mlp
ATF7IP2,2.77785e-07,693,dense_mlp
C11orf86,2.777274e-07,694,dense_mlp
SSX7,2.7740796e-07,695,dense_mlp
ERN2,2.7735967e-07,696,dense_mlp
DNAI1,2.772664e-07,697,dense_mlp
C16orf78,2.7690893e-07,698,dense_mlp
NRIP3,2.7688122e-07,699,dense_mlp
ANTXRL,2.7648287e-07,700,dense_mlp
GZMK,2.764595e-07,701,dense_mlp
AC115220.1,2.7640965e-07,702,dense_mlp
KANK3,2.7628653e-07,703,dense_mlp
ZC2HC1B,2.761895e-07,704,dense_mlp
C17orf98,2.760486e-07,705,dense_mlp
FAM166C,2.7573267e-07,706,dense_mlp
CSAG1,2.755756e-07,707,dense_mlp
TM4SF5,2.7525758e-07,708,dense_mlp
IMPG1,2.7524663e-07,709,dense_mlp
KLHDC7B,2.7518993e-07,710,dense_mlp
BECN2,2.7497998e-07,711,dense_mlp
CPXM2,2.749262e-07,712,dense_mlp
HIST1H2AA,2.7446765e-07,713,dense_mlp
TAFA4,2.741706e-07,714,dense_mlp
TRDC,2.741211e-07,715,dense_mlp
IGHD,2.7400642e-07,716,dense_mlp
PDZD9,2.7377394e-07,717,dense_mlp
TBC1D28,2.7359198e-07,718,dense_mlp
HOXC10,2.7348207e-07,719,dense_mlp
IQANK1,2.73442e-07,720,dense_mlp
PDILT,2.7328105e-07,721,dense_mlp
SAMD3,2.7327334e-07,722,dense_mlp
MAGEA4,2.7293345e-07,723,dense_mlp
VILL,2.7282724e-07,724,dense_mlp
WSCD2,2.7281638e-07,725,dense_mlp
TMEM238L,2.7238008e-07,726,dense_mlp
OTX1,2.7236044e-07,727,dense_mlp
IL17REL,2.7233253e-07,728,dense_mlp
DNASE1L3,2.7228035e-07,729,dense_mlp
NXNL1,2.7202034e-07,730,dense_mlp
LYNX1,2.718192e-07,731,dense_mlp
HOXB13,2.7178393e-07,732,dense_mlp
FOXI1,2.7164327e-07,733,dense_mlp
VWA3B,2.7119876e-07,734,dense_mlp
VRTN,2.7112804e-07,735,dense_mlp
FOXN1,2.7099122e-07,736,dense_mlp
TSSK1B,2.708031e-07,737,dense_mlp
PSKH2,2.7070965e-07,738,dense_mlp
NKX2-1,2.7046934e-07,739,dense_mlp
MS4A13,2.7037856e-07,740,dense_mlp
LEKR1,2.7030512e-07,741,dense_mlp
DLX3,2.6981908e-07,742,dense_mlp
MAS1L,2.698145e-07,743,dense_mlp
WBP2NL,2.69763e-07,744,dense_mlp
RNF113B,2.697441e-07,745,dense_mlp
SPDYE1,2.695021e-07,746,dense_mlp
TMEM92,2.6924118e-07,747,dense_mlp
CNTNAP2,2.6882273e-07,748,dense_mlp
NEXN,2.6880036e-07,749,dense_mlp
RNF32,2.6869404e-07,750,dense_mlp
PDZK1,2.6842434e-07,751,dense_mlp
NCBP2L,2.6831154e-07,752,dense_mlp
NCCRP1,2.6813242e-07,753,dense_mlp
LRRC75A,2.6812083e-07,754,dense_mlp
FCHSD1,2.678739e-07,755,dense_mlp
PASD1,2.6776777e-07,756,dense_mlp
TMEM229A,2.6765449e-07,757,dense_mlp
MSLNL,2.674545e-07,758,dense_mlp
EFCAB3,2.673371e-07,759,dense_mlp
CBLC,2.6727648e-07,760,dense_mlp
PDE6C,2.672463e-07,761,dense_mlp
SPATA48,2.668521e-07,762,dense_mlp
ATOH1,2.6643292e-07,763,dense_mlp
GSDMC,2.664197e-07,764,dense_mlp
C10orf71,2.6626836e-07,765,dense_mlp
PYDC1,2.6583027e-07,766,dense_mlp
PLA2G12B,2.654146e-07,767,dense_mlp
CBLN3,2.653986e-07,768,dense_mlp
CCDC196,2.6534912e-07,769,dense_mlp
THEG,2.6524592e-07,770,dense_mlp
CCDC152,2.651709e-07,771,dense_mlp
PPP3R2,2.6503537e-07,772,dense_mlp
CPZ,2.649972e-07,773,dense_mlp
FEV,2.6499066e-07,774,dense_mlp
CDC14C,2.6496951e-07,775,dense_mlp
BBOF1,2.649214e-07,776,dense_mlp
DMRTA1,2.6491793e-07,777,dense_mlp
CNTNAP5,2.6406784e-07,778,dense_mlp
TCL1B,2.640654e-07,779,dense_mlp
FAM133A,2.6368676e-07,780,dense_mlp
FAM71A,2.6367562e-07,781,dense_mlp
HOXD9,2.6363162e-07,782,dense_mlp
PRAP1,2.6341095e-07,783,dense_mlp
ALLC,2.6318213e-07,784,dense_mlp
DACH2,2.6314095e-07,785,dense_mlp
TBATA,2.6309203e-07,786,dense_mlp
MEGF6,2.6297823e-07,787,dense_mlp
HHLA1,2.6279764e-07,788,dense_mlp
C1orf87,2.6268452e-07,789,dense_mlp
PRM3,2.6250882e-07,790,dense_mlp
HOXB5,2.623426e-07,791,dense_mlp
SEC14L3,2.62266e-07,792,dense_mlp
SYNE4,2.621359e-07,793,dense_mlp
AC011005.1,2.6190958e-07,794,dense_mlp
VGLL3,2.618774e-07,795,dense_mlp
CCNB3,2.6180186e-07,796,dense_mlp
CNNM1,2.61633e-07,797,dense_mlp
CLEC18C,2.6150423e-07,798,dense_mlp
CCDC33,2.6142757e-07,799,dense_mlp
CNTD2,2.6138486e-07,800,dense_mlp
SH3TC1,2.6132162e-07,801,dense_mlp
FAM187B,2.6123678e-07,802,dense_mlp
TMEM271,2.6123664e-07,803,dense_mlp
GDF15,2.6087386e-07,804,dense_mlp
PRSS58,2.6081653e-07,805,dense_mlp
CLEC20A,2.6062253e-07,806,dense_mlp
SPDYE4,2.6033322e-07,807,dense_mlp
SKAP1,2.6031265e-07,808,dense_mlp
C9orf92,2.6025222e-07,809,dense_mlp
GGACT,2.602498e-07,810,dense_mlp
RNF186,2.6017145e-07,811,dense_mlp
HMCN1,2.599582e-07,812,dense_mlp
UNC45B,2.5960412e-07,813,dense_mlp
SHISA9,2.5959073e-07,814,dense_mlp
OLFM3,2.5949677e-07,815,dense_mlp
GFI1B,2.5947898e-07,816,dense_mlp
AKR1C8P,2.5926352e-07,817,dense_mlp
RETNLB,2.591054e-07,818,dense_mlp
HUS1B,2.588749e-07,819,dense_mlp
ZFP92,2.5880752e-07,820,dense_mlp
SLC25A47,2.587597e-07,821,dense_mlp
RAI2,2.5871228e-07,822,dense_mlp
GPRC5A,2.58511e-07,823,dense_mlp
TRIM60,2.5844804e-07,824,dense_mlp
TNFAIP8L3,2.5830218e-07,825,dense_mlp
TMEM150B,2.5786267e-07,826,dense_mlp
LY6L,2.5781793e-07,827,dense_mlp
MYOT,2.5768517e-07,828,dense_mlp
NANOS2,2.5760156e-07,829,dense_mlp
CST11,2.5730932e-07,830,dense_mlp
SEMG2,2.5706714e-07,831,dense_mlp
PRRG4,2.57003e-07,832,dense_mlp
AGR2,2.5675243e-07,833,dense_mlp
TBC1D3E,2.565261e-07,834,dense_mlp
AADACL3,2.5648532e-07,835,dense_mlp
FAM131C,2.563542e-07,836,dense_mlp
SH2D3A,2.5619823e-07,837,dense_mlp
HIST1H2BA,2.5584356e-07,838,dense_mlp
LYZL1,2.5564097e-07,839,dense_mlp
RERG,2.556374e-07,840,dense_mlp
CEACAM20,2.5542172e-07,841,dense_mlp
CEACAM16,2.5526828e-07,842,dense_mlp
TINCR,2.5525895e-07,843,dense_mlp
MROH9,2.551727e-07,844,dense_mlp
SPDYE5,2.551202e-07,845,dense_mlp
LMO3,2.5451666e-07,846,dense_mlp
TMEM71,2.5445087e-07,847,dense_mlp
TRBC1,2.5436907e-07,848,dense_mlp
GPRIN2,2.543028e-07,849,dense_mlp
FNDC8,2.542502e-07,850,dense_mlp
FAM163B,2.541776e-07,851,dense_mlp
GPR87,2.5399893e-07,852,dense_mlp
PRSS55,2.5361157e-07,853,dense_mlp
NPPB,2.5353108e-07,854,dense_mlp
FAT2,2.533239e-07,855,dense_mlp
FRMPD2,2.530366e-07,856,dense_mlp
TTC23L,2.5296492e-07,857,dense_mlp
SSU72P8,2.529265e-07,858,dense_mlp
DNAJC5G,2.528274e-07,859,dense_mlp
REG4,2.527545e-07,860,dense_mlp
ZNF385C,2.527282e-07,861,dense_mlp
LGALS12,2.5267556e-07,862,dense_mlp
KLRG2,2.526552e-07,863,dense_mlp
CES4A,2.5259538e-07,864,dense_mlp
TNMD,2.5219288e-07,865,dense_mlp
TULP2,2.5165807e-07,866,dense_mlp
SH3RF2,2.516234e-07,867,dense_mlp
C7orf57,2.5161597e-07,868,dense_mlp
GPR160,2.5097944e-07,869,dense_mlp
ITPRIP,2.5093985e-07,870,dense_mlp
CCDC190,2.5085748e-07,871,dense_mlp
C1orf232,2.5075914e-07,872,dense_mlp
CRYBG2,2.5067425e-07,873,dense_mlp
CRNN,2.5059938e-07,874,dense_mlp
FAM170B,2.503357e-07,875,dense_mlp
LMLN2,2.49998e-07,876,dense_mlp
PLEKHF1,2.498894e-07,877,dense_mlp
ANGPTL1,2.4987062e-07,878,dense_mlp
A2ML1,2.4985e-07,879,dense_mlp
FCRL3,2.4959854e-07,880,dense_mlp
DHRS2,2.4955915e-07,881,dense_mlp
TAF11L8,2.4913817e-07,882,dense_mlp
DOK7,2.4900186e-07,883,dense_mlp
LGALS9C,2.4884957e-07,884,dense_mlp
SEL1L2,2.48791e-07,885,dense_mlp
NSUN7,2.4875393e-07,886,dense_mlp
GPRC5C,2.4814062e-07,887,dense_mlp
LYZL6,2.480616e-07,888,dense_mlp
SLC26A8,2.4794377e-07,889,dense_mlp
MARCH10,2.4787744e-07,890,dense_mlp
BMP8A,2.4756446e-07,891,dense_mlp
LRRC61,2.4739842e-07,892,dense_mlp
TDRD15,2.4735726e-07,893,dense_mlp
PRR20G,2.473529e-07,894,dense_mlp
SERPINA11,2.4652505e-07,895,dense_mlp
ATOH7,2.4651692e-07,896,dense_mlp
GGN,2.4651513e-07,897,dense_mlp
GSX2,2.4649987e-07,898,dense_mlp
MAGEA8,2.4648665e-07,899,dense_mlp
SMIM33,2.4633505e-07,900,dense_mlp
C9orf135,2.4632158e-07,901,dense_mlp
SERPINB7,2.4627013e-07,902,dense_mlp
GSG1L2,2.4623367e-07,903,dense_mlp
C2orf78,2.4618896e-07,904,dense_mlp
TOX,2.461141e-07,905,dense_mlp
AURKC,2.4601798e-07,906,dense_mlp
C3orf84,2.4596326e-07,907,dense_mlp
OTOP3,2.455157e-07,908,dense_mlp
FRMD3,2.45414e-07,909,dense_mlp
CCDC177,2.4532827e-07,910,dense_mlp
APOBEC3D,2.4507813e-07,911,dense_mlp
ADAM29,2.449594e-07,912,dense_mlp
POU2F3,2.4472982e-07,913,dense_mlp
RTBDN,2.4465933e-07,914,dense_mlp
SP140,2.4456318e-07,915,dense_mlp
SPATA31A6,2.4456108e-07,916,dense_mlp
PNMA6F,2.4455755e-07,917,dense_mlp
TRIML1,2.4448383e-07,918,dense_mlp
CLMP,2.4448298e-07,919,dense_mlp
FANK1,2.4430645e-07,920,dense_mlp
SUSD5,2.442954e-07,921,dense_mlp
LRRIQ4,2.4421905e-07,922,dense_mlp
SMR3B,2.44204e-07,923,dense_mlp
FSIP2,2.438805e-07,924,dense_mlp
IFITM5,2.4369962e-07,925,dense_mlp
USHBP1,2.4323285e-07,926,dense_mlp
MDFIC2,2.4322787e-07,927,dense_mlp
EMCN,2.431959e-07,928,dense_mlp
METTL27,2.43099e-07,929,dense_mlp
EHF,2.4298825e-07,930,dense_mlp
TCEANC,2.427359e-07,931,dense_mlp
PRMT8,2.425621e-07,932,dense_mlp
PATE1,2.4254172e-07,933,dense_mlp
TMEM51,2.423417e-07,934,dense_mlp
CLEC2A,2.420317e-07,935,dense_mlp
XIRP1,2.4191726e-07,936,dense_mlp
PPP4R4,2.4189183e-07,937,dense_mlp
MAGEB18,2.4186258e-07,938,dense_mlp
SCGB1A1,2.4182697e-07,939,dense_mlp
LRRC15,2.4144188e-07,940,dense_mlp
TENT5C,2.4139956e-07,941,dense_mlp
PPP1R27,2.4130486e-07,942,dense_mlp
SLFN11,2.411536e-07,943,dense_mlp
C11orf16,2.4113766e-07,944,dense_mlp
PLEKHH2,2.4106137e-07,945,dense_mlp
DACT2,2.4102067e-07,946,dense_mlp
DMRTC2,2.4090983e-07,947,dense_mlp
AC134684.8,2.4086413e-07,948,dense_mlp
LHFPL3,2.4085855e-07,949,dense_mlp
AFM,2.4078864e-07,950,dense_mlp
H3F3C,2.4078076e-07,951,dense_mlp
NXPE4,2.404841e-07,952,dense_mlp
BNC1,2.4040946e-07,953,dense_mlp
C10orf95,2.4031004e-07,954,dense_mlp
C1QTNF7,2.4006124e-07,955,dense_mlp
TCF24,2.3997458e-07,956,dense_mlp
TXNDC2,2.3992982e-07,957,dense_mlp
ANGPTL7,2.3984018e-07,958,dense_mlp
FAM30A,2.3964938e-07,959,dense_mlp
MYOM1,2.3946396e-07,960,dense_mlp
MPP4,2.3940353e-07,961,dense_mlp
PDLIM3,2.3932893e-07,962,dense_mlp
CR1L,2.391114e-07,963,dense_mlp
ECHDC2,2.3902962e-07,964,dense_mlp
CABP5,2.3895453e-07,965,dense_mlp
CNGA3,2.3880406e-07,966,dense_mlp
SPDYE6,2.387486e-07,967,dense_mlp
GLOD5,2.384939e-07,968,dense_mlp
ANKRD63,2.384936e-07,969,dense_mlp
DTHD1,2.3834369e-07,970,dense_mlp
FAM83H,2.3825608e-07,971,dense_mlp
TMTC1,2.3813304e-07,972,dense_mlp
NCMAP,2.3788492e-07,973,dense_mlp
TCHHL1,2.378032e-07,974,dense_mlp
FAM177B,2.3765446e-07,975,dense_mlp
SDR42E1,2.3759752e-07,976,dense_mlp
C15orf48,2.3757028e-07,977,dense_mlp
TMEM262,2.3752634e-07,978,dense_mlp
CT83,2.3752406e-07,979,dense_mlp
TRIM15,2.3734393e-07,980,dense_mlp
VWA5B1,2.372946e-07,981,dense_mlp
KLHL31,2.371752e-07,982,dense_mlp
GSDMA,2.3690073e-07,983,dense_mlp
DPEP2NB,2.3678702e-07,984,dense_mlp
LRCOL1,2.3674166e-07,985,dense_mlp
GOLGA6L6,2.3625608e-07,986,dense_mlp
ZNF474,2.3625456e-07,987,dense_mlp
GPR3,2.362421e-07,988,dense_mlp
TOM1L1,2.361475e-07,989,dense_mlp
PPM1H,2.3602998e-07,990,dense_mlp
MFSD4A,2.3577032e-07,991,dense_mlp
ERVK3-1,2.3532871e-07,992,dense_mlp
ZNF185,2.3516597e-07,993,dense_mlp
ECRG4,2.3508953e-07,994,dense_mlp
FAM167B,2.3487685e-07,995,dense_mlp
SPEGNB,2.3478354e-07,996,dense_mlp
TSPAN12,2.3459751e-07,997,dense_mlp
SLC16A13,2.3452418e-07,998,dense_mlp
DCST1,2.3438892e-07,999,dense_mlp
LCN10,2.3438709e-07,1000,dense_mlp
EPN3,2.3430242e-07,1001,dense_mlp
RHOXF2B,2.3416224e-07,1002,dense_mlp
PHF24,2.3400375e-07,1003,dense_mlp
SERPINB4,2.3395073e-07,1004,dense_mlp
AC007906.2,2.3381264e-07,1005,dense_mlp
FAM149B1,2.3374874e-07,1006,dense_mlp
GIMAP5,2.3368632e-07,1007,dense_mlp
CFAP126,2.3363874e-07,1008,dense_mlp
TMEM266,2.3356431e-07,1009,dense_mlp
BOD1L2,2.334695e-07,1010,dense_mlp
ADGRG7,2.3343885e-07,1011,dense_mlp
RNASE12,2.3328784e-07,1012,dense_mlp
OMP,2.3306592e-07,1013,dense_mlp
SFRP4,2.3273276e-07,1014,dense_mlp
ISM2,2.3247047e-07,1015,dense_mlp
PRSS48,2.3226306e-07,1016,dense_mlp
ACOT6,2.3197103e-07,1017,dense_mlp
FBXO39,2.3160818e-07,1018,dense_mlp
CFAP52,2.3153203e-07,1019,dense_mlp
TMC3,2.31374e-07,1020,dense_mlp
TRIM43,2.3132887e-07,1021,dense_mlp
RTL9,2.3115952e-07,1022,dense_mlp
CFAP47,2.3098336e-07,1023,dense_mlp
ATAD3C,2.3089733e-07,1024,dense_mlp
SMIM10,2.3082033e-07,1025,dense_mlp
C7orf77,2.306254e-07,1026,dense_mlp
MFSD6L,2.3048224e-07,1027,dense_mlp
PRR23B,2.3046624e-07,1028,dense_mlp
FAM47C,2.3039527e-07,1029,dense_mlp
IGFL1,2.3019311e-07,1030,dense_mlp
FRG2C,2.3017998e-07,1031,dense_mlp
NPTX1,2.2993085e-07,1032,dense_mlp
SPACA3,2.2989282e-07,1033,dense_mlp
CLRN1,2.2982722e-07,1034,dense_mlp
TMEM98,2.2960758e-07,1035,dense_mlp
EHD4,2.2941741e-07,1036,dense_mlp
TMEM247,2.293385e-07,1037,dense_mlp
DNASE2B,2.2930898e-07,1038,dense_mlp
CCDC182,2.2930709e-07,1039,dense_mlp
CCDC185,2.2914611e-07,1040,dense_mlp
ABHD1,2.2905355e-07,1041,dense_mlp
GIPC2,2.2896008e-07,1042,dense_mlp
SHISAL2A,2.2891365e-07,1043,dense_mlp
AC106774.4,2.2886536e-07,1044,dense_mlp
SLC22A9,2.2877018e-07,1045,dense_mlp
SLC22A14,2.2876162e-07,1046,dense_mlp
DNLZ,2.2861643e-07,1047,dense_mlp
TMPRSS13,2.285714e-07,1048,dense_mlp
MMP26,2.2838204e-07,1049,dense_mlp
SLAMF8,2.2837256e-07,1050,dense_mlp
DMBX1,2.2808827e-07,1051,dense_mlp
WDR88,2.2801798e-07,1052,dense_mlp
STEAP1,2.2798837e-07,1053,dense_mlp
IQCF1,2.277415e-07,1054,dense_mlp
MAGEB2,2.2766571e-07,1055,dense_mlp
MADCAM1,2.2760514e-07,1056,dense_mlp
TMEM26,2.2754206e-07,1057,dense_mlp
PAGE1,2.2742103e-07,1058,dense_mlp
MUSTN1,2.2736425e-07,1059,dense_mlp
RAPSN,2.2721947e-07,1060,dense_mlp
C3orf22,2.2710627e-07,1061,dense_mlp
PPP1R17,2.269135e-07,1062,dense_mlp
CLPSL1,2.2681768e-07,1063,dense_mlp
FGF5,2.2668826e-07,1064,dense_mlp
MYOF,2.2663197e-07,1065,dense_mlp
TGM2,2.2640121e-07,1066,dense_mlp
RIBC2,2.2633292e-07,1067,dense_mlp
PPEF2,2.2607317e-07,1068,dense_mlp
H2BFM,2.260721e-07,1069,dense_mlp
NUTM2A,2.2601938e-07,1070,dense_mlp
ZBTB7C,2.2594e-07,1071,dense_mlp
MRGPRF,2.2586545e-07,1072,dense_mlp
SPANXN1,2.2579081e-07,1073,dense_mlp
DDX43,2.2549244e-07,1074,dense_mlp
PCARE,2.2545905e-07,1075,dense_mlp
TESMIN,2.2536054e-07,1076,dense_mlp
GIMAP6,2.2525722e-07,1077,dense_mlp
MYOZ2,2.2515748e-07,1078,dense_mlp
SEC14L6,2.2504656e-07,1079,dense_mlp
SPDYA,2.2495537e-07,1080,dense_mlp
SPEM3,2.2495318e-07,1081,dense_mlp
NIBAN1,2.2491649e-07,1082,dense_mlp
CBARP,2.2484971e-07,1083,dense_mlp
SOX15,2.2480599e-07,1084,dense_mlp
LRRC71,2.2470088e-07,1085,dense_mlp
EFHB,2.2460114e-07,1086,dense_mlp
RBM47,2.2441864e-07,1087,dense_mlp
USP17L7,2.2432828e-07,1088,dense_mlp
VHLL,2.2422822e-07,1089,dense_mlp
CNBD1,2.239895e-07,1090,dense_mlp
C1QL2,2.2392955e-07,1091,dense_mlp
ETDC,2.2386861e-07,1092,dense_mlp
TCF21,2.2356404e-07,1093,dense_mlp
TMEM238,2.2336563e-07,1094,dense_mlp
CLEC19A,2.232058e-07,1095,dense_mlp
FAM47A,2.2320476e-07,1096,dense_mlp
EFCC1,2.2318054e-07,1097,dense_mlp
ZPBP2,2.2317222e-07,1098,dense_mlp
SPANXB1,2.2291651e-07,1099,dense_mlp
SCX,2.2284101e-07,1100,dense_mlp
GRIFIN,2.2283696e-07,1101,dense_mlp
PDF,2.228165e-07,1102,dense_mlp
BPIFC,2.2274655e-07,1103,dense_mlp
AC005551.1,2.2267653e-07,1104,dense_mlp
FEZF1,2.2265198e-07,1105,dense_mlp
CCER1,2.2253167e-07,1106,dense_mlp
C19orf71,2.2235213e-07,1107,dense_mlp
GPR182,2.2215849e-07,1108,dense_mlp
FAM169B,2.2197587e-07,1109,dense_mlp
KL,2.2188577e-07,1110,dense_mlp
BHMG1,2.2166539e-07,1111,dense_mlp
OLFML1,2.2164312e-07,1112,dense_mlp
AL603764.2,2.2160582e-07,1113,dense_mlp
ANKRD65,2.2154445e-07,1114,dense_mlp
C12orf60,2.2146818e-07,1115,dense_mlp
CST9L,2.2146715e-07,1116,dense_mlp
TEX50,2.2142387e-07,1117,dense_mlp
SLC35G5,2.2134996e-07,1118,dense_mlp
HMHB1,2.2133781e-07,1119,dense_mlp
MYMK,2.2128918e-07,1120,dense_mlp
UNC5CL,2.2115508e-07,1121,dense_mlp
SLAMF1,2.2114243e-07,1122,dense_mlp
SH2D4A,2.2107209e-07,1123,dense_mlp
RHEBL1,2.2102905e-07,1124,dense_mlp
UBQLN3,2.2099181e-07,1125,dense_mlp
TMPRSS11D,2.209743e-07,1126,dense_mlp
FAM104A,2.2096567e-07,1127,dense_mlp
HEMGN,2.2089503e-07,1128,dense_mlp
CDCP1,2.2078714e-07,1129,dense_mlp
SMIM38,2.2073989e-07,1130,dense_mlp
ZNF80,2.2071444e-07,1131,dense_mlp
DBX2,2.2062213e-07,1132,dense_mlp
GLT6D1,2.2058694e-07,1133,dense_mlp
NXPE1,2.2045577e-07,1134,dense_mlp
KNCN,2.2035057e-07,1135,dense_mlp
TRIM51GP,2.2006253e-07,1136,dense_mlp
SPATS1,2.1983922e-07,1137,dense_mlp
PSTPIP2,2.1980819e-07,1138,dense_mlp
KIAA1522,2.1968734e-07,1139,dense_mlp
FTHL17,2.1949782e-07,1140,dense_mlp
YDJC,2.1943517e-07,1141,dense_mlp
BSPRY,2.1927947e-07,1142,dense_mlp
MOB3C,2.1926431e-07,1143,dense_mlp
ABHD12B,2.1925221e-07,1144,dense_mlp
SCGB2B2,2.1923317e-07,1145,dense_mlp
FRZB,2.1912146e-07,1146,dense_mlp
ROPN1L,2.1886628e-07,1147,dense_mlp
CPA6,2.1854521e-07,1148,dense_mlp
CTAGE1,2.1853744e-07,1149,dense_mlp
CPLX3,2.1838967e-07,1150,dense_mlp
HR,2.1829136e-07,1151,dense_mlp
CDX1,2.1820432e-07,1152,dense_mlp
PROX2,2.1805698e-07,1153,dense_mlp
PRAMEF27,2.1802441e-07,1154,dense_mlp
FRRS1,2.1798166e-07,1155,dense_mlp
OR51C1P,2.1796454e-07,1156,dense_mlp
GPR152,2.1787577e-07,1157,dense_mlp
SMLR1,2.1755133e-07,1158,dense_mlp
RNF17,2.1747016e-07,1159,dense_mlp
PPP1R14D,2.17382e-07,1160,dense_mlp
TMEM270,2.1737665e-07,1161,dense_mlp
GPR157,2.1736075e-07,1162,dense_mlp
LRRC10B,2.171448e-07,1163,dense_mlp
GPR139,2.1708402e-07,1164,dense_mlp
MAP3K7CL,2.1695081e-07,1165,dense_mlp
C1orf54,2.1694122e-07,1166,dense_mlp
SAA4,2.1681177e-07,1167,dense_mlp
SPATA31A5,2.1679685e-07,1168,dense_mlp
AL135905.2,2.1613765e-07,1169,dense_mlp
S100A14,2.1604241e-07,1170,dense_mlp
MDFIC,2.1582906e-07,1171,dense_mlp
NOBOX,2.1580907e-07,1172,dense_mlp
CAPS2,2.1575369e-07,1173,dense_mlp
NKX2-4,2.1539418e-07,1174,dense_mlp
C11orf21,2.1514457e-07,1175,dense_mlp
LBHD2,2.1512922e-07,1176,dense_mlp
SMIM32,2.1509408e-07,1177,dense_mlp
OSR2,2.1506695e-07,1178,dense_mlp
CCDC36,2.1495318e-07,1179,dense_mlp
FCRLA,2.1485468e-07,1180,dense_mlp
IRX4,2.1485361e-07,1181,dense_mlp
NME8,2.1480135e-07,1182,dense_mlp
TCF23,2.1464787e-07,1183,dense_mlp
TCEAL6,2.1464648e-07,1184,dense_mlp
SPATA3,2.1462618e-07,1185,dense_mlp
TMIGD1,2.1457193e-07,1186,dense_mlp
IRGC,2.1456763e-07,1187,dense_mlp
ZNF763,2.1452034e-07,1188,dense_mlp
VWA3A,2.1444949e-07,1189,dense_mlp
OVOL1,2.1434057e-07,1190,dense_mlp
RP1L1,2.1370147e-07,1191,dense_mlp
ZAN,2.1351055e-07,1192,dense_mlp
RPGRIP1,2.1333521e-07,1193,dense_mlp
SSMEM1,2.1329976e-07,1194,dense_mlp
AXDND1,2.1312614e-07,1195,dense_mlp
PTCHD4,2.131239e-07,1196,dense_mlp
ARL14,2.1292942e-07,1197,dense_mlp
GAPT,2.129145e-07,1198,dense_mlp
TRIM54,2.1289051e-07,1199,dense_mlp
GAB4,2.1268897e-07,1200,dense_mlp
NT5DC4,2.1252688e-07,1201,dense_mlp
NXF5,2.1226238e-07,1202,dense_mlp
PNMA5,2.1224847e-07,1203,dense_mlp
FRMD8,2.1213036e-07,1204,dense_mlp
C9orf43,2.1206684e-07,1205,dense_mlp
MYOZ3,2.1203316e-07,1206,dense_mlp
NXNL2,2.120288e-07,1207,dense_mlp
ACCS,2.1195271e-07,1208,dense_mlp
DMRTA2,2.1179298e-07,1209,dense_mlp
LRRC37A3,2.1177968e-07,1210,dense_mlp
NKAPL,2.117468e-07,1211,dense_mlp
NHLRC4,2.1169687e-07,1212,dense_mlp
BSX,2.1148516e-07,1213,dense_mlp
TLDC2,2.1106396e-07,1214,dense_mlp
TENM3,2.1061699e-07,1215,dense_mlp
CCDC85A,2.105966e-07,1216,dense_mlp
UBASH3A,2.1054396e-07,1217,dense_mlp
KCNT1,2.1038502e-07,1218,dense_mlp
CYYR1,2.1037036e-07,1219,dense_mlp
OOSP3,2.1035191e-07,1220,dense_mlp
CD164,2.1033834e-07,1221,dense_mlp
INSL6,2.1032064e-07,1222,dense_mlp
FIGNL2,2.103129e-07,1223,dense_mlp
ARGFX,2.1030861e-07,1224,dense_mlp
SMIM28,2.102704e-07,1225,dense_mlp
RSPH10B2,2.099837e-07,1226,dense_mlp
PKHD1,2.0995546e-07,1227,dense_mlp
PFN3,2.0993915e-07,1228,dense_mlp
ALG1L,2.0987167e-07,1229,dense_mlp
CXorf66,2.097505e-07,1230,dense_mlp
TCF15,2.0974952e-07,1231,dense_mlp
MAGEB16,2.0969325e-07,1232,dense_mlp
HOOK1,2.0958785e-07,1233,dense_mlp
MAGEA10,2.0955369e-07,1234,dense_mlp
C6orf132,2.0947157e-07,1235,dense_mlp
AL391650.1,2.0938818e-07,1236,dense_mlp
APELA,2.0935458e-07,1237,dense_mlp
SOHLH2,2.0909805e-07,1238,dense_mlp
FNDC9,2.0909683e-07,1239,dense_mlp
PRAMEF13,2.0908129e-07,1240,dense_mlp
LMNTD1,2.0906369e-07,1241,dense_mlp
SNTN,2.090257e-07,1242,dense_mlp
C11orf87,2.0900494e-07,1243,dense_mlp
AHSP,2.0881333e-07,1244,dense_mlp
GIMAP7,2.0879695e-07,1245,dense_mlp
MMP27,2.0876404e-07,1246,dense_mlp
FRMPD4,2.0863632e-07,1247,dense_mlp
IQCM,2.0862612e-07,1248,dense_mlp
GPR153,2.0861738e-07,1249,dense_mlp
JHY,2.0861407e-07,1250,dense_mlp
TMEM150C,2.0858313e-07,1251,dense_mlp
SERPINA9,2.0841226e-07,1252,dense_mlp
CATIP,2.0832223e-07,1253,dense_mlp
C5orf58,2.0815668e-07,1254,dense_mlp
SCGB1D2,2.07962e-07,1255,dense_mlp
PLXDC1,2.0794606e-07,1256,dense_mlp
FLACC1,2.0772377e-07,1257,dense_mlp
EPPK1,2.075853e-07,1258,dense_mlp
ERVV-2,2.0751627e-07,1259,dense_mlp
METTL11B,2.0744402e-07,1260,dense_mlp
SVOPL,2.0744062e-07,1261,dense_mlp
LURAP1L,2.0739479e-07,1262,dense_mlp
FP565260.1,2.0731812e-07,1263,dense_mlp
USP51,2.0726321e-07,1264,dense_mlp
PTX4,2.0712898e-07,1265,dense_mlp
OTOR,2.0705701e-07,1266,dense_mlp
ACTRT3,2.0694812e-07,1267,dense_mlp
SPOCK2,2.0694222e-07,1268,dense_mlp
TAL2,2.0690207e-07,1269,dense_mlp
KRTAP4-16,2.0679802e-07,1270,dense_mlp
KIAA2012,2.0670791e-07,1271,dense_mlp
C10orf53,2.0667491e-07,1272,dense_mlp
AC010255.3,2.0645295e-07,1273,dense_mlp
RTN4IP1,2.063928e-07,1274,dense_mlp
MAGEA9B,2.060206e-07,1275,dense_mlp
JAKMIP3,2.0601557e-07,1276,dense_mlp
PXT1,2.059058e-07,1277,dense_mlp
CCDC60,2.0589943e-07,1278,dense_mlp
HDHD3,2.0589727e-07,1279,dense_mlp
TBX10,2.0584366e-07,1280,dense_mlp
LZTS1,2.0571771e-07,1281,dense_mlp
TLCD2,2.0564187e-07,1282,dense_mlp
FAM83G,2.056301e-07,1283,dense_mlp
PTPRH,2.0562855e-07,1284,dense_mlp
PLAC9,2.055628e-07,1285,dense_mlp
C14orf39,2.0548781e-07,1286,dense_mlp
TEKT3,2.054854e-07,1287,dense_mlp
CDHR4,2.053873e-07,1288,dense_mlp
FAM83A,2.0518932e-07,1289,dense_mlp
PHLDA2,2.0515556e-07,1290,dense_mlp
PPM1N,2.0510176e-07,1291,dense_mlp
LURAP1,2.0508709e-07,1292,dense_mlp
ISM1,2.0497014e-07,1293,dense_mlp
CHORDC1,2.0494262e-07,1294,dense_mlp
LRRC19,2.0492877e-07,1295,dense_mlp
MEOX2,2.048902e-07,1296,dense_mlp
NR6A1,2.0488007e-07,1297,dense_mlp
PHGR1,2.0483311e-07,1298,dense_mlp
SLC17A4,2.0476432e-07,1299,dense_mlp
GBGT1,2.0474162e-07,1300,dense_mlp
CCDC140,2.0468862e-07,1301,dense_mlp
MYLK4,2.0454371e-07,1302,dense_mlp
TMPRSS11E,2.0445599e-07,1303,dense_mlp
LOXHD1,2.0442955e-07,1304,dense_mlp
INSM2,2.043705e-07,1305,dense_mlp
FOXB2,2.0434435e-07,1306,dense_mlp
SPERT,2.0429988e-07,1307,dense_mlp
RNF183,2.0422111e-07,1308,dense_mlp
EFCAB9,2.0419526e-07,1309,dense_mlp
XKR3,2.0412483e-07,1310,dense_mlp
PPP1R1A,2.0405892e-07,1311,dense_mlp
PHEX,2.0403763e-07,1312,dense_mlp
ITIH5,2.0394931e-07,1313,dense_mlp
CRYBA1,2.038979e-07,1314,dense_mlp
EXOC3L1,2.0383573e-07,1315,dense_mlp
RPH3AL,2.0375978e-07,1316,dense_mlp
HPCA,2.036939e-07,1317,dense_mlp
TOX2,2.0367057e-07,1318,dense_mlp
BSPH1,2.0364796e-07,1319,dense_mlp
C12orf54,2.0354807e-07,1320,dense_mlp
TEX55,2.0347437e-07,1321,dense_mlp
ZFYVE28,2.0341854e-07,1322,dense_mlp
MAGEC3,2.0340538e-07,1323,dense_mlp
PCDHB15,2.033524e-07,1324,dense_mlp
MLIP,2.0330772e-07,1325,dense_mlp
SPATA31D3,2.0329925e-07,1326,dense_mlp
TAFA3,2.0326648e-07,1327,dense_mlp
FAM166A,2.0322379e-07,1328,dense_mlp
C1GALT1C1L,2.0317614e-07,1329,dense_mlp
SLC6A16,2.031694e-07,1330,dense_mlp
C16orf54,2.031573e-07,1331,dense_mlp
EVX2,2.0309402e-07,1332,dense_mlp
CSMD3,2.0305947e-07,1333,dense_mlp
C5orf49,2.029208e-07,1334,dense_mlp
CALHM5,2.0262391e-07,1335,dense_mlp
LXN,2.0255357e-07,1336,dense_mlp
NXPH4,2.0248982e-07,1337,dense_mlp
TREX2,2.0244589e-07,1338,dense_mlp
ERICH6B,2.023588e-07,1339,dense_mlp
C3orf80,2.0233662e-07,1340,dense_mlp
STXBP5L,2.0216274e-07,1341,dense_mlp
R3HDML,2.0213136e-07,1342,dense_mlp
PHYHIP,2.021162e-07,1343,dense_mlp
CARTPT,2.0211448e-07,1344,dense_mlp
CCDC201,2.020201e-07,1345,dense_mlp
PRR23A,2.0186792e-07,1346,dense_mlp
FAM221B,2.018512e-07,1347,dense_mlp
CALN1,2.0163088e-07,1348,dense_mlp
ARFGEF3,2.0143679e-07,1349,dense_mlp
SPINK7,2.014239e-07,1350,dense_mlp
BEND4,2.0131777e-07,1351,dense_mlp
WFDC10B,2.0131716e-07,1352,dense_mlp
ZNF385B,2.0131037e-07,1353,dense_mlp
TTC25,2.0130828e-07,1354,dense_mlp
USP50,2.012867e-07,1355,dense_mlp
P3R3URF,2.0117972e-07,1356,dense_mlp
PRAMEF20,2.0096056e-07,1357,dense_mlp
SYNPO2,2.0088207e-07,1358,dense_mlp
MAB21L4,2.0076952e-07,1359,dense_mlp
FREM2,2.0057335e-07,1360,dense_mlp
GPR148,2.0052543e-07,1361,dense_mlp
HOXB7,2.0032952e-07,1362,dense_mlp
AC099489.1,2.0027075e-07,1363,dense_mlp
ZBBX,2.0022867e-07,1364,dense_mlp
MARVELD2,2.0020397e-07,1365,dense_mlp
B4GALNT3,2.0010401e-07,1366,dense_mlp
SMIM31,2.0008171e-07,1367,dense_mlp
CEACAM4,1.998868e-07,1368,dense_mlp
MEIOB,1.9984566e-07,1369,dense_mlp
IGSF5,1.9956433e-07,1370,dense_mlp
GPA33,1.9955694e-07,1371,dense_mlp
KLK15,1.9952054e-07,1372,dense_mlp
PDZK1IP1,1.994763e-07,1373,dense_mlp
MRGPRX3,1.994029e-07,1374,dense_mlp
C2CD4C,1.99197e-07,1375,dense_mlp
SIM1,1.9908495e-07,1376,dense_mlp
H3F3B,1.9891857e-07,1377,dense_mlp
PAGE3,1.9891489e-07,1378,dense_mlp
OOSP4B,1.9857512e-07,1379,dense_mlp
TCTEX1D1,1.9848027e-07,1380,dense_mlp
GPRC5D,1.9845095e-07,1381,dense_mlp
CFAP74,1.984452e-07,1382,dense_mlp
SLC22A25,1.9839347e-07,1383,dense_mlp
MOXD1,1.9832206e-07,1384,dense_mlp
HELB,1.9827881e-07,1385,dense_mlp
VGLL2,1.9820887e-07,1386,dense_mlp
CLC,1.9814959e-07,1387,dense_mlp
DBX1,1.9814824e-07,1388,dense_mlp
TTC12,1.9800025e-07,1389,dense_mlp
TGM6,1.9799465e-07,1390,dense_mlp
CCDC9,1.9793191e-07,1391,dense_mlp
PROCA1,1.9783853e-07,1392,dense_mlp
TEKT5,1.9769418e-07,1393,dense_mlp
CARD18,1.9767306e-07,1394,dense_mlp
CMTM1,1.9755738e-07,1395,dense_mlp
CCT8L2,1.975299e-07,1396,dense_mlp
C3orf56,1.974512e-07,1397,dense_mlp
ZCCHC12,1.9742336e-07,1398,dense_mlp
CFAP161,1.9732978e-07,1399,dense_mlp
BVES,1.9720194e-07,1400,dense_mlp
FAM71D,1.9710089e-07,1401,dense_mlp
MYLPF,1.9706407e-07,1402,dense_mlp
IER2,1.9705435e-07,1403,dense_mlp
FAM161B,1.9696668e-07,1404,dense_mlp
ODAPH,1.9692003e-07,1405,dense_mlp
GPR151,1.9690489e-07,1406,dense_mlp
TENM2,1.9685584e-07,1407,dense_mlp
HOXB6,1.9653828e-07,1408,dense_mlp
SPANXN2,1.9652818e-07,1409,dense_mlp
TERB1,1.9651014e-07,1410,dense_mlp
MYO1A,1.9640498e-07,1411,dense_mlp
RFX8,1.9622647e-07,1412,dense_mlp
WFDC11,1.9615622e-07,1413,dense_mlp
PDZD3,1.9601337e-07,1414,dense_mlp
CCDC70,1.9580735e-07,1415,dense_mlp
C8orf74,1.9574485e-07,1416,dense_mlp
TRIM42,1.955582e-07,1417,dense_mlp
PRAMEF14,1.9555134e-07,1418,dense_mlp
LITAFD,1.953985e-07,1419,dense_mlp
DLX1,1.9539048e-07,1420,dense_mlp
IFNK,1.9501311e-07,1421,dense_mlp
TRHDE,1.9494261e-07,1422,dense_mlp
SPAAR,1.9483352e-07,1423,dense_mlp
FEZF2,1.9480048e-07,1424,dense_mlp
NKX3-1,1.9479585e-07,1425,dense_mlp
CLDN25,1.9479347e-07,1426,dense_mlp
RIPPLY1,1.947785e-07,1427,dense_mlp
SOWAHD,1.9470443e-07,1428,dense_mlp
PRR35,1.945736e-07,1429,dense_mlp
COLQ,1.9451299e-07,1430,dense_mlp
TEX13B,1.9444629e-07,1431,dense_mlp
C20orf85,1.9434424e-07,1432,dense_mlp
OVCH1,1.9397594e-07,1433,dense_mlp
HMX2,1.9396386e-07,1434,dense_mlp
ANXA13,1.9393232e-07,1435,dense_mlp
SYNCRIP,1.9390896e-07,1436,dense_mlp
SLC25A31,1.9390758e-07,1437,dense_mlp
GABRD,1.9384483e-07,1438,dense_mlp
MAGEB1,1.9377121e-07,1439,dense_mlp
TMEM130,1.9376976e-07,1440,dense_mlp
DLX4,1.937018e-07,1441,dense_mlp
EMX1,1.9369887e-07,1442,dense_mlp
CDK18,1.936308e-07,1443,dense_mlp
C9orf153,1.9362886e-07,1444,dense_mlp
SLC7A4,1.935811e-07,1445,dense_mlp
SMIM10L2B,1.9345603e-07,1446,dense_mlp
AKAP3,1.9345309e-07,1447,dense_mlp
TM4SF18,1.933013e-07,1448,dense_mlp
ZACN,1.9327172e-07,1449,dense_mlp
HIGD2B,1.9312573e-07,1450,dense_mlp
ANKRD62,1.9305612e-07,1451,dense_mlp
LRP5L,1.9299046e-07,1452,dense_mlp
SHISA3,1.9293662e-07,1453,dense_mlp
FBLN7,1.9293334e-07,1454,dense_mlp
LY75,1.929255e-07,1455,dense_mlp
TPBG,1.9290549e-07,1456,dense_mlp
DNAH17,1.9268354e-07,1457,dense_mlp
PCDHA11,1.9248941e-07,1458,dense_mlp
ACCSL,1.9248604e-07,1459,dense_mlp
AC113348.1,1.9248004e-07,1460,dense_mlp
CFAP57,1.9245253e-07,1461,dense_mlp
CCL26,1.9240065e-07,1462,dense_mlp
TLCD1,1.9238274e-07,1463,dense_mlp
TEX47,1.9224635e-07,1464,dense_mlp
CCDC169,1.9215133e-07,1465,dense_mlp
ASTL,1.9188158e-07,1466,dense_mlp
LEPR,1.9170439e-07,1467,dense_mlp
SOX5,1.9148398e-07,1468,dense_mlp
OLFML2A,1.9143135e-07,1469,dense_mlp
CPNE4,1.9139432e-07,1470,dense_mlp
SIX6,1.9113611e-07,1471,dense_mlp
BEX2,1.910669e-07,1472,dense_mlp
AL353572.3,1.9104674e-07,1473,dense_mlp
KLK9,1.910242e-07,1474,dense_mlp
STX11,1.9097511e-07,1475,dense_mlp
OR5BS1P,1.9097074e-07,1476,dense_mlp
SLFN12L,1.9091195e-07,1477,dense_mlp
SH2D6,1.9083386e-07,1478,dense_mlp
PLEKHS1,1.907863e-07,1479,dense_mlp
OBP2A,1.9073383e-07,1480,dense_mlp
PP2D1,1.9069674e-07,1481,dense_mlp
UBXN10,1.9060612e-07,1482,dense_mlp
AL445238.1,1.9052342e-07,1483,dense_mlp
MAGEB10,1.9036455e-07,1484,dense_mlp
ZDHHC23,1.9035753e-07,1485,dense_mlp
TRIM64B,1.9035055e-07,1486,dense_mlp
BEAN1,1.9032392e-07,1487,dense_mlp
CLIC3,1.9032099e-07,1488,dense_mlp
SCGB1D1,1.9012803e-07,1489,dense_mlp
NPTX2,1.9006826e-07,1490,dense_mlp
SULT1C3,1.8997244e-07,1491,dense_mlp
SOX14,1.8996057e-07,1492,dense_mlp
IFNW1,1.8971053e-07,1493,dense_mlp
STPG2,1.8962723e-07,1494,dense_mlp
ZNF888,1.8957834e-07,1495,dense_mlp
PKD2L2,1.8956148e-07,1496,dense_mlp
TTC36,1.8955625e-07,1497,dense_mlp
VSIG8,1.8953232e-07,1498,dense_mlp
GADD45B,1.8951177e-07,1499,dense_mlp
TMEM132C,1.894303e-07,1500,dense_mlp
SSX5,1.8942957e-07,1501,dense_mlp
IGHA1,1.8941012e-07,1502,dense_mlp
CHADL,1.8934902e-07,1503,dense_mlp
CXCL14,1.8932741e-07,1504,dense_mlp
SLC66A1L,1.8929241e-07,1505,dense_mlp
BMP5,1.8928802e-07,1506,dense_mlp
M1AP,1.8915111e-07,1507,dense_mlp
H1FOO,1.890976e-07,1508,dense_mlp
RSL24D1,1.8904706e-07,1509,dense_mlp
NBPF3,1.8900586e-07,1510,dense_mlp
BRINP3,1.8899635e-07,1511,dense_mlp
PRR29,1.888575e-07,1512,dense_mlp
LRRC31,1.8871953e-07,1513,dense_mlp
PYROXD2,1.886159e-07,1514,dense_mlp
SH2D5,1.8858844e-07,1515,dense_mlp
NEUROG2,1.8858614e-07,1516,dense_mlp
CRISP2,1.8853285e-07,1517,dense_mlp
HSBP1L1,1.8823945e-07,1518,dense_mlp
TTC29,1.8812932e-07,1519,dense_mlp
C11orf52,1.880785e-07,1520,dense_mlp
KLHL1,1.8804323e-07,1521,dense_mlp
PROB1,1.8802274e-07,1522,dense_mlp
GCM1,1.8792129e-07,1523,dense_mlp
CSH2,1.8766913e-07,1524,dense_mlp
COX7B2,1.8766755e-07,1525,dense_mlp
PLSCR5,1.8766283e-07,1526,dense_mlp
TMEM89,1.8755418e-07,1527,dense_mlp
FYCO1,1.8753697e-07,1528,dense_mlp
SERHL2,1.8743265e-07,1529,dense_mlp
PYHIN1,1.873958e-07,1530,dense_mlp
SERTM1,1.8735489e-07,1531,dense_mlp
RBM20,1.8733513e-07,1532,dense_mlp
AC008687.4,1.8720353e-07,1533,dense_mlp
GOT1L1,1.8708316e-07,1534,dense_mlp
WFDC8,1.8707115e-07,1535,dense_mlp
SLC22A7,1.870231e-07,1536,dense_mlp
SPINK4,1.8701526e-07,1537,dense_mlp
C16orf71,1.8700374e-07,1538,dense_mlp
CABS1,1.8685367e-07,1539,dense_mlp
CLLU1OS,1.868116e-07,1540,dense_mlp
PWWP3B,1.8680927e-07,1541,dense_mlp
PGC,1.8677271e-07,1542,dense_mlp
TOPAZ1,1.8670693e-07,1543,dense_mlp
BATF2,1.8667141e-07,1544,dense_mlp
AC025283.2,1.865614e-07,1545,dense_mlp
TGIF2LX,1.8650941e-07,1546,dense_mlp
LRRC32,1.8637529e-07,1547,dense_mlp
C17orf78,1.8631934e-07,1548,dense_mlp
TMPRSS11F,1.8621951e-07,1549,dense_mlp
PPDPFL,1.8620779e-07,1550,dense_mlp
DMRT2,1.8618414e-07,1551,dense_mlp
ABHD16B,1.8616315e-07,1552,dense_mlp
FIGN,1.8613336e-07,1553,dense_mlp
MROH2A,1.8606924e-07,1554,dense_mlp
GPR171,1.8601388e-07,1555,dense_mlp
CST6,1.8601057e-07,1556,dense_mlp
CEACAM19,1.8594197e-07,1557,dense_mlp
TCFL5,1.8583773e-07,1558,dense_mlp
STX19,1.858287e-07,1559,dense_mlp
C5orf52,1.8571056e-07,1560,dense_mlp
MYBPH,1.8569237e-07,1561,dense_mlp
SPATA19,1.8560337e-07,1562,dense_mlp
FIGLA,1.8547952e-07,1563,dense_mlp
LECT2,1.8540587e-07,1564,dense_mlp
CDH16,1.8530841e-07,1565,dense_mlp
TMEM225,1.8530572e-07,1566,dense_mlp
C8orf34,1.8515568e-07,1567,dense_mlp
ISX,1.851415e-07,1568,dense_mlp
DNAH9,1.8491515e-07,1569,dense_mlp
ACAP1,1.8428418e-07,1570,dense_mlp
ABI3,1.8425749e-07,1571,dense_mlp
ADGRG4,1.8422178e-07,1572,dense_mlp
C1orf68,1.8422128e-07,1573,dense_mlp
RNF224,1.8420938e-07,1574,dense_mlp
CRACR2B,1.8395852e-07,1575,dense_mlp
GULP1,1.836659e-07,1576,dense_mlp
PIM3,1.8355755e-07,1577,dense_mlp
TMED6,1.8355043e-07,1578,dense_mlp
DNTT,1.8351125e-07,1579,dense_mlp
FREM3,1.834899e-07,1580,dense_mlp
MRGPRX4,1.834738e-07,1581,dense_mlp
DDX53,1.8342901e-07,1582,dense_mlp
TSACC,1.834232e-07,1583,dense_mlp
TMEM235,1.8319022e-07,1584,dense_mlp
SLC12A8,1.8301539e-07,1585,dense_mlp
ZNF648,1.8287587e-07,1586,dense_mlp
RCAN2,1.8268211e-07,1587,dense_mlp
UBQLNL,1.8267619e-07,1588,dense_mlp
NR1I2,1.8261336e-07,1589,dense_mlp
FCGBP,1.8248865e-07,1590,dense_mlp
C12orf42,1.8242454e-07,1591,dense_mlp
HOXA9,1.8241047e-07,1592,dense_mlp
C2orf91,1.823535e-07,1593,dense_mlp
SERPINB11,1.823362e-07,1594,dense_mlp
CLEC3A,1.8233378e-07,1595,dense_mlp
CT62,1.8215727e-07,1596,dense_mlp
PIH1D2,1.8209899e-07,1597,dense_mlp
AL162231.1,1.8199376e-07,1598,dense_mlp
SEBOX,1.8197888e-07,1599,dense_mlp
PLEKHA7,1.8188848e-07,1600,dense_mlp
MT1HL1,1.8180414e-07,1601,dense_mlp
CHAD,1.8177117e-07,1602,dense_mlp
ZNF837,1.8174717e-07,1603,dense_mlp
VSX1,1.8162399e-07,1604,dense_mlp
AADACL4,1.8156834e-07,1605,dense_mlp
DPEP3,1.8147401e-07,1606,dense_mlp
PABPC1L2A,1.813993e-07,1607,dense_mlp
KCTD21,1.8135376e-07,1608,dense_mlp
PRSS35,1.8114424e-07,1609,dense_mlp
PRAMEF10,1.8111017e-07,1610,dense_mlp
CLRN3,1.8099968e-07,1611,dense_mlp
TIE1,1.8099763e-07,1612,dense_mlp
CRYGC,1.8096155e-07,1613,dense_mlp
PRPH2,1.8071707e-07,1614,dense_mlp
CAPG,1.8056366e-07,1615,dense_mlp
CDCP2,1.8056254e-07,1616,dense_mlp
SAMD11,1.8054541e-07,1617,dense_mlp
LMX1B,1.8050036e-07,1618,dense_mlp
C5orf46,1.8048901e-07,1619,dense_mlp
PCDHA8,1.8046931e-07,1620,dense_mlp
CYLC2,1.804377e-07,1621,dense_mlp
TFF2,1.80399e-07,1622,dense_mlp
MFSD12,1.8039654e-07,1623,dense_mlp
APCDD1L,1.8035936e-07,1624,dense_mlp
ECSCR,1.80262e-07,1625,dense_mlp
C2orf15,1.8021129e-07,1626,dense_mlp
ERICH3,1.8015471e-07,1627,dense_mlp
CALB2,1.8009132e-07,1628,dense_mlp
PCDH12,1.8006615e-07,1629,dense_mlp
ANKRD35,1.7999037e-07,1630,dense_mlp
SCEL,1.7998855e-07,1631,dense_mlp
TLE6,1.7997836e-07,1632,dense_mlp
POU4F3,1.7984406e-07,1633,dense_mlp
KAAG1,1.7980896e-07,1634,dense_mlp
TMEM125,1.7979195e-07,1635,dense_mlp
FAM50B,1.797264e-07,1636,dense_mlp
CTHRC1,1.7969238e-07,1637,dense_mlp
SPAG6,1.7962638e-07,1638,dense_mlp
ZNF497,1.795939e-07,1639,dense_mlp
TEX13D,1.7949664e-07,1640,dense_mlp
ZNF813,1.7904296e-07,1641,dense_mlp
DLEU7,1.7902411e-07,1642,dense_mlp
FAM240C,1.789226e-07,1643,dense_mlp
TRGC1,1.7890326e-07,1644,dense_mlp
NACAD,1.788684e-07,1645,dense_mlp
MAP3K20,1.7879191e-07,1646,dense_mlp
TEKT1,1.7878457e-07,1647,dense_mlp
PEG3,1.7875695e-07,1648,dense_mlp
OLFML2B,1.7871544e-07,1649,dense_mlp
CSRP3,1.786306e-07,1650,dense_mlp
FMO5,1.7862705e-07,1651,dense_mlp
HOXC9,1.7860688e-07,1652,dense_mlp
MGAM2,1.785894e-07,1653,dense_mlp
CCDC175,1.784423e-07,1654,dense_mlp
PALMD,1.7815887e-07,1655,dense_mlp
MGARP,1.781368e-07,1656,dense_mlp
CCDC116,1.7812324e-07,1657,dense_mlp
NSUN5,1.7809509e-07,1658,dense_mlp
XG,1.7807375e-07,1659,dense_mlp
PRAMEF8,1.7802584e-07,1660,dense_mlp
OR5R1,1.7800033e-07,1661,dense_mlp
HIST1H4G,1.7799141e-07,1662,dense_mlp
SSH3,1.779832e-07,1663,dense_mlp
C1orf210,1.7796766e-07,1664,dense_mlp
STK32B,1.7796654e-07,1665,dense_mlp
SORCS3,1.779191e-07,1666,dense_mlp
STAC2,1.7782925e-07,1667,dense_mlp
TENT5B,1.77813e-07,1668,dense_mlp
MUCL3,1.7773141e-07,1669,dense_mlp
TMEM102,1.7771929e-07,1670,dense_mlp
BLACAT1,1.7771754e-07,1671,dense_mlp
FAM118A,1.7765593e-07,1672,dense_mlp
GPR26,1.7758244e-07,1673,dense_mlp
APOL5,1.7744533e-07,1674,dense_mlp
MALRD1,1.7743557e-07,1675,dense_mlp
CLEC4F,1.7742651e-07,1676,dense_mlp
SOHLH1,1.7733944e-07,1677,dense_mlp
SP9,1.7727811e-07,1678,dense_mlp
PCED1B,1.772396e-07,1679,dense_mlp
LRRC34,1.7722635e-07,1680,dense_mlp
C3orf49,1.7720252e-07,1681,dense_mlp
NKX2-8,1.7716094e-07,1682,dense_mlp
AC021097.2,1.7705828e-07,1683,dense_mlp
INCA1,1.7700417e-07,1684,dense_mlp
AC119396.1,1.7688963e-07,1685,dense_mlp
SNX33,1.7679923e-07,1686,dense_mlp
MYH15,1.7656006e-07,1687,dense_mlp
CD164L2,1.765486e-07,1688,dense_mlp
MTFR2,1.7651219e-07,1689,dense_mlp
TEX13C,1.7650532e-07,1690,dense_mlp
TMBIM4,1.7649432e-07,1691,dense_mlp
TBX18,1.7648735e-07,1692,dense_mlp
RADX,1.7640828e-07,1693,dense_mlp
POTEM,1.7637137e-07,1694,dense_mlp
TMPRSS3,1.7631959e-07,1695,dense_mlp
SIRPD,1.7626039e-07,1696,dense_mlp
CST5,1.76194e-07,1697,dense_mlp
CHRD,1.7611052e-07,1698,dense_mlp
MRGPRX2,1.7604528e-07,1699,dense_mlp
BATF3,1.7595677e-07,1700,dense_mlp
CCDC125,1.7594344e-07,1701,dense_mlp
SLC46A2,1.759164e-07,1702,dense_mlp
TBC1D3B,1.7589369e-07,1703,dense_mlp
RFPL2,1.7588872e-07,1704,dense_mlp
DAW1,1.7587885e-07,1705,dense_mlp
VSTM1,1.758345e-07,1706,dense_mlp
FOXB1,1.7582624e-07,1707,dense_mlp
CT55,1.7569351e-07,1708,dense_mlp
SIDT1,1.7565337e-07,1709,dense_mlp
CARD17,1.7561605e-07,1710,dense_mlp
CEP112,1.7557399e-07,1711,dense_mlp
AJAP1,1.7556839e-07,1712,dense_mlp
CCDC68,1.7549007e-07,1713,dense_mlp
AC138647.1,1.7547448e-07,1714,dense_mlp
GFY,1.7534065e-07,1715,dense_mlp
MAMDC2,1.7531276e-07,1716,dense_mlp
ZNF391,1.751845e-07,1717,dense_mlp
IER5,1.7518138e-07,1718,dense_mlp
PCSK4,1.7512187e-07,1719,dense_mlp
LRRC56,1.750647e-07,1720,dense_mlp
GDF5OS,1.750562e-07,1721,dense_mlp
ECM2,1.748853e-07,1722,dense_mlp
RNASE9,1.74778e-07,1723,dense_mlp
TRPC5OS,1.7470639e-07,1724,dense_mlp
IRX6,1.7468737e-07,1725,dense_mlp
SHROOM4,1.746596e-07,1726,dense_mlp
MMP21,1.7464656e-07,1727,dense_mlp
ARL9,1.7459104e-07,1728,dense_mlp
HESX1,1.7450127e-07,1729,dense_mlp
KLF11,1.7446638e-07,1730,dense_mlp
MPV17L,1.7443136e-07,1731,dense_mlp
TP53TG5,1.7440904e-07,1732,dense_mlp
CEP126,1.7431724e-07,1733,dense_mlp
ZNF579,1.7422578e-07,1734,dense_mlp
AL109810.2,1.7421577e-07,1735,dense_mlp
MORC1,1.7411365e-07,1736,dense_mlp
WDR93,1.7406765e-07,1737,dense_mlp
TMEM272,1.7403526e-07,1738,dense_mlp
SMPX,1.7403035e-07,1739,dense_mlp
SAMD5,1.7402833e-07,1740,dense_mlp
FBXO24,1.7397133e-07,1741,dense_mlp
ACP4,1.7393258e-07,1742,dense_mlp
C1orf105,1.7385848e-07,1743,dense_mlp
SLC25A45,1.7383371e-07,1744,dense_mlp
HMX1,1.7379716e-07,1745,dense_mlp
CUX2,1.7378068e-07,1746,dense_mlp
QPCTL,1.7375218e-07,1747,dense_mlp
MEDAG,1.7367368e-07,1748,dense_mlp
SAMSN1,1.7365039e-07,1749,dense_mlp
MSANTD1,1.736182e-07,1750,dense_mlp
OAF,1.7359206e-07,1751,dense_mlp
KRT222,1.7359055e-07,1752,dense_mlp
PDLIM1,1.7337105e-07,1753,dense_mlp
RIIAD1,1.7331473e-07,1754,dense_mlp
GPR62,1.7318185e-07,1755,dense_mlp
MS4A15,1.7316239e-07,1756,dense_mlp
AC090360.1,1.7309675e-07,1757,dense_mlp
KRTAP4-12,1.7307704e-07,1758,dense_mlp
KLF18,1.7302506e-07,1759,dense_mlp
CDHR5,1.7301758e-07,1760,dense_mlp
PIFO,1.7296475e-07,1761,dense_mlp
P2RY8,1.7293385e-07,1762,dense_mlp
CLEC9A,1.7287863e-07,1763,dense_mlp
DYNAP,1.7270294e-07,1764,dense_mlp
AHNAK2,1.7267091e-07,1765,dense_mlp
ENPP5,1.7257783e-07,1766,dense_mlp
ESX1,1.724572e-07,1767,dense_mlp
C1QTNF12,1.7243191e-07,1768,dense_mlp
NR2E3,1.7238452e-07,1769,dense_mlp
EBF3,1.7236466e-07,1770,dense_mlp
GJE1,1.7235047e-07,1771,dense_mlp
MYOM3,1.723257e-07,1772,dense_mlp
ZNF728,1.7230023e-07,1773,dense_mlp
SCGB1D4,1.7224247e-07,1774,dense_mlp
ARMC5,1.722187e-07,1775,dense_mlp
LINGO2,1.7218547e-07,1776,dense_mlp
CFAP300,1.7214242e-07,1777,dense_mlp
BANK1,1.7209608e-07,1778,dense_mlp
MS4A6E,1.7204736e-07,1779,dense_mlp
DACH1,1.71826e-07,1780,dense_mlp
THNSL2,1.7173781e-07,1781,dense_mlp
KCNRG,1.7163619e-07,1782,dense_mlp
SLC38A11,1.716055e-07,1783,dense_mlp
NKX6-2,1.7157984e-07,1784,dense_mlp
RSPH1,1.7152352e-07,1785,dense_mlp
TP53I13,1.7150302e-07,1786,dense_mlp
FAM107A,1.7149752e-07,1787,dense_mlp
TLX3,1.7149709e-07,1788,dense_mlp
PSAPL1,1.7144693e-07,1789,dense_mlp
TMEM196,1.7143162e-07,1790,dense_mlp
CD200R1L,1.7142732e-07,1791,dense_mlp
ACTBL2,1.7128434e-07,1792,dense_mlp
AC091057.6,1.7120979e-07,1793,dense_mlp
CRYBG1,1.711798e-07,1794,dense_mlp
MS4A10,1.7117785e-07,1795,dense_mlp
PRAMEF1,1.711177e-07,1796,dense_mlp
FAM24B,1.7106207e-07,1797,dense_mlp
OIT3,1.7099639e-07,1798,dense_mlp
BCL6B,1.7099543e-07,1799,dense_mlp
STRIT1,1.708437e-07,1800,dense_mlp
ZSWIM5,1.7080397e-07,1801,dense_mlp
ITIH6,1.7072574e-07,1802,dense_mlp
MAATS1,1.7065211e-07,1803,dense_mlp
FAM71E2,1.7055297e-07,1804,dense_mlp
NASP,1.7054995e-07,1805,dense_mlp
C10orf62,1.7054386e-07,1806,dense_mlp
MICALL1,1.7054248e-07,1807,dense_mlp
DCDC2,1.7006758e-07,1808,dense_mlp
SAMD9,1.7005385e-07,1809,dense_mlp
NELL1,1.7003464e-07,1810,dense_mlp
FSCB,1.6995591e-07,1811,dense_mlp
NLRP2,1.6991314e-07,1812,dense_mlp
NNAT,1.6979051e-07,1813,dense_mlp
GSTT4,1.6975703e-07,1814,dense_mlp
KLF14,1.697442e-07,1815,dense_mlp
RBPMS,1.6973229e-07,1816,dense_mlp
BNC2,1.6966446e-07,1817,dense_mlp
HIGD1B,1.6961752e-07,1818,dense_mlp
MYOC,1.6957412e-07,1819,dense_mlp
PIH1D3,1.6953013e-07,1820,dense_mlp
CD40,1.6952002e-07,1821,dense_mlp
KLHL33,1.6951007e-07,1822,dense_mlp
CACNA1F,1.6950341e-07,1823,dense_mlp
DNAH8,1.6949329e-07,1824,dense_mlp
SLC4A11,1.6948691e-07,1825,dense_mlp
PKD1L3,1.6942143e-07,1826,dense_mlp
C1QTNF2,1.6942073e-07,1827,dense_mlp
SSUH2,1.6941904e-07,1828,dense_mlp
LMX1A,1.6941118e-07,1829,dense_mlp
SLC15A5,1.6935887e-07,1830,dense_mlp
C11orf88,1.6933217e-07,1831,dense_mlp
CCDC69,1.692597e-07,1832,dense_mlp
TMEM252,1.6895889e-07,1833,dense_mlp
CEP295NL,1.6888183e-07,1834,dense_mlp
LYZL4,1.6886952e-07,1835,dense_mlp
C1QTNF6,1.6883723e-07,1836,dense_mlp
SPATA16,1.6879963e-07,1837,dense_mlp
TMEM269,1.6867016e-07,1838,dense_mlp
TEX38,1.6865663e-07,1839,dense_mlp
BARX2,1.6865307e-07,1840,dense_mlp
C1orf185,1.6847696e-07,1841,dense_mlp
NKX2-6,1.6834751e-07,1842,dense_mlp
SYNGR4,1.6833695e-07,1843,dense_mlp
CLEC18A,1.6830202e-07,1844,dense_mlp
BMPER,1.6828045e-07,1845,dense_mlp
CBY3,1.682713e-07,1846,dense_mlp
RASSF7,1.682343e-07,1847,dense_mlp
PTCHD1,1.6816773e-07,1848,dense_mlp
KRTAP22-2,1.6815927e-07,1849,dense_mlp
BEX5,1.6815603e-07,1850,dense_mlp
OSTN,1.681399e-07,1851,dense_mlp
ZDHHC11B,1.6810684e-07,1852,dense_mlp
C1orf167,1.6807999e-07,1853,dense_mlp
FAM237A,1.6804813e-07,1854,dense_mlp
TEX52,1.6803965e-07,1855,dense_mlp
CASS4,1.679888e-07,1856,dense_mlp
C11orf45,1.6784333e-07,1857,dense_mlp
SPACA9,1.6748336e-07,1858,dense_mlp
CCSER1,1.6747772e-07,1859,dense_mlp
TMEM239,1.673904e-07,1860,dense_mlp
FOXL1,1.673894e-07,1861,dense_mlp
HYPM,1.6733566e-07,1862,dense_mlp
DND1,1.673191e-07,1863,dense_mlp
ZBED9,1.6725635e-07,1864,dense_mlp
C6orf223,1.6719054e-07,1865,dense_mlp
MXRA5,1.6718599e-07,1866,dense_mlp
C20orf141,1.6706014e-07,1867,dense_mlp
TMEM154,1.6703538e-07,1868,dense_mlp
MAGEL2,1.6684811e-07,1869,dense_mlp
ADAD1,1.6682725e-07,1870,dense_mlp
ZDHHC1,1.6681675e-07,1871,dense_mlp
CCDC17,1.667548e-07,1872,dense_mlp
FAM151A,1.6672578e-07,1873,dense_mlp
CRYGN,1.6670873e-07,1874,dense_mlp
MID2,1.6652662e-07,1875,dense_mlp
MAGEB5,1.6640954e-07,1876,dense_mlp
PKD2L1,1.6640057e-07,1877,dense_mlp
GAGE10,1.6635722e-07,1878,dense_mlp
STUM,1.6622907e-07,1879,dense_mlp
DKKL1,1.6621746e-07,1880,dense_mlp
FER1L5,1.6620983e-07,1881,dense_mlp
SP6,1.6606676e-07,1882,dense_mlp
HRCT1,1.6606337e-07,1883,dense_mlp
PKLR,1.6602485e-07,1884,dense_mlp
ELF4,1.6592995e-07,1885,dense_mlp
LRRC3,1.6569396e-07,1886,dense_mlp
ZC3H12D,1.6569375e-07,1887,dense_mlp
TRIM64C,1.6566418e-07,1888,dense_mlp
DDN,1.6565247e-07,1889,dense_mlp
ANKRD29,1.6549443e-07,1890,dense_mlp
CD247,1.6542316e-07,1891,dense_mlp
CDRT15,1.6541631e-07,1892,dense_mlp
CATSPERE,1.6539187e-07,1893,dense_mlp
TLCD4,1.653491e-07,1894,dense_mlp
PABPC4L,1.6532093e-07,1895,dense_mlp
NHLH1,1.6531483e-07,1896,dense_mlp
PSORS1C2,1.652913e-07,1897,dense_mlp
GPR142,1.6524542e-07,1898,dense_mlp
TXNDC8,1.6518098e-07,1899,dense_mlp
EMP2,1.6517947e-07,1900,dense_mlp
IL1RAP,1.6511297e-07,1901,dense_mlp
C2CD4D,1.6510293e-07,1902,dense_mlp
TMEM52B,1.6503368e-07,1903,dense_mlp
AC013470.2,1.6483843e-07,1904,dense_mlp
C2orf50,1.6466666e-07,1905,dense_mlp
HOXC13,1.6465536e-07,1906,dense_mlp
C17orf100,1.6457633e-07,1907,dense_mlp
OOEP,1.6450471e-07,1908,dense_mlp
MEP1A,1.6440717e-07,1909,dense_mlp
MYO7B,1.6439942e-07,1910,dense_mlp
FDCSP,1.643456e-07,1911,dense_mlp
RGS7BP,1.6433745e-07,1912,dense_mlp
C1orf116,1.6433283e-07,1913,dense_mlp
CAGE1,1.6429124e-07,1914,dense_mlp
EVA1B,1.642341e-07,1915,dense_mlp
FADS6,1.6423286e-07,1916,dense_mlp
MEOX1,1.6414683e-07,1917,dense_mlp
IQCC,1.6409103e-07,1918,dense_mlp
PHF11,1.6396466e-07,1919,dense_mlp
MYOZ1,1.6396456e-07,1920,dense_mlp
FSTL5,1.6391321e-07,1921,dense_mlp
FAM90A1,1.6379697e-07,1922,dense_mlp
C20orf173,1.6378065e-07,1923,dense_mlp
SPATA6,1.6361768e-07,1924,dense_mlp
ASCL3,1.6359124e-07,1925,dense_mlp
CCDC141,1.6357454e-07,1926,dense_mlp
SPATA45,1.6357333e-07,1927,dense_mlp
SCML2,1.6348478e-07,1928,dense_mlp
MAZ,1.6333533e-07,1929,dense_mlp
ADGRF4,1.6307412e-07,1930,dense_mlp
ALX4,1.629293e-07,1931,dense_mlp
SLC17A9,1.629025e-07,1932,dense_mlp
PLSCR1,1.6280501e-07,1933,dense_mlp
GZMA,1.625599e-07,1934,dense_mlp
CBLN4,1.6244783e-07,1935,dense_mlp
ODF3,1.622782e-07,1936,dense_mlp
ZNF808,1.6225778e-07,1937,dense_mlp
GLT8D2,1.6218908e-07,1938,dense_mlp
SBK2,1.6206667e-07,1939,dense_mlp
RFLNB,1.6183508e-07,1940,dense_mlp
C2orf16,1.6167057e-07,1941,dense_mlp
INSRR,1.6162006e-07,1942,dense_mlp
NLRP11,1.6159763e-07,1943,dense_mlp
GPR180,1.6159255e-07,1944,dense_mlp
C1QTNF4,1.6149058e-07,1945,dense_mlp
SLC16A5,1.614872e-07,1946,dense_mlp
TSSK2,1.614244e-07,1947,dense_mlp
PPP1R2C,1.6131753e-07,1948,dense_mlp
SPRY4,1.6119897e-07,1949,dense_mlp
GKN1,1.6118338e-07,1950,dense_mlp
BTBD16,1.6115578e-07,1951,dense_mlp
TEX19,1.6113994e-07,1952,dense_mlp
SPZ1,1.6109831e-07,1953,dense_mlp
NANOS1,1.610782e-07,1954,dense_mlp
LRRC37A2,1.6106003e-07,1955,dense_mlp
MEI4,1.6096872e-07,1956,dense_mlp
PYDC2,1.6095355e-07,1957,dense_mlp
SPATA31D1,1.6085355e-07,1958,dense_mlp
PLEKHM1,1.6068277e-07,1959,dense_mlp
DNAH12,1.6066357e-07,1960,dense_mlp
SLC35F2,1.6064882e-07,1961,dense_mlp
CDC20B,1.606178e-07,1962,dense_mlp
TRIM16L,1.6055509e-07,1963,dense_mlp
MORN5,1.6053328e-07,1964,dense_mlp
ECT2L,1.6053104e-07,1965,dense_mlp
MRAP2,1.6050889e-07,1966,dense_mlp
TSPAN1,1.604672e-07,1967,dense_mlp
NKX1-2,1.6039442e-07,1968,dense_mlp
RAMACL,1.6039355e-07,1969,dense_mlp
MKRN2OS,1.6037353e-07,1970,dense_mlp
VSTM2A,1.6032153e-07,1971,dense_mlp
ANKRD22,1.6029037e-07,1972,dense_mlp
MYO5C,1.6012625e-07,1973,dense_mlp
ATP23,1.6010547e-07,1974,dense_mlp
CNFN,1.6006473e-07,1975,dense_mlp
GPR141,1.6006203e-07,1976,dense_mlp
SPATA21,1.6005441e-07,1977,dense_mlp
SPATA4,1.6002024e-07,1978,dense_mlp
ALX1,1.5999808e-07,1979,dense_mlp
SLC16A12,1.5999737e-07,1980,dense_mlp
CCDC65,1.5996808e-07,1981,dense_mlp
LSMEM2,1.5978871e-07,1982,dense_mlp
TMEM255B,1.5974425e-07,1983,dense_mlp
STAC,1.5971717e-07,1984,dense_mlp
OVOL3,1.5971197e-07,1985,dense_mlp
OVCH2,1.5969145e-07,1986,dense_mlp
TTC4,1.5967056e-07,1987,dense_mlp
FCRL5,1.596256e-07,1988,dense_mlp
CNTNAP3,1.5956059e-07,1989,dense_mlp
ARID5A,1.595443e-07,1990,dense_mlp
PRDM15,1.5954234e-07,1991,dense_mlp
DNAAF3,1.5946686e-07,1992,dense_mlp
CLPSL2,1.594291e-07,1993,dense_mlp
ZNF469,1.5931859e-07,1994,dense_mlp
KLF8,1.593104e-07,1995,dense_mlp
ASIP,1.5930533e-07,1996,dense_mlp
RBMXL3,1.5928778e-07,1997,dense_mlp
TBX15,1.5926436e-07,1998,dense_mlp
SMIM10L2A,1.5926071e-07,1999,dense_mlp
DNAH3,1.5925242e-07,2000,dense_mlp
MOB3B,1.5916353e-07,2001,dense_mlp
HMCN2,1.5910261e-07,2002,dense_mlp
CKAP2,1.5901227e-07,2003,dense_mlp
UFSP1,1.5887629e-07,2004,dense_mlp
VSIG2,1.5886145e-07,2005,dense_mlp
METTL24,1.5882725e-07,2006,dense_mlp
MYO1D,1.588147e-07,2007,dense_mlp
SLC25A30,1.5871709e-07,2008,dense_mlp
C12orf71,1.5861403e-07,2009,dense_mlp
RBM44,1.5855463e-07,2010,dense_mlp
C19orf67,1.5852233e-07,2011,dense_mlp
PRPH,1.5851785e-07,2012,dense_mlp
ACRV1,1.5843007e-07,2013,dense_mlp
SPAG17,1.5842333e-07,2014,dense_mlp
ELOA3,1.58407e-07,2015,dense_mlp
MYADM,1.5825543e-07,2016,dense_mlp
C4orf45,1.5814125e-07,2017,dense_mlp
CLSTN2,1.5805404e-07,2018,dense_mlp
ARMH2,1.580126e-07,2019,dense_mlp
NKG7,1.5791719e-07,2020,dense_mlp
DIPK2B,1.5791245e-07,2021,dense_mlp
TSPAN8,1.5789634e-07,2022,dense_mlp
PGPEP1L,1.5786786e-07,2023,dense_mlp
C11orf97,1.5777928e-07,2024,dense_mlp
IRF2BP1,1.5774337e-07,2025,dense_mlp
SMKR1,1.57699e-07,2026,dense_mlp
VAMP5,1.5758108e-07,2027,dense_mlp
CENPV,1.5756368e-07,2028,dense_mlp
APOBEC3F,1.5755994e-07,2029,dense_mlp
C3orf70,1.5754753e-07,2030,dense_mlp
DCDC2B,1.5749498e-07,2031,dense_mlp
CIB3,1.5745246e-07,2032,dense_mlp
NACC2,1.5739526e-07,2033,dense_mlp
PAMR1,1.5732043e-07,2034,dense_mlp
S100A4,1.5728179e-07,2035,dense_mlp
TENM1,1.571296e-07,2036,dense_mlp
DZANK1,1.5711764e-07,2037,dense_mlp
ZBED4,1.5708666e-07,2038,dense_mlp
GPR88,1.5697493e-07,2039,dense_mlp
HEPHL1,1.5685646e-07,2040,dense_mlp
JCAD,1.5683686e-07,2041,dense_mlp
MAP6D1,1.5682463e-07,2042,dense_mlp
PNMA3,1.5673585e-07,2043,dense_mlp
C4orf47,1.5668998e-07,2044,dense_mlp
CYSRT1,1.5660682e-07,2045,dense_mlp
N4BP3,1.5654636e-07,2046,dense_mlp
CCM2L,1.565164e-07,2047,dense_mlp
FSTL4,1.565032e-07,2048,dense_mlp
SIM2,1.5647463e-07,2049,dense_mlp
C16orf90,1.5641723e-07,2050,dense_mlp
TIGD4,1.5638975e-07,2051,dense_mlp
TGM3,1.5636962e-07,2052,dense_mlp
RUFY4,1.5635099e-07,2053,dense_mlp
CRYGB,1.5620645e-07,2054,dense_mlp
DQX1,1.5617206e-07,2055,dense_mlp
HOXD10,1.5614893e-07,2056,dense_mlp
OC90,1.561132e-07,2057,dense_mlp
PDZRN4,1.5606693e-07,2058,dense_mlp
PRSS33,1.5599987e-07,2059,dense_mlp
POU1F1,1.5598498e-07,2060,dense_mlp
TMEM119,1.5595876e-07,2061,dense_mlp
EML6,1.5582815e-07,2062,dense_mlp
FAM47E,1.5581708e-07,2063,dense_mlp
DNAH10,1.557305e-07,2064,dense_mlp
TRIL,1.5570608e-07,2065,dense_mlp
REEP6,1.556728e-07,2066,dense_mlp
TSPAN19,1.5565543e-07,2067,dense_mlp
LHX5,1.5562874e-07,2068,dense_mlp
KY,1.5562006e-07,2069,dense_mlp
TMEM211,1.5557899e-07,2070,dense_mlp
OCSTAMP,1.5556225e-07,2071,dense_mlp
AIFM3,1.5551e-07,2072,dense_mlp
REP15,1.5550509e-07,2073,dense_mlp
FNDC5,1.5543378e-07,2074,dense_mlp
SAMD9L,1.5541295e-07,2075,dense_mlp
AC135068.1,1.552745e-07,2076,dense_mlp
SPATC1,1.5523791e-07,2077,dense_mlp
NLRP9,1.5519745e-07,2078,dense_mlp
EBLN2,1.5518219e-07,2079,dense_mlp
C1orf194,1.5518033e-07,2080,dense_mlp
PAQR5,1.550434e-07,2081,dense_mlp
PSD4,1.5498303e-07,2082,dense_mlp
UPK1B,1.5498053e-07,2083,dense_mlp
RSPH6A,1.5491085e-07,2084,dense_mlp
CCNI2,1.5483064e-07,2085,dense_mlp
ZSCAN1,1.5466554e-07,2086,dense_mlp
TGDS,1.5466009e-07,2087,dense_mlp
CCL14,1.5464416e-07,2088,dense_mlp
ADPRH,1.5450485e-07,2089,dense_mlp
CFAP97D1,1.5450334e-07,2090,dense_mlp
CD83,1.5449967e-07,2091,dense_mlp
KNDC1,1.5449763e-07,2092,dense_mlp
TCP11,1.5447988e-07,2093,dense_mlp
AARD,1.5443497e-07,2094,dense_mlp
ADGRL4,1.5433324e-07,2095,dense_mlp
CILP2,1.5426595e-07,2096,dense_mlp
MACROD2,1.5422435e-07,2097,dense_mlp
AFAP1L1,1.5419292e-07,2098,dense_mlp
C1orf141,1.5416947e-07,2099,dense_mlp
POU5F1B,1.5409563e-07,2100,dense_mlp
CASC4,1.540817e-07,2101,dense_mlp
SLC16A4,1.5401038e-07,2102,dense_mlp
SPATA6L,1.5398565e-07,2103,dense_mlp
PAGE4,1.5394487e-07,2104,dense_mlp
OPALIN,1.5394308e-07,2105,dense_mlp
CABP7,1.5391758e-07,2106,dense_mlp
DCBLD1,1.5388551e-07,2107,dense_mlp
ODF4,1.538528e-07,2108,dense_mlp
ZNF132,1.5375672e-07,2109,dense_mlp
ZG16B,1.5367104e-07,2110,dense_mlp
HCLS1,1.5363538e-07,2111,dense_mlp
C17orf107,1.5356603e-07,2112,dense_mlp
MYMX,1.5345773e-07,2113,dense_mlp
FYB2,1.534128e-07,2114,dense_mlp
EFCAB12,1.533818e-07,2115,dense_mlp
TANC1,1.5335776e-07,2116,dense_mlp
EVA1C,1.5332259e-07,2117,dense_mlp
GK3P,1.5328477e-07,2118,dense_mlp
KLHL38,1.5323134e-07,2119,dense_mlp
SAP25,1.5321486e-07,2120,dense_mlp
TTC24,1.5318692e-07,2121,dense_mlp
C20orf204,1.5315273e-07,2122,dense_mlp
CST2,1.5300306e-07,2123,dense_mlp
SMIM6,1.5289801e-07,2124,dense_mlp
ERG,1.5288826e-07,2125,dense_mlp
EMP3,1.5288411e-07,2126,dense_mlp
GBX1,1.5287253e-07,2127,dense_mlp
KIAA0825,1.5282431e-07,2128,dense_mlp
NEUROD2,1.5279375e-07,2129,dense_mlp
KIAA1210,1.5277429e-07,2130,dense_mlp
C11orf53,1.5276247e-07,2131,dense_mlp
PARP15,1.5264749e-07,2132,dense_mlp
MANSC4,1.5253659e-07,2133,dense_mlp
TSPEAR,1.5253521e-07,2134,dense_mlp
TMEM202,1.5248379e-07,2135,dense_mlp
ERICH2,1.5248145e-07,2136,dense_mlp
CPED1,1.524465e-07,2137,dense_mlp
HPCAL4,1.523519e-07,2138,dense_mlp
GCSAML,1.5234954e-07,2139,dense_mlp
FOXR2,1.5233825e-07,2140,dense_mlp
HHIPL2,1.5233175e-07,2141,dense_mlp
ATAD3A,1.5226341e-07,2142,dense_mlp
RNF148,1.5225552e-07,2143,dense_mlp
ERFL,1.5220908e-07,2144,dense_mlp
DEPDC7,1.5218063e-07,2145,dense_mlp
ARMC4,1.5215211e-07,2146,dense_mlp
AC187653.1,1.5214815e-07,2147,dense_mlp
APOLD1,1.5207993e-07,2148,dense_mlp
GTSF1,1.5195337e-07,2149,dense_mlp
LLCFC1,1.5191486e-07,2150,dense_mlp
LRFN5,1.5184423e-07,2151,dense_mlp
TEX45,1.518409e-07,2152,dense_mlp
ITPRID1,1.5183132e-07,2153,dense_mlp
CREG2,1.5177183e-07,2154,dense_mlp
DHRS7C,1.5174709e-07,2155,dense_mlp
RWDD2B,1.5156094e-07,2156,dense_mlp
DAAM2,1.5150476e-07,2157,dense_mlp
C17orf53,1.5147157e-07,2158,dense_mlp
MYLK3,1.5145586e-07,2159,dense_mlp
CD8B2,1.5143462e-07,2160,dense_mlp
SMIM36,1.5140797e-07,2161,dense_mlp
GKAP1,1.5138009e-07,2162,dense_mlp
TEX43,1.5123521e-07,2163,dense_mlp
IQCA1,1.5119842e-07,2164,dense_mlp
TAGLN,1.5116348e-07,2165,dense_mlp
C3orf85,1.5114884e-07,2166,dense_mlp
C1orf115,1.5114357e-07,2167,dense_mlp
PRSS56,1.5111513e-07,2168,dense_mlp
MPEG1,1.5110136e-07,2169,dense_mlp
HES2,1.5106438e-07,2170,dense_mlp
CABP4,1.509243e-07,2171,dense_mlp
KLLN,1.5092319e-07,2172,dense_mlp
PABPC3,1.5085477e-07,2173,dense_mlp
SMIM18,1.5080714e-07,2174,dense_mlp
LACRT,1.5072035e-07,2175,dense_mlp
ZNF165,1.5070347e-07,2176,dense_mlp
LHFPL4,1.5056816e-07,2177,dense_mlp
OGDHL,1.5056081e-07,2178,dense_mlp
C12orf75,1.5049766e-07,2179,dense_mlp
BMP8B,1.5045796e-07,2180,dense_mlp
TTC39A,1.5042131e-07,2181,dense_mlp
LSMEM1,1.5041175e-07,2182,dense_mlp
KATNAL2,1.5038056e-07,2183,dense_mlp
CRTAC1,1.5023583e-07,2184,dense_mlp
HIST3H2BB,1.5021241e-07,2185,dense_mlp
CCDC170,1.5019992e-07,2186,dense_mlp
RSPH4A,1.5012778e-07,2187,dense_mlp
C6orf15,1.5007782e-07,2188,dense_mlp
FAM189A1,1.500517e-07,2189,dense_mlp
MINDY4,1.5004368e-07,2190,dense_mlp
VSTM2B,1.5002095e-07,2191,dense_mlp
OTOL1,1.4984106e-07,2192,dense_mlp
ZNF672,1.4983908e-07,2193,dense_mlp
ILDR1,1.497845e-07,2194,dense_mlp
MSC,1.4966004e-07,2195,dense_mlp
CADPS2,1.496302e-07,2196,dense_mlp
PXDNL,1.496105e-07,2197,dense_mlp
CALHM4,1.4952943e-07,2198,dense_mlp
XAGE3,1.4941709e-07,2199,dense_mlp
TAF11L11,1.4941278e-07,2200,dense_mlp
SLC16A14,1.4941047e-07,2201,dense_mlp
CHODL,1.4933653e-07,2202,dense_mlp
TSPO2,1.4933646e-07,2203,dense_mlp
CROCC2,1.4925922e-07,2204,dense_mlp
MYOM2,1.4925645e-07,2205,dense_mlp
TMEM19,1.4910299e-07,2206,dense_mlp
GLDN,1.4906637e-07,2207,dense_mlp
SHC4,1.4906392e-07,2208,dense_mlp
TMCO4,1.4900701e-07,2209,dense_mlp
GNB1L,1.4897843e-07,2210,dense_mlp
KCTD8,1.4895548e-07,2211,dense_mlp
MCRIP2,1.4884242e-07,2212,dense_mlp
C17orf50,1.4879673e-07,2213,dense_mlp
ANKRD2,1.4876646e-07,2214,dense_mlp
XKR8,1.4873213e-07,2215,dense_mlp
RAB11FIP1,1.4871956e-07,2216,dense_mlp
TMEM174,1.487144e-07,2217,dense_mlp
SLC37A2,1.486499e-07,2218,dense_mlp
LRRC18,1.4862302e-07,2219,dense_mlp
ZNF618,1.4860096e-07,2220,dense_mlp
FAM43B,1.4858202e-07,2221,dense_mlp
SEPTIN1,1.485786e-07,2222,dense_mlp
MCCD1,1.4857363e-07,2223,dense_mlp
C11orf91,1.482903e-07,2224,dense_mlp
WWC2,1.4826846e-07,2225,dense_mlp
FAM163A,1.4824543e-07,2226,dense_mlp
DRAXIN,1.4822432e-07,2227,dense_mlp
CTXN2,1.4821413e-07,2228,dense_mlp
ASCL4,1.4816804e-07,2229,dense_mlp
MAP7D2,1.4814735e-07,2230,dense_mlp
LRMP,1.48108e-07,2231,dense_mlp
CCDC188,1.4800942e-07,2232,dense_mlp
GTSF1L,1.4791823e-07,2233,dense_mlp
PTPRR,1.4790152e-07,2234,dense_mlp
RBM46,1.4788843e-07,2235,dense_mlp
SRARP,1.4776953e-07,2236,dense_mlp
RASL11A,1.477646e-07,2237,dense_mlp
SLC25A48,1.4775306e-07,2238,dense_mlp
FREM1,1.4772039e-07,2239,dense_mlp
DDI2,1.4769164e-07,2240,dense_mlp
NBDY,1.4758258e-07,2241,dense_mlp
PCDHA7,1.4756681e-07,2242,dense_mlp
FAM227B,1.4738305e-07,2243,dense_mlp
UNC13C,1.4729717e-07,2244,dense_mlp
AP002495.1,1.4728236e-07,2245,dense_mlp
MEIS3,1.4725913e-07,2246,dense_mlp
FAM186A,1.4720777e-07,2247,dense_mlp
GABRG1,1.4710892e-07,2248,dense_mlp
REM2,1.4706416e-07,2249,dense_mlp
CD37,1.4694689e-07,2250,dense_mlp
PTER,1.4693681e-07,2251,dense_mlp
HYDIN,1.4692232e-07,2252,dense_mlp
CARD6,1.4690123e-07,2253,dense_mlp
FCRLB,1.4689977e-07,2254,dense_mlp
TMEM37,1.468721e-07,2255,dense_mlp
VWC2L,1.4686086e-07,2256,dense_mlp
C2CD6,1.467373e-07,2257,dense_mlp
SUN3,1.467183e-07,2258,dense_mlp
ANKK1,1.4670107e-07,2259,dense_mlp
AIF1,1.4668906e-07,2260,dense_mlp
MARC2,1.4666676e-07,2261,dense_mlp
SHFL,1.4657991e-07,2262,dense_mlp
MYCNOS,1.4654687e-07,2263,dense_mlp
CD69,1.465238e-07,2264,dense_mlp
NHSL2,1.4647931e-07,2265,dense_mlp
SMAGP,1.4645995e-07,2266,dense_mlp
HOXD13,1.464421e-07,2267,dense_mlp
PXDC1,1.4631931e-07,2268,dense_mlp
MISP,1.4627203e-07,2269,dense_mlp
WFDC13,1.4624337e-07,2270,dense_mlp
KCTD14,1.4610363e-07,2271,dense_mlp
ENC1,1.4607402e-07,2272,dense_mlp
FAM217A,1.4605318e-07,2273,dense_mlp
ANKDD1B,1.4603404e-07,2274,dense_mlp
NPAS1,1.4602615e-07,2275,dense_mlp
LBH,1.460021e-07,2276,dense_mlp
ODF3L1,1.4598503e-07,2277,dense_mlp
IQUB,1.4594852e-07,2278,dense_mlp
PLCXD3,1.4591387e-07,2279,dense_mlp
BCL2L12,1.4588046e-07,2280,dense_mlp
TMEM163,1.4587575e-07,2281,dense_mlp
ZBTB32,1.4587567e-07,2282,dense_mlp
C1orf226,1.4583247e-07,2283,dense_mlp
PPM1M,1.4579231e-07,2284,dense_mlp
C9orf85,1.4575642e-07,2285,dense_mlp
RCBTB2,1.4573841e-07,2286,dense_mlp
ARRDC2,1.4569743e-07,2287,dense_mlp
TMEM250,1.4568386e-07,2288,dense_mlp
SAMD12,1.456657e-07,2289,dense_mlp
LGSN,1.4563935e-07,2290,dense_mlp
GPRIN3,1.4557594e-07,2291,dense_mlp
LDLRAD1,1.4555262e-07,2292,dense_mlp
ERP27,1.4541577e-07,2293,dense_mlp
TRIM58,1.4534074e-07,2294,dense_mlp
CELSR1,1.452906e-07,2295,dense_mlp
USH2A,1.4520954e-07,2296,dense_mlp
C1QTNF1,1.4517579e-07,2297,dense_mlp
EGFL7,1.4506774e-07,2298,dense_mlp
PNLDC1,1.4500543e-07,2299,dense_mlp
LRP1B,1.449991e-07,2300,dense_mlp
TYW1B,1.448315e-07,2301,dense_mlp
FNDC3A,1.4482632e-07,2302,dense_mlp
CNKSR3,1.4481635e-07,2303,dense_mlp
TMEM52,1.4476194e-07,2304,dense_mlp
EFHC2,1.4467275e-07,2305,dense_mlp
TM4SF19,1.4455435e-07,2306,dense_mlp
LENEP,1.4446354e-07,2307,dense_mlp
SLC18A1,1.4445428e-07,2308,dense_mlp
ZBTB49,1.4440124e-07,2309,dense_mlp
BHLHE23,1.4437067e-07,2310,dense_mlp
PAPLN,1.443468e-07,2311,dense_mlp
SPRR5,1.4433017e-07,2312,dense_mlp
NAP1L2,1.443252e-07,2313,dense_mlp
PALM2-AKAP2,1.4432189e-07,2314,dense_mlp
VASN,1.4432113e-07,2315,dense_mlp
C19orf38,1.4431085e-07,2316,dense_mlp
GAS2L2,1.4426266e-07,2317,dense_mlp
BMP6,1.4422623e-07,2318,dense_mlp
FNDC7,1.4414246e-07,2319,dense_mlp
FOXD4,1.4403093e-07,2320,dense_mlp
CCDC27,1.4393137e-07,2321,dense_mlp
MOK,1.4390767e-07,2322,dense_mlp
CIDEB,1.4382896e-07,2323,dense_mlp
GRID2IP,1.4382127e-07,2324,dense_mlp
PRR23C,1.4376226e-07,2325,dense_mlp
GIN1,1.4375617e-07,2326,dense_mlp
SRL,1.4374534e-07,2327,dense_mlp
LRRC3C,1.4374415e-07,2328,dense_mlp
STRN4,1.4369463e-07,2329,dense_mlp
MS4A18,1.4361468e-07,2330,dense_mlp
ODF3L2,1.4359799e-07,2331,dense_mlp
SEMA3D,1.435893e-07,2332,dense_mlp
HOXD12,1.4358419e-07,2333,dense_mlp
C2orf73,1.4357211e-07,2334,dense_mlp
KATNBL1,1.4354859e-07,2335,dense_mlp
DIRAS3,1.4351328e-07,2336,dense_mlp
AL160269.1,1.4345176e-07,2337,dense_mlp
URAD,1.4342913e-07,2338,dense_mlp
HSPB7,1.4329537e-07,2339,dense_mlp
ZNF683,1.4327738e-07,2340,dense_mlp
GNG14,1.4323192e-07,2341,dense_mlp
CCN4,1.4322433e-07,2342,dense_mlp
SLC35E4,1.4322114e-07,2343,dense_mlp
HOXB9,1.4309305e-07,2344,dense_mlp
TBX22,1.4306498e-07,2345,dense_mlp
DGLUCY,1.4300197e-07,2346,dense_mlp
STAC3,1.4295973e-07,2347,dense_mlp
ZSCAN5B,1.429447e-07,2348,dense_mlp
STEAP2,1.4275216e-07,2349,dense_mlp
SLC22A18AS,1.4274819e-07,2350,dense_mlp
SIAH3,1.4267792e-07,2351,dense_mlp
SEPTIN12,1.4261332e-07,2352,dense_mlp
FGGY,1.4260074e-07,2353,dense_mlp
NAA11,1.4254633e-07,2354,dense_mlp
TMEM88,1.4253084e-07,2355,dense_mlp
PTPRQ,1.4249493e-07,2356,dense_mlp
DCST2,1.4243493e-07,2357,dense_mlp
SCART1,1.4240369e-07,2358,dense_mlp
GDF6,1.423508e-07,2359,dense_mlp
ZNF843,1.4233632e-07,2360,dense_mlp
GIMAP4,1.4233353e-07,2361,dense_mlp
FAP,1.4232869e-07,2362,dense_mlp
ZNF280A,1.4231769e-07,2363,dense_mlp
DAZAP2,1.4231132e-07,2364,dense_mlp
DEPDC4,1.421583e-07,2365,dense_mlp
RAX2,1.4207552e-07,2366,dense_mlp
SMTNL2,1.4201315e-07,2367,dense_mlp
THNSL1,1.419616e-07,2368,dense_mlp
TSPAN32,1.4181674e-07,2369,dense_mlp
GMFB,1.4174083e-07,2370,dense_mlp
RUBCNL,1.4172925e-07,2371,dense_mlp
AVPI1,1.4172709e-07,2372,dense_mlp
NOVA2,1.4171766e-07,2373,dense_mlp
PHLDB3,1.4155962e-07,2374,dense_mlp
PAX9,1.415578e-07,2375,dense_mlp
MTCP1,1.415434e-07,2376,dense_mlp
BNIP5,1.415412e-07,2377,dense_mlp
TMEM212,1.4152585e-07,2378,dense_mlp
HIST1H3G,1.4148642e-07,2379,dense_mlp
CFAP73,1.4145166e-07,2380,dense_mlp
CCDC3,1.4144769e-07,2381,dense_mlp
ADGRF3,1.4137434e-07,2382,dense_mlp
S100G,1.4137248e-07,2383,dense_mlp
XKR5,1.4134808e-07,2384,dense_mlp
CCDC24,1.4120216e-07,2385,dense_mlp
FAM221A,1.4116364e-07,2386,dense_mlp
KLHL26,1.4112517e-07,2387,dense_mlp
NANOGNB,1.4110776e-07,2388,dense_mlp
ZNF513,1.4106932e-07,2389,dense_mlp
MRTO4,1.4103325e-07,2390,dense_mlp
SPAG1,1.4098518e-07,2391,dense_mlp
CDNF,1.4097894e-07,2392,dense_mlp
FUT10,1.4097697e-07,2393,dense_mlp
C2orf80,1.4084303e-07,2394,dense_mlp
C14orf180,1.4080778e-07,2395,dense_mlp
CCDC54,1.40745e-07,2396,dense_mlp
GCSAM,1.4072634e-07,2397,dense_mlp
GUCD1,1.407151e-07,2398,dense_mlp
VWA2,1.406973e-07,2399,dense_mlp
RHBDF1,1.4064055e-07,2400,dense_mlp
BCL2L10,1.4061797e-07,2401,dense_mlp
SMIM1,1.4061183e-07,2402,dense_mlp
RBBP8NL,1.4051946e-07,2403,dense_mlp
HIST1H1A,1.4051184e-07,2404,dense_mlp
ACPP,1.4045249e-07,2405,dense_mlp
NBPF11,1.4039725e-07,2406,dense_mlp
MYO1B,1.4039286e-07,2407,dense_mlp
ARL13A,1.4035972e-07,2408,dense_mlp
CARMIL3,1.4033043e-07,2409,dense_mlp
PRSS53,1.4013268e-07,2410,dense_mlp
MAGEB3,1.4011724e-07,2411,dense_mlp
METTL18,1.401157e-07,2412,dense_mlp
CRYGD,1.400208e-07,2413,dense_mlp
C6orf118,1.399171e-07,2414,dense_mlp
PRAM1,1.3991155e-07,2415,dense_mlp
PHETA1,1.3988169e-07,2416,dense_mlp
ZC3HAV1L,1.3981473e-07,2417,dense_mlp
COBLL1,1.397303e-07,2418,dense_mlp
CFAP46,1.3967536e-07,2419,dense_mlp
TPRG1,1.3965109e-07,2420,dense_mlp
ZDHHC22,1.3961309e-07,2421,dense_mlp
SEC14L5,1.395853e-07,2422,dense_mlp
MARCH4,1.3958099e-07,2423,dense_mlp
VSIG4,1.3957808e-07,2424,dense_mlp
LHFPL6,1.3956583e-07,2425,dense_mlp
FHOD1,1.3955086e-07,2426,dense_mlp
HIST1H2BG,1.3949781e-07,2427,dense_mlp
TEX14,1.3946357e-07,2428,dense_mlp
RASD1,1.3944198e-07,2429,dense_mlp
ARSE,1.3943513e-07,2430,dense_mlp
LST1,1.3940283e-07,2431,dense_mlp
SLC22A31,1.3938974e-07,2432,dense_mlp
SPESP1,1.3931846e-07,2433,dense_mlp
RTL5,1.3928741e-07,2434,dense_mlp
TMPRSS11B,1.3926204e-07,2435,dense_mlp
VSIG10L2,1.3916357e-07,2436,dense_mlp
C2CD4A,1.3916315e-07,2437,dense_mlp
TSPYL6,1.3914403e-07,2438,dense_mlp
ADGRG5,1.3912295e-07,2439,dense_mlp
TMEM104,1.3910717e-07,2440,dense_mlp
CDHR3,1.3905449e-07,2441,dense_mlp
HARBI1,1.3892571e-07,2442,dense_mlp
LCA5L,1.3889381e-07,2443,dense_mlp
SSPO,1.388881e-07,2444,dense_mlp
DEPP1,1.3887428e-07,2445,dense_mlp
RNASE10,1.3883586e-07,2446,dense_mlp
DDX58,1.3880368e-07,2447,dense_mlp
ZIC4,1.3875477e-07,2448,dense_mlp
ANKLE1,1.3875183e-07,2449,dense_mlp
SERTAD4,1.3874724e-07,2450,dense_mlp
AL451007.3,1.386489e-07,2451,dense_mlp
EPHX4,1.3864172e-07,2452,dense_mlp
KLF2,1.3860846e-07,2453,dense_mlp
SHBG,1.386001e-07,2454,dense_mlp
HASPIN,1.3859689e-07,2455,dense_mlp
F8A1,1.3858998e-07,2456,dense_mlp
NAGA,1.3858073e-07,2457,dense_mlp
LGALS14,1.3851512e-07,2458,dense_mlp
CCDC171,1.3849893e-07,2459,dense_mlp
EXD1,1.3848103e-07,2460,dense_mlp
CCDC180,1.3846575e-07,2461,dense_mlp
TULP1,1.3838209e-07,2462,dense_mlp
INSC,1.3837771e-07,2463,dense_mlp
DOCK8-AS1,1.3837271e-07,2464,dense_mlp
SYCE1L,1.3831288e-07,2465,dense_mlp
C9orf24,1.3827857e-07,2466,dense_mlp
ADM5,1.3825374e-07,2467,dense_mlp
ZFYVE19,1.3822196e-07,2468,dense_mlp
SLC6A18,1.3811302e-07,2469,dense_mlp
BICDL2,1.3810887e-07,2470,dense_mlp
ERICH6,1.3809056e-07,2471,dense_mlp
GOLGA8B,1.3806799e-07,2472,dense_mlp
REC114,1.380229e-07,2473,dense_mlp
SLC35F3,1.3798433e-07,2474,dense_mlp
CMYA5,1.379652e-07,2475,dense_mlp
JSRP1,1.3795301e-07,2476,dense_mlp
SYT16,1.379476e-07,2477,dense_mlp
CRIP3,1.3794529e-07,2478,dense_mlp
IGSF1,1.379267e-07,2479,dense_mlp
ELMOD1,1.3790479e-07,2480,dense_mlp
TLX1,1.3789155e-07,2481,dense_mlp
UPK3B,1.3784529e-07,2482,dense_mlp
CST8,1.3782987e-07,2483,dense_mlp
PAWR,1.3780651e-07,2484,dense_mlp
TES,1.376918e-07,2485,dense_mlp
ASPHD2,1.3766635e-07,2486,dense_mlp
MROH6,1.3755582e-07,2487,dense_mlp
MIPOL1,1.3749919e-07,2488,dense_mlp
TTC30B,1.3748101e-07,2489,dense_mlp
SYTL3,1.3747038e-07,2490,dense_mlp
KIAA0586,1.3744815e-07,2491,dense_mlp
ACTL9,1.3737376e-07,2492,dense_mlp
RCSD1,1.3731398e-07,2493,dense_mlp
TIGIT,1.3729763e-07,2494,dense_mlp
S100A5,1.3727359e-07,2495,dense_mlp
KLHL29,1.3726756e-07,2496,dense_mlp
C16orf95,1.3723734e-07,2497,dense_mlp
SEMA4G,1.3723127e-07,2498,dense_mlp
TTC38,1.3721542e-07,2499,dense_mlp
PKDREJ,1.3720987e-07,2500,dense_mlp
QRICH2,1.3719011e-07,2501,dense_mlp
HOXC5,1.3718561e-07,2502,dense_mlp
WDR38,1.3709386e-07,2503,dense_mlp
OSGIN1,1.3707066e-07,2504,dense_mlp
CEMP1,1.3705099e-07,2505,dense_mlp
PLVAP,1.3701546e-07,2506,dense_mlp
ZNF608,1.369786e-07,2507,dense_mlp
DNAI2,1.369147e-07,2508,dense_mlp
CMTM8,1.3682929e-07,2509,dense_mlp
CLRN2,1.3678854e-07,2510,dense_mlp
HIPK4,1.3668695e-07,2511,dense_mlp
LRRC6,1.3665117e-07,2512,dense_mlp
TSC22D1,1.3664173e-07,2513,dense_mlp
CFAP54,1.366067e-07,2514,dense_mlp
SORCS1,1.3658578e-07,2515,dense_mlp
HMGB4,1.3657686e-07,2516,dense_mlp
ONECUT2,1.365761e-07,2517,dense_mlp
TMEM30A,1.3652611e-07,2518,dense_mlp
PRSS36,1.3638721e-07,2519,dense_mlp
C8orf58,1.363266e-07,2520,dense_mlp
TRMT12,1.3629622e-07,2521,dense_mlp
PCDHGA5,1.3628205e-07,2522,dense_mlp
MUTYH,1.3622216e-07,2523,dense_mlp
LCA5,1.3621839e-07,2524,dense_mlp
CLUL1,1.3605124e-07,2525,dense_mlp
TIFAB,1.3601895e-07,2526,dense_mlp
TDRD5,1.3600007e-07,2527,dense_mlp
OSGIN2,1.3596387e-07,2528,dense_mlp
NYNRIN,1.3594087e-07,2529,dense_mlp
MAGEH1,1.3591112e-07,2530,dense_mlp
FAM53A,1.3591003e-07,2531,dense_mlp
ZIC5,1.3587524e-07,2532,dense_mlp
MEST,1.3586846e-07,2533,dense_mlp
CCDC127,1.3583153e-07,2534,dense_mlp
MEIG1,1.3581659e-07,2535,dense_mlp
SPX,1.3577714e-07,2536,dense_mlp
CPNE9,1.3574521e-07,2537,dense_mlp
WDR31,1.3573975e-07,2538,dense_mlp
HGH1,1.3570947e-07,2539,dense_mlp
FRRS1L,1.356945e-07,2540,dense_mlp
PPP1R3F,1.3566435e-07,2541,dense_mlp
CCL24,1.3565624e-07,2542,dense_mlp
TMEM151B,1.3557826e-07,2543,dense_mlp
PRDM6,1.3557718e-07,2544,dense_mlp
SPATA18,1.355579e-07,2545,dense_mlp
SSBP3,1.3554094e-07,2546,dense_mlp
ADGRD2,1.355349e-07,2547,dense_mlp
FAM205C,1.3544786e-07,2548,dense_mlp
RASA4B,1.3543286e-07,2549,dense_mlp
LRRC46,1.3542592e-07,2550,dense_mlp
HABP2,1.3540314e-07,2551,dense_mlp
ANKRD31,1.35355e-07,2552,dense_mlp
SORCS2,1.3532932e-07,2553,dense_mlp
ACTL7B,1.3532515e-07,2554,dense_mlp
CAMK1G,1.3532183e-07,2555,dense_mlp
CFAP206,1.3529592e-07,2556,dense_mlp
COBL,1.3528921e-07,2557,dense_mlp
MAGEB17,1.3527774e-07,2558,dense_mlp
TMEM204,1.3527756e-07,2559,dense_mlp
C12orf50,1.3516079e-07,2560,dense_mlp
DEF8,1.3515454e-07,2561,dense_mlp
CARD16,1.3514656e-07,2562,dense_mlp
PRDM11,1.3513213e-07,2563,dense_mlp
VAX1,1.3511998e-07,2564,dense_mlp
TEX13A,1.3504585e-07,2565,dense_mlp
TMEM246,1.3503869e-07,2566,dense_mlp
GPR78,1.3501634e-07,2567,dense_mlp
CEP295,1.3495172e-07,2568,dense_mlp
TEX35,1.3484753e-07,2569,dense_mlp
TMC7,1.3476789e-07,2570,dense_mlp
C16orf89,1.3472838e-07,2571,dense_mlp
MCMDC2,1.3472534e-07,2572,dense_mlp
FAM181A,1.3470992e-07,2573,dense_mlp
DCAF4L2,1.3468488e-07,2574,dense_mlp
ANTXR2,1.3466206e-07,2575,dense_mlp
TEX26,1.346604e-07,2576,dense_mlp
SYNDIG1L,1.3459683e-07,2577,dense_mlp
DOC2A,1.3458917e-07,2578,dense_mlp
AC087498.1,1.3458335e-07,2579,dense_mlp
PEAK3,1.3456976e-07,2580,dense_mlp
GPR85,1.3455896e-07,2581,dense_mlp
HEATR5A,1.3446643e-07,2582,dense_mlp
TINAGL1,1.3445957e-07,2583,dense_mlp
SNCG,1.344167e-07,2584,dense_mlp
HMX3,1.3441341e-07,2585,dense_mlp
C3orf20,1.344089e-07,2586,dense_mlp
UPK3A,1.3438438e-07,2587,dense_mlp
FAM71F2,1.3433453e-07,2588,dense_mlp
MRAP,1.3429222e-07,2589,dense_mlp
CLMN,1.3428522e-07,2590,dense_mlp
ITIH1,1.3426896e-07,2591,dense_mlp
TMEM221,1.3423941e-07,2592,dense_mlp
FAM185A,1.3423093e-07,2593,dense_mlp
ANKRD18A,1.3412259e-07,2594,dense_mlp
IFI44,1.3411868e-07,2595,dense_mlp
C18orf63,1.3411506e-07,2596,dense_mlp
SNPH,1.3409891e-07,2597,dense_mlp
CENPBD1,1.3405996e-07,2598,dense_mlp
PCDHB6,1.3402715e-07,2599,dense_mlp
SPATA9,1.3388704e-07,2600,dense_mlp
C1QTNF8,1.3387714e-07,2601,dense_mlp
LAMP5,1.3371265e-07,2602,dense_mlp
PIEZO2,1.3368181e-07,2603,dense_mlp
CEP19,1.3367898e-07,2604,dense_mlp
ZMYND15,1.3366024e-07,2605,dense_mlp
CLIC6,1.336514e-07,2606,dense_mlp
TFCP2L1,1.3364576e-07,2607,dense_mlp
FAM110D,1.335953e-07,2608,dense_mlp
RANBP3L,1.3353839e-07,2609,dense_mlp
TMEM45B,1.3353652e-07,2610,dense_mlp
GSDMB,1.335147e-07,2611,dense_mlp
ZC4H2,1.3350645e-07,2612,dense_mlp
PPIAL4G,1.3340485e-07,2613,dense_mlp
CCDC89,1.3335415e-07,2614,dense_mlp
GRTP1,1.3331487e-07,2615,dense_mlp
TMEM82,1.3330781e-07,2616,dense_mlp
SOX18,1.332583e-07,2617,dense_mlp
PRR32,1.3325331e-07,2618,dense_mlp
FATE1,1.3324421e-07,2619,dense_mlp
GIMAP1,1.3311968e-07,2620,dense_mlp
NXPH3,1.3306905e-07,2621,dense_mlp
NAV3,1.3303995e-07,2622,dense_mlp
DIRAS2,1.3300165e-07,2623,dense_mlp
GSAP,1.329634e-07,2624,dense_mlp
NDP,1.3288798e-07,2625,dense_mlp
LY9,1.3287612e-07,2626,dense_mlp
TOR2A,1.3287065e-07,2627,dense_mlp
SCPEP1,1.3284895e-07,2628,dense_mlp
PFN4,1.3282428e-07,2629,dense_mlp
TRIOBP,1.3280369e-07,2630,dense_mlp
WDR73,1.3274628e-07,2631,dense_mlp
SLFN12,1.3272198e-07,2632,dense_mlp
DDIAS,1.3269614e-07,2633,dense_mlp
SAMD15,1.326246e-07,2634,dense_mlp
PLGRKT,1.3261827e-07,2635,dense_mlp
TMA7,1.3258389e-07,2636,dense_mlp
DNAJB8,1.3255745e-07,2637,dense_mlp
MAMSTR,1.3248706e-07,2638,dense_mlp
SPEF2,1.3244913e-07,2639,dense_mlp
SHISAL1,1.3244694e-07,2640,dense_mlp
PRSS54,1.3244333e-07,2641,dense_mlp
SPNS3,1.3237745e-07,2642,dense_mlp
CST9,1.3235929e-07,2643,dense_mlp
CCDC57,1.3231605e-07,2644,dense_mlp
KLF17,1.3231221e-07,2645,dense_mlp
USP27X,1.323038e-07,2646,dense_mlp
GDF7,1.322615e-07,2647,dense_mlp
LINC02218,1.322326e-07,2648,dense_mlp
HOXC6,1.321996e-07,2649,dense_mlp
RDM1,1.321491e-07,2650,dense_mlp
RPGR,1.3214039e-07,2651,dense_mlp
GASK1B,1.3209429e-07,2652,dense_mlp
ZAR1,1.3207695e-07,2653,dense_mlp
SERPINI2,1.3207377e-07,2654,dense_mlp
WDR62,1.3202391e-07,2655,dense_mlp
LKAAEAR1,1.3200149e-07,2656,dense_mlp
DCLK3,1.3193086e-07,2657,dense_mlp
IGLC7,1.3191904e-07,2658,dense_mlp
RAI14,1.3189747e-07,2659,dense_mlp
TMPPE,1.3185759e-07,2660,dense_mlp
OOSP2,1.3182795e-07,2661,dense_mlp
MAPK15,1.3180363e-07,2662,dense_mlp
RAD51AP2,1.3176764e-07,2663,dense_mlp
LVRN,1.3169824e-07,2664,dense_mlp
MTMR11,1.3155012e-07,2665,dense_mlp
FOXF2,1.3154104e-07,2666,dense_mlp
GPR6,1.315346e-07,2667,dense_mlp
FCMR,1.3152037e-07,2668,dense_mlp
TEKT2,1.3140402e-07,2669,dense_mlp
WDR49,1.3139852e-07,2670,dense_mlp
CCDC158,1.3137841e-07,2671,dense_mlp
DUSP27,1.313394e-07,2672,dense_mlp
PCDHB8,1.3133594e-07,2673,dense_mlp
RNF223,1.3133408e-07,2674,dense_mlp
RILPL2,1.31254e-07,2675,dense_mlp
MAGEA6,1.3120776e-07,2676,dense_mlp
PRUNE2,1.3120314e-07,2677,dense_mlp
LRRC53,1.3119306e-07,2678,dense_mlp
LRTM2,1.3111571e-07,2679,dense_mlp
VPS50,1.3110837e-07,2680,dense_mlp
FAM9C,1.3110308e-07,2681,dense_mlp
ANKRD55,1.3106344e-07,2682,dense_mlp
CFAP157,1.3105954e-07,2683,dense_mlp
SULT2B1,1.3102424e-07,2684,dense_mlp
FRMD4B,1.3100698e-07,2685,dense_mlp
ERICH1,1.3092041e-07,2686,dense_mlp
LRRC30,1.307981e-07,2687,dense_mlp
NAALADL1,1.3079786e-07,2688,dense_mlp
CASC1,1.3070671e-07,2689,dense_mlp
PRR9,1.3069591e-07,2690,dense_mlp
LLPH,1.306918e-07,2691,dense_mlp
ZNRF4,1.3058444e-07,2692,dense_mlp
CREM,1.3055782e-07,2693,dense_mlp
SYNPO2L,1.3052889e-07,2694,dense_mlp
WFDC9,1.3050588e-07,2695,dense_mlp
KRTAP6-3,1.3050577e-07,2696,dense_mlp
PAPOLB,1.3043949e-07,2697,dense_mlp
FAM240B,1.3043288e-07,2698,dense_mlp
NAT16,1.3042064e-07,2699,dense_mlp
ADGRA2,1.3039393e-07,2700,dense_mlp
NRAP,1.30326e-07,2701,dense_mlp
RNASE11,1.303209e-07,2702,dense_mlp
SNX22,1.3019802e-07,2703,dense_mlp
CCDC148,1.3018929e-07,2704,dense_mlp
KIAA1324,1.3017744e-07,2705,dense_mlp
ZNF780B,1.3016798e-07,2706,dense_mlp
VSIG1,1.3013418e-07,2707,dense_mlp
IGFBPL1,1.3013032e-07,2708,dense_mlp
SELENOM,1.2997077e-07,2709,dense_mlp
TMEM74B,1.2995423e-07,2710,dense_mlp
NRDE2,1.2990323e-07,2711,dense_mlp
AC015871.1,1.2984215e-07,2712,dense_mlp
GDF3,1.2980064e-07,2713,dense_mlp
DBF4B,1.2978491e-07,2714,dense_mlp
FXYD5,1.2977054e-07,2715,dense_mlp
CDCA3,1.2972363e-07,2716,dense_mlp
CD5,1.2969787e-07,2717,dense_mlp
MYH7,1.2969606e-07,2718,dense_mlp
FCRL6,1.295219e-07,2719,dense_mlp
ABTB2,1.2951598e-07,2720,dense_mlp
RELT,1.2949774e-07,2721,dense_mlp
ZNF385D,1.2948088e-07,2722,dense_mlp
KDM4F,1.2947011e-07,2723,dense_mlp
MYRFL,1.2943855e-07,2724,dense_mlp
CCDC110,1.2939762e-07,2725,dense_mlp
SLFN5,1.2938821e-07,2726,dense_mlp
KLHDC9,1.293632e-07,2727,dense_mlp
CNMD,1.2934731e-07,2728,dense_mlp
KHNYN,1.2930573e-07,2729,dense_mlp
SLC35F1,1.2928264e-07,2730,dense_mlp
C17orf97,1.2927066e-07,2731,dense_mlp
MCTP1,1.2922935e-07,2732,dense_mlp
H6PD,1.2917532e-07,2733,dense_mlp
NUP62CL,1.2916372e-07,2734,dense_mlp
PPP1R3B,1.2914626e-07,2735,dense_mlp
NEFH,1.2897394e-07,2736,dense_mlp
EFCAB8,1.2896258e-07,2737,dense_mlp
CLDND2,1.2893172e-07,2738,dense_mlp
NKPD1,1.288816e-07,2739,dense_mlp
PKIB,1.2884456e-07,2740,dense_mlp
GPR34,1.2883862e-07,2741,dense_mlp
MMP28,1.2877436e-07,2742,dense_mlp
VN1R4,1.2876356e-07,2743,dense_mlp
A3GALT2,1.2875344e-07,2744,dense_mlp
LACC1,1.2872798e-07,2745,dense_mlp
CAMKV,1.2872471e-07,2746,dense_mlp
RTP5,1.2871179e-07,2747,dense_mlp
HEATR4,1.2868712e-07,2748,dense_mlp
GPATCH2,1.2866195e-07,2749,dense_mlp
TNP2,1.2863237e-07,2750,dense_mlp
DRC3,1.2856937e-07,2751,dense_mlp
NLRP6,1.2856812e-07,2752,dense_mlp
C16orf46,1.2854777e-07,2753,dense_mlp
CACNA2D4,1.2847713e-07,2754,dense_mlp
CFAP221,1.2843377e-07,2755,dense_mlp
MKRN3,1.2840799e-07,2756,dense_mlp
ITGB1BP2,1.2838979e-07,2757,dense_mlp
CABCOCO1,1.283349e-07,2758,dense_mlp
SAMD7,1.2830515e-07,2759,dense_mlp
ANKRD34B,1.2828457e-07,2760,dense_mlp
TUNAR,1.2810153e-07,2761,dense_mlp
RGL4,1.2807848e-07,2762,dense_mlp
MRGPRG,1.2805872e-07,2763,dense_mlp
TIGD1,1.280526e-07,2764,dense_mlp
TC2N,1.2803942e-07,2765,dense_mlp
ARL4D,1.2791732e-07,2766,dense_mlp
CCDC194,1.278956e-07,2767,dense_mlp
C6orf58,1.2783926e-07,2768,dense_mlp
MASP2,1.2767657e-07,2769,dense_mlp
ZPLD1,1.2765783e-07,2770,dense_mlp
FAM180B,1.2763032e-07,2771,dense_mlp
MINAR2,1.276268e-07,2772,dense_mlp
CYB5D1,1.2758846e-07,2773,dense_mlp
CLEC11A,1.2757461e-07,2774,dense_mlp
HIST1H3H,1.2757212e-07,2775,dense_mlp
CDYL2,1.2753348e-07,2776,dense_mlp
ANKRD33,1.2749094e-07,2777,dense_mlp
CRYBA2,1.2736555e-07,2778,dense_mlp
TMCO2,1.2723709e-07,2779,dense_mlp
CDH26,1.2715178e-07,2780,dense_mlp
ZNF491,1.2714857e-07,2781,dense_mlp
RSPH3,1.2713258e-07,2782,dense_mlp
ANKRD30BL,1.2704169e-07,2783,dense_mlp
SBK3,1.2698959e-07,2784,dense_mlp
SPATA46,1.2695635e-07,2785,dense_mlp
CALHM6,1.2695473e-07,2786,dense_mlp
TSSK4,1.2694531e-07,2787,dense_mlp
FCGR1B,1.2691628e-07,2788,dense_mlp
CDH22,1.2689281e-07,2789,dense_mlp
TESPA1,1.2685034e-07,2790,dense_mlp
SERPINB9,1.2682317e-07,2791,dense_mlp
CDPF1,1.2681821e-07,2792,dense_mlp
TM4SF1,1.2679318e-07,2793,dense_mlp
TMEM116,1.2674948e-07,2794,dense_mlp
NEFM,1.2673333e-07,2795,dense_mlp
BACE2,1.2667849e-07,2796,dense_mlp
SLC31A2,1.266231e-07,2797,dense_mlp
MAGI3,1.2651053e-07,2798,dense_mlp
H2AFJ,1.264947e-07,2799,dense_mlp
ELFN1,1.2643756e-07,2800,dense_mlp
FHL5,1.2640146e-07,2801,dense_mlp
TRIM7,1.2633524e-07,2802,dense_mlp
C6orf201,1.262701e-07,2803,dense_mlp
MEIKIN,1.2620163e-07,2804,dense_mlp
TSPYL5,1.2619049e-07,2805,dense_mlp
SYCP2L,1.2616793e-07,2806,dense_mlp
VAX2,1.261375e-07,2807,dense_mlp
TCEAL2,1.261108e-07,2808,dense_mlp
RFPL4A,1.260993e-07,2809,dense_mlp
TMEM249,1.2609136e-07,2810,dense_mlp
ANKRD24,1.2603951e-07,2811,dense_mlp
NFIL3,1.2602621e-07,2812,dense_mlp
DPP10,1.2602561e-07,2813,dense_mlp
ST18,1.259386e-07,2814,dense_mlp
USP53,1.2587083e-07,2815,dense_mlp
PARM1,1.2585059e-07,2816,dense_mlp
C9orf129,1.2579362e-07,2817,dense_mlp
MTUS1,1.2576807e-07,2818,dense_mlp
UBAP1L,1.2573616e-07,2819,dense_mlp
ARID3C,1.2568219e-07,2820,dense_mlp
TRAM1L1,1.2567548e-07,2821,dense_mlp
C11orf65,1.2565249e-07,2822,dense_mlp
CRISPLD1,1.2560727e-07,2823,dense_mlp
PRAMEF6,1.256032e-07,2824,dense_mlp
UNC93A,1.2555478e-07,2825,dense_mlp
CACNG5,1.2546163e-07,2826,dense_mlp
ERBB3,1.2542287e-07,2827,dense_mlp
C17orf49,1.2529767e-07,2828,dense_mlp
ARL11,1.2524927e-07,2829,dense_mlp
PPP1R32,1.2523861e-07,2830,dense_mlp
AKAP17A,1.252224e-07,2831,dense_mlp
FADS3,1.2514646e-07,2832,dense_mlp
MEIOC,1.25131e-07,2833,dense_mlp
IQCA1L,1.2507711e-07,2834,dense_mlp
VSIG10L,1.2507519e-07,2835,dense_mlp
KLK11,1.2502146e-07,2836,dense_mlp
DAOA,1.250048e-07,2837,dense_mlp
SNX8,1.2498064e-07,2838,dense_mlp
FAXDC2,1.2488499e-07,2839,dense_mlp
ANKRD37,1.2487277e-07,2840,dense_mlp
LGALS4,1.2486804e-07,2841,dense_mlp
FRMD1,1.2486126e-07,2842,dense_mlp
CSNK1A1L,1.2480503e-07,2843,dense_mlp
TMPRSS15,1.2479887e-07,2844,dense_mlp
ZBTB43,1.2479538e-07,2845,dense_mlp
HIST1H3E,1.2478661e-07,2846,dense_mlp
LINC02694,1.2473892e-07,2847,dense_mlp
FRA10AC1,1.247174e-07,2848,dense_mlp
CCDC87,1.2470309e-07,2849,dense_mlp
COMTD1,1.2469914e-07,2850,dense_mlp
TEX9,1.246763e-07,2851,dense_mlp
CXorf21,1.246741e-07,2852,dense_mlp
SMIM17,1.246417e-07,2853,dense_mlp
NBPF20,1.2458358e-07,2854,dense_mlp
ZNF182,1.2455374e-07,2855,dense_mlp
MEP1B,1.2452448e-07,2856,dense_mlp
KLF6,1.2449524e-07,2857,dense_mlp
CPEB1,1.2447298e-07,2858,dense_mlp
LONRF3,1.2445486e-07,2859,dense_mlp
FAM71F1,1.2444058e-07,2860,dense_mlp
PRR30,1.2432523e-07,2861,dense_mlp
RASSF9,1.2427623e-07,2862,dense_mlp
SIX5,1.2422558e-07,2863,dense_mlp
MAP7D3,1.241608e-07,2864,dense_mlp
ZC2HC1C,1.2415705e-07,2865,dense_mlp
ROBO4,1.2408739e-07,2866,dense_mlp
NANOGP8,1.2408329e-07,2867,dense_mlp
PRAMEF33,1.240723e-07,2868,dense_mlp
ODF1,1.2406207e-07,2869,dense_mlp
ASPDH,1.240617e-07,2870,dense_mlp
TMEM158,1.2405424e-07,2871,dense_mlp
NR1I3,1.2405144e-07,2872,dense_mlp
BLID,1.2399362e-07,2873,dense_mlp
RASL10B,1.2399158e-07,2874,dense_mlp
LGALS16,1.2397686e-07,2875,dense_mlp
YIPF7,1.2391777e-07,2876,dense_mlp
ALPK2,1.2391563e-07,2877,dense_mlp
PAEP,1.2390198e-07,2878,dense_mlp
C11orf42,1.2388442e-07,2879,dense_mlp
PLD5,1.238666e-07,2880,dense_mlp
MRVI1,1.2382696e-07,2881,dense_mlp
POPDC3,1.2379925e-07,2882,dense_mlp
MYRF,1.237745e-07,2883,dense_mlp
PRAMEF12,1.2376833e-07,2884,dense_mlp
CDRT4,1.2375666e-07,2885,dense_mlp
C10orf143,1.2371365e-07,2886,dense_mlp
PRAME,1.2371036e-07,2887,dense_mlp
ZFHX4,1.2366834e-07,2888,dense_mlp
PRPF40B,1.2358993e-07,2889,dense_mlp
CNDP1,1.2357903e-07,2890,dense_mlp
DDX31,1.2356675e-07,2891,dense_mlp
BCAS4,1.2356111e-07,2892,dense_mlp
HSH2D,1.2354913e-07,2893,dense_mlp
VSTM4,1.235476e-07,2894,dense_mlp
NT5DC1,1.235345e-07,2895,dense_mlp
ISL2,1.2352615e-07,2896,dense_mlp
RSPH14,1.2351587e-07,2897,dense_mlp
TXLNB,1.2351401e-07,2898,dense_mlp
ZSWIM4,1.2350448e-07,2899,dense_mlp
HIST1H1E,1.235e-07,2900,dense_mlp
MAP4K1,1.2347077e-07,2901,dense_mlp
RD3L,1.2343881e-07,2902,dense_mlp
PAQR8,1.2343186e-07,2903,dense_mlp
BTBD11,1.2340554e-07,2904,dense_mlp
CCDC32,1.2338094e-07,2905,dense_mlp
KCTD16,1.2337335e-07,2906,dense_mlp
SH3BGR,1.2334583e-07,2907,dense_mlp
MAGEC2,1.2331493e-07,2908,dense_mlp
NXT2,1.2330419e-07,2909,dense_mlp
CARD19,1.2328093e-07,2910,dense_mlp
SNX32,1.2327557e-07,2911,dense_mlp
TRIM61,1.2324969e-07,2912,dense_mlp
C5orf34,1.2324385e-07,2913,dense_mlp
KLHL32,1.2322577e-07,2914,dense_mlp
ANKRD34C,1.2321514e-07,2915,dense_mlp
AL032819.3,1.2321102e-07,2916,dense_mlp
MS4A14,1.2320527e-07,2917,dense_mlp
SMIM41,1.2317282e-07,2918,dense_mlp
FAM214B,1.2316599e-07,2919,dense_mlp
STATH,1.2310247e-07,2920,dense_mlp
GOLGA8O,1.229972e-07,2921,dense_mlp
RMDN1,1.2296516e-07,2922,dense_mlp
SFT2D1,1.2291565e-07,2923,dense_mlp
CRB2,1.2287613e-07,2924,dense_mlp
S100Z,1.2284004e-07,2925,dense_mlp
CCDC63,1.2283733e-07,2926,dense_mlp
BTBD17,1.2282247e-07,2927,dense_mlp
SEPTIN6,1.2278785e-07,2928,dense_mlp
PMFBP1,1.2277637e-07,2929,dense_mlp
SLC39A12,1.226944e-07,2930,dense_mlp
GPALPP1,1.2268272e-07,2931,dense_mlp
ZNF720,1.2265465e-07,2932,dense_mlp
PTTG2,1.226538e-07,2933,dense_mlp
SCYGR8,1.225522e-07,2934,dense_mlp
FSIP1,1.225123e-07,2935,dense_mlp
FOSL2,1.2247095e-07,2936,dense_mlp
TLCD5,1.2244796e-07,2937,dense_mlp
TTC6,1.2241244e-07,2938,dense_mlp
KLHDC8B,1.2239614e-07,2939,dense_mlp
AC104389.5,1.2237372e-07,2940,dense_mlp
DNAAF1,1.2236822e-07,2941,dense_mlp
SLC22A23,1.2236653e-07,2942,dense_mlp
SOBP,1.2236018e-07,2943,dense_mlp
PI15,1.2234105e-07,2944,dense_mlp
PCDHB1,1.2225257e-07,2945,dense_mlp
SUMO4,1.2212902e-07,2946,dense_mlp
PBLD,1.2210369e-07,2947,dense_mlp
RAPGEF6,1.2207563e-07,2948,dense_mlp
NKX6-3,1.2206355e-07,2949,dense_mlp
TMEM275,1.220193e-07,2950,dense_mlp
SLC35G2,1.2200361e-07,2951,dense_mlp
MYORG,1.2191919e-07,2952,dense_mlp
UNG,1.2191427e-07,2953,dense_mlp
FAM92B,1.2188434e-07,2954,dense_mlp
TMEM159,1.2187795e-07,2955,dense_mlp
NEUROD4,1.2187257e-07,2956,dense_mlp
FAM122A,1.218633e-07,2957,dense_mlp
ZNF674,1.2183811e-07,2958,dense_mlp
MDFI,1.2179932e-07,2959,dense_mlp
EPS8L3,1.2179052e-07,2960,dense_mlp
HSF5,1.2177247e-07,2961,dense_mlp
DNAH7,1.2175698e-07,2962,dense_mlp
SAMD10,1.217532e-07,2963,dense_mlp
VSTM2L,1.2170283e-07,2964,dense_mlp
CAMSAP3,1.2168924e-07,2965,dense_mlp
DLEC1,1.216297e-07,2966,dense_mlp
ADCK5,1.2157928e-07,2967,dense_mlp
CCDC184,1.215686e-07,2968,dense_mlp
FBXO48,1.2154364e-07,2969,dense_mlp
SUSD4,1.2154051e-07,2970,dense_mlp
MORN3,1.2152526e-07,2971,dense_mlp
FAM171A2,1.2151219e-07,2972,dense_mlp
ZNF90,1.2150677e-07,2973,dense_mlp
AL162596.1,1.2150366e-07,2974,dense_mlp
ASXL3,1.2149016e-07,2975,dense_mlp
ZFAT,1.2145779e-07,2976,dense_mlp
NPIPB2,1.2140137e-07,2977,dense_mlp
PDE6H,1.2138374e-07,2978,dense_mlp
C19orf54,1.2137943e-07,2979,dense_mlp
LRRC10,1.2132234e-07,2980,dense_mlp
SPINK8,1.2131014e-07,2981,dense_mlp
DDIT4L,1.2121441e-07,2982,dense_mlp
ECHDC3,1.2104948e-07,2983,dense_mlp
DAZL,1.2102537e-07,2984,dense_mlp
ARX,1.210243e-07,2985,dense_mlp
SP140L,1.2101047e-07,2986,dense_mlp
MYH1,1.2097131e-07,2987,dense_mlp
DCAF12L1,1.2090455e-07,2988,dense_mlp
BRINP1,1.2085373e-07,2989,dense_mlp
CALML3,1.2078874e-07,2990,dense_mlp
OR2I1P,1.2078834e-07,2991,dense_mlp
FAM126A,1.207215e-07,2992,dense_mlp
LRRC17,1.2065578e-07,2993,dense_mlp
HAGHL,1.2063866e-07,2994,dense_mlp
MINAR1,1.2061804e-07,2995,dense_mlp
CD7,1.205929e-07,2996,dense_mlp
TUSC1,1.2057919e-07,2997,dense_mlp
TMEM155,1.2046564e-07,2998,dense_mlp
CALHM2,1.2045858e-07,2999,dense_mlp
PTPRE,1.2044977e-07,3000,dense_mlp
PCDHGA12,1.2038663e-07,3001,dense_mlp
ANGPTL5,1.2037482e-07,3002,dense_mlp
RBP7,1.2036836e-07,3003,dense_mlp
MXD3,1.20272e-07,3004,dense_mlp
WFDC3,1.2024793e-07,3005,dense_mlp
FAM89B,1.202479e-07,3006,dense_mlp
AKAIN1,1.2023962e-07,3007,dense_mlp
HS1BP3,1.2017607e-07,3008,dense_mlp
C3orf18,1.2012734e-07,3009,dense_mlp
PRAF2,1.201257e-07,3010,dense_mlp
SKIDA1,1.200193e-07,3011,dense_mlp
LETM2,1.2001446e-07,3012,dense_mlp
SFR1,1.19969e-07,3013,dense_mlp
SHROOM3,1.199526e-07,3014,dense_mlp
NCOA7,1.1987335e-07,3015,dense_mlp
FAM83F,1.1983757e-07,3016,dense_mlp
WDR92,1.1982675e-07,3017,dense_mlp
CCDC28A,1.1974504e-07,3018,dense_mlp
CLUH,1.1969793e-07,3019,dense_mlp
PRDM13,1.1968693e-07,3020,dense_mlp
MYEOV,1.1956746e-07,3021,dense_mlp
ZFAND4,1.195641e-07,3022,dense_mlp
TMC5,1.1954148e-07,3023,dense_mlp
SIX3,1.1949928e-07,3024,dense_mlp
CCDC168,1.1948453e-07,3025,dense_mlp
LIMA1,1.194838e-07,3026,dense_mlp
WFDC6,1.194722e-07,3027,dense_mlp
PI16,1.1946742e-07,3028,dense_mlp
TUSC2,1.1941692e-07,3029,dense_mlp
NRBP2,1.1940806e-07,3030,dense_mlp
FAM180A,1.1938683e-07,3031,dense_mlp
CPAMD8,1.1934493e-07,3032,dense_mlp
C22orf23,1.1934448e-07,3033,dense_mlp
BTBD19,1.1934196e-07,3034,dense_mlp
ZNF366,1.1933868e-07,3035,dense_mlp
EEF1AKMT3,1.1926547e-07,3036,dense_mlp
NOLC1,1.1922155e-07,3037,dense_mlp
ZBTB42,1.19163246e-07,3038,dense_mlp
ZNF852,1.1913254e-07,3039,dense_mlp
TBC1D32,1.1908744e-07,3040,dense_mlp
ZNF784,1.1907557e-07,3041,dense_mlp
WFDC5,1.1900829e-07,3042,dense_mlp
KNOP1,1.1894532e-07,3043,dense_mlp
VWA5A,1.1891819e-07,3044,dense_mlp
ZNFX1,1.1891421e-07,3045,dense_mlp
FOXN4,1.1879192e-07,3046,dense_mlp
TAF11L6,1.1878956e-07,3047,dense_mlp
GCM2,1.1878366e-07,3048,dense_mlp
SMIM23,1.18776256e-07,3049,dense_mlp
MS4A4A,1.1877154e-07,3050,dense_mlp
GCNT2,1.187704e-07,3051,dense_mlp
ADGRF2,1.18766266e-07,3052,dense_mlp
MRO,1.1871414e-07,3053,dense_mlp
SCRT2,1.1864974e-07,3054,dense_mlp
HID1,1.1863736e-07,3055,dense_mlp
ERP29,1.1862463e-07,3056,dense_mlp
MOS,1.1859878e-07,3057,dense_mlp
SPANXN4,1.185637e-07,3058,dense_mlp
ZGLP1,1.1856273e-07,3059,dense_mlp
PLEKHM2,1.1855248e-07,3060,dense_mlp
XKRX,1.18548456e-07,3061,dense_mlp
FAM8A1,1.1853856e-07,3062,dense_mlp
SLC10A5,1.1853817e-07,3063,dense_mlp
NRK,1.18511835e-07,3064,dense_mlp
TBX19,1.1847646e-07,3065,dense_mlp
PRDM5,1.1830844e-07,3066,dense_mlp
PKDCC,1.1830137e-07,3067,dense_mlp
RBM3,1.182478e-07,3068,dense_mlp
RRS1,1.1822127e-07,3069,dense_mlp
METTL7B,1.1821862e-07,3070,dense_mlp
FAM241A,1.1818039e-07,3071,dense_mlp
BCOR,1.1817651e-07,3072,dense_mlp
DDI1,1.181697e-07,3073,dense_mlp
LUZP2,1.1814367e-07,3074,dense_mlp
TMEM144,1.1813366e-07,3075,dense_mlp
GAS2L1,1.18123154e-07,3076,dense_mlp
MAP3K19,1.1808127e-07,3077,dense_mlp
RBM34,1.18068e-07,3078,dense_mlp
NIM1K,1.1797917e-07,3079,dense_mlp
NOS1AP,1.1795956e-07,3080,dense_mlp
C9orf131,1.1794e-07,3081,dense_mlp
IRF2BP2,1.1791712e-07,3082,dense_mlp
NUDT17,1.1786125e-07,3083,dense_mlp
ZYG11A,1.1784619e-07,3084,dense_mlp
L3MBTL3,1.1784208e-07,3085,dense_mlp
NYAP2,1.17830986e-07,3086,dense_mlp
CPVL,1.1781906e-07,3087,dense_mlp
LHX8,1.1774605e-07,3088,dense_mlp
C10orf67,1.17724355e-07,3089,dense_mlp
CCDC38,1.1770481e-07,3090,dense_mlp
DRAM1,1.17703244e-07,3091,dense_mlp
FAM166B,1.1768722e-07,3092,dense_mlp
FAM227A,1.1768594e-07,3093,dense_mlp
GIMAP8,1.17684664e-07,3094,dense_mlp
ABHD8,1.17657684e-07,3095,dense_mlp
FAM218A,1.1764856e-07,3096,dense_mlp
DDX28,1.1764039e-07,3097,dense_mlp
ADAM32,1.1760976e-07,3098,dense_mlp
NWD2,1.175784e-07,3099,dense_mlp
AMOT,1.1750739e-07,3100,dense_mlp
SHISA7,1.17504804e-07,3101,dense_mlp
HIST1H4C,1.1746675e-07,3102,dense_mlp
UBE2QL1,1.1744983e-07,3103,dense_mlp
WDR5B,1.1744622e-07,3104,dense_mlp
SIAE,1.174303e-07,3105,dense_mlp
ADARB2,1.1742288e-07,3106,dense_mlp
CNGB3,1.1742087e-07,3107,dense_mlp
ADGRB1,1.173675e-07,3108,dense_mlp
MFRP,1.173327e-07,3109,dense_mlp
DRC1,1.1732715e-07,3110,dense_mlp
CCDC121,1.1731284e-07,3111,dense_mlp
CDCA4,1.1722754e-07,3112,dense_mlp
SP8,1.17159715e-07,3113,dense_mlp
DRGX,1.171225e-07,3114,dense_mlp
BORCS6,1.1708874e-07,3115,dense_mlp
ZNHIT2,1.17086934e-07,3116,dense_mlp
SLC26A10,1.1706866e-07,3117,dense_mlp
ATPAF2,1.17067344e-07,3118,dense_mlp
MOG,1.17064374e-07,3119,dense_mlp
CCNDBP1,1.17046504e-07,3120,dense_mlp
BLOC1S2,1.1703801e-07,3121,dense_mlp
RNASE13,1.1700532e-07,3122,dense_mlp
KLHL36,1.1699615e-07,3123,dense_mlp
LAMP3,1.1695624e-07,3124,dense_mlp
STPG1,1.16939155e-07,3125,dense_mlp
BANF2,1.16845605e-07,3126,dense_mlp
HAPLN3,1.1684127e-07,3127,dense_mlp
S100A6,1.1682829e-07,3128,dense_mlp
RASGEF1C,1.1679017e-07,3129,dense_mlp
MAP7,1.16778786e-07,3130,dense_mlp
MARVELD1,1.16756645e-07,3131,dense_mlp
LRRD1,1.1674547e-07,3132,dense_mlp
LRRC9,1.16722696e-07,3133,dense_mlp
FAM237B,1.16688234e-07,3134,dense_mlp
RBMS1,1.1658209e-07,3135,dense_mlp
DDX25,1.16566405e-07,3136,dense_mlp
ENG,1.165624e-07,3137,dense_mlp
TMEM62,1.165563e-07,3138,dense_mlp
WDR78,1.16553856e-07,3139,dense_mlp
CCDC150,1.1654132e-07,3140,dense_mlp
LSP1,1.165342e-07,3141,dense_mlp
ZSCAN23,1.1652228e-07,3142,dense_mlp
PHOX2A,1.165195e-07,3143,dense_mlp
FBXO34,1.1650722e-07,3144,dense_mlp
LEXM,1.16365484e-07,3145,dense_mlp
CXorf40A,1.16315164e-07,3146,dense_mlp
CCL15,1.16310744e-07,3147,dense_mlp
ARL14EPL,1.1621502e-07,3148,dense_mlp
CNPY2,1.1617371e-07,3149,dense_mlp
PCDHA13,1.1595336e-07,3150,dense_mlp
SCIN,1.1585734e-07,3151,dense_mlp
PAX1,1.15849176e-07,3152,dense_mlp
TMEM167A,1.15848515e-07,3153,dense_mlp
RBM38,1.15804816e-07,3154,dense_mlp
LY6G6E,1.15775954e-07,3155,dense_mlp
C17orf64,1.1576576e-07,3156,dense_mlp
CD302,1.1572665e-07,3157,dense_mlp
VSX2,1.1570244e-07,3158,dense_mlp
EEF1AKNMT,1.1566637e-07,3159,dense_mlp
STARD9,1.15639125e-07,3160,dense_mlp
TMEM74,1.1562127e-07,3161,dense_mlp
FBXO16,1.155952e-07,3162,dense_mlp
RSBN1L,1.1558721e-07,3163,dense_mlp
FOXJ3,1.15567815e-07,3164,dense_mlp
ZNF219,1.1553605e-07,3165,dense_mlp
TMEM120B,1.1552298e-07,3166,dense_mlp
LCN8,1.1550346e-07,3167,dense_mlp
DNASE1L2,1.1544598e-07,3168,dense_mlp
NPTXR,1.1543984e-07,3169,dense_mlp
TMEM236,1.1540544e-07,3170,dense_mlp
CLDN34,1.1538936e-07,3171,dense_mlp
HEXIM2,1.1523614e-07,3172,dense_mlp
C1QTNF3,1.15225845e-07,3173,dense_mlp
ZNF630,1.15170806e-07,3174,dense_mlp
IGFL3,1.1513462e-07,3175,dense_mlp
SNX25,1.1512783e-07,3176,dense_mlp
KLHL30,1.1512567e-07,3177,dense_mlp
CMPK2,1.1503469e-07,3178,dense_mlp
ARHGAP36,1.15016704e-07,3179,dense_mlp
CCDC114,1.14989426e-07,3180,dense_mlp
DYRK3,1.14952265e-07,3181,dense_mlp
ATRNL1,1.1488556e-07,3182,dense_mlp
TEDDM1,1.1487714e-07,3183,dense_mlp
NUP210L,1.1483004e-07,3184,dense_mlp
GSG1,1.14786445e-07,3185,dense_mlp
ZNF207,1.14778544e-07,3186,dense_mlp
ANKRD45,1.1476395e-07,3187,dense_mlp
DEDD2,1.1474577e-07,3188,dense_mlp
CBX7,1.14742875e-07,3189,dense_mlp
NSUN3,1.14734284e-07,3190,dense_mlp
MAP4K2,1.1464387e-07,3191,dense_mlp
TSPAN9,1.1461824e-07,3192,dense_mlp
NLRP2B,1.145926e-07,3193,dense_mlp
CCDC81,1.14569154e-07,3194,dense_mlp
ZNF511,1.1456167e-07,3195,dense_mlp
CCDC153,1.1452644e-07,3196,dense_mlp
C8orf82,1.14502e-07,3197,dense_mlp
DHX34,1.1448466e-07,3198,dense_mlp
ARRDC4,1.1435279e-07,3199,dense_mlp
NEMP2,1.14350044e-07,3200,dense_mlp
RIMS2,1.1429738e-07,3201,dense_mlp
DNAH14,1.14288746e-07,3202,dense_mlp
CCDC61,1.14272005e-07,3203,dense_mlp
MAP10,1.14254185e-07,3204,dense_mlp
PINLYP,1.14212455e-07,3205,dense_mlp
SEMA6B,1.1420009e-07,3206,dense_mlp
STXBP4,1.14161125e-07,3207,dense_mlp
MS4A7,1.1411654e-07,3208,dense_mlp
TCTE3,1.1407585e-07,3209,dense_mlp
LAX1,1.13984036e-07,3210,dense_mlp
ANKS4B,1.1396366e-07,3211,dense_mlp
YBX3,1.1392465e-07,3212,dense_mlp
FAM9A,1.13918254e-07,3213,dense_mlp
ARMC10,1.1390023e-07,3214,dense_mlp
CELF4,1.1389306e-07,3215,dense_mlp
SLC23A3,1.1388921e-07,3216,dense_mlp
SELENOV,1.1387936e-07,3217,dense_mlp
FAM155A,1.1383647e-07,3218,dense_mlp
GLIPR1L1,1.1383577e-07,3219,dense_mlp
DNAJC16,1.1381901e-07,3220,dense_mlp
MARVELD3,1.13727616e-07,3221,dense_mlp
ZNF365,1.1371255e-07,3222,dense_mlp
ANGPTL6,1.1371085e-07,3223,dense_mlp
CRLF3,1.1370667e-07,3224,dense_mlp
MAP6,1.1368604e-07,3225,dense_mlp
MIER2,1.1367682e-07,3226,dense_mlp
TBC1D8,1.1364706e-07,3227,dense_mlp
ZNF404,1.13632545e-07,3228,dense_mlp
ADAM28,1.1358422e-07,3229,dense_mlp
SLC43A3,1.13529005e-07,3230,dense_mlp
RPUSD2,1.1347514e-07,3231,dense_mlp
PLSCR2,1.1344401e-07,3232,dense_mlp
ASMTL,1.1342643e-07,3233,dense_mlp
GARNL3,1.1339659e-07,3234,dense_mlp
VMAC,1.1338888e-07,3235,dense_mlp
C2orf83,1.1335756e-07,3236,dense_mlp
PCDHGA11,1.13349294e-07,3237,dense_mlp
GINM1,1.1331077e-07,3238,dense_mlp
CCNL1,1.1328211e-07,3239,dense_mlp
KANK4,1.13281324e-07,3240,dense_mlp
URGCP,1.1322949e-07,3241,dense_mlp
RWDD2A,1.13219464e-07,3242,dense_mlp
GTPBP8,1.1321004e-07,3243,dense_mlp
H2AFX,1.1319938e-07,3244,dense_mlp
CSNK1G1,1.1314496e-07,3245,dense_mlp
WDR90,1.1313984e-07,3246,dense_mlp
AKAP4,1.1313881e-07,3247,dense_mlp
TEDC1,1.1311482e-07,3248,dense_mlp
DYDC1,1.13104115e-07,3249,dense_mlp
TFAP4,1.1309849e-07,3250,dense_mlp
TMEM200B,1.1309164e-07,3251,dense_mlp
RASD2,1.13064274e-07,3252,dense_mlp
ADAL,1.13058995e-07,3253,dense_mlp
PIP4P2,1.1304946e-07,3254,dense_mlp
SYNJ2BP,1.1303852e-07,3255,dense_mlp
CCDC86,1.1303513e-07,3256,dense_mlp
ARMH4,1.1293067e-07,3257,dense_mlp
RHBDL1,1.1292093e-07,3258,dense_mlp
PRSS38,1.12914556e-07,3259,dense_mlp
SEL1L3,1.1286972e-07,3260,dense_mlp
GPR63,1.1284335e-07,3261,dense_mlp
CASTOR3,1.1283491e-07,3262,dense_mlp
TMEM120A,1.1281561e-07,3263,dense_mlp
RCN2,1.12790964e-07,3264,dense_mlp
FPGS,1.1276803e-07,3265,dense_mlp
LBHD1,1.12749035e-07,3266,dense_mlp
NEURL4,1.12749e-07,3267,dense_mlp
CSNKA2IP,1.1273233e-07,3268,dense_mlp
EDDM3A,1.1269452e-07,3269,dense_mlp
MCTS1,1.1269098e-07,3270,dense_mlp
ZNF536,1.12660594e-07,3271,dense_mlp
FAHD2B,1.12658945e-07,3272,dense_mlp
CPXCR1,1.12645694e-07,3273,dense_mlp
TMEM220,1.12636094e-07,3274,dense_mlp
TMSB10,1.1260617e-07,3275,dense_mlp
TSNAXIP1,1.1259357e-07,3276,dense_mlp
CROCC,1.12566156e-07,3277,dense_mlp
DNAJB2,1.1254689e-07,3278,dense_mlp
TM2D3,1.1253737e-07,3279,dense_mlp
MARCH3,1.1252153e-07,3280,dense_mlp
SMIM30,1.1252074e-07,3281,dense_mlp
CTXN3,1.1251687e-07,3282,dense_mlp
ZNF414,1.12490035e-07,3283,dense_mlp
CYTL1,1.1245354e-07,3284,dense_mlp
TSPAN2,1.1245181e-07,3285,dense_mlp
C22orf31,1.12422924e-07,3286,dense_mlp
RFX4,1.12408216e-07,3287,dense_mlp
C7orf31,1.1235769e-07,3288,dense_mlp
RNF227,1.1235595e-07,3289,dense_mlp
C5orf60,1.1234612e-07,3290,dense_mlp
CACNG1,1.1232447e-07,3291,dense_mlp
PCDHGA10,1.1224861e-07,3292,dense_mlp
HBQ1,1.1223723e-07,3293,dense_mlp
IGSF9B,1.12207104e-07,3294,dense_mlp
SYPL1,1.12155654e-07,3295,dense_mlp
GABRE,1.1213775e-07,3296,dense_mlp
ANKDD1A,1.1208568e-07,3297,dense_mlp
TTC30A,1.1206442e-07,3298,dense_mlp
SEC14L4,1.1205342e-07,3299,dense_mlp
FAM117A,1.1199214e-07,3300,dense_mlp
PRRX1,1.11986694e-07,3301,dense_mlp
ANKEF1,1.119834e-07,3302,dense_mlp
MYPOP,1.1197025e-07,3303,dense_mlp
TIMP4,1.1191057e-07,3304,dense_mlp
TMEM80,1.1191017e-07,3305,dense_mlp
IQCD,1.11831206e-07,3306,dense_mlp
REXO5,1.1182108e-07,3307,dense_mlp
NFKBID,1.11783905e-07,3308,dense_mlp
CDC42BPG,1.1175167e-07,3309,dense_mlp
MS4A6A,1.1174251e-07,3310,dense_mlp
LAPTM4B,1.1173729e-07,3311,dense_mlp
ZNF883,1.1163842e-07,3312,dense_mlp
HEPN1,1.11628346e-07,3313,dense_mlp
DOC2B,1.1160701e-07,3314,dense_mlp
TXNDC9,1.11531214e-07,3315,dense_mlp
PRR19,1.1144485e-07,3316,dense_mlp
SECTM1,1.1140047e-07,3317,dense_mlp
SLC15A2,1.1138341e-07,3318,dense_mlp
RUNDC3B,1.11382576e-07,3319,dense_mlp
ATOH8,1.1137279e-07,3320,dense_mlp
C10orf99,1.11369275e-07,3321,dense_mlp
NEURL3,1.1133797e-07,3322,dense_mlp
THAP2,1.11249776e-07,3323,dense_mlp
TEX54,1.1124923e-07,3324,dense_mlp
PIRT,1.1121135e-07,3325,dense_mlp
TM6SF1,1.11190225e-07,3326,dense_mlp
MYNN,1.11148715e-07,3327,dense_mlp
THEMIS,1.111481e-07,3328,dense_mlp
HNRNPCL2,1.1114057e-07,3329,dense_mlp
RASL12,1.1111489e-07,3330,dense_mlp
TMEM173,1.11104626e-07,3331,dense_mlp
POM121L12,1.1109822e-07,3332,dense_mlp
PDC,1.1108085e-07,3333,dense_mlp
MAGEA1,1.1106193e-07,3334,dense_mlp
TBL2,1.1103007e-07,3335,dense_mlp
LIX1,1.1097694e-07,3336,dense_mlp
FAHD2A,1.10950474e-07,3337,dense_mlp
CCDC181,1.1093264e-07,3338,dense_mlp
PCNX3,1.1091553e-07,3339,dense_mlp
TRIML2,1.10901254e-07,3340,dense_mlp
TMEM176A,1.1082692e-07,3341,dense_mlp
CARD10,1.1082472e-07,3342,dense_mlp
CPQ,1.1081305e-07,3343,dense_mlp
TMEM38A,1.1080746e-07,3344,dense_mlp
CD3EAP,1.1080667e-07,3345,dense_mlp
RAB11FIP5,1.10801466e-07,3346,dense_mlp
PHETA2,1.1079662e-07,3347,dense_mlp
SRRM5,1.1079357e-07,3348,dense_mlp
UBALD1,1.10776085e-07,3349,dense_mlp
SUB1,1.1075924e-07,3350,dense_mlp
TMEM241,1.10751046e-07,3351,dense_mlp
RNF208,1.107301e-07,3352,dense_mlp
SCGN,1.10725715e-07,3353,dense_mlp
ADAMDEC1,1.1072231e-07,3354,dense_mlp
CCNYL1,1.1070573e-07,3355,dense_mlp
GPR149,1.1068349e-07,3356,dense_mlp
C2orf92,1.1067482e-07,3357,dense_mlp
DNAJC27,1.1066918e-07,3358,dense_mlp
FAM229B,1.1062121e-07,3359,dense_mlp
PCDHGA3,1.10611715e-07,3360,dense_mlp
C2CD4B,1.10590236e-07,3361,dense_mlp
MZF1,1.1051722e-07,3362,dense_mlp
PCDHB7,1.1044075e-07,3363,dense_mlp
RBAK,1.1042467e-07,3364,dense_mlp
SMCO4,1.10415804e-07,3365,dense_mlp
SFTA2,1.1032822e-07,3366,dense_mlp
PLSCR4,1.1028571e-07,3367,dense_mlp
PRSS12,1.1028541e-07,3368,dense_mlp
TMEM60,1.10226004e-07,3369,dense_mlp
LDB3,1.1022221e-07,3370,dense_mlp
WDR76,1.10196474e-07,3371,dense_mlp
FSD2,1.1018433e-07,3372,dense_mlp
AADACL2,1.1013979e-07,3373,dense_mlp
PNMA8B,1.101389e-07,3374,dense_mlp
ADAD2,1.1008915e-07,3375,dense_mlp
CCDC117,1.1008738e-07,3376,dense_mlp
DNAJC28,1.100765e-07,3377,dense_mlp
CSPP1,1.100673e-07,3378,dense_mlp
ROPN1B,1.1006658e-07,3379,dense_mlp
C19orf57,1.0995947e-07,3380,dense_mlp
CFAP44,1.09932365e-07,3381,dense_mlp
MCMBP,1.09916954e-07,3382,dense_mlp
AC072022.2,1.09915696e-07,3383,dense_mlp
CHI3L2,1.0987827e-07,3384,dense_mlp
SPG21,1.0987742e-07,3385,dense_mlp
SIDT2,1.09828186e-07,3386,dense_mlp
GPR19,1.09820576e-07,3387,dense_mlp
KIAA1614,1.09800666e-07,3388,dense_mlp
SH3TC2,1.0979862e-07,3389,dense_mlp
SCFD2,1.0979711e-07,3390,dense_mlp
FJX1,1.0977371e-07,3391,dense_mlp
RADIL,1.09727274e-07,3392,dense_mlp
CXCL17,1.0967457e-07,3393,dense_mlp
TMEM181,1.0966321e-07,3394,dense_mlp
ASCL5,1.0965116e-07,3395,dense_mlp
C2orf74,1.0960317e-07,3396,dense_mlp
MAGEF1,1.09602226e-07,3397,dense_mlp
PRR15,1.0957875e-07,3398,dense_mlp
ETV2,1.09578416e-07,3399,dense_mlp
FASTKD3,1.09576554e-07,3400,dense_mlp
C16orf92,1.0955283e-07,3401,dense_mlp
POF1B,1.0953463e-07,3402,dense_mlp
STH,1.09532266e-07,3403,dense_mlp
SPRY3,1.0951015e-07,3404,dense_mlp
PPP1R3G,1.0950828e-07,3405,dense_mlp
YY2,1.0949944e-07,3406,dense_mlp
CA11,1.0949497e-07,3407,dense_mlp
AIDA,1.0943417e-07,3408,dense_mlp
MYCT1,1.0942102e-07,3409,dense_mlp
MRFAP1,1.0939634e-07,3410,dense_mlp
C4orf19,1.09334366e-07,3411,dense_mlp
LRRC43,1.0929738e-07,3412,dense_mlp
MAST3,1.0928188e-07,3413,dense_mlp
C6orf47,1.0927369e-07,3414,dense_mlp
YPEL4,1.09236886e-07,3415,dense_mlp
LRCH1,1.0918565e-07,3416,dense_mlp
LRMDA,1.09155934e-07,3417,dense_mlp
BNIPL,1.0913529e-07,3418,dense_mlp
UBTD1,1.0911812e-07,3419,dense_mlp
RTP4,1.09107035e-07,3420,dense_mlp
EN2,1.0908996e-07,3421,dense_mlp
AIPL1,1.0908969e-07,3422,dense_mlp
SAMD13,1.0902825e-07,3423,dense_mlp
ERMN,1.0901085e-07,3424,dense_mlp
LRRC55,1.0900556e-07,3425,dense_mlp
CNNM4,1.0895359e-07,3426,dense_mlp
SPATA32,1.0891093e-07,3427,dense_mlp
TMEM176B,1.0889306e-07,3428,dense_mlp
MOCS1,1.08876215e-07,3429,dense_mlp
C10orf142,1.0887082e-07,3430,dense_mlp
ZNF408,1.08864214e-07,3431,dense_mlp
SCRN2,1.0885875e-07,3432,dense_mlp
DIRAS1,1.0883167e-07,3433,dense_mlp
DRICH1,1.0882523e-07,3434,dense_mlp
ZCWPW2,1.08795675e-07,3435,dense_mlp
IFFO2,1.0879208e-07,3436,dense_mlp
IFITM10,1.0877764e-07,3437,dense_mlp
DUSP19,1.0875389e-07,3438,dense_mlp
WDR7,1.0874448e-07,3439,dense_mlp
SPAG8,1.0873544e-07,3440,dense_mlp
MNS1,1.08731236e-07,3441,dense_mlp
FAM81A,1.087121e-07,3442,dense_mlp
CCDC15,1.08700206e-07,3443,dense_mlp
CCDC120,1.0864272e-07,3444,dense_mlp
UBAP2,1.0862957e-07,3445,dense_mlp
CRELD2,1.0859275e-07,3446,dense_mlp
ZNF296,1.0859015e-07,3447,dense_mlp
S100A3,1.08541734e-07,3448,dense_mlp
TSPAN3,1.08517476e-07,3449,dense_mlp
EVI2B,1.08514534e-07,3450,dense_mlp
LRIF1,1.0847827e-07,3451,dense_mlp
PIK3IP1,1.0843372e-07,3452,dense_mlp
MBNL3,1.0841696e-07,3453,dense_mlp
NECAB3,1.0841095e-07,3454,dense_mlp
TMPRSS9,1.0838572e-07,3455,dense_mlp
EXD3,1.08377705e-07,3456,dense_mlp
CCDC160,1.0836117e-07,3457,dense_mlp
CFAP69,1.08240656e-07,3458,dense_mlp
TRIB2,1.08224114e-07,3459,dense_mlp
PRTG,1.0820967e-07,3460,dense_mlp
RIPK4,1.08203004e-07,3461,dense_mlp
CCDC191,1.0818622e-07,3462,dense_mlp
RBM43,1.0813762e-07,3463,dense_mlp
TTC9B,1.08115024e-07,3464,dense_mlp
JRK,1.080692e-07,3465,dense_mlp
C6orf163,1.08032594e-07,3466,dense_mlp
TERC,1.0798666e-07,3467,dense_mlp
HSF4,1.0797003e-07,3468,dense_mlp
NAIF1,1.07966486e-07,3469,dense_mlp
UAP1L1,1.0795107e-07,3470,dense_mlp
ZSWIM3,1.0792705e-07,3471,dense_mlp
SH3PXD2B,1.0786435e-07,3472,dense_mlp
SVEP1,1.0783398e-07,3473,dense_mlp
TLCD3A,1.0783387e-07,3474,dense_mlp
RCOR2,1.0776707e-07,3475,dense_mlp
LIME1,1.0773381e-07,3476,dense_mlp
MTCL1,1.0773121e-07,3477,dense_mlp
MSS51,1.07727494e-07,3478,dense_mlp
PDZD7,1.0772295e-07,3479,dense_mlp
DDTL,1.0771366e-07,3480,dense_mlp
TGM7,1.07701624e-07,3481,dense_mlp
MPZL2,1.0767531e-07,3482,dense_mlp
TMEM213,1.0761632e-07,3483,dense_mlp
SFT2D3,1.0761484e-07,3484,dense_mlp
TOP3B,1.0760249e-07,3485,dense_mlp
PCDHA1,1.0758388e-07,3486,dense_mlp
CEP85L,1.0757007e-07,3487,dense_mlp
TMEM207,1.0756273e-07,3488,dense_mlp
EFCAB11,1.0755229e-07,3489,dense_mlp
TMEM187,1.0751581e-07,3490,dense_mlp
MAP9,1.0750423e-07,3491,dense_mlp
MS4A1,1.0749542e-07,3492,dense_mlp
TMEM192,1.0748077e-07,3493,dense_mlp
ZNF407,1.0746404e-07,3494,dense_mlp
TESK2,1.0745885e-07,3495,dense_mlp
SLC7A2,1.0739667e-07,3496,dense_mlp
B3GNTL1,1.07382085e-07,3497,dense_mlp
DNAH1,1.0731732e-07,3498,dense_mlp
TGFB1I1,1.0731595e-07,3499,dense_mlp
IQCJ,1.07307784e-07,3500,dense_mlp
RTL8A,1.0729728e-07,3501,dense_mlp
CLDN24,1.0725342e-07,3502,dense_mlp
GLIS2,1.0725103e-07,3503,dense_mlp
MTSS2,1.0724995e-07,3504,dense_mlp
DRC7,1.07236545e-07,3505,dense_mlp
PLCXD2,1.0722347e-07,3506,dense_mlp
AMZ1,1.0721225e-07,3507,dense_mlp
ZDHHC24,1.0720848e-07,3508,dense_mlp
RUSC1,1.072056e-07,3509,dense_mlp
SLC17A2,1.0713784e-07,3510,dense_mlp
EPB41L4A,1.071169e-07,3511,dense_mlp
UBL4B,1.0710845e-07,3512,dense_mlp
HAP1,1.0702573e-07,3513,dense_mlp
IQCN,1.0700445e-07,3514,dense_mlp
HIST1H2AG,1.07001426e-07,3515,dense_mlp
GPR179,1.06959625e-07,3516,dense_mlp
SLC7A14,1.0693667e-07,3517,dense_mlp
MAP3K6,1.0693556e-07,3518,dense_mlp
RASIP1,1.0693303e-07,3519,dense_mlp
IL17D,1.06931886e-07,3520,dense_mlp
FOXD4L5,1.0693155e-07,3521,dense_mlp
TSSK3,1.0691337e-07,3522,dense_mlp
PLLP,1.06879845e-07,3523,dense_mlp
DUSP28,1.06851445e-07,3524,dense_mlp
C15orf65,1.06828985e-07,3525,dense_mlp
ADGRD1,1.0682891e-07,3526,dense_mlp
JPH1,1.0680488e-07,3527,dense_mlp
BFSP2,1.0679823e-07,3528,dense_mlp
PLIN5,1.0675082e-07,3529,dense_mlp
RBM19,1.0673005e-07,3530,dense_mlp
C19orf81,1.0665489e-07,3531,dense_mlp
C17orf58,1.0661291e-07,3532,dense_mlp
NRM,1.0658914e-07,3533,dense_mlp
SPATA2L,1.0653843e-07,3534,dense_mlp
POU2AF1,1.06520204e-07,3535,dense_mlp
LGALS2,1.06520126e-07,3536,dense_mlp
ABI3BP,1.064587e-07,3537,dense_mlp
LRRC23,1.06446834e-07,3538,dense_mlp
L3MBTL4,1.0642167e-07,3539,dense_mlp
HIST1H2AK,1.0639424e-07,3540,dense_mlp
NINJ2,1.0639338e-07,3541,dense_mlp
MIR1915HG,1.063714e-07,3542,dense_mlp
PUM3,1.06356445e-07,3543,dense_mlp
PRR27,1.06315845e-07,3544,dense_mlp
NEUROG1,1.06312164e-07,3545,dense_mlp
TMCO1,1.0630611e-07,3546,dense_mlp
GPANK1,1.0621256e-07,3547,dense_mlp
PATE2,1.0618479e-07,3548,dense_mlp
SFMBT2,1.06163505e-07,3549,dense_mlp
SLC18B1,1.0616065e-07,3550,dense_mlp
BRICD5,1.06151575e-07,3551,dense_mlp
TMTC3,1.0612894e-07,3552,dense_mlp
TEX33,1.0610402e-07,3553,dense_mlp
TNP1,1.0608866e-07,3554,dense_mlp
RNF175,1.0607067e-07,3555,dense_mlp
MOSMO,1.0606301e-07,3556,dense_mlp
MDP1,1.05993294e-07,3557,dense_mlp
C21orf58,1.0597839e-07,3558,dense_mlp
RBPMS2,1.0594513e-07,3559,dense_mlp
ANKUB1,1.0592919e-07,3560,dense_mlp
ILDR2,1.05858156e-07,3561,dense_mlp
CRIP1,1.058422e-07,3562,dense_mlp
MIA,1.0583525e-07,3563,dense_mlp
AJM1,1.058273e-07,3564,dense_mlp
FMN2,1.0582036e-07,3565,dense_mlp
CCN5,1.057757e-07,3566,dense_mlp
CD163L1,1.05748946e-07,3567,dense_mlp
FRYL,1.0574353e-07,3568,dense_mlp
PEX5L,1.0570913e-07,3569,dense_mlp
INTS6L,1.0569997e-07,3570,dense_mlp
LRIG3,1.05682695e-07,3571,dense_mlp
DTD2,1.05663034e-07,3572,dense_mlp
SPACA6,1.0565986e-07,3573,dense_mlp
C10orf90,1.0564587e-07,3574,dense_mlp
KLHL35,1.056387e-07,3575,dense_mlp
CWF19L1,1.0563346e-07,3576,dense_mlp
STRIP2,1.0562892e-07,3577,dense_mlp
TEF,1.0562298e-07,3578,dense_mlp
SPATA31A1,1.05615705e-07,3579,dense_mlp
METTL4,1.05612514e-07,3580,dense_mlp
NRSN1,1.0561235e-07,3581,dense_mlp
FICD,1.0561215e-07,3582,dense_mlp
PRR5L,1.0559823e-07,3583,dense_mlp
PHLDB2,1.05581904e-07,3584,dense_mlp
HIST2H2BE,1.055704e-07,3585,dense_mlp
SMIM2,1.0544935e-07,3586,dense_mlp
BRD3,1.0543401e-07,3587,dense_mlp
CORO1B,1.05424625e-07,3588,dense_mlp
SIX4,1.0535632e-07,3589,dense_mlp
PCP4L1,1.0535147e-07,3590,dense_mlp
CCDC163,1.0530744e-07,3591,dense_mlp
SSX2IP,1.0529274e-07,3592,dense_mlp
PNMA8A,1.05278296e-07,3593,dense_mlp
FNDC11,1.0523464e-07,3594,dense_mlp
PCDHGA1,1.0521062e-07,3595,dense_mlp
ZKSCAN2,1.05202e-07,3596,dense_mlp
THEMIS2,1.0519547e-07,3597,dense_mlp
CCHCR1,1.0518597e-07,3598,dense_mlp
ADTRP,1.0518278e-07,3599,dense_mlp
LACTB2,1.05178685e-07,3600,dense_mlp
BFAR,1.0509011e-07,3601,dense_mlp
CDKL1,1.05087615e-07,3602,dense_mlp
BEND6,1.05078655e-07,3603,dense_mlp
HIST1H4B,1.050435e-07,3604,dense_mlp
TRIM66,1.0501763e-07,3605,dense_mlp
VSIG10,1.0501389e-07,3606,dense_mlp
PKD1L1,1.0501209e-07,3607,dense_mlp
C2orf81,1.05002314e-07,3608,dense_mlp
NFATC2IP,1.0498124e-07,3609,dense_mlp
LACTB,1.049735e-07,3610,dense_mlp
PRPSAP1,1.04942806e-07,3611,dense_mlp
ASPRV1,1.0494167e-07,3612,dense_mlp
TMEM251,1.0492652e-07,3613,dense_mlp
POM121C,1.0490451e-07,3614,dense_mlp
SKOR1,1.0490114e-07,3615,dense_mlp
SSC4D,1.0489361e-07,3616,dense_mlp
AL354761.1,1.048572e-07,3617,dense_mlp
CDK17,1.04843096e-07,3618,dense_mlp
TNFAIP2,1.04840716e-07,3619,dense_mlp
PPP1R14C,1.0481065e-07,3620,dense_mlp
PCDH8,1.0480936e-07,3621,dense_mlp
TRANK1,1.0478355e-07,3622,dense_mlp
ING1,1.0473354e-07,3623,dense_mlp
NAA50,1.04670086e-07,3624,dense_mlp
SPINT3,1.0464304e-07,3625,dense_mlp
AVIL,1.04634886e-07,3626,dense_mlp
ZDHHC12,1.0462577e-07,3627,dense_mlp
DBNDD1,1.0461551e-07,3628,dense_mlp
SLC9A3R2,1.04614e-07,3629,dense_mlp
HTRA3,1.04604695e-07,3630,dense_mlp
C2orf69,1.0459773e-07,3631,dense_mlp
ZBTB2,1.0456633e-07,3632,dense_mlp
LZTS3,1.04564755e-07,3633,dense_mlp
AC011195.2,1.04540305e-07,3634,dense_mlp
IQCH,1.0450823e-07,3635,dense_mlp
TMCC3,1.0447636e-07,3636,dense_mlp
TTLL13P,1.04461265e-07,3637,dense_mlp
OR5D3P,1.0445916e-07,3638,dense_mlp
RCAN1,1.04434e-07,3639,dense_mlp
KRBOX4,1.044336e-07,3640,dense_mlp
ORAI3,1.0442642e-07,3641,dense_mlp
C7orf61,1.04381314e-07,3642,dense_mlp
AC132217.2,1.04367004e-07,3643,dense_mlp
TBX4,1.04336706e-07,3644,dense_mlp
ERFE,1.0422971e-07,3645,dense_mlp
MOAP1,1.0422509e-07,3646,dense_mlp
STMND1,1.04224725e-07,3647,dense_mlp
LYSMD2,1.04213015e-07,3648,dense_mlp
PDCL2,1.0416562e-07,3649,dense_mlp
KANTR,1.0415917e-07,3650,dense_mlp
C18orf21,1.0415893e-07,3651,dense_mlp
WDR25,1.0415443e-07,3652,dense_mlp
IGFN1,1.04134045e-07,3653,dense_mlp
L1TD1,1.0405429e-07,3654,dense_mlp
PEX11G,1.0402194e-07,3655,dense_mlp
ZNF107,1.0402142e-07,3656,dense_mlp
MYH13,1.040105e-07,3657,dense_mlp
PTP4A3,1.03970734e-07,3658,dense_mlp
TUB,1.0396844e-07,3659,dense_mlp
CKS2,1.0392986e-07,3660,dense_mlp
R3HCC1L,1.0389962e-07,3661,dense_mlp
CCDC113,1.0383599e-07,3662,dense_mlp
TMEM134,1.0383594e-07,3663,dense_mlp
MLF1,1.03802606e-07,3664,dense_mlp
HOXA5,1.0376501e-07,3665,dense_mlp
ARMH1,1.03732845e-07,3666,dense_mlp
GPN2,1.0373172e-07,3667,dense_mlp
MIER3,1.0370503e-07,3668,dense_mlp
CHRDL2,1.03632864e-07,3669,dense_mlp
BICC1,1.0360792e-07,3670,dense_mlp
CMTM5,1.0360401e-07,3671,dense_mlp
PCGF3,1.035787e-07,3672,dense_mlp
CCDC91,1.03570535e-07,3673,dense_mlp
SLC9A3R1,1.0356622e-07,3674,dense_mlp
SCAF1,1.0356104e-07,3675,dense_mlp
SASS6,1.0353853e-07,3676,dense_mlp
PALM3,1.0353113e-07,3677,dense_mlp
VSTM5,1.0353022e-07,3678,dense_mlp
EVI2A,1.0351952e-07,3679,dense_mlp
TMEM265,1.03509635e-07,3680,dense_mlp
CFAP58,1.0350404e-07,3681,dense_mlp
PREP,1.034839e-07,3682,dense_mlp
PARP12,1.0347166e-07,3683,dense_mlp
CCDC173,1.0341702e-07,3684,dense_mlp
CA8,1.0338387e-07,3685,dense_mlp
FUBP3,1.0337116e-07,3686,dense_mlp
DNAJC1,1.03347276e-07,3687,dense_mlp
SPEF1,1.0328568e-07,3688,dense_mlp
TTPAL,1.0325802e-07,3689,dense_mlp
SHROOM1,1.03255815e-07,3690,dense_mlp
RHBDD3,1.0320291e-07,3691,dense_mlp
ZFX,1.03185485e-07,3692,dense_mlp
TOMM34,1.0314411e-07,3693,dense_mlp
AFF1,1.03128556e-07,3694,dense_mlp
NRARP,1.0312665e-07,3695,dense_mlp
VWA5B2,1.0306326e-07,3696,dense_mlp
PPP2R2B,1.0304581e-07,3697,dense_mlp
LRRC3B,1.03018685e-07,3698,dense_mlp
HSPBAP1,1.0299836e-07,3699,dense_mlp
PCNX4,1.02982185e-07,3700,dense_mlp
GRINA,1.02962964e-07,3701,dense_mlp
ZNF85,1.0289265e-07,3702,dense_mlp
WEE2,1.0289001e-07,3703,dense_mlp
GLT8D1,1.0288037e-07,3704,dense_mlp
CCDC71L,1.02818746e-07,3705,dense_mlp
MACC1,1.0280981e-07,3706,dense_mlp
AC093323.1,1.0280421e-07,3707,dense_mlp
FDXACB1,1.02753724e-07,3708,dense_mlp
SCGB1C2,1.02706814e-07,3709,dense_mlp
GNL2,1.02697555e-07,3710,dense_mlp
MSMB,1.02680026e-07,3711,dense_mlp
HNRNPUL2,1.0265697e-07,3712,dense_mlp
CTXND1,1.02635845e-07,3713,dense_mlp
CSDC2,1.0262263e-07,3714,dense_mlp
DERPC,1.02607494e-07,3715,dense_mlp
ABHD13,1.0258312e-07,3716,dense_mlp
TMCO6,1.0255151e-07,3717,dense_mlp
ZSCAN5C,1.02502526e-07,3718,dense_mlp
LDLRAD3,1.02483654e-07,3719,dense_mlp
NPM3,1.02457726e-07,3720,dense_mlp
GOLPH3L,1.0243366e-07,3721,dense_mlp
PGGHG,1.0241076e-07,3722,dense_mlp
C20orf96,1.02403256e-07,3723,dense_mlp
SH3BP5L,1.0240259e-07,3724,dense_mlp
FLVCR2,1.023884e-07,3725,dense_mlp
TMEM61,1.023536e-07,3726,dense_mlp
FAM149A,1.0227542e-07,3727,dense_mlp
RPUSD1,1.022545e-07,3728,dense_mlp
ZFPL1,1.0225233e-07,3729,dense_mlp
C1QL4,1.0220416e-07,3730,dense_mlp
OTULINL,1.0216631e-07,3731,dense_mlp
VNN3,1.0211917e-07,3732,dense_mlp
CCDC97,1.0211833e-07,3733,dense_mlp
CCDC142,1.0208606e-07,3734,dense_mlp
ZNF69,1.02083305e-07,3735,dense_mlp
TGFBRAP1,1.0206824e-07,3736,dense_mlp
HORMAD1,1.0203655e-07,3737,dense_mlp
PRR22,1.0191489e-07,3738,dense_mlp
GLIS1,1.0191441e-07,3739,dense_mlp
FAT3,1.01883856e-07,3740,dense_mlp
TMX4,1.0187459e-07,3741,dense_mlp
TLE7,1.01841216e-07,3742,dense_mlp
RUSC2,1.01812155e-07,3743,dense_mlp
HOMEZ,1.0180538e-07,3744,dense_mlp
TOE1,1.01772294e-07,3745,dense_mlp
RASSF8,1.0167711e-07,3746,dense_mlp
TMEM63C,1.01668e-07,3747,dense_mlp
SURF6,1.0163199e-07,3748,dense_mlp
TMIGD3,1.01625716e-07,3749,dense_mlp
RUNX1T1,1.0159245e-07,3750,dense_mlp
SERPINF1,1.0156355e-07,3751,dense_mlp
FRG1,1.0147926e-07,3752,dense_mlp
FAM3B,1.0147065e-07,3753,dense_mlp
IGSF22,1.0146622e-07,3754,dense_mlp
C1QL3,1.0140755e-07,3755,dense_mlp
PCDHGB7,1.01395635e-07,3756,dense_mlp
LRRCC1,1.0131939e-07,3757,dense_mlp
PCDHB16,1.0125138e-07,3758,dense_mlp
POPDC2,1.0119353e-07,3759,dense_mlp
ADSSL1,1.011606e-07,3760,dense_mlp
LYG1,1.01112036e-07,3761,dense_mlp
GRWD1,1.010951e-07,3762,dense_mlp
CALML6,1.0108455e-07,3763,dense_mlp
ARL6IP1,1.0107997e-07,3764,dense_mlp
EPB42,1.0107691e-07,3765,dense_mlp
NXN,1.0105917e-07,3766,dense_mlp
ZNF131,1.01056344e-07,3767,dense_mlp
PHRF1,1.01041394e-07,3768,dense_mlp
ROBO3,1.0100972e-07,3769,dense_mlp
RFPL4B,1.00984934e-07,3770,dense_mlp
IGLON5,1.00969785e-07,3771,dense_mlp
SCML4,1.0094361e-07,3772,dense_mlp
ATP5MD,1.0093312e-07,3773,dense_mlp
FHIT,1.0092615e-07,3774,dense_mlp
FAM184A,1.00884215e-07,3775,dense_mlp
DTWD2,1.0088352e-07,3776,dense_mlp
KBTBD12,1.00873265e-07,3777,dense_mlp
DLK2,1.0084624e-07,3778,dense_mlp
TAC4,1.00832246e-07,3779,dense_mlp
RTTN,1.00811306e-07,3780,dense_mlp
PCDHA5,1.00789904e-07,3781,dense_mlp
LMTK3,1.0078736e-07,3782,dense_mlp
SH2D3C,1.00780774e-07,3783,dense_mlp
CLEC14A,1.0074758e-07,3784,dense_mlp
TMEM243,1.0074561e-07,3785,dense_mlp
PIM2,1.0073511e-07,3786,dense_mlp
CERKL,1.0073218e-07,3787,dense_mlp
EML1,1.0073036e-07,3788,dense_mlp
FAIM2,1.00729345e-07,3789,dense_mlp
TMCC2,1.0068693e-07,3790,dense_mlp
NEMP1,1.00681845e-07,3791,dense_mlp
PACRG,1.0065032e-07,3792,dense_mlp
ISLR2,1.00649984e-07,3793,dense_mlp
RNFT1,1.0064608e-07,3794,dense_mlp
PPP5D1,1.0059907e-07,3795,dense_mlp
OTUD6A,1.005941e-07,3796,dense_mlp
DNAJC12,1.00559944e-07,3797,dense_mlp
ZNF781,1.00558175e-07,3798,dense_mlp
PRRG1,1.00534706e-07,3799,dense_mlp
SPIRE2,1.00528545e-07,3800,dense_mlp
CCDC40,1.00514676e-07,3801,dense_mlp
CT47B1,1.00498696e-07,3802,dense_mlp
IGSF3,1.0049248e-07,3803,dense_mlp
CXorf38,1.0049169e-07,3804,dense_mlp
RPRM,1.00479625e-07,3805,dense_mlp
KLK6,1.0045116e-07,3806,dense_mlp
RECQL,1.0043937e-07,3807,dense_mlp
FAM76A,1.00404876e-07,3808,dense_mlp
PCDHA10,1.00352956e-07,3809,dense_mlp
MARS,1.0032573e-07,3810,dense_mlp
C19orf73,1.0032269e-07,3811,dense_mlp
SPATA24,1.00320484e-07,3812,dense_mlp
SPATA8,1.0031792e-07,3813,dense_mlp
CMTM2,1.0031739e-07,3814,dense_mlp
LRIT1,1.0031322e-07,3815,dense_mlp
MBTD1,1.0030087e-07,3816,dense_mlp
TEX22,1.00270825e-07,3817,dense_mlp
ACTR3B,1.0026792e-07,3818,dense_mlp
DNAAF4,1.0023044e-07,3819,dense_mlp
FGD6,1.002075e-07,3820,dense_mlp
THUMPD2,1.00146906e-07,3821,dense_mlp
SLC39A9,1.0013107e-07,3822,dense_mlp
ULK4,1.0011978e-07,3823,dense_mlp
BTG3,1.001138e-07,3824,dense_mlp
C15orf41,1.00105574e-07,3825,dense_mlp
KLK10,1.0006899e-07,3826,dense_mlp
ZNF622,1.0005253e-07,3827,dense_mlp
INAFM1,1.0002455e-07,3828,dense_mlp
CLN6,1.0002159e-07,3829,dense_mlp
TCIM,9.999782e-08,3830,dense_mlp
BLOC1S5,9.999776e-08,3831,dense_mlp
BEND3,9.999323e-08,3832,dense_mlp
N6AMT1,9.999317e-08,3833,dense_mlp
MEGF8,9.998044e-08,3834,dense_mlp
NFKBIZ,9.984808e-08,3835,dense_mlp
CCDC166,9.983022e-08,3836,dense_mlp
SRPX,9.9791805e-08,3837,dense_mlp
ALDH16A1,9.9783705e-08,3838,dense_mlp
CELA1,9.977249e-08,3839,dense_mlp
SLC7A6OS,9.9763106e-08,3840,dense_mlp
SETMAR,9.975166e-08,3841,dense_mlp
YIPF1,9.9741165e-08,3842,dense_mlp
FAM204A,9.972973e-08,3843,dense_mlp
PLGLB2,9.9708096e-08,3844,dense_mlp
SFTA3,9.969517e-08,3845,dense_mlp
LYSMD4,9.965781e-08,3846,dense_mlp
TMEM268,9.9650215e-08,3847,dense_mlp
TSPAN4,9.963852e-08,3848,dense_mlp
FIZ1,9.9628195e-08,3849,dense_mlp
DDX60L,9.9614354e-08,3850,dense_mlp
ADPRHL1,9.958429e-08,3851,dense_mlp
PRIMPOL,9.956103e-08,3852,dense_mlp
DSTN,9.949932e-08,3853,dense_mlp
MAD2L1BP,9.94957e-08,3854,dense_mlp
FETUB,9.9493555e-08,3855,dense_mlp
NLRP5,9.949177e-08,3856,dense_mlp
TCOF1,9.947419e-08,3857,dense_mlp
HHIPL1,9.94701e-08,3858,dense_mlp
SFXN5,9.945435e-08,3859,dense_mlp
SPIN2B,9.941696e-08,3860,dense_mlp
ZMYM6,9.9395635e-08,3861,dense_mlp
SAMD4A,9.9313745e-08,3862,dense_mlp
TMEFF1,9.930975e-08,3863,dense_mlp
TMEM160,9.921786e-08,3864,dense_mlp
S100A13,9.921723e-08,3865,dense_mlp
IGFLR1,9.9147655e-08,3866,dense_mlp
C3orf67,9.913267e-08,3867,dense_mlp
NEK10,9.913197e-08,3868,dense_mlp
SNORC,9.9083884e-08,3869,dense_mlp
FAM135B,9.902021e-08,3870,dense_mlp
C22orf15,9.89718e-08,3871,dense_mlp
TMEM171,9.891585e-08,3872,dense_mlp
DISP3,9.891448e-08,3873,dense_mlp
TECPR1,9.88883e-08,3874,dense_mlp
TMEM232,9.888777e-08,3875,dense_mlp
OGFRL1,9.884915e-08,3876,dense_mlp
PANX3,9.881527e-08,3877,dense_mlp
TMEM121,9.8811654e-08,3878,dense_mlp
DNAJC4,9.8782856e-08,3879,dense_mlp
C1orf122,9.877242e-08,3880,dense_mlp
TPRG1L,9.8769235e-08,3881,dense_mlp
MFHAS1,9.87402e-08,3882,dense_mlp
MMS22L,9.871807e-08,3883,dense_mlp
CHURC1,9.870202e-08,3884,dense_mlp
LGALSL,9.8679806e-08,3885,dense_mlp
SLC16A6,9.865311e-08,3886,dense_mlp
GAREM1,9.865086e-08,3887,dense_mlp
C18orf25,9.863863e-08,3888,dense_mlp
CCDC179,9.862635e-08,3889,dense_mlp
KRBOX1,9.8617164e-08,3890,dense_mlp
INSYN2B,9.857857e-08,3891,dense_mlp
KIAA1217,9.855281e-08,3892,dense_mlp
PPP1R42,9.854832e-08,3893,dense_mlp
TRIM59,9.850858e-08,3894,dense_mlp
CYB5D2,9.849707e-08,3895,dense_mlp
CPSF4L,9.8487426e-08,3896,dense_mlp
SYNC,9.8486396e-08,3897,dense_mlp
THAP5,9.844697e-08,3898,dense_mlp
KLHL6,9.844066e-08,3899,dense_mlp
MALL,9.841362e-08,3900,dense_mlp
PCDHA6,9.8409146e-08,3901,dense_mlp
PHOX2B,9.840215e-08,3902,dense_mlp
WDR34,9.8295864e-08,3903,dense_mlp
CCDC39,9.829292e-08,3904,dense_mlp
PCDHA4,9.828062e-08,3905,dense_mlp
ADIG,9.827988e-08,3906,dense_mlp
FBXL2,9.827885e-08,3907,dense_mlp
DEPTOR,9.826966e-08,3908,dense_mlp
ZBTB8B,9.826949e-08,3909,dense_mlp
SLC25A46,9.823698e-08,3910,dense_mlp
RBM48,9.823429e-08,3911,dense_mlp
STOML1,9.822672e-08,3912,dense_mlp
SPAG5,9.821695e-08,3913,dense_mlp
PRRT1,9.8203216e-08,3914,dense_mlp
NUAK2,9.818698e-08,3915,dense_mlp
TMPRSS5,9.8135885e-08,3916,dense_mlp
EIF6,9.8128154e-08,3917,dense_mlp
USP38,9.811722e-08,3918,dense_mlp
NXPE2,9.810967e-08,3919,dense_mlp
PCDHA3,9.8096734e-08,3920,dense_mlp
DNAH6,9.8076775e-08,3921,dense_mlp
LHX6,9.806319e-08,3922,dense_mlp
GRID2,9.805933e-08,3923,dense_mlp
DNHD1,9.805541e-08,3924,dense_mlp
TJP3,9.8028394e-08,3925,dense_mlp
RREB1,9.802544e-08,3926,dense_mlp
SNX7,9.802176e-08,3927,dense_mlp
TIPARP,9.8019996e-08,3928,dense_mlp
NFE2L3,9.8008904e-08,3929,dense_mlp
CEP128,9.7990515e-08,3930,dense_mlp
ANKMY2,9.793777e-08,3931,dense_mlp
PTPA,9.788802e-08,3932,dense_mlp
C4orf46,9.7761315e-08,3933,dense_mlp
NINJ1,9.774753e-08,3934,dense_mlp
PINX1,9.774059e-08,3935,dense_mlp
AGAP1,9.7730464e-08,3936,dense_mlp
FANCD2OS,9.7727124e-08,3937,dense_mlp
SLFNL1,9.7712174e-08,3938,dense_mlp
PPP1R3D,9.761726e-08,3939,dense_mlp
TKTL1,9.7616216e-08,3940,dense_mlp
C12orf45,9.760233e-08,3941,dense_mlp
CNTNAP4,9.756146e-08,3942,dense_mlp
EN1,9.75542e-08,3943,dense_mlp
FHL3,9.7551045e-08,3944,dense_mlp
PRSS45P,9.754994e-08,3945,dense_mlp
CABYR,9.7532336e-08,3946,dense_mlp
SOX21,9.7484914e-08,3947,dense_mlp
FKBP7,9.7482356e-08,3948,dense_mlp
TRIM51,9.74711e-08,3949,dense_mlp
PLA2G2C,9.742545e-08,3950,dense_mlp
CCDC96,9.74222e-08,3951,dense_mlp
BCL2L15,9.7394626e-08,3952,dense_mlp
PNCK,9.737324e-08,3953,dense_mlp
CDKN3,9.737277e-08,3954,dense_mlp
SPATC1L,9.7336354e-08,3955,dense_mlp
KLHL4,9.7330414e-08,3956,dense_mlp
ATE1,9.732881e-08,3957,dense_mlp
CCDC154,9.731918e-08,3958,dense_mlp
CLIC1,9.7277606e-08,3959,dense_mlp
TTC9,9.7268426e-08,3960,dense_mlp
MTFP1,9.7264554e-08,3961,dense_mlp
SHLD1,9.725643e-08,3962,dense_mlp
TMEM9,9.725586e-08,3963,dense_mlp
ANXA10,9.723733e-08,3964,dense_mlp
SPATA12,9.723025e-08,3965,dense_mlp
DALRD3,9.7193656e-08,3966,dense_mlp
GGT2,9.719013e-08,3967,dense_mlp
ZNF766,9.718522e-08,3968,dense_mlp
C5orf15,9.716017e-08,3969,dense_mlp
DNAJB12,9.715981e-08,3970,dense_mlp
PLEK2,9.715678e-08,3971,dense_mlp
WDFY4,9.714716e-08,3972,dense_mlp
BCLAF3,9.7142916e-08,3973,dense_mlp
PPP2R2C,9.7137814e-08,3974,dense_mlp
EIF4EBP3,9.71243e-08,3975,dense_mlp
MYCBP,9.711251e-08,3976,dense_mlp
PPP1R16B,9.708881e-08,3977,dense_mlp
RFX7,9.708852e-08,3978,dense_mlp
SBDS,9.7063754e-08,3979,dense_mlp
TJAP1,9.706178e-08,3980,dense_mlp
SH2D7,9.7054595e-08,3981,dense_mlp
SH2D4B,9.698494e-08,3982,dense_mlp
JAGN1,9.696729e-08,3983,dense_mlp
PLSCR3,9.696647e-08,3984,dense_mlp
TMEM201,9.696591e-08,3985,dense_mlp
ATXN7L1,9.6955034e-08,3986,dense_mlp
ZNF98,9.693066e-08,3987,dense_mlp
GREB1L,9.690094e-08,3988,dense_mlp
MDH1B,9.689211e-08,3989,dense_mlp
ZXDB,9.6879596e-08,3990,dense_mlp
SSBP4,9.684923e-08,3991,dense_mlp
SLCO3A1,9.6804115e-08,3992,dense_mlp
SUSD2,9.677287e-08,3993,dense_mlp
NUDT18,9.677068e-08,3994,dense_mlp
IPCEF1,9.675342e-08,3995,dense_mlp
CTTNBP2,9.6743804e-08,3996,dense_mlp
FAM155B,9.669328e-08,3997,dense_mlp
DACT3,9.667927e-08,3998,dense_mlp
SLC45A4,9.665467e-08,3999,dense_mlp
SLC35D3,9.6647184e-08,4000,dense_mlp
GGTLC1,9.663155e-08,4001,dense_mlp
METTL8,9.66249e-08,4002,dense_mlp
ABT1,9.6617605e-08,4003,dense_mlp
CES5A,9.661621e-08,4004,dense_mlp
TMEM225B,9.6606975e-08,4005,dense_mlp
GRAMD1A,9.658713e-08,4006,dense_mlp
PDCD6,9.65706e-08,4007,dense_mlp
PROP1,9.6540234e-08,4008,dense_mlp
STXBP5,9.6511236e-08,4009,dense_mlp
ATXN7L2,9.6492215e-08,4010,dense_mlp
FOXRED2,9.6443145e-08,4011,dense_mlp
ZNF831,9.64371e-08,4012,dense_mlp
ZNF449,9.6431144e-08,4013,dense_mlp
ZDHHC13,9.6428074e-08,4014,dense_mlp
PLEKHN1,9.641055e-08,4015,dense_mlp
RD3,9.638627e-08,4016,dense_mlp
WDR87,9.637375e-08,4017,dense_mlp
ZNF628,9.630867e-08,4018,dense_mlp
AC233723.1,9.627978e-08,4019,dense_mlp
TECPR2,9.624718e-08,4020,dense_mlp
ADAP2,9.6187954e-08,4021,dense_mlp
HOXA13,9.61845e-08,4022,dense_mlp
NPIPB15,9.617972e-08,4023,dense_mlp
SH3D21,9.6143715e-08,4024,dense_mlp
FAM222A,9.607236e-08,4025,dense_mlp
MS4A4E,9.60654e-08,4026,dense_mlp
PGM5,9.6055594e-08,4027,dense_mlp
TLX2,9.596224e-08,4028,dense_mlp
RFLNA,9.5926424e-08,4029,dense_mlp
CDKL2,9.592285e-08,4030,dense_mlp
TSPAN6,9.5909904e-08,4031,dense_mlp
TRAF4,9.587327e-08,4032,dense_mlp
THAP10,9.582003e-08,4033,dense_mlp
VWA8,9.5815444e-08,4034,dense_mlp
HDDC3,9.579595e-08,4035,dense_mlp
CD248,9.579276e-08,4036,dense_mlp
KLHL7,9.576904e-08,4037,dense_mlp
SRPK3,9.574578e-08,4038,dense_mlp
MTFR1,9.572615e-08,4039,dense_mlp
DNAAF5,9.5725824e-08,4040,dense_mlp
HMG20A,9.571852e-08,4041,dense_mlp
NAA15,9.570795e-08,4042,dense_mlp
STOX2,9.564594e-08,4043,dense_mlp
PCDH11X,9.561542e-08,4044,dense_mlp
AHNAK,9.561324e-08,4045,dense_mlp
KIAA1328,9.560317e-08,4046,dense_mlp
KRCC1,9.560198e-08,4047,dense_mlp
ARL4A,9.5570634e-08,4048,dense_mlp
ISOC2,9.556502e-08,4049,dense_mlp
FAM114A1,9.5547634e-08,4050,dense_mlp
CCN6,9.554493e-08,4051,dense_mlp
UBALD2,9.553271e-08,4052,dense_mlp
QSOX2,9.553007e-08,4053,dense_mlp
IBA57,9.552565e-08,4054,dense_mlp
RUNDC3A,9.549452e-08,4055,dense_mlp
TMCC1,9.548916e-08,4056,dense_mlp
DCAF12,9.5487096e-08,4057,dense_mlp
MAJIN,9.547851e-08,4058,dense_mlp
DCHS2,9.544695e-08,4059,dense_mlp
ANKFN1,9.5434146e-08,4060,dense_mlp
C10orf82,9.5385744e-08,4061,dense_mlp
ZNF804A,9.5377516e-08,4062,dense_mlp
MFSD4B,9.537527e-08,4063,dense_mlp
FGF17,9.536053e-08,4064,dense_mlp
SOWAHA,9.532304e-08,4065,dense_mlp
KCTD12,9.529616e-08,4066,dense_mlp
RTN2,9.529134e-08,4067,dense_mlp
CD1E,9.5288115e-08,4068,dense_mlp
HIST4H4,9.52864e-08,4069,dense_mlp
GLTPD2,9.526743e-08,4070,dense_mlp
IMPG2,9.521868e-08,4071,dense_mlp
AIRE,9.521826e-08,4072,dense_mlp
KIAA1586,9.521719e-08,4073,dense_mlp
ARMH3,9.519622e-08,4074,dense_mlp
UBR5,9.517981e-08,4075,dense_mlp
CDH20,9.5158526e-08,4076,dense_mlp
SMYD4,9.515585e-08,4077,dense_mlp
PLAG1,9.514748e-08,4078,dense_mlp
LINC02693,9.514491e-08,4079,dense_mlp
ANKMY1,9.512293e-08,4080,dense_mlp
CDADC1,9.5102315e-08,4081,dense_mlp
SCYL2,9.506268e-08,4082,dense_mlp
PNMA6A,9.5055874e-08,4083,dense_mlp
ARNTL,9.5028646e-08,4084,dense_mlp
FERMT1,9.499566e-08,4085,dense_mlp
HAPLN4,9.499359e-08,4086,dense_mlp
LIM2,9.496944e-08,4087,dense_mlp
DYRK4,9.494731e-08,4088,dense_mlp
FAM110B,9.494374e-08,4089,dense_mlp
RBMS3,9.492689e-08,4090,dense_mlp
DNAJA3,9.492635e-08,4091,dense_mlp
TMEM260,9.491114e-08,4092,dense_mlp
SIL1,9.4871275e-08,4093,dense_mlp
DNAJB13,9.4852524e-08,4094,dense_mlp
FAM89A,9.483891e-08,4095,dense_mlp
PMIS2,9.483844e-08,4096,dense_mlp
TTC26,9.478522e-08,4097,dense_mlp
OSBP2,9.4749694e-08,4098,dense_mlp
ACYP1,9.472212e-08,4099,dense_mlp
NATD1,9.469829e-08,4100,dense_mlp
RHBDL3,9.465336e-08,4101,dense_mlp
GDAP1L1,9.465014e-08,4102,dense_mlp
RCOR3,9.4627445e-08,4103,dense_mlp
LDB2,9.462249e-08,4104,dense_mlp
LRRN2,9.458506e-08,4105,dense_mlp
ZBTB7B,9.457952e-08,4106,dense_mlp
C12orf56,9.4538365e-08,4107,dense_mlp
STK40,9.4533576e-08,4108,dense_mlp
RPH3A,9.452782e-08,4109,dense_mlp
C20orf144,9.452469e-08,4110,dense_mlp
USP35,9.451106e-08,4111,dense_mlp
VWC2,9.4504635e-08,4112,dense_mlp
RNF207,9.447635e-08,4113,dense_mlp
HES6,9.4464085e-08,4114,dense_mlp
MARF1,9.4453256e-08,4115,dense_mlp
SAR1A,9.4446925e-08,4116,dense_mlp
MAPK8IP1,9.44452e-08,4117,dense_mlp
SYNM,9.4430895e-08,4118,dense_mlp
TMEM151A,9.442716e-08,4119,dense_mlp
SYNDIG1,9.441334e-08,4120,dense_mlp
TSNARE1,9.437207e-08,4121,dense_mlp
YBEY,9.436962e-08,4122,dense_mlp
SHOC1,9.4365234e-08,4123,dense_mlp
CHAMP1,9.436466e-08,4124,dense_mlp
ARL8B,9.4343356e-08,4125,dense_mlp
GDF9,9.431443e-08,4126,dense_mlp
LRP2BP,9.4297455e-08,4127,dense_mlp
SYNPR,9.4238914e-08,4128,dense_mlp
NOXRED1,9.4221186e-08,4129,dense_mlp
NCDN,9.419631e-08,4130,dense_mlp
TNS2,9.418401e-08,4131,dense_mlp
SOX8,9.415378e-08,4132,dense_mlp
GPR107,9.4139345e-08,4133,dense_mlp
CDCA7,9.413781e-08,4134,dense_mlp
NECAB2,9.411742e-08,4135,dense_mlp
NEDD9,9.411174e-08,4136,dense_mlp
SDAD1,9.404713e-08,4137,dense_mlp
FASTKD1,9.4033766e-08,4138,dense_mlp
CRYGS,9.4007355e-08,4139,dense_mlp
KIAA1324L,9.3994025e-08,4140,dense_mlp
RNASEH2B,9.396933e-08,4141,dense_mlp
MAP3K15,9.394078e-08,4142,dense_mlp
ENKUR,9.393996e-08,4143,dense_mlp
HSPB3,9.39102e-08,4144,dense_mlp
WDR72,9.389919e-08,4145,dense_mlp
DEPDC1,9.387889e-08,4146,dense_mlp
CARS,9.386752e-08,4147,dense_mlp
TMSB15B-1,9.382805e-08,4148,dense_mlp
OXR1,9.381391e-08,4149,dense_mlp
NBPF19,9.377585e-08,4150,dense_mlp
OTOS,9.3771376e-08,4151,dense_mlp
PDRG1,9.3746294e-08,4152,dense_mlp
TTC23,9.37383e-08,4153,dense_mlp
ZC3H6,9.371835e-08,4154,dense_mlp
FAM78A,9.366327e-08,4155,dense_mlp
PITX1,9.360395e-08,4156,dense_mlp
RSRC1,9.3601045e-08,4157,dense_mlp
CCDC122,9.359608e-08,4158,dense_mlp
C17orf80,9.354203e-08,4159,dense_mlp
MYO15B,9.3534396e-08,4160,dense_mlp
MEIS2,9.352364e-08,4161,dense_mlp
CAAP1,9.350009e-08,4162,dense_mlp
ATP13A3,9.3494e-08,4163,dense_mlp
PRICKLE3,9.346434e-08,4164,dense_mlp
CSMD2,9.3425946e-08,4165,dense_mlp
LRP11,9.3414684e-08,4166,dense_mlp
AC025287.4,9.3389055e-08,4167,dense_mlp
GPR155,9.3386724e-08,4168,dense_mlp
GDPD2,9.3385005e-08,4169,dense_mlp
ZNF239,9.338012e-08,4170,dense_mlp
KIAA0930,9.336789e-08,4171,dense_mlp
PCYOX1,9.335544e-08,4172,dense_mlp
OCEL1,9.333205e-08,4173,dense_mlp
HIST1H2AC,9.332494e-08,4174,dense_mlp
QRSL1,9.3320104e-08,4175,dense_mlp
MLYCD,9.3302596e-08,4176,dense_mlp
C14orf28,9.32122e-08,4177,dense_mlp
CLN8,9.321055e-08,4178,dense_mlp
ARPIN,9.313588e-08,4179,dense_mlp
OCIAD2,9.309356e-08,4180,dense_mlp
XKR9,9.307999e-08,4181,dense_mlp
SMYD5,9.305588e-08,4182,dense_mlp
PHTF1,9.300062e-08,4183,dense_mlp
IFNAR2,9.2957144e-08,4184,dense_mlp
FRMD6,9.295636e-08,4185,dense_mlp
ISOC1,9.2951886e-08,4186,dense_mlp
CNP,9.2933334e-08,4187,dense_mlp
CCL23,9.291925e-08,4188,dense_mlp
ARMC9,9.290536e-08,4189,dense_mlp
VPS13B,9.29012e-08,4190,dense_mlp
TM9SF4,9.286185e-08,4191,dense_mlp
LRRIQ3,9.283293e-08,4192,dense_mlp
MAP3K21,9.282166e-08,4193,dense_mlp
MIEF2,9.281296e-08,4194,dense_mlp
DPY19L1,9.281104e-08,4195,dense_mlp
PARVG,9.280148e-08,4196,dense_mlp
SCAPER,9.279442e-08,4197,dense_mlp
LNP1,9.2774776e-08,4198,dense_mlp
OPA3,9.2766285e-08,4199,dense_mlp
SPPL2C,9.275195e-08,4200,dense_mlp
PCGF1,9.2735085e-08,4201,dense_mlp
OBP2B,9.2691465e-08,4202,dense_mlp
RFPL1,9.2685966e-08,4203,dense_mlp
CPLANE2,9.266702e-08,4204,dense_mlp
ZSCAN20,9.2647944e-08,4205,dense_mlp
TOGARAM2,9.262513e-08,4206,dense_mlp
PBK,9.256872e-08,4207,dense_mlp
SHOX2,9.256411e-08,4208,dense_mlp
NIFK,9.2563e-08,4209,dense_mlp
PPP1R9A,9.2541754e-08,4210,dense_mlp
KIAA1211,9.253119e-08,4211,dense_mlp
BCAM,9.252709e-08,4212,dense_mlp
IL17B,9.24978e-08,4213,dense_mlp
DUS4L,9.249493e-08,4214,dense_mlp
ZNF526,9.2476185e-08,4215,dense_mlp
FAM168B,9.2474934e-08,4216,dense_mlp
C11orf1,9.2467346e-08,4217,dense_mlp
WFDC1,9.2461e-08,4218,dense_mlp
MEAK7,9.244476e-08,4219,dense_mlp
FOXL2NB,9.2431954e-08,4220,dense_mlp
LMBRD2,9.242947e-08,4221,dense_mlp
FOXO6,9.23967e-08,4222,dense_mlp
CCDC200,9.225954e-08,4223,dense_mlp
FAM240A,9.225594e-08,4224,dense_mlp
SHLD2,9.225584e-08,4225,dense_mlp
ANKRD18B,9.225154e-08,4226,dense_mlp
NFATC4,9.223996e-08,4227,dense_mlp
DYRK1B,9.2224724e-08,4228,dense_mlp
TSPAN10,9.216917e-08,4229,dense_mlp
RNASEH2A,9.216097e-08,4230,dense_mlp
TMCO3,9.2149826e-08,4231,dense_mlp
ARL15,9.213867e-08,4232,dense_mlp
ZNF117,9.2118505e-08,4233,dense_mlp
AFG1L,9.211494e-08,4234,dense_mlp
LZTR1,9.2100656e-08,4235,dense_mlp
TMEM86A,9.209789e-08,4236,dense_mlp
TPPP3,9.209662e-08,4237,dense_mlp
PODN,9.208467e-08,4238,dense_mlp
IQCF2,9.2042896e-08,4239,dense_mlp
TMEM234,9.203988e-08,4240,dense_mlp
TMEM88B,9.202937e-08,4241,dense_mlp
ZNF862,9.2012336e-08,4242,dense_mlp
NRBF2,9.19978e-08,4243,dense_mlp
SPEG,9.198904e-08,4244,dense_mlp
SH3BGRL2,9.197728e-08,4245,dense_mlp
LRRC66,9.196484e-08,4246,dense_mlp
APOL3,9.1957006e-08,4247,dense_mlp
CDKN2AIP,9.194954e-08,4248,dense_mlp
EVI5L,9.193138e-08,4249,dense_mlp
C16orf96,9.1930424e-08,4250,dense_mlp
CLK2,9.192207e-08,4251,dense_mlp
OXLD1,9.191514e-08,4252,dense_mlp
DUSP18,9.189748e-08,4253,dense_mlp
ELMO3,9.189716e-08,4254,dense_mlp
TNFAIP8L1,9.188994e-08,4255,dense_mlp
FAM3D,9.187798e-08,4256,dense_mlp
GRID1,9.1844626e-08,4257,dense_mlp
TM9SF3,9.1818066e-08,4258,dense_mlp
STMN4,9.181067e-08,4259,dense_mlp
CASKIN2,9.175845e-08,4260,dense_mlp
DNASE1,9.174297e-08,4261,dense_mlp
CCDC62,9.16741e-08,4262,dense_mlp
RECQL5,9.16633e-08,4263,dense_mlp
ZMYM3,9.163041e-08,4264,dense_mlp
ZSCAN18,9.162702e-08,4265,dense_mlp
STOX1,9.1618574e-08,4266,dense_mlp
RASGEF1B,9.1615505e-08,4267,dense_mlp
SPOUT1,9.161054e-08,4268,dense_mlp
CBFA2T3,9.1584646e-08,4269,dense_mlp
RELL2,9.1580226e-08,4270,dense_mlp
RNF215,9.1578784e-08,4271,dense_mlp
FAM160A1,9.15677e-08,4272,dense_mlp
TCEAL1,9.155704e-08,4273,dense_mlp
PGBD4,9.153756e-08,4274,dense_mlp
KANK2,9.153545e-08,4275,dense_mlp
C6orf52,9.1531405e-08,4276,dense_mlp
VMO1,9.151106e-08,4277,dense_mlp
TRAF5,9.147978e-08,4278,dense_mlp
SERGEF,9.144993e-08,4279,dense_mlp
HSPB11,9.144166e-08,4280,dense_mlp
HEATR9,9.143257e-08,4281,dense_mlp
FCRL1,9.14227e-08,4282,dense_mlp
PRICKLE2,9.1414414e-08,4283,dense_mlp
BCAP29,9.141044e-08,4284,dense_mlp
PTOV1,9.139569e-08,4285,dense_mlp
ZNF7,9.137525e-08,4286,dense_mlp
BMP3,9.134445e-08,4287,dense_mlp
PTPN21,9.133051e-08,4288,dense_mlp
TESC,9.1325724e-08,4289,dense_mlp
DDX19A,9.131835e-08,4290,dense_mlp
PCDHB5,9.129886e-08,4291,dense_mlp
SLC6A17,9.128955e-08,4292,dense_mlp
TWISTNB,9.12288e-08,4293,dense_mlp
HES4,9.1204186e-08,4294,dense_mlp
POC5,9.118775e-08,4295,dense_mlp
RANBP6,9.1062944e-08,4296,dense_mlp
PSRC1,9.105222e-08,4297,dense_mlp
SLC25A34,9.1013426e-08,4298,dense_mlp
REEP4,9.1013256e-08,4299,dense_mlp
KLF1,9.101077e-08,4300,dense_mlp
TM9SF2,9.1004566e-08,4301,dense_mlp
RAD54L,9.099339e-08,4302,dense_mlp
RRP1B,9.098792e-08,4303,dense_mlp
CATSPERZ,9.096029e-08,4304,dense_mlp
ZBTB5,9.095977e-08,4305,dense_mlp
THSD8,9.0943416e-08,4306,dense_mlp
ZNF229,9.092595e-08,4307,dense_mlp
C1RL,9.092419e-08,4308,dense_mlp
H3F3A,9.0895085e-08,4309,dense_mlp
C3orf62,9.0894495e-08,4310,dense_mlp
RRNAD1,9.088523e-08,4311,dense_mlp
RAD54L2,9.088329e-08,4312,dense_mlp
TMEM14C,9.085747e-08,4313,dense_mlp
NAALADL2,9.083401e-08,4314,dense_mlp
PRAMEF15,9.079636e-08,4315,dense_mlp
ZRANB3,9.0790316e-08,4316,dense_mlp
DNAJC14,9.077493e-08,4317,dense_mlp
C8orf37,9.0764146e-08,4318,dense_mlp
SEMA3C,9.0740514e-08,4319,dense_mlp
ZSCAN29,9.073831e-08,4320,dense_mlp
OLFML3,9.0730026e-08,4321,dense_mlp
ZFR2,9.0728264e-08,4322,dense_mlp
TMEM53,9.072376e-08,4323,dense_mlp
S100A16,9.071349e-08,4324,dense_mlp
ZNF284,9.071125e-08,4325,dense_mlp
SAPCD2,9.070304e-08,4326,dense_mlp
EIF4EBP2,9.068344e-08,4327,dense_mlp
SAAL1,9.067678e-08,4328,dense_mlp
RUNX2,9.064779e-08,4329,dense_mlp
ARMC2,9.062944e-08,4330,dense_mlp
BCL3,9.062248e-08,4331,dense_mlp
PITHD1,9.0596146e-08,4332,dense_mlp
CCNB1IP1,9.051768e-08,4333,dense_mlp
CARMIL2,9.051369e-08,4334,dense_mlp
CDYL,9.048767e-08,4335,dense_mlp
MEGF10,9.0473044e-08,4336,dense_mlp
FOCAD,9.0464745e-08,4337,dense_mlp
EFCAB13,9.043801e-08,4338,dense_mlp
HIST3H2A,9.042899e-08,4339,dense_mlp
TP53INP2,9.041792e-08,4340,dense_mlp
RTP3,9.038344e-08,4341,dense_mlp
ROGDI,9.038247e-08,4342,dense_mlp
SLC25A41,9.034953e-08,4343,dense_mlp
SEPTIN4,9.032927e-08,4344,dense_mlp
NRROS,9.032286e-08,4345,dense_mlp
CPNE5,9.02756e-08,4346,dense_mlp
BIVM,9.022357e-08,4347,dense_mlp
ADGRG2,9.021981e-08,4348,dense_mlp
TCHP,9.019341e-08,4349,dense_mlp
TSPAN18,9.0166566e-08,4350,dense_mlp
ELMOD3,9.0139494e-08,4351,dense_mlp
LYZL2,9.010952e-08,4352,dense_mlp
ZFAND1,9.0105246e-08,4353,dense_mlp
BRSK2,9.010157e-08,4354,dense_mlp
DCAF4L1,9.0093664e-08,4355,dense_mlp
LRRC69,9.008977e-08,4356,dense_mlp
LINGO3,9.0062436e-08,4357,dense_mlp
SLC39A13,9.004661e-08,4358,dense_mlp
NDUFA4L2,9.0045965e-08,4359,dense_mlp
MOB4,9.00412e-08,4360,dense_mlp
SREK1IP1,9.00154e-08,4361,dense_mlp
FAM189B,9.000521e-08,4362,dense_mlp
LLGL2,9.0000775e-08,4363,dense_mlp
FAM78B,8.998766e-08,4364,dense_mlp
PLXDC2,8.9974414e-08,4365,dense_mlp
NWD1,8.9973504e-08,4366,dense_mlp
C1orf159,8.9967024e-08,4367,dense_mlp
GRASP,8.995979e-08,4368,dense_mlp
ELK3,8.995716e-08,4369,dense_mlp
TXNL4B,8.991788e-08,4370,dense_mlp
TMEM117,8.9912746e-08,4371,dense_mlp
GIMAP2,8.990949e-08,4372,dense_mlp
NIPSNAP3A,8.988031e-08,4373,dense_mlp
ACTR6,8.985973e-08,4374,dense_mlp
ABCC12,8.9859405e-08,4375,dense_mlp
PBX4,8.985425e-08,4376,dense_mlp
LCNL1,8.98392e-08,4377,dense_mlp
CDK3,8.976124e-08,4378,dense_mlp
METTL25,8.974049e-08,4379,dense_mlp
HLF,8.971697e-08,4380,dense_mlp
LRRC14B,8.967997e-08,4381,dense_mlp
PNPLA1,8.9679276e-08,4382,dense_mlp
TMEFF2,8.964504e-08,4383,dense_mlp
SIPA1L3,8.963593e-08,4384,dense_mlp
SAYSD1,8.963567e-08,4385,dense_mlp
DYTN,8.9619306e-08,4386,dense_mlp
LANCL2,8.955779e-08,4387,dense_mlp
PRELID3B,8.9536066e-08,4388,dense_mlp
ZNF501,8.950881e-08,4389,dense_mlp
KDF1,8.9497384e-08,4390,dense_mlp
ZFYVE26,8.9476316e-08,4391,dense_mlp
TMEM64,8.9446594e-08,4392,dense_mlp
BRAT1,8.944263e-08,4393,dense_mlp
EFHC1,8.9436796e-08,4394,dense_mlp
GTDC1,8.943161e-08,4395,dense_mlp
TSHZ2,8.942801e-08,4396,dense_mlp
ANKRD36,8.941573e-08,4397,dense_mlp
TENT5D,8.941279e-08,4398,dense_mlp
KCNT2,8.939826e-08,4399,dense_mlp
FBLL1,8.935815e-08,4400,dense_mlp
TRIM16,8.9301125e-08,4401,dense_mlp
IMMP1L,8.929747e-08,4402,dense_mlp
GAS7,8.9293536e-08,4403,dense_mlp
AIF1L,8.924344e-08,4404,dense_mlp
BTBD3,8.9215845e-08,4405,dense_mlp
MSTO1,8.916964e-08,4406,dense_mlp
TRAF3IP2,8.913903e-08,4407,dense_mlp
FOXD1,8.9119396e-08,4408,dense_mlp
IGSF8,8.911316e-08,4409,dense_mlp
PRCD,8.9112916e-08,4410,dense_mlp
KLHL8,8.910656e-08,4411,dense_mlp
DISP1,8.9063256e-08,4412,dense_mlp
SCAMP2,8.9045244e-08,4413,dense_mlp
PUS10,8.89879e-08,4414,dense_mlp
CEP104,8.896551e-08,4415,dense_mlp
CTXND2,8.894713e-08,4416,dense_mlp
NRL,8.8940716e-08,4417,dense_mlp
FAM151B,8.8936716e-08,4418,dense_mlp
GORAB,8.891032e-08,4419,dense_mlp
PCDH17,8.889045e-08,4420,dense_mlp
TRIP6,8.8866706e-08,4421,dense_mlp
CELF6,8.8854364e-08,4422,dense_mlp
ARMC12,8.881807e-08,4423,dense_mlp
TCP10L,8.880166e-08,4424,dense_mlp
DNAAF2,8.878896e-08,4425,dense_mlp
ANKRD13C,8.878702e-08,4426,dense_mlp
TMEM255A,8.8779885e-08,4427,dense_mlp
ZNF57,8.877367e-08,4428,dense_mlp
TMEM135,8.876166e-08,4429,dense_mlp
PPM1J,8.873466e-08,4430,dense_mlp
CIP2A,8.872993e-08,4431,dense_mlp
CHIC1,8.871824e-08,4432,dense_mlp
WDR53,8.8716355e-08,4433,dense_mlp
FAM13C,8.869004e-08,4434,dense_mlp
PRTFDC1,8.8689895e-08,4435,dense_mlp
NBL1,8.8665296e-08,4436,dense_mlp
PSKH1,8.8654424e-08,4437,dense_mlp
CAVIN3,8.864798e-08,4438,dense_mlp
THAP1,8.859782e-08,4439,dense_mlp
NPVF,8.858788e-08,4440,dense_mlp
HLX,8.8580784e-08,4441,dense_mlp
ZNF319,8.857999e-08,4442,dense_mlp
TMEM63B,8.8565976e-08,4443,dense_mlp
SLC25A39,8.85465e-08,4444,dense_mlp
PAM,8.850759e-08,4445,dense_mlp
EPB41L4B,8.8479155e-08,4446,dense_mlp
GLIPR1L2,8.845275e-08,4447,dense_mlp
RHBDD1,8.838667e-08,4448,dense_mlp
C19orf48,8.837858e-08,4449,dense_mlp
PIP5KL1,8.8346994e-08,4450,dense_mlp
ZDHHC14,8.833457e-08,4451,dense_mlp
WBP2,8.832763e-08,4452,dense_mlp
AP3D1,8.8299075e-08,4453,dense_mlp
FGL1,8.8296254e-08,4454,dense_mlp
SPIN3,8.82902e-08,4455,dense_mlp
CHFR,8.828775e-08,4456,dense_mlp
MYZAP,8.827614e-08,4457,dense_mlp
DEFB133,8.827357e-08,4458,dense_mlp
CNTNAP3B,8.8271634e-08,4459,dense_mlp
WDR86,8.823201e-08,4460,dense_mlp
CCDC80,8.822098e-08,4461,dense_mlp
RFX1,8.821191e-08,4462,dense_mlp
ZNF251,8.8201574e-08,4463,dense_mlp
C1orf43,8.8186965e-08,4464,dense_mlp
TEX53,8.816913e-08,4465,dense_mlp
MOB2,8.8164896e-08,4466,dense_mlp
C9orf16,8.816388e-08,4467,dense_mlp
CLBA1,8.813375e-08,4468,dense_mlp
TMSB15B,8.81143e-08,4469,dense_mlp
BOK,8.810275e-08,4470,dense_mlp
GPR156,8.8088264e-08,4471,dense_mlp
DNAJC21,8.8079275e-08,4472,dense_mlp
CERCAM,8.802699e-08,4473,dense_mlp
KRBA1,8.802696e-08,4474,dense_mlp
NEXMIF,8.800125e-08,4475,dense_mlp
SRRM4,8.7994124e-08,4476,dense_mlp
NIBAN2,8.796441e-08,4477,dense_mlp
ATP5MGL,8.7959656e-08,4478,dense_mlp
FAM43A,8.794248e-08,4479,dense_mlp
NAGPA,8.794114e-08,4480,dense_mlp
AEN,8.7927965e-08,4481,dense_mlp
CCDC137,8.792584e-08,4482,dense_mlp
CORO2A,8.790945e-08,4483,dense_mlp
TMPRSS11A,8.787949e-08,4484,dense_mlp
IQSEC2,8.786789e-08,4485,dense_mlp
JPH4,8.7853195e-08,4486,dense_mlp
CNNM2,8.785044e-08,4487,dense_mlp
ZNF891,8.78461e-08,4488,dense_mlp
PHLDA3,8.7809475e-08,4489,dense_mlp
PARD3B,8.7782624e-08,4490,dense_mlp
PRRX2,8.775673e-08,4491,dense_mlp
DCDC2C,8.775127e-08,4492,dense_mlp
OTUD4,8.774332e-08,4493,dense_mlp
CARD14,8.773508e-08,4494,dense_mlp
MFSD1,8.770792e-08,4495,dense_mlp
SMIM13,8.766321e-08,4496,dense_mlp
CCNJL,8.765025e-08,4497,dense_mlp
FNDC1,8.764722e-08,4498,dense_mlp
CIR1,8.7636174e-08,4499,dense_mlp
CCDC82,8.7620165e-08,4500,dense_mlp
FBXO8,8.761035e-08,4501,dense_mlp
PCDHB9,8.759282e-08,4502,dense_mlp
TMEM184C,8.7588525e-08,4503,dense_mlp
ZSWIM9,8.7553104e-08,4504,dense_mlp
ABHD15,8.755273e-08,4505,dense_mlp
IGBP1,8.754691e-08,4506,dense_mlp
GPATCH2L,8.753647e-08,4507,dense_mlp
BAHCC1,8.75222e-08,4508,dense_mlp
IRF2BPL,8.750789e-08,4509,dense_mlp
AMMECR1L,8.7483905e-08,4510,dense_mlp
ANKRD13D,8.7471e-08,4511,dense_mlp
CSMD1,8.746768e-08,4512,dense_mlp
LARP6,8.7442366e-08,4513,dense_mlp
MPPED2,8.743545e-08,4514,dense_mlp
DNAJC22,8.742947e-08,4515,dense_mlp
TRABD,8.7419274e-08,4516,dense_mlp
TMEM41A,8.741828e-08,4517,dense_mlp
JAZF1,8.7415906e-08,4518,dense_mlp
ZNF396,8.739286e-08,4519,dense_mlp
ACAP2,8.7392216e-08,4520,dense_mlp
CCDC174,8.739161e-08,4521,dense_mlp
TMEM231,8.7375035e-08,4522,dense_mlp
SYT4,8.737435e-08,4523,dense_mlp
KLF3,8.737341e-08,4524,dense_mlp
TM4SF4,8.7304834e-08,4525,dense_mlp
PTPRT,8.73002e-08,4526,dense_mlp
MOSPD1,8.7270166e-08,4527,dense_mlp
CELF5,8.7250115e-08,4528,dense_mlp
TIGD6,8.724475e-08,4529,dense_mlp
TCEAL4,8.723525e-08,4530,dense_mlp
AMMECR1,8.722059e-08,4531,dense_mlp
FMN1,8.719631e-08,4532,dense_mlp
FER1L6,8.715968e-08,4533,dense_mlp
SEMA3F,8.715436e-08,4534,dense_mlp
CRYBA4,8.713098e-08,4535,dense_mlp
PRSS22,8.712705e-08,4536,dense_mlp
RNASEH2C,8.712475e-08,4537,dense_mlp
PDLIM4,8.712265e-08,4538,dense_mlp
ZNF283,8.7111296e-08,4539,dense_mlp
FAM98C,8.7106336e-08,4540,dense_mlp
RBM45,8.7091095e-08,4541,dense_mlp
YJEFN3,8.7064954e-08,4542,dense_mlp
CLK3,8.704986e-08,4543,dense_mlp
PALLD,8.7003336e-08,4544,dense_mlp
CISD3,8.700321e-08,4545,dense_mlp
TMEM38B,8.6997304e-08,4546,dense_mlp
PAQR7,8.697651e-08,4547,dense_mlp
SMIM15,8.696418e-08,4548,dense_mlp
CCDC138,8.694016e-08,4549,dense_mlp
C9orf72,8.693999e-08,4550,dense_mlp
REELD1,8.693927e-08,4551,dense_mlp
TMUB1,8.6896215e-08,4552,dense_mlp
DHRS7,8.687926e-08,4553,dense_mlp
RGN,8.687743e-08,4554,dense_mlp
CRIP2,8.687456e-08,4555,dense_mlp
ATP5MPL,8.686497e-08,4556,dense_mlp
TMEM79,8.68612e-08,4557,dense_mlp
AOAH,8.684852e-08,4558,dense_mlp
RRP12,8.6848125e-08,4559,dense_mlp
ACTL8,8.681772e-08,4560,dense_mlp
DDX55,8.676103e-08,4561,dense_mlp
GAGE1,8.673396e-08,4562,dense_mlp
SLC22A10,8.6724846e-08,4563,dense_mlp
SNX10,8.671819e-08,4564,dense_mlp
GDPGP1,8.670624e-08,4565,dense_mlp
PCDHGA7,8.67047e-08,4566,dense_mlp
ZNF780A,8.669718e-08,4567,dense_mlp
TAFA5,8.668564e-08,4568,dense_mlp
LIX1L,8.6662844e-08,4569,dense_mlp
MON2,8.665342e-08,4570,dense_mlp
ZNF232,8.6646295e-08,4571,dense_mlp
PGAP2,8.663601e-08,4572,dense_mlp
GBA,8.658085e-08,4573,dense_mlp
ERGIC3,8.65804e-08,4574,dense_mlp
CDKL4,8.657447e-08,4575,dense_mlp
MPV17L2,8.656642e-08,4576,dense_mlp
MROH1,8.656312e-08,4577,dense_mlp
ENDOG,8.6518064e-08,4578,dense_mlp
RNF166,8.650037e-08,4579,dense_mlp
GLYR1,8.6481954e-08,4580,dense_mlp
AFF2,8.64738e-08,4581,dense_mlp
TDRD10,8.6466535e-08,4582,dense_mlp
HHLA3,8.6429424e-08,4583,dense_mlp
RNPEPL1,8.638161e-08,4584,dense_mlp
KBTBD11,8.6375884e-08,4585,dense_mlp
MFSD13A,8.636152e-08,4586,dense_mlp
SPATA33,8.635502e-08,4587,dense_mlp
SAMD14,8.635427e-08,4588,dense_mlp
ELSPBP1,8.6343e-08,4589,dense_mlp
C3orf14,8.631516e-08,4590,dense_mlp
TOB2,8.629789e-08,4591,dense_mlp
BORCS7,8.625383e-08,4592,dense_mlp
MYO1F,8.61793e-08,4593,dense_mlp
THAP7,8.6177685e-08,4594,dense_mlp
CLK1,8.617708e-08,4595,dense_mlp
INVS,8.6166494e-08,4596,dense_mlp
APCDD1,8.616487e-08,4597,dense_mlp
ELMSAN1,8.6152575e-08,4598,dense_mlp
C11orf71,8.6117836e-08,4599,dense_mlp
MNX1,8.611736e-08,4600,dense_mlp
C1orf52,8.603653e-08,4601,dense_mlp
ESS2,8.601336e-08,4602,dense_mlp
NUFIP1,8.6010765e-08,4603,dense_mlp
RARS,8.6007844e-08,4604,dense_mlp
C4orf36,8.599294e-08,4605,dense_mlp
C15orf61,8.599054e-08,4606,dense_mlp
PRMT9,8.5981846e-08,4607,dense_mlp
SH3YL1,8.597302e-08,4608,dense_mlp
TANGO6,8.596578e-08,4609,dense_mlp
AKAP8,8.59282e-08,4610,dense_mlp
WDR17,8.5925336e-08,4611,dense_mlp
UBXN2A,8.591976e-08,4612,dense_mlp
DDX50,8.591866e-08,4613,dense_mlp
FAM133B,8.5885866e-08,4614,dense_mlp
RERGL,8.588052e-08,4615,dense_mlp
SLC2A4RG,8.586356e-08,4616,dense_mlp
TG,8.586333e-08,4617,dense_mlp
MPND,8.584442e-08,4618,dense_mlp
ARMC6,8.582409e-08,4619,dense_mlp
ABRA,8.5822826e-08,4620,dense_mlp
GOLGA7B,8.579562e-08,4621,dense_mlp
C19orf44,8.578147e-08,4622,dense_mlp
CCDC183,8.577229e-08,4623,dense_mlp
ARMCX4,8.574122e-08,4624,dense_mlp
UPK2,8.572777e-08,4625,dense_mlp
SPTY2D1,8.571983e-08,4626,dense_mlp
CCDC106,8.571173e-08,4627,dense_mlp
LRRN1,8.570539e-08,4628,dense_mlp
ZFP57,8.5692385e-08,4629,dense_mlp
TTBK1,8.56922e-08,4630,dense_mlp
LRRN3,8.567069e-08,4631,dense_mlp
ANKRD33B,8.5662045e-08,4632,dense_mlp
ZNF805,8.566087e-08,4633,dense_mlp
CYP27C1,8.561996e-08,4634,dense_mlp
H1FX,8.560297e-08,4635,dense_mlp
SCML1,8.559889e-08,4636,dense_mlp
POC1A,8.5584176e-08,4637,dense_mlp
GGNBP2,8.5576794e-08,4638,dense_mlp
SHD,8.5561766e-08,4639,dense_mlp
TBC1D31,8.5556735e-08,4640,dense_mlp
COA7,8.554415e-08,4641,dense_mlp
DIXDC1,8.550452e-08,4642,dense_mlp
TMEM150A,8.546591e-08,4643,dense_mlp
SCAF11,8.546264e-08,4644,dense_mlp
ZNF362,8.545912e-08,4645,dense_mlp
CCDC189,8.544741e-08,4646,dense_mlp
CELSR2,8.54456e-08,4647,dense_mlp
ZBTB45,8.5433854e-08,4648,dense_mlp
SCAF4,8.53796e-08,4649,dense_mlp
ARMC7,8.536843e-08,4650,dense_mlp
ZNF518A,8.531839e-08,4651,dense_mlp
MFF,8.531266e-08,4652,dense_mlp
LPXN,8.530714e-08,4653,dense_mlp
LMLN,8.530054e-08,4654,dense_mlp
RBMXL1,8.527798e-08,4655,dense_mlp
CELSR3,8.526967e-08,4656,dense_mlp
ANKRD40,8.5263196e-08,4657,dense_mlp
FAM174A,8.525403e-08,4658,dense_mlp
PRIMA1,8.5235804e-08,4659,dense_mlp
PIMREG,8.519507e-08,4660,dense_mlp
DMWD,8.518722e-08,4661,dense_mlp
CYB561D1,8.5182236e-08,4662,dense_mlp
RUBCN,8.5178435e-08,4663,dense_mlp
PPP1R3E,8.516389e-08,4664,dense_mlp
AP3S2,8.5147285e-08,4665,dense_mlp
VWDE,8.514416e-08,4666,dense_mlp
GPRASP1,8.512633e-08,4667,dense_mlp
NIT1,8.509857e-08,4668,dense_mlp
EIF4E1B,8.5096886e-08,4669,dense_mlp
PLTP,8.509424e-08,4670,dense_mlp
ZMYND11,8.508437e-08,4671,dense_mlp
ATG2A,8.507883e-08,4672,dense_mlp
VSNL1,8.5077886e-08,4673,dense_mlp
XRRA1,8.498242e-08,4674,dense_mlp
CIB1,8.497882e-08,4675,dense_mlp
MAGEE2,8.4967425e-08,4676,dense_mlp
ANKAR,8.495976e-08,4677,dense_mlp
FAF1,8.494414e-08,4678,dense_mlp
HSPA14-1,8.492195e-08,4679,dense_mlp
CPO,8.4912244e-08,4680,dense_mlp
INSYN1,8.4909914e-08,4681,dense_mlp
NEPRO,8.4892136e-08,4682,dense_mlp
PLEKHJ1,8.4887276e-08,4683,dense_mlp
XPNPEP1,8.487677e-08,4684,dense_mlp
SYNE3,8.486861e-08,4685,dense_mlp
C1orf53,8.475062e-08,4686,dense_mlp
SIMC1,8.472719e-08,4687,dense_mlp
HTATIP2,8.471991e-08,4688,dense_mlp
SLC12A9,8.471925e-08,4689,dense_mlp
GNPTAB,8.47107e-08,4690,dense_mlp
SNTG1,8.470488e-08,4691,dense_mlp
HDDC2,8.469662e-08,4692,dense_mlp
TBKBP1,8.468352e-08,4693,dense_mlp
KIAA1755,8.4680266e-08,4694,dense_mlp
TMEM208,8.4666304e-08,4695,dense_mlp
PPP1R16A,8.466443e-08,4696,dense_mlp
CLSTN1,8.4655625e-08,4697,dense_mlp
SERP2,8.4646864e-08,4698,dense_mlp
TSPYL1,8.4646274e-08,4699,dense_mlp
LMBR1,8.4620225e-08,4700,dense_mlp
KIAA0040,8.4614406e-08,4701,dense_mlp
EFCAB6,8.460161e-08,4702,dense_mlp
CD276,8.458148e-08,4703,dense_mlp
XKR4,8.4581394e-08,4704,dense_mlp
EID2B,8.457436e-08,4705,dense_mlp
XPO4,8.454878e-08,4706,dense_mlp
LRRC57,8.454207e-08,4707,dense_mlp
AIG1,8.454031e-08,4708,dense_mlp
RPF2,8.453987e-08,4709,dense_mlp
WASHC3,8.4535436e-08,4710,dense_mlp
RIMS4,8.452223e-08,4711,dense_mlp
HMGXB4,8.452133e-08,4712,dense_mlp
NDRG4,8.448863e-08,4713,dense_mlp
CCDC77,8.447402e-08,4714,dense_mlp
SERPINI1,8.446369e-08,4715,dense_mlp
SRA1,8.445894e-08,4716,dense_mlp
DHX33,8.444922e-08,4717,dense_mlp
RETREG3,8.442611e-08,4718,dense_mlp
OGFR,8.441018e-08,4719,dense_mlp
TTYH1,8.4367144e-08,4720,dense_mlp
P3H4,8.4320654e-08,4721,dense_mlp
SASH1,8.431951e-08,4722,dense_mlp
CUEDC1,8.4317556e-08,4723,dense_mlp
FAM189A2,8.423395e-08,4724,dense_mlp
BAHD1,8.420282e-08,4725,dense_mlp
TWSG1,8.415002e-08,4726,dense_mlp
PID1,8.414546e-08,4727,dense_mlp
TTK,8.412939e-08,4728,dense_mlp
TRMT10B,8.4102396e-08,4729,dense_mlp
ZCCHC2,8.4093905e-08,4730,dense_mlp
CLSTN3,8.409306e-08,4731,dense_mlp
TUBE1,8.4059e-08,4732,dense_mlp
SPOCK1,8.4058115e-08,4733,dense_mlp
FAM183A,8.405427e-08,4734,dense_mlp
ANKRD34A,8.4027974e-08,4735,dense_mlp
GPR61,8.401564e-08,4736,dense_mlp
CDCA2,8.401236e-08,4737,dense_mlp
C10orf88,8.399864e-08,4738,dense_mlp
HAPLN2,8.395931e-08,4739,dense_mlp
TMEM45A,8.3942666e-08,4740,dense_mlp
PHACTR4,8.392965e-08,4741,dense_mlp
SULF1,8.392954e-08,4742,dense_mlp
DCAF12L2,8.392503e-08,4743,dense_mlp
ZNF527,8.392443e-08,4744,dense_mlp
ARMCX2,8.39227e-08,4745,dense_mlp
FAM219A,8.3921506e-08,4746,dense_mlp
ARPP21,8.390841e-08,4747,dense_mlp
YTHDF3,8.387965e-08,4748,dense_mlp
TMEM190,8.386455e-08,4749,dense_mlp
RNF212,8.383086e-08,4750,dense_mlp
MAGIX,8.3825306e-08,4751,dense_mlp
TMEM72,8.3813646e-08,4752,dense_mlp
TM6SF2,8.378923e-08,4753,dense_mlp
GPATCH11,8.3767226e-08,4754,dense_mlp
SP2,8.3760675e-08,4755,dense_mlp
CCDC18,8.375911e-08,4756,dense_mlp
RC3H2,8.371929e-08,4757,dense_mlp
IQSEC1,8.368435e-08,4758,dense_mlp
CASKIN1,8.367961e-08,4759,dense_mlp
ZNF835,8.367379e-08,4760,dense_mlp
HPCAL1,8.3673356e-08,4761,dense_mlp
TTC3,8.366923e-08,4762,dense_mlp
TPPP,8.3647215e-08,4763,dense_mlp
PTGES3L,8.364224e-08,4764,dense_mlp
TONSL,8.363336e-08,4765,dense_mlp
PASK,8.3624485e-08,4766,dense_mlp
TSGA10IP,8.362045e-08,4767,dense_mlp
MORC4,8.360737e-08,4768,dense_mlp
PRR12,8.360447e-08,4769,dense_mlp
IGHE,8.359318e-08,4770,dense_mlp
RNF187,8.3572424e-08,4771,dense_mlp
PALD1,8.354301e-08,4772,dense_mlp
ERBB4,8.353658e-08,4773,dense_mlp
B4GALNT4,8.3515154e-08,4774,dense_mlp
MTDH,8.3495074e-08,4775,dense_mlp
EXPH5,8.349361e-08,4776,dense_mlp
CCDC115,8.345133e-08,4777,dense_mlp
C16orf86,8.344251e-08,4778,dense_mlp
MARCKSL1,8.3407976e-08,4779,dense_mlp
ANGEL2,8.339727e-08,4780,dense_mlp
ZC3H12B,8.339379e-08,4781,dense_mlp
PSORS1C1,8.33904e-08,4782,dense_mlp
LRRC40,8.3354166e-08,4783,dense_mlp
C15orf40,8.334104e-08,4784,dense_mlp
STK17B,8.331473e-08,4785,dense_mlp
ZBTB37,8.331216e-08,4786,dense_mlp
VTCN1,8.3310496e-08,4787,dense_mlp
RIMS3,8.330803e-08,4788,dense_mlp
ASPM,8.330295e-08,4789,dense_mlp
MAP3K9,8.329625e-08,4790,dense_mlp
SHISAL2B,8.3283936e-08,4791,dense_mlp
HPS6,8.3275246e-08,4792,dense_mlp
TBC1D9,8.325959e-08,4793,dense_mlp
CHST9,8.324e-08,4794,dense_mlp
HOXA10,8.3201726e-08,4795,dense_mlp
ADSS,8.3188155e-08,4796,dense_mlp
ZNF789,8.317343e-08,4797,dense_mlp
ABHD14A,8.314855e-08,4798,dense_mlp
C2CD2,8.313369e-08,4799,dense_mlp
NOP53,8.3126345e-08,4800,dense_mlp
IDNK,8.31219e-08,4801,dense_mlp
FAM171B,8.311684e-08,4802,dense_mlp
ZNF853,8.31069e-08,4803,dense_mlp
ABTB1,8.310649e-08,4804,dense_mlp
HDGFL3,8.309082e-08,4805,dense_mlp
SH3BP2,8.308616e-08,4806,dense_mlp
NAA80,8.30753e-08,4807,dense_mlp
BZW2,8.306998e-08,4808,dense_mlp
ERMAP,8.3055575e-08,4809,dense_mlp
VEPH1,8.305533e-08,4810,dense_mlp
IPP,8.305303e-08,4811,dense_mlp
ZNF44,8.304924e-08,4812,dense_mlp
SPIN4,8.303533e-08,4813,dense_mlp
ZNHIT6,8.302017e-08,4814,dense_mlp
FNDC10,8.30084e-08,4815,dense_mlp
C22orf39,8.2998866e-08,4816,dense_mlp
DISC1,8.2971965e-08,4817,dense_mlp
FKBP15,8.29616e-08,4818,dense_mlp
DCDC1,8.294788e-08,4819,dense_mlp
PPIC,8.29411e-08,4820,dense_mlp
C16orf70,8.2923556e-08,4821,dense_mlp
UEVLD,8.2914724e-08,4822,dense_mlp
SLC25A53,8.2888405e-08,4823,dense_mlp
CEMIP2,8.2840415e-08,4824,dense_mlp
NSMF,8.283814e-08,4825,dense_mlp
CC2D1A,8.2791416e-08,4826,dense_mlp
DHRS12,8.278764e-08,4827,dense_mlp
STMP1,8.2787246e-08,4828,dense_mlp
CCDC102B,8.277479e-08,4829,dense_mlp
C12orf74,8.277063e-08,4830,dense_mlp
ZNF76,8.2760764e-08,4831,dense_mlp
SIRT7,8.274729e-08,4832,dense_mlp
C1orf198,8.273991e-08,4833,dense_mlp
THAP11,8.272989e-08,4834,dense_mlp
ZBTB46,8.269913e-08,4835,dense_mlp
ZMIZ1,8.2695095e-08,4836,dense_mlp
CRYBB1,8.2686256e-08,4837,dense_mlp
NOMO1,8.26858e-08,4838,dense_mlp
MSANTD4,8.266828e-08,4839,dense_mlp
RNF151,8.265933e-08,4840,dense_mlp
KRIT1,8.2656314e-08,4841,dense_mlp
VPS9D1,8.2625945e-08,4842,dense_mlp
WDR97,8.260922e-08,4843,dense_mlp
SEPTIN10,8.2587114e-08,4844,dense_mlp
ZMYND12,8.258459e-08,4845,dense_mlp
EBPL,8.252045e-08,4846,dense_mlp
SUSD6,8.2519975e-08,4847,dense_mlp
KLHL24,8.2499554e-08,4848,dense_mlp
RNASE4,8.248114e-08,4849,dense_mlp
METTL6,8.246999e-08,4850,dense_mlp
PPP1R36,8.246883e-08,4851,dense_mlp
AP3B2,8.2465654e-08,4852,dense_mlp
SP110,8.2439406e-08,4853,dense_mlp
PCMTD1,8.240584e-08,4854,dense_mlp
CLIC4,8.240467e-08,4855,dense_mlp
SLC35F6,8.240433e-08,4856,dense_mlp
ANGEL1,8.2402636e-08,4857,dense_mlp
KIAA1109,8.239144e-08,4858,dense_mlp
WDR47,8.238504e-08,4859,dense_mlp
NIN,8.2376125e-08,4860,dense_mlp
NLE1,8.236976e-08,4861,dense_mlp
FIBIN,8.232962e-08,4862,dense_mlp
SPINDOC,8.2323126e-08,4863,dense_mlp
CSRNP1,8.2309825e-08,4864,dense_mlp
SNX11,8.230876e-08,4865,dense_mlp
SMAP2,8.230146e-08,4866,dense_mlp
SERF2,8.230004e-08,4867,dense_mlp
PGBD5,8.229697e-08,4868,dense_mlp
ZNF177,8.228723e-08,4869,dense_mlp
PRSS27,8.225189e-08,4870,dense_mlp
SMCO3,8.222155e-08,4871,dense_mlp
TEX30,8.218761e-08,4872,dense_mlp
SVOP,8.21766e-08,4873,dense_mlp
HUNK,8.2174424e-08,4874,dense_mlp
LNX2,8.2155864e-08,4875,dense_mlp
SIK2,8.2129304e-08,4876,dense_mlp
TNFAIP8L2,8.21012e-08,4877,dense_mlp
LAYN,8.208975e-08,4878,dense_mlp
SFXN3,8.208048e-08,4879,dense_mlp
PAQR4,8.2079715e-08,4880,dense_mlp
PRDX5,8.206279e-08,4881,dense_mlp
N4BP2L1,8.2059024e-08,4882,dense_mlp
CAVIN4,8.205145e-08,4883,dense_mlp
FAM167A,8.2051436e-08,4884,dense_mlp
TRIQK,8.204086e-08,4885,dense_mlp
FUT11,8.2020264e-08,4886,dense_mlp
IQCK,8.201985e-08,4887,dense_mlp
C9orf116,8.201509e-08,4888,dense_mlp
BRD3OS,8.198228e-08,4889,dense_mlp
FAM228B,8.1973084e-08,4890,dense_mlp
EDF1,8.197305e-08,4891,dense_mlp
SERTAD2,8.1961105e-08,4892,dense_mlp
PEAR1,8.192131e-08,4893,dense_mlp
LRWD1,8.1897305e-08,4894,dense_mlp
IKZF5,8.187198e-08,4895,dense_mlp
DNAJC18,8.185253e-08,4896,dense_mlp
CSNK1G3,8.184207e-08,4897,dense_mlp
GAREM2,8.18118e-08,4898,dense_mlp
PARP3,8.1792784e-08,4899,dense_mlp
ZNF341,8.1788954e-08,4900,dense_mlp
PURA,8.17798e-08,4901,dense_mlp
CAMK2N2,8.177405e-08,4902,dense_mlp
C12orf57,8.174716e-08,4903,dense_mlp
PTPDC1,8.1732786e-08,4904,dense_mlp
LRRFIP2,8.173017e-08,4905,dense_mlp
RFTN2,8.1714035e-08,4906,dense_mlp
MLLT6,8.1684625e-08,4907,dense_mlp
DPCD,8.167872e-08,4908,dense_mlp
HIVEP2,8.165486e-08,4909,dense_mlp
TATDN3,8.163791e-08,4910,dense_mlp
CRYBG3,8.163027e-08,4911,dense_mlp
RASL11B,8.162363e-08,4912,dense_mlp
PLPBP,8.158067e-08,4913,dense_mlp
TSPAN17,8.157191e-08,4914,dense_mlp
ANXA4,8.153198e-08,4915,dense_mlp
SERPINE3,8.152446e-08,4916,dense_mlp
SPPL3,8.151982e-08,4917,dense_mlp
PHYHD1,8.14847e-08,4918,dense_mlp
LRRC29,8.1462105e-08,4919,dense_mlp
CACHD1,8.146189e-08,4920,dense_mlp
KIFC3,8.145641e-08,4921,dense_mlp
CFAP70,8.145018e-08,4922,dense_mlp
OLFM1,8.1428325e-08,4923,dense_mlp
TRO,8.142397e-08,4924,dense_mlp
HECA,8.141665e-08,4925,dense_mlp
STXBP6,8.1415585e-08,4926,dense_mlp
PLAC8L1,8.138883e-08,4927,dense_mlp
C11orf49,8.135054e-08,4928,dense_mlp
NTMT1,8.1317246e-08,4929,dense_mlp
TRPS1,8.130559e-08,4930,dense_mlp
SCRN1,8.128046e-08,4931,dense_mlp
TXNDC17,8.127581e-08,4932,dense_mlp
PGAP3,8.1275445e-08,4933,dense_mlp
LBX2,8.121609e-08,4934,dense_mlp
ZNF280D,8.120942e-08,4935,dense_mlp
GMCL1,8.120415e-08,4936,dense_mlp
CFAP61,8.1202224e-08,4937,dense_mlp
SALL2,8.119985e-08,4938,dense_mlp
NEBL,8.1183956e-08,4939,dense_mlp
TMEM147,8.114109e-08,4940,dense_mlp
TAFA2,8.1123815e-08,4941,dense_mlp
LIMD2,8.1080714e-08,4942,dense_mlp
PPP4R3B,8.105376e-08,4943,dense_mlp
JKAMP,8.104873e-08,4944,dense_mlp
MTG1,8.104225e-08,4945,dense_mlp
PTBP2,8.103636e-08,4946,dense_mlp
ZNF787,8.103037e-08,4947,dense_mlp
RSRP1,8.099956e-08,4948,dense_mlp
HARS,8.0994305e-08,4949,dense_mlp
TNKS1BP1,8.096889e-08,4950,dense_mlp
SERTAD1,8.095732e-08,4951,dense_mlp
ZNF502,8.09573e-08,4952,dense_mlp
IRX3,8.093773e-08,4953,dense_mlp
ZMAT4,8.09267e-08,4954,dense_mlp
PCDH18,8.0920195e-08,4955,dense_mlp
TCEANC2,8.091811e-08,4956,dense_mlp
INF2,8.0902396e-08,4957,dense_mlp
TMEM47,8.0902126e-08,4958,dense_mlp
CCDC107,8.0886764e-08,4959,dense_mlp
CSRNP2,8.0872e-08,4960,dense_mlp
ZNF518B,8.0858136e-08,4961,dense_mlp
SMIM4,8.08566e-08,4962,dense_mlp
MSMP,8.0854825e-08,4963,dense_mlp
SYAP1,8.084416e-08,4964,dense_mlp
FOPNL,8.083857e-08,4965,dense_mlp
ANTXR1,8.082613e-08,4966,dense_mlp
MIF4GD,8.079572e-08,4967,dense_mlp
IGDCC3,8.0789874e-08,4968,dense_mlp
HMGN3,8.074723e-08,4969,dense_mlp
CLHC1,8.074006e-08,4970,dense_mlp
ZBTB4,8.073166e-08,4971,dense_mlp
STK32A,8.073115e-08,4972,dense_mlp
PCNX2,8.0713185e-08,4973,dense_mlp
HYLS1,8.0710485e-08,4974,dense_mlp
DAP,8.068954e-08,4975,dense_mlp
TCF20,8.0685794e-08,4976,dense_mlp
SLC35C2,8.068073e-08,4977,dense_mlp
ZSWIM2,8.0661934e-08,4978,dense_mlp
SCARB1,8.063425e-08,4979,dense_mlp
TMEM229B,8.059812e-08,4980,dense_mlp
EPRS,8.057947e-08,4981,dense_mlp
RWDD4,8.057783e-08,4982,dense_mlp
NCBP3,8.0566046e-08,4983,dense_mlp
C8orf88,8.056108e-08,4984,dense_mlp
DHDH,8.054592e-08,4985,dense_mlp
SAPCD1,8.052558e-08,4986,dense_mlp
ENKD1,8.051973e-08,4987,dense_mlp
CNTLN,8.0517765e-08,4988,dense_mlp
KIAA0355,8.050941e-08,4989,dense_mlp
PDE4B,8.045469e-08,4990,dense_mlp
ZMYM1,8.0454384e-08,4991,dense_mlp
BX255925.3,8.0437104e-08,4992,dense_mlp
PLCXD1,8.043657e-08,4993,dense_mlp
MINDY1,8.0427476e-08,4994,dense_mlp
ARFGEF1,8.041073e-08,4995,dense_mlp
ZBED5,8.038646e-08,4996,dense_mlp
TMEM14B,8.0381476e-08,4997,dense_mlp
DHRS13,8.0377454e-08,4998,dense_mlp
DHRS1,8.0296445e-08,4999,dense_mlp
PPIF,8.02914e-08,5000,dense_mlp
SEC14L2,8.026384e-08,5001,dense_mlp
DOP1B,8.025732e-08,5002,dense_mlp
ELAC1,8.025615e-08,5003,dense_mlp
TP53I11,8.0252256e-08,5004,dense_mlp
MPP2,8.0244384e-08,5005,dense_mlp
YPEL3,8.024254e-08,5006,dense_mlp
C11orf95,8.0242515e-08,5007,dense_mlp
ABRACL,8.023543e-08,5008,dense_mlp
LRIT3,8.021514e-08,5009,dense_mlp
LYSMD1,8.021173e-08,5010,dense_mlp
C16orf58,8.0199754e-08,5011,dense_mlp
RNF167,8.018609e-08,5012,dense_mlp
ZMIZ2,8.0180605e-08,5013,dense_mlp
PDIA4,8.017534e-08,5014,dense_mlp
EIF1B,8.017532e-08,5015,dense_mlp
LRRC37B,8.012364e-08,5016,dense_mlp
GADD45G,8.01089e-08,5017,dense_mlp
ASPHD1,8.0048665e-08,5018,dense_mlp
FTCDNL1,8.004469e-08,5019,dense_mlp
TRIM67,8.00111e-08,5020,dense_mlp
NCKAP5,8.000819e-08,5021,dense_mlp
CISD1,7.999711e-08,5022,dense_mlp
ZGRF1,7.997785e-08,5023,dense_mlp
PMP2,7.996266e-08,5024,dense_mlp
SMTNL1,7.994764e-08,5025,dense_mlp
SLC30A9,7.991742e-08,5026,dense_mlp
ARRDC3,7.9875946e-08,5027,dense_mlp
MILR1,7.98623e-08,5028,dense_mlp
XPNPEP3,7.985606e-08,5029,dense_mlp
TMEM131,7.985363e-08,5030,dense_mlp
KLHDC1,7.985116e-08,5031,dense_mlp
TTC28,7.984924e-08,5032,dense_mlp
IMPAD1,7.983948e-08,5033,dense_mlp
CETN3,7.9820595e-08,5034,dense_mlp
ZBTB14,7.982003e-08,5035,dense_mlp
LYST,7.980222e-08,5036,dense_mlp
SVIL,7.978675e-08,5037,dense_mlp
SUSD3,7.974599e-08,5038,dense_mlp
PTGFRN,7.970155e-08,5039,dense_mlp
C11orf74,7.9696434e-08,5040,dense_mlp
TKTL2,7.968192e-08,5041,dense_mlp
CCNJ,7.9678955e-08,5042,dense_mlp
ZSWIM1,7.967326e-08,5043,dense_mlp
CMTM7,7.967092e-08,5044,dense_mlp
MCF2L2,7.966719e-08,5045,dense_mlp
FBXO28,7.9638234e-08,5046,dense_mlp
MICALL2,7.962534e-08,5047,dense_mlp
USP36,7.961685e-08,5048,dense_mlp
NT5C3A,7.9558845e-08,5049,dense_mlp
JPH2,7.954755e-08,5050,dense_mlp
TRIM23,7.9543575e-08,5051,dense_mlp
BTBD10,7.9513065e-08,5052,dense_mlp
EFHD1,7.950672e-08,5053,dense_mlp
EFS,7.9506144e-08,5054,dense_mlp
FAM83D,7.950471e-08,5055,dense_mlp
ZFYVE27,7.94806e-08,5056,dense_mlp
RBM12B,7.942281e-08,5057,dense_mlp
KCTD18,7.939177e-08,5058,dense_mlp
POU5F2,7.938669e-08,5059,dense_mlp
ZNF181,7.931151e-08,5060,dense_mlp
ERG28,7.927613e-08,5061,dense_mlp
PLAA,7.9274294e-08,5062,dense_mlp
JRKL,7.923708e-08,5063,dense_mlp
OOSP4A,7.923533e-08,5064,dense_mlp
SLC45A1,7.922997e-08,5065,dense_mlp
SOGA1,7.9227796e-08,5066,dense_mlp
GALK2,7.920845e-08,5067,dense_mlp
STK35,7.9190116e-08,5068,dense_mlp
SERTAD3,7.91841e-08,5069,dense_mlp
SLC25A24,7.918111e-08,5070,dense_mlp
FBXO46,7.917173e-08,5071,dense_mlp
SLC25A43,7.915657e-08,5072,dense_mlp
POGLUT2,7.914653e-08,5073,dense_mlp
PDZD2,7.914592e-08,5074,dense_mlp
MAL,7.9122294e-08,5075,dense_mlp
MMD2,7.910581e-08,5076,dense_mlp
TRERF1,7.909371e-08,5077,dense_mlp
TBC1D19,7.906247e-08,5078,dense_mlp
AKAP11,7.906098e-08,5079,dense_mlp
NDNF,7.9015386e-08,5080,dense_mlp
COIL,7.899278e-08,5081,dense_mlp
DDX51,7.899261e-08,5082,dense_mlp
TAPBPL,7.8975944e-08,5083,dense_mlp
IKZF4,7.8973464e-08,5084,dense_mlp
PCDHB11,7.895309e-08,5085,dense_mlp
EML5,7.894702e-08,5086,dense_mlp
ATXN7L3B,7.893996e-08,5087,dense_mlp
TMEM165,7.88652e-08,5088,dense_mlp
BTNL3,7.886336e-08,5089,dense_mlp
HMGN5,7.884215e-08,5090,dense_mlp
WDR63,7.883337e-08,5091,dense_mlp
TMEM114,7.881959e-08,5092,dense_mlp
HDX,7.8805854e-08,5093,dense_mlp
NUDCD1,7.879059e-08,5094,dense_mlp
LRRC25,7.8782186e-08,5095,dense_mlp
HEG1,7.877288e-08,5096,dense_mlp
GPATCH8,7.876371e-08,5097,dense_mlp
TMEM43,7.876287e-08,5098,dense_mlp
TDRP,7.8757736e-08,5099,dense_mlp
SHISA2,7.8757346e-08,5100,dense_mlp
ZFP41,7.87571e-08,5101,dense_mlp
RNF11,7.8754105e-08,5102,dense_mlp
FAM229A,7.873707e-08,5103,dense_mlp
CCDC130,7.873666e-08,5104,dense_mlp
BPTF,7.871806e-08,5105,dense_mlp
VEZF1,7.868018e-08,5106,dense_mlp
KIAA0513,7.867364e-08,5107,dense_mlp
YPEL2,7.866135e-08,5108,dense_mlp
AFF3,7.8631665e-08,5109,dense_mlp
USP40,7.8616e-08,5110,dense_mlp
PCDHB4,7.8602305e-08,5111,dense_mlp
TTC7A,7.8598234e-08,5112,dense_mlp
TSSC4,7.8576804e-08,5113,dense_mlp
OSER1,7.855057e-08,5114,dense_mlp
TUBD1,7.8527165e-08,5115,dense_mlp
ANKRD52,7.851305e-08,5116,dense_mlp
FLYWCH2,7.850142e-08,5117,dense_mlp
CMIP,7.849739e-08,5118,dense_mlp
NCOA5,7.8473505e-08,5119,dense_mlp
PPP1R21,7.846632e-08,5120,dense_mlp
TMEM164,7.84547e-08,5121,dense_mlp
MN1,7.8445446e-08,5122,dense_mlp
CHRAC1,7.842903e-08,5123,dense_mlp
P4HTM,7.8423405e-08,5124,dense_mlp
SPATA22,7.841431e-08,5125,dense_mlp
SARAF,7.839605e-08,5126,dense_mlp
TSGA10,7.8392794e-08,5127,dense_mlp
ZBTB9,7.836906e-08,5128,dense_mlp
MEGF11,7.833603e-08,5129,dense_mlp
PABPC5,7.831883e-08,5130,dense_mlp
ZNF646,7.8309725e-08,5131,dense_mlp
SLC10A4,7.8305106e-08,5132,dense_mlp
ZSCAN30,7.830127e-08,5133,dense_mlp
KLRC3,7.830037e-08,5134,dense_mlp
GPR1,7.829598e-08,5135,dense_mlp
PRPF39,7.829008e-08,5136,dense_mlp
TMEM242,7.827857e-08,5137,dense_mlp
DUSP22,7.8261515e-08,5138,dense_mlp
FAM126B,7.826071e-08,5139,dense_mlp
STK33,7.824773e-08,5140,dense_mlp
HIST1H1D,7.8236056e-08,5141,dense_mlp
SCYL3,7.823288e-08,5142,dense_mlp
NXF3,7.823127e-08,5143,dense_mlp
LARP4B,7.8230926e-08,5144,dense_mlp
TEX29,7.823034e-08,5145,dense_mlp
TANGO2,7.819885e-08,5146,dense_mlp
UBFD1,7.819456e-08,5147,dense_mlp
SLC25A23,7.8176235e-08,5148,dense_mlp
NUDT1,7.8155864e-08,5149,dense_mlp
UBXN2B,7.813814e-08,5150,dense_mlp
DUSP26,7.813533e-08,5151,dense_mlp
RNF145,7.8130974e-08,5152,dense_mlp
RTL10,7.8128046e-08,5153,dense_mlp
RNPEP,7.811113e-08,5154,dense_mlp
AKAP7,7.810416e-08,5155,dense_mlp
HOOK3,7.809884e-08,5156,dense_mlp
STAP1,7.809759e-08,5157,dense_mlp
NUCKS1,7.809672e-08,5158,dense_mlp
FAT1,7.8087254e-08,5159,dense_mlp
STAU2,7.807408e-08,5160,dense_mlp
FBXO36,7.807226e-08,5161,dense_mlp
MYEF2,7.806467e-08,5162,dense_mlp
OLIG2,7.805156e-08,5163,dense_mlp
ZNF451,7.804971e-08,5164,dense_mlp
ZNF277,7.803132e-08,5165,dense_mlp
RABEP2,7.802443e-08,5166,dense_mlp
HNRNPH3,7.802212e-08,5167,dense_mlp
TMTC2,7.8021586e-08,5168,dense_mlp
GPT2,7.800817e-08,5169,dense_mlp
PDCD10,7.800451e-08,5170,dense_mlp
ZNF574,7.79794e-08,5171,dense_mlp
SAXO2,7.796858e-08,5172,dense_mlp
PLEKHF2,7.794674e-08,5173,dense_mlp
DUSP14,7.792184e-08,5174,dense_mlp
TMEM253,7.7921094e-08,5175,dense_mlp
ZBTB44,7.791818e-08,5176,dense_mlp
ZSCAN22,7.790976e-08,5177,dense_mlp
DIPK1C,7.786084e-08,5178,dense_mlp
TMEM39B,7.785773e-08,5179,dense_mlp
CCDC178,7.7840355e-08,5180,dense_mlp
MAPK1IP1L,7.7812985e-08,5181,dense_mlp
GHRL,7.781131e-08,5182,dense_mlp
KLHL17,7.780706e-08,5183,dense_mlp
ABHD18,7.780502e-08,5184,dense_mlp
PRR7,7.7743536e-08,5185,dense_mlp
RILPL1,7.773946e-08,5186,dense_mlp
SLC30A7,7.772835e-08,5187,dense_mlp
ZNF576,7.770222e-08,5188,dense_mlp
TBC1D30,7.766624e-08,5189,dense_mlp
CCSER2,7.761261e-08,5190,dense_mlp
ZBTB3,7.75631e-08,5191,dense_mlp
FKBP3,7.756229e-08,5192,dense_mlp
TMEM44,7.755767e-08,5193,dense_mlp
DNALI1,7.75461e-08,5194,dense_mlp
TBCE-1,7.754584e-08,5195,dense_mlp
HSF2,7.753251e-08,5196,dense_mlp
EFCAB1,7.7517846e-08,5197,dense_mlp
COPS9,7.7484195e-08,5198,dense_mlp
OCIAD1,7.746983e-08,5199,dense_mlp
TMEM267,7.744729e-08,5200,dense_mlp
SRBD1,7.742952e-08,5201,dense_mlp
BRWD3,7.741582e-08,5202,dense_mlp
CCDC198,7.739897e-08,5203,dense_mlp
DDX54,7.7389394e-08,5204,dense_mlp
CRAMP1,7.73679e-08,5205,dense_mlp
ZBTB10,7.735213e-08,5206,dense_mlp
SPATA7,7.734918e-08,5207,dense_mlp
DHX29,7.732414e-08,5208,dense_mlp
FAM47B,7.730298e-08,5209,dense_mlp
SURF2,7.7286956e-08,5210,dense_mlp
C5orf30,7.728276e-08,5211,dense_mlp
C11orf80,7.727962e-08,5212,dense_mlp
ETV5,7.72777e-08,5213,dense_mlp
YTHDF1,7.727489e-08,5214,dense_mlp
KITLG,7.726475e-08,5215,dense_mlp
C16orf74,7.723337e-08,5216,dense_mlp
PPDPF,7.72123e-08,5217,dense_mlp
AP1AR,7.718993e-08,5218,dense_mlp
ZBTB11,7.710976e-08,5219,dense_mlp
HMGN1,7.710266e-08,5220,dense_mlp
EAPP,7.707525e-08,5221,dense_mlp
AP5M1,7.707355e-08,5222,dense_mlp
ZDBF2,7.706439e-08,5223,dense_mlp
GPR137C,7.7058885e-08,5224,dense_mlp
ADGRL2,7.704412e-08,5225,dense_mlp
BAZ2B,7.700069e-08,5226,dense_mlp
SKIV2L,7.698658e-08,5227,dense_mlp
KIAA2013,7.69788e-08,5228,dense_mlp
ANKRD11,7.691893e-08,5229,dense_mlp
PCID2,7.691093e-08,5230,dense_mlp
CD82,7.690061e-08,5231,dense_mlp
JPT1,7.6899816e-08,5232,dense_mlp
CLGN,7.688672e-08,5233,dense_mlp
PTCD2,7.6879644e-08,5234,dense_mlp
STIM2,7.6860026e-08,5235,dense_mlp
C11orf68,7.6859465e-08,5236,dense_mlp
C4orf50,7.6835924e-08,5237,dense_mlp
ZNF629,7.682381e-08,5238,dense_mlp
PGBD2,7.6802635e-08,5239,dense_mlp
C6orf89,7.679508e-08,5240,dense_mlp
FHL1,7.678967e-08,5241,dense_mlp
RTCA,7.6785575e-08,5242,dense_mlp
PTPRN,7.678143e-08,5243,dense_mlp
DPP8,7.67747e-08,5244,dense_mlp
LRRC59,7.676553e-08,5245,dense_mlp
ZPR1,7.676501e-08,5246,dense_mlp
ZBED3,7.673785e-08,5247,dense_mlp
CEP55,7.670338e-08,5248,dense_mlp
PRXL2C,7.669596e-08,5249,dense_mlp
SNAP47,7.6614576e-08,5250,dense_mlp
MINDY2,7.660793e-08,5251,dense_mlp
ZSCAN26,7.660102e-08,5252,dense_mlp
KLF10,7.659038e-08,5253,dense_mlp
PCDHA2,7.657572e-08,5254,dense_mlp
SFSWAP,7.6560205e-08,5255,dense_mlp
CIZ1,7.655953e-08,5256,dense_mlp
PHPT1,7.655013e-08,5257,dense_mlp
RBM18,7.6540864e-08,5258,dense_mlp
TNNI3K,7.653397e-08,5259,dense_mlp
MLXIP,7.649449e-08,5260,dense_mlp
TMEM87B,7.645045e-08,5261,dense_mlp
TUFT1,7.644593e-08,5262,dense_mlp
MCC,7.643184e-08,5263,dense_mlp
KAZALD1,7.63995e-08,5264,dense_mlp
WSCD1,7.639583e-08,5265,dense_mlp
C19orf12,7.638279e-08,5266,dense_mlp
TMEM81,7.635364e-08,5267,dense_mlp
DEAF1,7.634047e-08,5268,dense_mlp
CKAP2L,7.632946e-08,5269,dense_mlp
ANKRD13B,7.632118e-08,5270,dense_mlp
REPIN1,7.63022e-08,5271,dense_mlp
GAS8,7.629637e-08,5272,dense_mlp
ZSCAN9,7.628347e-08,5273,dense_mlp
PDIK1L,7.626437e-08,5274,dense_mlp
TMEM200C,7.624591e-08,5275,dense_mlp
ZNF316,7.624446e-08,5276,dense_mlp
ZNF142,7.6241655e-08,5277,dense_mlp
SPINK13,7.6220225e-08,5278,dense_mlp
TFPI,7.6191675e-08,5279,dense_mlp
C12orf29,7.6174544e-08,5280,dense_mlp
TRUB1,7.616991e-08,5281,dense_mlp
LCORL,7.615367e-08,5282,dense_mlp
ATXN2,7.614563e-08,5283,dense_mlp
C20orf27,7.614012e-08,5284,dense_mlp
BEX4,7.613996e-08,5285,dense_mlp
CAMK2N1,7.6139344e-08,5286,dense_mlp
C7orf25,7.60686e-08,5287,dense_mlp
SENP6,7.606347e-08,5288,dense_mlp
RNF38,7.606215e-08,5289,dense_mlp
NTAN1,7.6052096e-08,5290,dense_mlp
TOP1MT,7.602115e-08,5291,dense_mlp
CACUL1,7.5998486e-08,5292,dense_mlp
SLC38A6,7.599644e-08,5293,dense_mlp
PRRT2,7.597447e-08,5294,dense_mlp
CCDC92,7.5957445e-08,5295,dense_mlp
SEPTIN11,7.594968e-08,5296,dense_mlp
ZSCAN12,7.593417e-08,5297,dense_mlp
CADPS,7.592715e-08,5298,dense_mlp
PPP1R15B,7.584003e-08,5299,dense_mlp
RMDN2,7.583075e-08,5300,dense_mlp
NSG2,7.578391e-08,5301,dense_mlp
MKRN2,7.575353e-08,5302,dense_mlp
GATB,7.573912e-08,5303,dense_mlp
EMC9,7.5728686e-08,5304,dense_mlp
MARCH2,7.571196e-08,5305,dense_mlp
ETV3L,7.5697365e-08,5306,dense_mlp
BTF3L4,7.568669e-08,5307,dense_mlp
SMTN,7.567699e-08,5308,dense_mlp
SHLD3,7.567266e-08,5309,dense_mlp
RNF170,7.567265e-08,5310,dense_mlp
SPATA5L1,7.566252e-08,5311,dense_mlp
FBRS,7.5654654e-08,5312,dense_mlp
NAP1L3,7.5613066e-08,5313,dense_mlp
SS18L2,7.5606174e-08,5314,dense_mlp
ITPRIPL2,7.559746e-08,5315,dense_mlp
EXO5,7.5589355e-08,5316,dense_mlp
SWI5,7.5583856e-08,5317,dense_mlp
GATC,7.556964e-08,5318,dense_mlp
ANGPTL2,7.5560685e-08,5319,dense_mlp
PDCL3,7.5540484e-08,5320,dense_mlp
FAM124A,7.5514606e-08,5321,dense_mlp
TTC39C,7.550566e-08,5322,dense_mlp
NOP16,7.549385e-08,5323,dense_mlp
KLHL14,7.549108e-08,5324,dense_mlp
SMARCAD1,7.5487144e-08,5325,dense_mlp
RALGPS1,7.547588e-08,5326,dense_mlp
PBX2,7.54716e-08,5327,dense_mlp
ZCCHC14,7.547025e-08,5328,dense_mlp
ITLN2,7.5451766e-08,5329,dense_mlp
KIAA1549L,7.543947e-08,5330,dense_mlp
HAMP,7.543166e-08,5331,dense_mlp
TMEM70,7.5426925e-08,5332,dense_mlp
IPO13,7.54174e-08,5333,dense_mlp
SPRYD3,7.5381415e-08,5334,dense_mlp
TPBGL,7.536762e-08,5335,dense_mlp
C12orf66,7.535509e-08,5336,dense_mlp
PCDH9,7.5354194e-08,5337,dense_mlp
NDUFA4,7.534188e-08,5338,dense_mlp
DCAF15,7.5329545e-08,5339,dense_mlp
MEX3B,7.5329005e-08,5340,dense_mlp
ARL6IP6,7.532274e-08,5341,dense_mlp
ERI2,7.5322134e-08,5342,dense_mlp
DNAJB14,7.531182e-08,5343,dense_mlp
SMIM19,7.5305856e-08,5344,dense_mlp
CEP170B,7.530379e-08,5345,dense_mlp
PCDHGB6,7.5280056e-08,5346,dense_mlp
NAV2,7.5267735e-08,5347,dense_mlp
NXPH1,7.5240145e-08,5348,dense_mlp
RNF24,7.523981e-08,5349,dense_mlp
GDAP2,7.523668e-08,5350,dense_mlp
FAM160B1,7.5222594e-08,5351,dense_mlp
MCM9,7.5205605e-08,5352,dense_mlp
STKLD1,7.5191785e-08,5353,dense_mlp
NEK3,7.515242e-08,5354,dense_mlp
C11orf96,7.5142644e-08,5355,dense_mlp
AAMDC,7.5134544e-08,5356,dense_mlp
SLC25A35,7.5109845e-08,5357,dense_mlp
MPPE1,7.510715e-08,5358,dense_mlp
ANP32B,7.507716e-08,5359,dense_mlp
VIPAS39,7.504659e-08,5360,dense_mlp
YIPF5,7.5012444e-08,5361,dense_mlp
CDR2,7.498089e-08,5362,dense_mlp
FAM210B,7.4972085e-08,5363,dense_mlp
SPATA17,7.496956e-08,5364,dense_mlp
FEZ1,7.495786e-08,5365,dense_mlp
MAST4,7.495026e-08,5366,dense_mlp
L3HYPDH,7.494397e-08,5367,dense_mlp
SEMA3B,7.491836e-08,5368,dense_mlp
LRRC73,7.490689e-08,5369,dense_mlp
GPR158,7.4904634e-08,5370,dense_mlp
POU6F1,7.489958e-08,5371,dense_mlp
LANCL1,7.4844245e-08,5372,dense_mlp
TMBIM6,7.482483e-08,5373,dense_mlp
GMEB2,7.4821514e-08,5374,dense_mlp
ZNF880,7.481962e-08,5375,dense_mlp
FAM131A,7.481563e-08,5376,dense_mlp
THUMPD3,7.481055e-08,5377,dense_mlp
LENG8,7.479568e-08,5378,dense_mlp
TMA16,7.478258e-08,5379,dense_mlp
PKNOX2,7.476e-08,5380,dense_mlp
DEC1,7.475276e-08,5381,dense_mlp
FBXO42,7.4750176e-08,5382,dense_mlp
SLC41A3,7.4733954e-08,5383,dense_mlp
ZNF134,7.472505e-08,5384,dense_mlp
CCDC51,7.471688e-08,5385,dense_mlp
AMN1,7.470366e-08,5386,dense_mlp
SPATS2,7.470105e-08,5387,dense_mlp
C17orf113,7.466105e-08,5388,dense_mlp
ANXA7,7.4655276e-08,5389,dense_mlp
TOM1L2,7.4648305e-08,5390,dense_mlp
GPR137,7.464671e-08,5391,dense_mlp
ARIH2OS,7.46174e-08,5392,dense_mlp
MIEN1,7.461615e-08,5393,dense_mlp
HHATL,7.461193e-08,5394,dense_mlp
ITM2C,7.458114e-08,5395,dense_mlp
FAM76B,7.457459e-08,5396,dense_mlp
MAP3K10,7.455945e-08,5397,dense_mlp
LMNB2,7.455383e-08,5398,dense_mlp
SCMH1,7.4551586e-08,5399,dense_mlp
QARS,7.454531e-08,5400,dense_mlp
TMEM145,7.453885e-08,5401,dense_mlp
EIF2D,7.452394e-08,5402,dense_mlp
IRX5,7.452163e-08,5403,dense_mlp
SEZ6L2,7.449063e-08,5404,dense_mlp
SH3BGRL,7.446243e-08,5405,dense_mlp
TMEM106B,7.445559e-08,5406,dense_mlp
TMEM106A,7.4451435e-08,5407,dense_mlp
TPPP2,7.444057e-08,5408,dense_mlp
SPICE1,7.4438724e-08,5409,dense_mlp
ZNF878,7.443351e-08,5410,dense_mlp
IER3IP1,7.442658e-08,5411,dense_mlp
AAR2,7.4396546e-08,5412,dense_mlp
SYNPO,7.4393355e-08,5413,dense_mlp
SLC66A3,7.4367236e-08,5414,dense_mlp
APOL6,7.4359725e-08,5415,dense_mlp
FBXO45,7.433758e-08,5416,dense_mlp
E4F1,7.4330295e-08,5417,dense_mlp
ZC3H7B,7.432876e-08,5418,dense_mlp
SORBS2,7.431881e-08,5419,dense_mlp
ZYX,7.431824e-08,5420,dense_mlp
MORN4,7.430978e-08,5421,dense_mlp
MROH7,7.4307664e-08,5422,dense_mlp
PLEKHB2,7.430736e-08,5423,dense_mlp
WDR66,7.430601e-08,5424,dense_mlp
SSBP2,7.426994e-08,5425,dense_mlp
EGFL8,7.426895e-08,5426,dense_mlp
PPTC7,7.42575e-08,5427,dense_mlp
MTERF2,7.4236894e-08,5428,dense_mlp
TMED8,7.4201665e-08,5429,dense_mlp
STX12,7.4142164e-08,5430,dense_mlp
ZDHHC4,7.4135905e-08,5431,dense_mlp
SNX4,7.4108726e-08,5432,dense_mlp
OGFOD3,7.409883e-08,5433,dense_mlp
ZNF318,7.4096356e-08,5434,dense_mlp
ZSCAN16,7.408647e-08,5435,dense_mlp
ADGRF1,7.406394e-08,5436,dense_mlp
ERMP1,7.4061546e-08,5437,dense_mlp
EMC1,7.405815e-08,5438,dense_mlp
LYAR,7.403957e-08,5439,dense_mlp
TMED1,7.403831e-08,5440,dense_mlp
CCNQ,7.40359e-08,5441,dense_mlp
CHMP1B,7.402695e-08,5442,dense_mlp
HSF2BP,7.40261e-08,5443,dense_mlp
BAALC,7.4025934e-08,5444,dense_mlp
LUC7L2,7.402293e-08,5445,dense_mlp
CAMSAP1,7.4012625e-08,5446,dense_mlp
CLK4,7.400415e-08,5447,dense_mlp
GTF2IRD1,7.400027e-08,5448,dense_mlp
AUNIP,7.3982946e-08,5449,dense_mlp
CFAP36,7.39703e-08,5450,dense_mlp
FAM102B,7.394635e-08,5451,dense_mlp
H2AFZ,7.392861e-08,5452,dense_mlp
GAS2L3,7.392716e-08,5453,dense_mlp
GSE1,7.391576e-08,5454,dense_mlp
ADGRA3,7.391349e-08,5455,dense_mlp
ZNF462,7.389234e-08,5456,dense_mlp
LRRC45,7.389031e-08,5457,dense_mlp
CENPJ,7.388276e-08,5458,dense_mlp
FKBP11,7.3866936e-08,5459,dense_mlp
THAP6,7.3839345e-08,5460,dense_mlp
FAM210A,7.383906e-08,5461,dense_mlp
POGLUT3,7.381804e-08,5462,dense_mlp
C2orf72,7.381539e-08,5463,dense_mlp
AC118549.1,7.380806e-08,5464,dense_mlp
RTKN2,7.380732e-08,5465,dense_mlp
KIAA0895L,7.3797764e-08,5466,dense_mlp
TEX49,7.3793096e-08,5467,dense_mlp
PCDHGA6,7.378929e-08,5468,dense_mlp
MAGEE1,7.3754805e-08,5469,dense_mlp
TMEM109,7.374199e-08,5470,dense_mlp
BCORL1,7.373078e-08,5471,dense_mlp
PRRC2A,7.37292e-08,5472,dense_mlp
CLIP4,7.372256e-08,5473,dense_mlp
HEXD,7.369994e-08,5474,dense_mlp
SEPTIN8,7.369197e-08,5475,dense_mlp
RAVER2,7.368863e-08,5476,dense_mlp
TMEM69,7.368669e-08,5477,dense_mlp
EFCAB14,7.368592e-08,5478,dense_mlp
DAZAP1,7.366506e-08,5479,dense_mlp
PLBD2,7.366183e-08,5480,dense_mlp
LINC00672,7.365566e-08,5481,dense_mlp
UFM1,7.3654235e-08,5482,dense_mlp
BOLA3,7.362176e-08,5483,dense_mlp
CCDC88B,7.360369e-08,5484,dense_mlp
SLC10A7,7.359986e-08,5485,dense_mlp
ATPAF1,7.3585454e-08,5486,dense_mlp
MFSD6,7.355631e-08,5487,dense_mlp
DMTF1,7.3554666e-08,5488,dense_mlp
SMIM8,7.352194e-08,5489,dense_mlp
FBXO3,7.3516574e-08,5490,dense_mlp
APBB2,7.3511174e-08,5491,dense_mlp
DESI2,7.350982e-08,5492,dense_mlp
DYM,7.3494775e-08,5493,dense_mlp
RNH1,7.3494434e-08,5494,dense_mlp
CNST,7.346843e-08,5495,dense_mlp
WDR61,7.346697e-08,5496,dense_mlp
ZCWPW1,7.346649e-08,5497,dense_mlp
BMP2K,7.3463994e-08,5498,dense_mlp
MAP3K12,7.345625e-08,5499,dense_mlp
RNFT2,7.343984e-08,5500,dense_mlp
VAT1L,7.3434634e-08,5501,dense_mlp
TENM4,7.341455e-08,5502,dense_mlp
LRGUK,7.3405694e-08,5503,dense_mlp
CCDC186,7.33953e-08,5504,dense_mlp
NT5DC2,7.338642e-08,5505,dense_mlp
CIART,7.333902e-08,5506,dense_mlp
PBOV1,7.333014e-08,5507,dense_mlp
CCDC13,7.3319754e-08,5508,dense_mlp
PGPEP1,7.330915e-08,5509,dense_mlp
ARMT1,7.330551e-08,5510,dense_mlp
C1orf94,7.329033e-08,5511,dense_mlp
TMEM132B,7.328661e-08,5512,dense_mlp
TBC1D12,7.328633e-08,5513,dense_mlp
TMEM217,7.327611e-08,5514,dense_mlp
LRATD2,7.327502e-08,5515,dense_mlp
PROM2,7.327197e-08,5516,dense_mlp
PRRT4,7.326945e-08,5517,dense_mlp
TMEM179,7.3263564e-08,5518,dense_mlp
FAIM,7.325461e-08,5519,dense_mlp
PHYHIPL,7.325043e-08,5520,dense_mlp
TCEA2,7.324735e-08,5521,dense_mlp
TMEM100,7.324614e-08,5522,dense_mlp
NGDN,7.321913e-08,5523,dense_mlp
UBAC2,7.32152e-08,5524,dense_mlp
PROX1,7.3203495e-08,5525,dense_mlp
BEND7,7.319901e-08,5526,dense_mlp
LRRC42,7.317806e-08,5527,dense_mlp
TMSB15A,7.3177205e-08,5528,dense_mlp
MAPK8IP3,7.3148755e-08,5529,dense_mlp
ZDHHC6,7.3145905e-08,5530,dense_mlp
BOLA1,7.31459e-08,5531,dense_mlp
FAM49A,7.313659e-08,5532,dense_mlp
ZNF48,7.3122024e-08,5533,dense_mlp
EIF1,7.3120795e-08,5534,dense_mlp
GLIS3,7.3119864e-08,5535,dense_mlp
CORO7,7.3116105e-08,5536,dense_mlp
GLI4,7.31142e-08,5537,dense_mlp
CCDC112,7.311191e-08,5538,dense_mlp
ADCK2,7.310611e-08,5539,dense_mlp
NOM1,7.310407e-08,5540,dense_mlp
NAT8L,7.309067e-08,5541,dense_mlp
WDR74,7.308711e-08,5542,dense_mlp
LY6G5B,7.306808e-08,5543,dense_mlp
GSX1,7.305596e-08,5544,dense_mlp
CEP44,7.3050195e-08,5545,dense_mlp
SCIMP,7.304242e-08,5546,dense_mlp
SDCBP2,7.304173e-08,5547,dense_mlp
DZIP1L,7.3034116e-08,5548,dense_mlp
ECHDC1,7.302351e-08,5549,dense_mlp
IER5L,7.3006134e-08,5550,dense_mlp
RABL6,7.300231e-08,5551,dense_mlp
DMXL1,7.300069e-08,5552,dense_mlp
MAPK8IP2,7.294337e-08,5553,dense_mlp
MLLT10,7.294141e-08,5554,dense_mlp
CPEB2,7.292605e-08,5555,dense_mlp
CDIP1,7.290443e-08,5556,dense_mlp
ZFAND2B,7.289763e-08,5557,dense_mlp
GNPTG,7.289497e-08,5558,dense_mlp
TCEAL8,7.288669e-08,5559,dense_mlp
CALCOCO1,7.2801186e-08,5560,dense_mlp
PRR3,7.278875e-08,5561,dense_mlp
HIST1H2AE,7.277297e-08,5562,dense_mlp
NUDCD3,7.276435e-08,5563,dense_mlp
PDCD2L,7.27593e-08,5564,dense_mlp
CMTR1,7.275641e-08,5565,dense_mlp
TNPO3,7.2746715e-08,5566,dense_mlp
PABPC1L,7.272361e-08,5567,dense_mlp
SMIM3,7.2715956e-08,5568,dense_mlp
KLHDC8A,7.27032e-08,5569,dense_mlp
ZCCHC9,7.2656256e-08,5570,dense_mlp
USP31,7.265154e-08,5571,dense_mlp
STX7,7.264153e-08,5572,dense_mlp
ITPRIPL1,7.263005e-08,5573,dense_mlp
ASF1B,7.2627515e-08,5574,dense_mlp
FAM49B,7.2627444e-08,5575,dense_mlp
TMEM178A,7.261738e-08,5576,dense_mlp
LTO1,7.2612266e-08,5577,dense_mlp
FNBP4,7.260812e-08,5578,dense_mlp
GPN3,7.2597494e-08,5579,dense_mlp
LRRC27,7.258977e-08,5580,dense_mlp
AP3M2,7.256973e-08,5581,dense_mlp
ST7,7.256021e-08,5582,dense_mlp
DDX19B,7.254484e-08,5583,dense_mlp
KBTBD4,7.254048e-08,5584,dense_mlp
ZFAND2A,7.250095e-08,5585,dense_mlp
ADGRB2,7.248899e-08,5586,dense_mlp
VPS13D,7.2472304e-08,5587,dense_mlp
PLEKHH1,7.2471245e-08,5588,dense_mlp
SYT6,7.2468296e-08,5589,dense_mlp
PDZD8,7.245552e-08,5590,dense_mlp
ZNF850,7.241955e-08,5591,dense_mlp
TMEM131L,7.241758e-08,5592,dense_mlp
STRBP,7.241128e-08,5593,dense_mlp
TMEM54,7.240804e-08,5594,dense_mlp
ATRAID,7.2404504e-08,5595,dense_mlp
ZYG11B,7.239621e-08,5596,dense_mlp
PUSL1,7.2360145e-08,5597,dense_mlp
ZMPSTE24,7.236002e-08,5598,dense_mlp
UBP1,7.234693e-08,5599,dense_mlp
TENT5A,7.234006e-08,5600,dense_mlp
KIAA1671,7.2335986e-08,5601,dense_mlp
DDX56,7.232483e-08,5602,dense_mlp
RBM6,7.2319395e-08,5603,dense_mlp
WWC3,7.230545e-08,5604,dense_mlp
LIN28B,7.229075e-08,5605,dense_mlp
PRELID2,7.228875e-08,5606,dense_mlp
NBPF1,7.228346e-08,5607,dense_mlp
AC073111.4,7.226729e-08,5608,dense_mlp
CCDC126,7.225867e-08,5609,dense_mlp
LETMD1,7.225334e-08,5610,dense_mlp
H2AFY,7.2244944e-08,5611,dense_mlp
FCGRT,7.224289e-08,5612,dense_mlp
MARC1,7.222013e-08,5613,dense_mlp
CTBS,7.221485e-08,5614,dense_mlp
GPATCH4,7.2214156e-08,5615,dense_mlp
STMN3,7.217671e-08,5616,dense_mlp
PBX3,7.216618e-08,5617,dense_mlp
SLC25A25,7.214792e-08,5618,dense_mlp
PODXL,7.212876e-08,5619,dense_mlp
CLIP2,7.211808e-08,5620,dense_mlp
STK36,7.211223e-08,5621,dense_mlp
TMEM25,7.210846e-08,5622,dense_mlp
LUZP1,7.208968e-08,5623,dense_mlp
URI1,7.205391e-08,5624,dense_mlp
BTAF1,7.2052615e-08,5625,dense_mlp
CLPB,7.203543e-08,5626,dense_mlp
IRGQ,7.197456e-08,5627,dense_mlp
ZBTB20,7.196972e-08,5628,dense_mlp
RNF121,7.195025e-08,5629,dense_mlp
FAM160A2,7.191949e-08,5630,dense_mlp
GSKIP,7.191807e-08,5631,dense_mlp
CECR2,7.191007e-08,5632,dense_mlp
FAM174C,7.190828e-08,5633,dense_mlp
SLC66A2,7.189389e-08,5634,dense_mlp
SIPA1L2,7.1879725e-08,5635,dense_mlp
CCDC85B,7.186216e-08,5636,dense_mlp
CPEB4,7.1842486e-08,5637,dense_mlp
CENPB,7.184022e-08,5638,dense_mlp
MOB3A,7.183433e-08,5639,dense_mlp
THAP8,7.182077e-08,5640,dense_mlp
KLF7,7.181792e-08,5641,dense_mlp
PHACTR3,7.181087e-08,5642,dense_mlp
DHX30,7.180854e-08,5643,dense_mlp
ANKRA2,7.178482e-08,5644,dense_mlp
CYP4Z1,7.177591e-08,5645,dense_mlp
INAVA,7.177435e-08,5646,dense_mlp
HIRIP3,7.1762045e-08,5647,dense_mlp
ZBTB7A,7.174101e-08,5648,dense_mlp
NAF1,7.17382e-08,5649,dense_mlp
BICDL1,7.173763e-08,5650,dense_mlp
PCDHAC1,7.1737e-08,5651,dense_mlp
WDR27,7.17328e-08,5652,dense_mlp
NOP9,7.172291e-08,5653,dense_mlp
TMEM106C,7.1681825e-08,5654,dense_mlp
C6orf226,7.168072e-08,5655,dense_mlp
KLHDC4,7.166594e-08,5656,dense_mlp
TCTA,7.16625e-08,5657,dense_mlp
NLRP7,7.166121e-08,5658,dense_mlp
CNPPD1,7.162119e-08,5659,dense_mlp
CPXM1,7.160196e-08,5660,dense_mlp
HINT3,7.158599e-08,5661,dense_mlp
LRPAP1,7.158352e-08,5662,dense_mlp
MYO1E,7.156352e-08,5663,dense_mlp
TIGD3,7.155628e-08,5664,dense_mlp
MAST2,7.155269e-08,5665,dense_mlp
DNAL1,7.153485e-08,5666,dense_mlp
CFAP100,7.1516624e-08,5667,dense_mlp
NIF3L1,7.1490014e-08,5668,dense_mlp
MKI67,7.148342e-08,5669,dense_mlp
TMEM9B,7.146757e-08,5670,dense_mlp
PPAN,7.144175e-08,5671,dense_mlp
SARM1,7.143653e-08,5672,dense_mlp
CFDP1,7.143204e-08,5673,dense_mlp
GVQW3,7.142234e-08,5674,dense_mlp
C9orf40,7.1408515e-08,5675,dense_mlp
GPM6B,7.137809e-08,5676,dense_mlp
ULK2,7.137144e-08,5677,dense_mlp
SKA3,7.136272e-08,5678,dense_mlp
PM20D2,7.134766e-08,5679,dense_mlp
SNX19,7.1333176e-08,5680,dense_mlp
ASTE1,7.132369e-08,5681,dense_mlp
CSRP2,7.131474e-08,5682,dense_mlp
PROSER1,7.130371e-08,5683,dense_mlp
TRPT1,7.129055e-08,5684,dense_mlp
NT5DC3,7.127935e-08,5685,dense_mlp
ARMC1,7.127623e-08,5686,dense_mlp
RAPGEFL1,7.124977e-08,5687,dense_mlp
PCDH1,7.1227944e-08,5688,dense_mlp
CCDC157,7.119504e-08,5689,dense_mlp
FSD1L,7.1192176e-08,5690,dense_mlp
FAM117B,7.118583e-08,5691,dense_mlp
PITPNC1,7.1140285e-08,5692,dense_mlp
SLC16A9,7.1127914e-08,5693,dense_mlp
ZXDA,7.11194e-08,5694,dense_mlp
ZNF580,7.1117924e-08,5695,dense_mlp
DCLK1,7.109201e-08,5696,dense_mlp
SMARCAL1,7.1081175e-08,5697,dense_mlp
ZBTB6,7.108047e-08,5698,dense_mlp
FOXN3,7.107115e-08,5699,dense_mlp
ZNF16,7.1054714e-08,5700,dense_mlp
MOSPD3,7.104844e-08,5701,dense_mlp
FAM193A,7.104293e-08,5702,dense_mlp
EMC2,7.104082e-08,5703,dense_mlp
APLP1,7.1011534e-08,5704,dense_mlp
TCEAL5,7.099192e-08,5705,dense_mlp
TMEM108,7.0969676e-08,5706,dense_mlp
SLC49A4,7.0958265e-08,5707,dense_mlp
RAB28,7.095679e-08,5708,dense_mlp
UFSP2,7.09532e-08,5709,dense_mlp
ZMAT3,7.0951636e-08,5710,dense_mlp
HP1BP3,7.088975e-08,5711,dense_mlp
METTL2A,7.0880496e-08,5712,dense_mlp
RABL3,7.086714e-08,5713,dense_mlp
YIPF4,7.082361e-08,5714,dense_mlp
MRTFB,7.0799615e-08,5715,dense_mlp
RPAIN,7.078924e-08,5716,dense_mlp
OSCP1,7.078387e-08,5717,dense_mlp
TMEM237,7.0767875e-08,5718,dense_mlp
ASTN1,7.0767435e-08,5719,dense_mlp
METAP1D,7.073183e-08,5720,dense_mlp
TAPT1,7.070751e-08,5721,dense_mlp
LLGL1,7.0689616e-08,5722,dense_mlp
TMEM33,7.0664306e-08,5723,dense_mlp
KCTD2,7.065646e-08,5724,dense_mlp
TMEM168,7.065389e-08,5725,dense_mlp
IPO9,7.064382e-08,5726,dense_mlp
KIAA1191,7.062263e-08,5727,dense_mlp
SIK3,7.061234e-08,5728,dense_mlp
SMIM27,7.060755e-08,5729,dense_mlp
SH3GLB2,7.060158e-08,5730,dense_mlp
ATP6AP1L,7.05994e-08,5731,dense_mlp
UBXN8,7.0598844e-08,5732,dense_mlp
CERT1,7.059296e-08,5733,dense_mlp
ZBTB24,7.05912e-08,5734,dense_mlp
LAP3,7.0553014e-08,5735,dense_mlp
NIPSNAP3B,7.051382e-08,5736,dense_mlp
CGREF1,7.051267e-08,5737,dense_mlp
CMTM3,7.0487566e-08,5738,dense_mlp
DRAM2,7.044476e-08,5739,dense_mlp
USP6,7.043974e-08,5740,dense_mlp
FXR2,7.043146e-08,5741,dense_mlp
TMEM99,7.042684e-08,5742,dense_mlp
TVP23A,7.040427e-08,5743,dense_mlp
LRCH2,7.039624e-08,5744,dense_mlp
SYNGR3,7.037546e-08,5745,dense_mlp
WBP1,7.0365864e-08,5746,dense_mlp
LGALS8,7.0364536e-08,5747,dense_mlp
FBXO47,7.0358006e-08,5748,dense_mlp
LARP4,7.035388e-08,5749,dense_mlp
MARCH5,7.034432e-08,5750,dense_mlp
TTC17,7.034276e-08,5751,dense_mlp
IQCG,7.034003e-08,5752,dense_mlp
SMIM7,7.033253e-08,5753,dense_mlp
ARL16,7.032654e-08,5754,dense_mlp
LRRC38,7.031261e-08,5755,dense_mlp
HELQ,7.0304665e-08,5756,dense_mlp
VWCE,7.0302775e-08,5757,dense_mlp
CDKL5,7.0288685e-08,5758,dense_mlp
LDOC1,7.027104e-08,5759,dense_mlp
ERGIC2,7.026493e-08,5760,dense_mlp
PLEKHM3,7.024368e-08,5761,dense_mlp
MYLK2,7.0242464e-08,5762,dense_mlp
ATP5IF1,7.023276e-08,5763,dense_mlp
RNF149,7.017225e-08,5764,dense_mlp
RIC8B,7.0161484e-08,5765,dense_mlp
CPEB3,7.012366e-08,5766,dense_mlp
LYRM1,7.011748e-08,5767,dense_mlp
