gene,shap_importance,shap_rank
IGHM,7.988518e-05,1
IGHG1,6.337854e-05,2
IGKC,6.296183e-05,3
CCL18,5.282573e-05,4
POSTN,4.556217e-05,5
CCL8,4.3638327e-05,6
STC1,4.3499087e-05,7
BRINP3,3.6490055e-05,8
MEOX2,3.5275243e-05,9
FCRL6,3.497331e-05,10
C7orf33,3.478641e-05,11
CPA5,3.254095e-05,12
FAM110C,3.1319472e-05,13
CPLX4,3.072434e-05,14
TEX37,3.0670348e-05,15
OLFM3,3.0115494e-05,16
ERVMER34-1,3.0006162e-05,17
FAT4,2.9905106e-05,18
C1orf61,2.988756e-05,19
APELA,2.9859937e-05,20
CST9L,2.9798106e-05,21
PIWIL3,2.9417388e-05,22
MYH13,2.9336265e-05,23
TRIM49B,2.920816e-05,24
EPB42,2.9045084e-05,25
DEFB112,2.8844073e-05,26
SPATA16,2.8738757e-05,27
RAD21L1,2.8710587e-05,28
SYPL2,2.8498434e-05,29
LRRN4,2.831129e-05,30
MGP,2.8220355e-05,31
AL451007.3,2.7856473e-05,32
FOXI2,2.7820835e-05,33
ARR3,2.7758259e-05,34
AC010325.1,2.7645572e-05,35
GLT1D1,2.7607666e-05,36
FOXR2,2.7594444e-05,37
OTOP2,2.747984e-05,38
TRIM40,2.7468257e-05,39
BOLL,2.7398402e-05,40
ECEL1,2.7385173e-05,41
DPT,2.6972713e-05,42
VCX2,2.6398573e-05,43
COCH,2.6339441e-05,44
ZFP42,2.6295042e-05,45
FAM216B,2.6093281e-05,46
MYOT,2.607389e-05,47
CCDC73,2.5918587e-05,48
HIST1H4I,2.5775167e-05,49
HRK,2.5709433e-05,50
TOX,2.5703252e-05,51
TP53TG5,2.5673991e-05,52
CDHR4,2.5657422e-05,53
RADX,2.5650163e-05,54
CDRT1,2.5252466e-05,55
ETV7,2.5161882e-05,56
FRMPD4,2.5043908e-05,57
KLK10,2.4959067e-05,58
SPATA31A7,2.486647e-05,59
HIST3H3,2.4811452e-05,60
C22orf42,2.4807556e-05,61
HOXA7,2.4751636e-05,62
CCDC114,2.4746852e-05,63
ERICH6B,2.4744935e-05,64
LMO3,2.470518e-05,65
SPANXN3,2.4688272e-05,66
NLRP13,2.4516827e-05,67
CYTIP,2.4485294e-05,68
PCP4,2.4468856e-05,69
BPIFA3,2.445926e-05,70
TULP1,2.440844e-05,71
ARL5C,2.4360073e-05,72
RTL3,2.4283465e-05,73
PRM3,2.4194163e-05,74
CRX,2.4176188e-05,75
PZP,2.4084458e-05,76
SEMG2,2.4050725e-05,77
LRRC36,2.4027997e-05,78
FAM209B,2.3997989e-05,79
PDGFRL,2.399458e-05,80
DNAH12,2.397221e-05,81
TOPAZ1,2.3955246e-05,82
TMEM98,2.3951434e-05,83
ZNF280A,2.391931e-05,84
CD69,2.391563e-05,85
NEUROD6,2.3881086e-05,86
MRGPRX3,2.387712e-05,87
PATL2,2.3779034e-05,88
SMPDL3B,2.376835e-05,89
FMO4,2.3732815e-05,90
CAPG,2.3731078e-05,91
TMEM266,2.3712877e-05,92
CT55,2.3663211e-05,93
IGHA1,2.3635708e-05,94
CC2D2B,2.35694e-05,95
MROH2B,2.3544242e-05,96
ENTHD1,2.3469367e-05,97
FAM166A,2.342329e-05,98
GZMK,2.335641e-05,99
IGHA2,2.3264725e-05,100
MYPN,2.3262197e-05,101
CST11,2.3182816e-05,102
GPR160,2.3170267e-05,103
C1orf158,2.3168326e-05,104
HOXB8,2.3146305e-05,105
TCL1B,2.3097506e-05,106
GABRP,2.3070708e-05,107
SPACA7,2.2969904e-05,108
CD83,2.2963064e-05,109
VGLL1,2.2921775e-05,110
SPAG4,2.2864548e-05,111
LGALS9C,2.281902e-05,112
SPDYE1,2.2766675e-05,113
SH3TC1,2.2742463e-05,114
C5orf67,2.2691143e-05,115
CTXND2,2.2676159e-05,116
STK31,2.2588887e-05,117
AARD,2.2586326e-05,118
GDF9,2.2569566e-05,119
PRAMEF2,2.2551105e-05,120
TCTE1,2.2538148e-05,121
HOXC13,2.2507174e-05,122
TPD52L3,2.2495904e-05,123
INSYN2A,2.2492619e-05,124
GPRIN2,2.2443734e-05,125
CRYGA,2.2424305e-05,126
NHLH2,2.2416802e-05,127
FAM163B,2.2342138e-05,128
FKBP1C,2.2320713e-05,129
MRGPRE,2.2292259e-05,130
ERVV-1,2.2252196e-05,131
CRNN,2.2246471e-05,132
CLC,2.2238313e-05,133
TMPRSS11F,2.2224878e-05,134
NKX2-3,2.222268e-05,135
MYH4,2.2201715e-05,136
IGLC1,2.2180302e-05,137
SMIM33,2.2118402e-05,138
PABPC3,2.2065724e-05,139
TMEM270,2.2062908e-05,140
UNCX,2.1990843e-05,141
FCGBP,2.1989239e-05,142
LCN9,2.1981443e-05,143
TMC5,2.1966098e-05,144
ITPRID1,2.1939499e-05,145
LENG9,2.193612e-05,146
DOCK8-AS1,2.1923948e-05,147
MBD3L2B,2.1872758e-05,148
TSSK1B,2.1841443e-05,149
C1QTNF9,2.181098e-05,150
ANKRD22,2.176786e-05,151
SEBOX,2.175265e-05,152
PRR18,2.1666418e-05,153
CFAP77,2.1657148e-05,154
RBM44,2.1623477e-05,155
C1orf100,2.1567384e-05,156
ERICH2,2.1511289e-05,157
PRSS57,2.1510503e-05,158
TOMM20L,2.1502312e-05,159
LAD1,2.1481661e-05,160
RIPPLY1,2.1450458e-05,161
CTHRC1,2.1334647e-05,162
DCAF4L2,2.1311549e-05,163
KRTAP22-2,2.1301545e-05,164
SLFN13,2.1282838e-05,165
SOWAHB,2.1268228e-05,166
PRAMEF4,2.1213582e-05,167
CDR1,2.1177704e-05,168
REG1B,2.1172807e-05,169
VSIG1,2.1159656e-05,170
REC114,2.1156702e-05,171
SCGB2A2,2.113961e-05,172
OR51C1P,2.1133403e-05,173
CCDC102A,2.109414e-05,174
ITPRIP,2.1081294e-05,175
TBX18,2.1004118e-05,176
KIAA1257,2.0990943e-05,177
EVX1,2.0986488e-05,178
PRR15L,2.097109e-05,179
SLC16A6,2.0962907e-05,180
DMRTB1,2.0960117e-05,181
TMEM71,2.0946514e-05,182
TENT5C,2.0914893e-05,183
GNG14,2.090042e-05,184
TLCD4,2.0748686e-05,185
ACTRT2,2.073072e-05,186
HOXC9,2.0666812e-05,187
OCM2,2.0640677e-05,188
NLRP10,2.0636493e-05,189
HOXB9,2.060648e-05,190
ETDC,2.0603278e-05,191
ABHD16B,2.0562493e-05,192
AC134684.8,2.0558547e-05,193
LGALS13,2.0518968e-05,194
TMEM225,2.0502916e-05,195
EQTN,2.0457515e-05,196
IMPG1,2.0421896e-05,197
FOXD4L6,2.0420863e-05,198
FHAD1,2.041749e-05,199
MAGEB1,2.0355103e-05,200
ADAMDEC1,2.0323187e-05,201
MYOF,2.0311274e-05,202
KLHDC7A,2.030277e-05,203
TMPRSS4,2.0298314e-05,204
CBY3,2.0271795e-05,205
TTC29,2.0242736e-05,206
C13orf42,2.0230138e-05,207
MZB1,2.020635e-05,208
CPA6,2.014998e-05,209
C9orf50,2.0144278e-05,210
TGM2,2.0063319e-05,211
NEUROG2,2.0046575e-05,212
TBC1D21,2.0003397e-05,213
TMEM271,1.9992054e-05,214
NLRP14,1.9978539e-05,215
TTC23L,1.9924391e-05,216
TCTEX1D4,1.9881225e-05,217
RSPH9,1.9875843e-05,218
RSPH6A,1.9867e-05,219
LAMB4,1.9839514e-05,220
LCNL1,1.9822917e-05,221
MAGEB6B,1.9805128e-05,222
SPATA31A1,1.9788657e-05,223
MYMK,1.9746145e-05,224
CCER2,1.9727495e-05,225
PRAMEF18,1.9699783e-05,226
SASH3,1.9692417e-05,227
RTL4,1.9659266e-05,228
GSG1L2,1.9657147e-05,229
CDX4,1.9643667e-05,230
CFAP45,1.9628455e-05,231
IQCF6,1.9611962e-05,232
TEX11,1.9600444e-05,233
PRSS51,1.9551237e-05,234
PLAC9,1.9544968e-05,235
TEX52,1.9531919e-05,236
XAGE2,1.9512794e-05,237
ANKRD45,1.9502706e-05,238
ADGRA1,1.94979e-05,239
ACTL7A,1.9488338e-05,240
C5orf47,1.9486806e-05,241
SLC36A3,1.9475658e-05,242
SPAG17,1.947508e-05,243
ZSCAN5A,1.9439423e-05,244
SEC14L3,1.9433843e-05,245
C2orf80,1.9426392e-05,246
TMPRSS12,1.9385807e-05,247
C19orf71,1.9343199e-05,248
C16orf78,1.9328749e-05,249
SSX7,1.928787e-05,250
TLX1,1.9281753e-05,251
LCN10,1.9278374e-05,252
DYDC2,1.9271381e-05,253
MYADML2,1.9256595e-05,254
STX11,1.9254261e-05,255
SNTN,1.9244315e-05,256
STK32B,1.9239205e-05,257
GALP,1.922328e-05,258
ZSWIM2,1.919136e-05,259
USHBP1,1.9165593e-05,260
FOXR1,1.9095067e-05,261
C1orf189,1.9062823e-05,262
HIPK4,1.9020998e-05,263
NANOS2,1.9012503e-05,264
OVCH2,1.895993e-05,265
CCDC42,1.892988e-05,266
TMEM210,1.8914754e-05,267
FUT10,1.890074e-05,268
FREM2,1.8884904e-05,269
FCRL4,1.8874689e-05,270
SNX31,1.887403e-05,271
SLC35G5,1.8854917e-05,272
PCDH20,1.88505e-05,273
IER2,1.883206e-05,274
STYK1,1.8817358e-05,275
FRMPD1,1.8797593e-05,276
TRAC,1.871215e-05,277
SPANXN1,1.8707116e-05,278
C4orf50,1.8705121e-05,279
ZNF720,1.868887e-05,280
CYP4X1,1.865624e-05,281
TRIM58,1.8654082e-05,282
PFN3,1.865293e-05,283
KRTAP7-1,1.861759e-05,284
SLC22A9,1.861755e-05,285
KRTAP20-4,1.8602052e-05,286
NXPE1,1.8569266e-05,287
SMCO1,1.8566785e-05,288
SP6,1.855806e-05,289
DNAJC5B,1.855792e-05,290
FAM47E,1.8532215e-05,291
NXPH2,1.8476225e-05,292
HOXD9,1.8451752e-05,293
TCERG1L,1.8436875e-05,294
OLIG3,1.8426059e-05,295
DCDC2C,1.8422528e-05,296
MAB21L2,1.8416507e-05,297
RCBTB2,1.8413639e-05,298
PHF24,1.8369674e-05,299
PBX4,1.8357467e-05,300
FGF5,1.835299e-05,301
SH3TC2,1.8346534e-05,302
DEFB131B,1.8332998e-05,303
RASSF5,1.8288369e-05,304
CLDN34,1.8278603e-05,305
SLC35F3,1.8250314e-05,306
TTC22,1.8240391e-05,307
LYZL6,1.8231163e-05,308
KLK9,1.8226827e-05,309
PAWR,1.8209723e-05,310
C8orf89,1.8181618e-05,311
LRRC26,1.8164095e-05,312
RBPMS,1.8153594e-05,313
HDGFL1,1.8138417e-05,314
HSFX4,1.813734e-05,315
KLHL34,1.8127303e-05,316
GPR87,1.8097855e-05,317
WFDC11,1.8091718e-05,318
ZNF366,1.8088213e-05,319
CCDC175,1.8087361e-05,320
AEBP1,1.8080349e-05,321
CCNB3,1.8072584e-05,322
AHSP,1.804747e-05,323
OTP,1.8038692e-05,324
CCDC200,1.8037052e-05,325
PPEF2,1.8035757e-05,326
OR4F4,1.8014745e-05,327
TIFAB,1.8014565e-05,328
TRABD2B,1.7999595e-05,329
PHLDA2,1.7993672e-05,330
SPACA1,1.7964736e-05,331
NFKBID,1.7959726e-05,332
MMP26,1.795601e-05,333
AC011005.1,1.795246e-05,334
CHP2,1.7942111e-05,335
ZBTB42,1.7938415e-05,336
CCNI2,1.79077e-05,337
SMR3B,1.7890228e-05,338
KANK3,1.7888156e-05,339
GLTPD2,1.788136e-05,340
TTLL8,1.7879567e-05,341
CLEC17A,1.7875924e-05,342
TMPRSS3,1.7867555e-05,343
EXOC3L4,1.7862381e-05,344
RNF39,1.7836217e-05,345
SPDEF,1.7835118e-05,346
IQCF5,1.7833547e-05,347
CCDC38,1.7830476e-05,348
SP5,1.7816013e-05,349
STPG1,1.781447e-05,350
RASEF,1.7805189e-05,351
ZCCHC13,1.779882e-05,352
CRIP1,1.7766666e-05,353
SLURP1,1.7766459e-05,354
PRAMEF6,1.772021e-05,355
TMEM220,1.7717715e-05,356
GPR156,1.771432e-05,357
SCIN,1.7713015e-05,358
TSPO2,1.770442e-05,359
MYO1G,1.7699116e-05,360
FRRS1,1.7690149e-05,361
SFRP4,1.7687882e-05,362
DEFB133,1.7682403e-05,363
ITM2A,1.7665767e-05,364
KCNRG,1.7658476e-05,365
FERD3L,1.7651395e-05,366
SIT1,1.7646506e-05,367
AL772284.2,1.7635573e-05,368
CCDC190,1.7616843e-05,369
GJE1,1.7610731e-05,370
NANOS1,1.7607537e-05,371
CAVIN2,1.7591055e-05,372
C12orf54,1.7588485e-05,373
MS4A1,1.7548653e-05,374
HYDIN,1.7534905e-05,375
S100G,1.7524637e-05,376
TCL1A,1.7505394e-05,377
TRIM15,1.7481996e-05,378
C17orf78,1.7480686e-05,379
OVOL3,1.747937e-05,380
LYZL4,1.7478545e-05,381
ERAS,1.747234e-05,382
SLC35F2,1.7458862e-05,383
SHISA6,1.7441242e-05,384
C8orf74,1.7438873e-05,385
IER5,1.742645e-05,386
AIRE,1.7419097e-05,387
ARL14EPL,1.7392336e-05,388
ALLC,1.7391654e-05,389
OBP2B,1.7390157e-05,390
C1orf141,1.738191e-05,391
SIRPB2,1.736802e-05,392
C17orf64,1.7354661e-05,393
ADGRG7,1.7349314e-05,394
GDPD4,1.7338563e-05,395
IQCA1L,1.7337725e-05,396
C7orf57,1.7331562e-05,397
SMIM9,1.7322724e-05,398
BCL2L15,1.7318202e-05,399
GKN2,1.7314305e-05,400
KIR3DL3,1.7311757e-05,401
VSTM5,1.730903e-05,402
RBM47,1.7309016e-05,403
HORMAD2,1.7307282e-05,404
LRIG3,1.7304981e-05,405
TGM6,1.730478e-05,406
ZNF844,1.7302438e-05,407
CPA4,1.730037e-05,408
VGLL2,1.7298518e-05,409
RFPL3,1.7259343e-05,410
IGFL4,1.72461e-05,411
ANKRD60,1.7239774e-05,412
PLEKHH2,1.7210277e-05,413
SMCO2,1.7209863e-05,414
POU6F2,1.7207434e-05,415
SH2D3A,1.7174149e-05,416
MRLN,1.7173626e-05,417
GPR146,1.7157607e-05,418
MKX,1.714096e-05,419
C2orf83,1.7138542e-05,420
OVOL2,1.713233e-05,421
FAM83C,1.7125478e-05,422
TAF11L4,1.7123313e-05,423
GPR151,1.7122806e-05,424
CCBE1,1.7109644e-05,425
SERPINE3,1.7104989e-05,426
TOX2,1.7094173e-05,427
VSTM2B,1.7086091e-05,428
ZSWIM5,1.707844e-05,429
TRGJP1,1.7077939e-05,430
REM1,1.7074834e-05,431
C9orf135,1.7067974e-05,432
ALX4,1.7059336e-05,433
ARX,1.7057715e-05,434
SLC7A13,1.7050625e-05,435
CLEC12B,1.7045553e-05,436
VN1R2,1.7035443e-05,437
TAF11L12,1.7031656e-05,438
USP50,1.702238e-05,439
CXorf58,1.7015116e-05,440
MCTP2,1.7005728e-05,441
UPK3A,1.697924e-05,442
TMEM163,1.6971942e-05,443
CAPS2,1.6956801e-05,444
C15orf48,1.6949063e-05,445
SAXO1,1.693943e-05,446
PRSS37,1.6923872e-05,447
C15orf62,1.6905939e-05,448
CCDC141,1.6897386e-05,449
CRYGB,1.6891938e-05,450
RNF223,1.6888447e-05,451
TRIML1,1.6879661e-05,452
WFDC13,1.6879283e-05,453
PTPRT,1.686726e-05,454
CDH16,1.6857435e-05,455
SMIM10L2B,1.6836428e-05,456
GSDMA,1.682355e-05,457
GABRE,1.6811162e-05,458
TMEM51,1.6804579e-05,459
RETNLB,1.6791295e-05,460
NANOGNB,1.677714e-05,461
RBM24,1.6772297e-05,462
CXCL17,1.6769764e-05,463
C1orf87,1.6768468e-05,464
SCEL,1.6764878e-05,465
TMEM244,1.6758348e-05,466
SMOC2,1.6756348e-05,467
LECT2,1.6755632e-05,468
PPP1R42,1.675539e-05,469
GABRD,1.6755268e-05,470
HLX,1.675477e-05,471
IRF2BP1,1.6742997e-05,472
NEUROG1,1.673444e-05,473
FEV,1.6732967e-05,474
DIRC1,1.671852e-05,475
PCDHB1,1.6710961e-05,476
FOXI3,1.6706088e-05,477
AC113348.1,1.6690738e-05,478
NUPR2,1.6656271e-05,479
TNP2,1.665627e-05,480
TRBC2,1.6646529e-05,481
TTC25,1.6634844e-05,482
OMP,1.6614958e-05,483
MRGPRF,1.6614053e-05,484
TCHHL1,1.6601978e-05,485
LRRC43,1.6600388e-05,486
C9orf43,1.6593005e-05,487
CCL26,1.6574251e-05,488
H2BFM,1.6568327e-05,489
PKD1L1,1.6538774e-05,490
SPATA31D3,1.6536074e-05,491
WFDC10A,1.6533551e-05,492
TBC1D3E,1.6530063e-05,493
STAC2,1.6510632e-05,494
TSPAN12,1.6494989e-05,495
LCN6,1.6483096e-05,496
OSGIN2,1.6475758e-05,497
LMX1A,1.6473328e-05,498
PRAMEF11,1.6465623e-05,499
PAGE2,1.6457912e-05,500
SCIMP,1.644756e-05,501
DNTT,1.6420692e-05,502
PROB1,1.641515e-05,503
NME8,1.6415059e-05,504
GPA33,1.6402939e-05,505
TEX48,1.6398179e-05,506
BTBD17,1.6395024e-05,507
EFCC1,1.6386752e-05,508
ANGPTL5,1.6384052e-05,509
MAGEB6,1.6368973e-05,510
SPANXD,1.6364731e-05,511
H3F3C,1.6359681e-05,512
HOXB13,1.6346472e-05,513
VSTM2L,1.634198e-05,514
MRGPRX2,1.6338345e-05,515
BMP8A,1.6338096e-05,516
RFLNB,1.6337093e-05,517
C5orf49,1.6335785e-05,518
INSL6,1.6321628e-05,519
KIAA1211L,1.631955e-05,520
RGS7BP,1.6315978e-05,521
RLN1,1.631273e-05,522
SUSD5,1.6300808e-05,523
SNX20,1.627364e-05,524
PABPC1L2A,1.6272417e-05,525
LMOD2,1.6259859e-05,526
EMX1,1.6254973e-05,527
CRISP1,1.625016e-05,528
HABP2,1.6250027e-05,529
ACOD1,1.6249942e-05,530
RPRML,1.6215987e-05,531
PASD1,1.6213617e-05,532
CARD14,1.6206248e-05,533
NUDT18,1.6202615e-05,534
FOXS1,1.6194928e-05,535
FAM50B,1.6188736e-05,536
MLIP,1.6188631e-05,537
BMP8B,1.618483e-05,538
EXD1,1.6181832e-05,539
GSG1,1.6180054e-05,540
SEC14L6,1.6173293e-05,541
GKN1,1.6169433e-05,542
INSM2,1.6166347e-05,543
C20orf202,1.6153674e-05,544
SEMA3D,1.6142174e-05,545
LRRC10,1.613884e-05,546
MYBPHL,1.6138642e-05,547
C1orf105,1.6135687e-05,548
SCML4,1.613241e-05,549
PRSS58,1.6127085e-05,550
KNDC1,1.6100144e-05,551
SLC22A18,1.609977e-05,552
CCDC54,1.6093938e-05,553
SMIM22,1.60872e-05,554
KRTAP6-3,1.6071659e-05,555
HIST4H4,1.6064361e-05,556
GOLGA8B,1.6052962e-05,557
LNP1,1.601853e-05,558
DYDC1,1.600268e-05,559
FAP,1.5976395e-05,560
SPATA1,1.597632e-05,561
MS4A5,1.5965648e-05,562
LRCOL1,1.594752e-05,563
FOXN1,1.5937037e-05,564
SLFN14,1.5934696e-05,565
MEIOC,1.5926204e-05,566
LSMEM1,1.5913347e-05,567
NLRP6,1.589447e-05,568
FAM71C,1.5893012e-05,569
ELOA3,1.5892798e-05,570
FREM3,1.589058e-05,571
FAM71E2,1.5867212e-05,572
SLC22A24,1.5862814e-05,573
TCEAL6,1.5856953e-05,574
LRRC2,1.5850897e-05,575
LRATD1,1.5849473e-05,576
PATE4,1.5843816e-05,577
FCGR1B,1.5841095e-05,578
GBGT1,1.5828351e-05,579
EPS8L1,1.5821095e-05,580
VWA3A,1.5813588e-05,581
SLC22A31,1.5811802e-05,582
ANP32D,1.5805475e-05,583
HIST1H2BG,1.5803875e-05,584
TPRG1,1.579844e-05,585
GABRG1,1.5796337e-05,586
BEX5,1.5794736e-05,587
ANTXR2,1.5763904e-05,588
CRYBG2,1.5761685e-05,589
MCCD1,1.5760026e-05,590
C16orf96,1.5758917e-05,591
TMEM272,1.575232e-05,592
MAP4K1,1.5747759e-05,593
RBMXL2,1.5735775e-05,594
CTAG2,1.5726971e-05,595
SNED1,1.5711412e-05,596
VRTN,1.5709535e-05,597
IRGC,1.570188e-05,598
GPRC5A,1.569112e-05,599
SCART1,1.5689173e-05,600
MYCBPAP,1.5686295e-05,601
LOXHD1,1.5661928e-05,602
LEMD1,1.5655001e-05,603
LYZL1,1.5654392e-05,604
CSAG1,1.5649206e-05,605
AC021072.1,1.5644595e-05,606
C2orf16,1.562227e-05,607
TM4SF20,1.561893e-05,608
C9orf57,1.5617017e-05,609
TMEM125,1.5610849e-05,610
PSD4,1.5610207e-05,611
MAGEA11,1.5609858e-05,612
TEX45,1.5606587e-05,613
SCYGR4,1.558897e-05,614
PSKH2,1.5582407e-05,615
RSPH10B2,1.5574715e-05,616
TYW1B,1.5573147e-05,617
GOLGA6L7,1.5570626e-05,618
NKX2-6,1.5556496e-05,619
SOWAHD,1.5554611e-05,620
SLC23A3,1.5553545e-05,621
PRAC2,1.5536378e-05,622
OR5BS1P,1.5513893e-05,623
GIMAP5,1.5513055e-05,624
C10orf120,1.5506805e-05,625
MYO1H,1.5504382e-05,626
LSP1,1.5488687e-05,627
ARMC5,1.5445581e-05,628
CHAD,1.5425127e-05,629
SHISAL2B,1.5422404e-05,630
CALML3,1.54175e-05,631
SCG5,1.5402917e-05,632
FANK1,1.5398447e-05,633
SPDYE5,1.5395017e-05,634
DNAH11,1.5392416e-05,635
FAM3B,1.5387946e-05,636
SIGLECL1,1.5382058e-05,637
SMIM1,1.5375908e-05,638
BMPER,1.5369136e-05,639
C16orf54,1.536153e-05,640
SPDYE4,1.5357928e-05,641
NXF3,1.5353831e-05,642
SYNE4,1.5352734e-05,643
ACTL10,1.5343245e-05,644
SMPX,1.53343e-05,645
ARHGAP36,1.5333531e-05,646
KLHL32,1.5329493e-05,647
GPR174,1.5312908e-05,648
SKOR2,1.5309015e-05,649
SAA4,1.5308753e-05,650
CPHXL,1.5303329e-05,651
TEX13C,1.5302568e-05,652
PPP4R3C,1.5294569e-05,653
FBXO39,1.5293837e-05,654
C9orf92,1.526478e-05,655
CARD17,1.52615e-05,656
GOLGA6L2,1.5260317e-05,657
CCDC178,1.5257299e-05,658
CD6,1.52468465e-05,659
TLE6,1.5234944e-05,660
WFIKKN2,1.5226071e-05,661
PCDHB15,1.52248995e-05,662
LMNTD2,1.5224347e-05,663
CCDC96,1.5223412e-05,664
KIAA1522,1.5222342e-05,665
SMIM21,1.5212926e-05,666
KRTAP4-12,1.5212393e-05,667
WFDC10B,1.5209582e-05,668
WDR78,1.5205782e-05,669
PCDH11X,1.5205598e-05,670
KHDC3L,1.5204312e-05,671
CLEC9A,1.5191788e-05,672
ZBBX,1.5179379e-05,673
ODF2L,1.5177046e-05,674
GRID2,1.5166854e-05,675
NYNRIN,1.5157495e-05,676
MAGEL2,1.5150159e-05,677
CPLANE2,1.5148518e-05,678
GGTLC1,1.5145119e-05,679
ACCS,1.5136438e-05,680
ARMC4,1.5134155e-05,681
CFAP100,1.51287495e-05,682
CLNK,1.5126191e-05,683
SHCBP1L,1.5098998e-05,684
FMR1NB,1.509159e-05,685
KLHL10,1.5089461e-05,686
TAFA3,1.5076511e-05,687
ANKRD34B,1.5071191e-05,688
SHISAL2A,1.5059721e-05,689
TMEM86A,1.505828e-05,690
HES6,1.5040294e-05,691
UPK1B,1.5035486e-05,692
C4orf17,1.5031292e-05,693
DHRS2,1.50306405e-05,694
MRGPRX4,1.5024168e-05,695
AL032819.3,1.50155265e-05,696
CT83,1.5002343e-05,697
FAM227B,1.4988208e-05,698
PANX3,1.498598e-05,699
SPATC1,1.4985205e-05,700
AC067752.1,1.4984183e-05,701
SPAAR,1.498323e-05,702
PHGR1,1.49765265e-05,703
PDCL2,1.4971096e-05,704
GFRAL,1.4952758e-05,705
FOXE3,1.4943089e-05,706
CXorf66,1.4931337e-05,707
FAM133A,1.490935e-05,708
TMEM184A,1.4905365e-05,709
ADAM32,1.4902716e-05,710
ADAM18,1.4886004e-05,711
KRBOX1,1.4884824e-05,712
LRRC46,1.4877211e-05,713
RADIL,1.4873888e-05,714
FGGY,1.4859858e-05,715
CLEC1A,1.4853287e-05,716
TRIM64B,1.4849376e-05,717
TENM1,1.4843903e-05,718
SELENBP1,1.4843502e-05,719
CRISP2,1.4833382e-05,720
OOSP2,1.4825026e-05,721
GADD45B,1.4822388e-05,722
SPOCK2,1.4818876e-05,723
BNIP5,1.48112695e-05,724
AC132217.2,1.48019435e-05,725
LGSN,1.479559e-05,726
TMEM229A,1.4791538e-05,727
LRRC75A,1.4790371e-05,728
DYTN,1.4784513e-05,729
POU5F2,1.4776691e-05,730
ZNF763,1.4775819e-05,731
STXBP5L,1.4761689e-05,732
PRAMEF27,1.4758707e-05,733
BBOF1,1.4758104e-05,734
RAMACL,1.4755275e-05,735
CCDC152,1.4747553e-05,736
ARL13A,1.4726765e-05,737
TMIGD2,1.4716816e-05,738
USP29,1.4711431e-05,739
SLC6A17,1.4710896e-05,740
NKX6-2,1.47079045e-05,741
SUN5,1.4707091e-05,742
FAM187B,1.46961065e-05,743
TMEM88,1.4690195e-05,744
TRHDE,1.46837465e-05,745
CCSER1,1.4653009e-05,746
LRRC10B,1.4637069e-05,747
STATH,1.4632608e-05,748
TENM2,1.4627344e-05,749
ZDHHC1,1.4626262e-05,750
MAGEB3,1.4624926e-05,751
GIMAP7,1.46191815e-05,752
CDRT15L2,1.4618259e-05,753
TKTL1,1.4599962e-05,754
ITIH1,1.4598099e-05,755
MOB3C,1.45915965e-05,756
HDHD3,1.4582591e-05,757
TTC12,1.4576032e-05,758
PPP1R3D,1.4575242e-05,759
LGALS12,1.457176e-05,760
FBLN7,1.45462e-05,761
DMRTC2,1.4545428e-05,762
AGR2,1.4535911e-05,763
LHFPL3,1.4528429e-05,764
OSGIN1,1.4499588e-05,765
RASL11B,1.449869e-05,766
PDF,1.4498615e-05,767
LRRC18,1.44980895e-05,768
DCST1,1.4492303e-05,769
MPZL3,1.4489151e-05,770
DMBX1,1.4483628e-05,771
UMODL1,1.4472106e-05,772
IQCM,1.4469603e-05,773
NKX1-2,1.4469249e-05,774
BPIFC,1.44600435e-05,775
PLSCR5,1.4459223e-05,776
PLXDC1,1.4448193e-05,777
DDI1,1.4441377e-05,778
MAB21L3,1.4434745e-05,779
SVEP1,1.4431581e-05,780
OTX1,1.4417261e-05,781
EFCAB9,1.4413632e-05,782
APCDD1L,1.4407804e-05,783
RAB11FIP1,1.439755e-05,784
TMEM273,1.4387178e-05,785
EGFL6,1.4370048e-05,786
CPAMD8,1.43628495e-05,787
IFIT1B,1.4351093e-05,788
WFDC6,1.4349618e-05,789
SSMEM1,1.4346123e-05,790
PRR32,1.4344345e-05,791
PHLDB3,1.4341622e-05,792
SPEM3,1.4336758e-05,793
VSX2,1.4335256e-05,794
SERPINB4,1.4318237e-05,795
SERPINB7,1.431295e-05,796
ABHD12B,1.43111e-05,797
FNDC7,1.43060715e-05,798
NUTM1,1.4303118e-05,799
HBM,1.4298359e-05,800
CFAP43,1.4291014e-05,801
TMPRSS11A,1.4286154e-05,802
SLC10A4,1.4256744e-05,803
TCF15,1.425513e-05,804
TAF11L8,1.4234246e-05,805
AGR3,1.423261e-05,806
SMIM6,1.4217096e-05,807
LIN28B,1.4212899e-05,808
S100Z,1.4205798e-05,809
KLF1,1.4195643e-05,810
HIST1H2AA,1.4194921e-05,811
NR1I2,1.4180971e-05,812
TMEM211,1.4180267e-05,813
PDZK1IP1,1.4172538e-05,814
C20orf173,1.4169151e-05,815
H3.Y,1.4163221e-05,816
MYO1A,1.4158317e-05,817
WDR49,1.4149655e-05,818
FSCB,1.414341e-05,819
GPRC5D,1.4141072e-05,820
CCL24,1.413414e-05,821
MAGEB10,1.41331075e-05,822
GRID2IP,1.4128471e-05,823
FAM24A,1.41258e-05,824
FXYD5,1.4118622e-05,825
TRIM16L,1.4118301e-05,826
C11orf86,1.4118192e-05,827
FAM90A26,1.4109614e-05,828
PSAPL1,1.4107472e-05,829
FAM131C,1.4105421e-05,830
STX19,1.4086364e-05,831
SCGB2B2,1.4085459e-05,832
C17orf50,1.408201e-05,833
HOXC12,1.4075232e-05,834
ANGPTL1,1.4073705e-05,835
AJAP1,1.406643e-05,836
SPEGNB,1.4065045e-05,837
ZNF385D,1.4063748e-05,838
PTCHD4,1.4031354e-05,839
RASSF6,1.4025825e-05,840
RRP12,1.4023923e-05,841
ZNF385C,1.4023174e-05,842
ANKDD1B,1.4020803e-05,843
FAM169B,1.4013467e-05,844
SLC35F1,1.4012432e-05,845
ACTRT1,1.3999443e-05,846
NXF5,1.3999006e-05,847
QRICH2,1.3997683e-05,848
GOLGA6L6,1.39915865e-05,849
ANKRD35,1.3990961e-05,850
C3orf84,1.397809e-05,851
FAM240B,1.3975435e-05,852
FAM189A1,1.3974097e-05,853
SLC16A13,1.3950884e-05,854
CLEC18A,1.3929599e-05,855
SPAG1,1.3909111e-05,856
SCGB3A1,1.3901265e-05,857
PYHIN1,1.389817e-05,858
MAJIN,1.3895702e-05,859
MOS,1.3879145e-05,860
EPB41L4A,1.3872188e-05,861
SPATA22,1.386781e-05,862
KCNT1,1.3862105e-05,863
SCGB1C2,1.38453615e-05,864
MYH7B,1.384357e-05,865
PRR16,1.3842148e-05,866
DTHD1,1.3828042e-05,867
EDDM13,1.3827879e-05,868
CUZD1,1.382511e-05,869
BIK,1.3822946e-05,870
PAMR1,1.3820408e-05,871
HOXB7,1.3819022e-05,872
PRICKLE3,1.3813294e-05,873
FAM186A,1.3804682e-05,874
CFAP206,1.3800322e-05,875
LIX1,1.3794004e-05,876
NHLH1,1.3776567e-05,877
CGNL1,1.3776316e-05,878
CALHM5,1.3772506e-05,879
GMCL2,1.3760917e-05,880
CABP4,1.3751268e-05,881
MYOC,1.3749068e-05,882
CDK18,1.3742461e-05,883
SEL1L2,1.3710347e-05,884
TFF2,1.37102015e-05,885
TEX43,1.370797e-05,886
FCRLA,1.3692326e-05,887
SERPINB9,1.369066e-05,888
MRO,1.3683076e-05,889
SERPINF1,1.3680581e-05,890
PRSS35,1.3680405e-05,891
CT62,1.3673033e-05,892
TRGC2,1.3670627e-05,893
H2AFJ,1.3667301e-05,894
TEX13B,1.3666262e-05,895
IQUB,1.366201e-05,896
OPRPN,1.3658852e-05,897
PRR33,1.36576455e-05,898
C10orf67,1.3656425e-05,899
SMIM35,1.3652464e-05,900
IGHG3,1.3651366e-05,901
NAALADL2,1.3651317e-05,902
TEX50,1.3647795e-05,903
SNX33,1.3642729e-05,904
TRAF3IP3,1.36401695e-05,905
LYSMD4,1.3619474e-05,906
ZAR1L,1.3613593e-05,907
ARMS2,1.3610041e-05,908
RIIAD1,1.3606438e-05,909
TSPAN1,1.3603911e-05,910
RFLNA,1.3598915e-05,911
FILIP1L,1.358919e-05,912
CACNA1F,1.3588726e-05,913
SMLR1,1.35756045e-05,914
SYTL5,1.3566124e-05,915
PLEK2,1.3560972e-05,916
HSH2D,1.3560004e-05,917
ZBTB7A,1.355216e-05,918
GZMA,1.3551618e-05,919
TNP1,1.3548946e-05,920
NACC2,1.3541887e-05,921
C17orf49,1.3540897e-05,922
BTBD11,1.3534413e-05,923
C1GALT1C1L,1.3525878e-05,924
C16orf71,1.3522809e-05,925
SH2D4A,1.3511686e-05,926
SPATA4,1.350367e-05,927
PRB4,1.349888e-05,928
AL109810.2,1.3491661e-05,929
FAM81B,1.34904985e-05,930
BFSP2,1.3473822e-05,931
SERTM1,1.346858e-05,932
ARFGEF3,1.3459838e-05,933
MMP28,1.3438891e-05,934
CCDC85A,1.3431782e-05,935
UBXN10,1.34282045e-05,936
PROSER2,1.3423384e-05,937
LACTBL1,1.34211805e-05,938
LRRC74A,1.3419623e-05,939
ZNF831,1.34129905e-05,940
CRYGD,1.3410581e-05,941
DNAI1,1.3397417e-05,942
COBL,1.3390994e-05,943
FAM83H,1.3390492e-05,944
NXPH3,1.3389857e-05,945
ARL14,1.33894955e-05,946
ANKRD61,1.3376837e-05,947
PAX9,1.337305e-05,948
ZBED6CL,1.3365178e-05,949
PCDH12,1.3362171e-05,950
SPESP1,1.3356239e-05,951
MSC,1.3352256e-05,952
FAM71F1,1.3348963e-05,953
CNTNAP2,1.3348046e-05,954
NUP62CL,1.33443045e-05,955
GPR139,1.3338455e-05,956
ANKRD37,1.3338229e-05,957
PLEKHD1,1.3314133e-05,958
TAGLN,1.33136255e-05,959
PAGE4,1.3294567e-05,960
DUPD1,1.3291941e-05,961
METTL11B,1.328281e-05,962
IRGM,1.3280326e-05,963
PAX1,1.3269805e-05,964
UTF1,1.3268011e-05,965
BX276092.9,1.3260978e-05,966
NCMAP,1.3259369e-05,967
PLAC1,1.32480545e-05,968
RREB1,1.3245407e-05,969
SPDYE6,1.3240615e-05,970
ERN2,1.3238687e-05,971
PRAMEF13,1.3235311e-05,972
SLAMF8,1.3225468e-05,973
MYO5C,1.322459e-05,974
WFDC9,1.3221101e-05,975
FBXO47,1.3219058e-05,976
ZNF474,1.3210396e-05,977
PLK5,1.3209537e-05,978
COLQ,1.3208013e-05,979
SAMD15,1.3203116e-05,980
FAM53A,1.3199875e-05,981
GDF5OS,1.3184149e-05,982
ANKRD18A,1.3182105e-05,983
HPCAL4,1.3179735e-05,984
CD200R1L,1.31797115e-05,985
CDKN2AIP,1.3178173e-05,986
NNAT,1.317755e-05,987
CWH43,1.3175708e-05,988
CLSTN2,1.3175335e-05,989
BAIAP3,1.3162315e-05,990
PLSCR1,1.3161734e-05,991
DNAH3,1.31614615e-05,992
PXDC1,1.3156039e-05,993
SLFN5,1.3155061e-05,994
PPP1R27,1.3142327e-05,995
RHOXF1,1.313758e-05,996
TRIML2,1.3135952e-05,997
HHIPL1,1.3133212e-05,998
LRRC14B,1.3132371e-05,999
JSRP1,1.3124667e-05,1000
EXOC3L2,1.3112373e-05,1001
HIST1H4B,1.31046e-05,1002
SLC22A7,1.3096152e-05,1003
FAM166C,1.3090219e-05,1004
DMRT2,1.3088285e-05,1005
CPO,1.3077708e-05,1006
GPR157,1.3076997e-05,1007
RPUSD2,1.3071028e-05,1008
CLEC2L,1.3070756e-05,1009
FRG2,1.306334e-05,1010
SPATA6,1.3061812e-05,1011
POU4F3,1.3056206e-05,1012
C11orf88,1.30539065e-05,1013
NRK,1.305318e-05,1014
CNMD,1.3044951e-05,1015
ETV3L,1.3044478e-05,1016
CASC4,1.3041401e-05,1017
CCDC83,1.3040645e-05,1018
WSCD2,1.3039169e-05,1019
TMEM239,1.3038973e-05,1020
METTL21C,1.3024353e-05,1021
HOXA5,1.3023289e-05,1022
CNTNAP4,1.3017685e-05,1023
CNGA3,1.3016001e-05,1024
SPAG6,1.3009967e-05,1025
MAGEB18,1.3008682e-05,1026
CLEC3A,1.3004514e-05,1027
ASCL2,1.3000726e-05,1028
VGLL3,1.3000615e-05,1029
CLMP,1.29988475e-05,1030
SYNPO2,1.2988562e-05,1031
VSIG10L,1.2988168e-05,1032
IRX4,1.2985409e-05,1033
ASCL4,1.298076e-05,1034
RFPL2,1.297587e-05,1035
IFNE,1.2974669e-05,1036
CCDC196,1.295816e-05,1037
THEMIS,1.2956989e-05,1038
LHX5,1.2956496e-05,1039
KLK4,1.2947565e-05,1040
PRRG4,1.2940869e-05,1041
CARTPT,1.2939777e-05,1042
BTBD16,1.2936369e-05,1043
AC010255.3,1.2932173e-05,1044
MYLK2,1.2931487e-05,1045
CALB2,1.2916559e-05,1046
GPR171,1.29092405e-05,1047
SH2D5,1.2891071e-05,1048
MEGF6,1.2890707e-05,1049
KLF8,1.2888076e-05,1050
MALRD1,1.2887605e-05,1051
AL590560.2,1.2880775e-05,1052
PROCA1,1.2868493e-05,1053
TTLL13P,1.2867064e-05,1054
HOXB6,1.2866043e-05,1055
ITIH5,1.2864695e-05,1056
MARC2,1.2860479e-05,1057
TESMIN,1.285568e-05,1058
CTNNA3,1.2847021e-05,1059
ZSCAN5C,1.2845969e-05,1060
STRIT1,1.28446445e-05,1061
UNC13C,1.2843289e-05,1062
LRRN3,1.2839513e-05,1063
ZNF414,1.2834976e-05,1064
SLC25A31,1.2833252e-05,1065
C10orf90,1.283318e-05,1066
MYADM,1.2832645e-05,1067
SOCS7,1.283164e-05,1068
KLK15,1.28289e-05,1069
MAGEA4,1.2828597e-05,1070
RMDN1,1.28198735e-05,1071
SPATA48,1.2819264e-05,1072
FGF17,1.2818364e-05,1073
ZDHHC11B,1.2814501e-05,1074
CNKSR3,1.2804163e-05,1075
BARX1,1.2797502e-05,1076
SERPINA9,1.2781033e-05,1077
SP140,1.278097e-05,1078
DUSP23,1.27747935e-05,1079
ZBED2,1.2760947e-05,1080
C11orf45,1.2760501e-05,1081
HES2,1.275919e-05,1082
C12orf71,1.2741772e-05,1083
C11orf21,1.2738243e-05,1084
ANKRD34A,1.27330095e-05,1085
CDHR2,1.2731916e-05,1086
SAMD4A,1.2721795e-05,1087
SOX5,1.2717916e-05,1088
PPP1R2C,1.27178855e-05,1089
METTL27,1.2716499e-05,1090
ARRDC5,1.2712053e-05,1091
PCED1B,1.2709221e-05,1092
CXCL14,1.2704634e-05,1093
GRTP1,1.2702512e-05,1094
OLFML1,1.2698776e-05,1095
MS4A15,1.2697721e-05,1096
CTAGE1,1.2697512e-05,1097
FAM71A,1.2691991e-05,1098
ETV1,1.268947e-05,1099
HOXC10,1.2687242e-05,1100
TMSB10,1.2685912e-05,1101
NSUN5,1.26741215e-05,1102
CIDEB,1.2672706e-05,1103
SPRR5,1.2671141e-05,1104
GJC3,1.2658064e-05,1105
THEG,1.2656949e-05,1106
FHL5,1.2652795e-05,1107
CCDC105,1.2649491e-05,1108
CPNE4,1.2648346e-05,1109
HYPM,1.2647969e-05,1110
CACNG5,1.26470495e-05,1111
CFAP52,1.264142e-05,1112
AIFM3,1.2640883e-05,1113
LBX2,1.2632272e-05,1114
FNDC3A,1.2625354e-05,1115
DRAXIN,1.2619167e-05,1116
FSTL4,1.2614095e-05,1117
IGSF23,1.2612092e-05,1118
PCDHB16,1.2610797e-05,1119
FAM110B,1.2597106e-05,1120
PBX3,1.2586073e-05,1121
TBR1,1.2583134e-05,1122
FAM47C,1.2577181e-05,1123
SP8,1.2571065e-05,1124
PLVAP,1.2570752e-05,1125
CCDC61,1.2570045e-05,1126
GLYATL1B,1.2569103e-05,1127
TMIGD3,1.2562828e-05,1128
CPNE9,1.2562339e-05,1129
CCDC122,1.2559817e-05,1130
CLLU1OS,1.255958e-05,1131
TMEM132D,1.2557912e-05,1132
SLC31A2,1.2554885e-05,1133
VSNL1,1.2546869e-05,1134
PRR20G,1.2545921e-05,1135
TMCO5A,1.2536921e-05,1136
TBX10,1.2508137e-05,1137
KIAA2012,1.25018905e-05,1138
MPZL2,1.2482481e-05,1139
SOSTDC1,1.2472968e-05,1140
OLFML2B,1.2472399e-05,1141
ADGRF4,1.2471941e-05,1142
MXRA5,1.247107e-05,1143
VIT,1.2470983e-05,1144
SIDT1,1.24676535e-05,1145
TMC8,1.246064e-05,1146
PDLIM3,1.2459447e-05,1147
TEKT1,1.2455955e-05,1148
KAAG1,1.24549415e-05,1149
FAT1,1.2451702e-05,1150
ZPBP2,1.2441793e-05,1151
CABP5,1.24410935e-05,1152
ATP5MPL,1.243888e-05,1153
PLD5,1.2438245e-05,1154
CATIP,1.2434475e-05,1155
C5orf34,1.2428918e-05,1156
UPK3B,1.2425347e-05,1157
EMCN,1.2425298e-05,1158
DRC7,1.2423872e-05,1159
DNAI2,1.2423465e-05,1160
MAGEB16,1.2423195e-05,1161
EFHC2,1.2415722e-05,1162
CADPS2,1.2413699e-05,1163
PITX3,1.2402408e-05,1164
KLF11,1.24005755e-05,1165
C8orf58,1.2398717e-05,1166
MROH2A,1.2394521e-05,1167
PANO1,1.2391061e-05,1168
NPC1L1,1.2372298e-05,1169
CCDC192,1.2370329e-05,1170
CSMD3,1.2359515e-05,1171
ALPK2,1.2354096e-05,1172
IFI44,1.2348522e-05,1173
RPH3AL,1.234185e-05,1174
MROH9,1.2339644e-05,1175
PABPC4L,1.233804e-05,1176
DCAF12L1,1.2335628e-05,1177
SH3BGR,1.2332908e-05,1178
RNF113B,1.23281725e-05,1179
CELF4,1.23281625e-05,1180
TRGC1,1.2323548e-05,1181
ZC2HC1B,1.2320037e-05,1182
SPIB,1.231892e-05,1183
NOVA2,1.23123045e-05,1184
CLUH,1.2311172e-05,1185
VWC2,1.2301501e-05,1186
TMC3,1.2298689e-05,1187
C10orf105,1.2294689e-05,1188
C9orf129,1.229313e-05,1189
KCTD4,1.2286023e-05,1190
KRBA1,1.2281072e-05,1191
FOXB1,1.2278391e-05,1192
WDR93,1.2274495e-05,1193
BSPH1,1.2271484e-05,1194
SCYL2,1.2269455e-05,1195
LARP6,1.2260629e-05,1196
PATE2,1.22535785e-05,1197
FSCN3,1.2248341e-05,1198
TBX19,1.224763e-05,1199
PI15,1.2246997e-05,1200
STEAP1B,1.2239987e-05,1201
MKRN3,1.2238783e-05,1202
ART5,1.2238448e-05,1203
TCP11,1.22383135e-05,1204
EPPK1,1.2233615e-05,1205
FRMD1,1.2233053e-05,1206
BRDT,1.2218781e-05,1207
OOSP4B,1.22185465e-05,1208
SPRR4,1.2218091e-05,1209
EBPL,1.2214389e-05,1210
C20orf144,1.2212104e-05,1211
DDIT4L,1.2209651e-05,1212
STAC,1.2205578e-05,1213
METTL7B,1.2205006e-05,1214
RTL9,1.2203801e-05,1215
EFCAB8,1.2196104e-05,1216
ADAM29,1.2189921e-05,1217
BICDL2,1.2184868e-05,1218
TMEM275,1.2178585e-05,1219
TEKT3,1.2168153e-05,1220
C1QTNF8,1.2163016e-05,1221
USP6,1.2161711e-05,1222
CALN1,1.215912e-05,1223
MEI1,1.2158955e-05,1224
PDC,1.21557105e-05,1225
CYTL1,1.21496e-05,1226
VWA5A,1.2147686e-05,1227
IQCN,1.2145684e-05,1228
SPERT,1.2139184e-05,1229
SRPX2,1.2132034e-05,1230
AL445238.1,1.2130016e-05,1231
RIPOR3,1.2127882e-05,1232
C17orf98,1.2127865e-05,1233
LY75,1.211629e-05,1234
C10orf55,1.21090325e-05,1235
CCDC182,1.2103532e-05,1236
NXPE2,1.2102002e-05,1237
TMEM212,1.209358e-05,1238
CUX2,1.2091852e-05,1239
PIM3,1.209173e-05,1240
ANKUB1,1.208634e-05,1241
ASCL5,1.2083039e-05,1242
ZNF804A,1.2070172e-05,1243
ISM1,1.2068193e-05,1244
PRAMEF19,1.2061435e-05,1245
TMSB15A,1.20611785e-05,1246
C1QL2,1.2058124e-05,1247
S100A13,1.2051388e-05,1248
NHLRC4,1.2050214e-05,1249
FAM81A,1.2048537e-05,1250
VAMP5,1.204034e-05,1251
FRZB,1.2035853e-05,1252
ANKRD7,1.2012188e-05,1253
NUAK2,1.2011165e-05,1254
TMEM61,1.2009721e-05,1255
EPN3,1.2007151e-05,1256
SLC30A4,1.2003897e-05,1257
CCDC195,1.199204e-05,1258
YDJC,1.1988228e-05,1259
PRRX2,1.1986096e-05,1260
AFM,1.1982887e-05,1261
SPANXB1,1.1979581e-05,1262
SAMD5,1.1976709e-05,1263
EIF4E1B,1.197215e-05,1264
LZTS1,1.19711385e-05,1265
CRYBG1,1.1969405e-05,1266
MKRN2OS,1.1963604e-05,1267
CATSPERZ,1.1962338e-05,1268
TMEM119,1.1961767e-05,1269
SMIM23,1.1961347e-05,1270
CDYL2,1.1957681e-05,1271
ERVFRD-1,1.1956317e-05,1272
TEX35,1.1945204e-05,1273
HIST1H3H,1.1941429e-05,1274
IGSF22,1.1941336e-05,1275
CCN3,1.1937502e-05,1276
C11orf96,1.1936428e-05,1277
CNTROB,1.1928618e-05,1278
PLEKHN1,1.1924698e-05,1279
MEP1A,1.19239485e-05,1280
PARVG,1.1919054e-05,1281
MEDAG,1.1918979e-05,1282
ABHD1,1.1912472e-05,1283
ODF3B,1.190704e-05,1284
RBP5,1.1905507e-05,1285
CXorf21,1.1905337e-05,1286
CNTD1,1.1904376e-05,1287
LRRC55,1.1899243e-05,1288
TUSC1,1.1898354e-05,1289
EVI2B,1.18930875e-05,1290
UNC5CL,1.1882553e-05,1291
MYCT1,1.1881693e-05,1292
SNCG,1.1879498e-05,1293
AUNIP,1.1879361e-05,1294
ESM1,1.1876075e-05,1295
KIAA1324,1.1871936e-05,1296
MDFIC,1.1868795e-05,1297
RTN4IP1,1.1866083e-05,1298
IGFL1,1.186499e-05,1299
FRMPD2,1.18592625e-05,1300
XG,1.185813e-05,1301
SYNDIG1L,1.18555845e-05,1302
FAM229B,1.1845328e-05,1303
CSPP1,1.1843438e-05,1304
CYLC2,1.18393045e-05,1305
TTC36,1.1834265e-05,1306
DEC1,1.1824784e-05,1307
CLEC18C,1.1824767e-05,1308
NUTM2A,1.1817749e-05,1309
AC236972.4,1.1813892e-05,1310
PTX4,1.1811317e-05,1311
RASSF7,1.1810995e-05,1312
PTGES3L,1.1810525e-05,1313
METTL24,1.1805373e-05,1314
MCF2L2,1.1804013e-05,1315
CYP4Z1,1.1803802e-05,1316
TBATA,1.1803305e-05,1317
CHI3L2,1.18015705e-05,1318
LRIT2,1.1796338e-05,1319
DCDC2B,1.1791757e-05,1320
ELSPBP1,1.1790834e-05,1321
HIST1H2AC,1.1789671e-05,1322
N4BP3,1.1784234e-05,1323
DPP10,1.1780567e-05,1324
PATE1,1.1778902e-05,1325
SMIM24,1.17730315e-05,1326
POC5,1.1772911e-05,1327
LRRC34,1.1763641e-05,1328
PCDH11Y,1.176161e-05,1329
TP53I13,1.1759532e-05,1330
ECT2L,1.1757653e-05,1331
HIST1H1A,1.1749778e-05,1332
TNK1,1.1748769e-05,1333
TEDDM1,1.17468735e-05,1334
PIH1D3,1.1741221e-05,1335
SNX11,1.1739159e-05,1336
BOLA3,1.1737724e-05,1337
FSIP2,1.1733571e-05,1338
DUSP27,1.1728287e-05,1339
PPIAL4G,1.1721524e-05,1340
SLC25A30,1.1720774e-05,1341
ZC2HC1C,1.17159325e-05,1342
ACAP1,1.1713393e-05,1343
TUB,1.1707153e-05,1344
PCBP3,1.1699358e-05,1345
KCTD16,1.1698313e-05,1346
TUNAR,1.1693358e-05,1347
USP17L7,1.1691965e-05,1348
OIT3,1.1687656e-05,1349
TMPRSS9,1.1686737e-05,1350
LONRF3,1.1667186e-05,1351
PHYHD1,1.1666303e-05,1352
TEX14,1.1664615e-05,1353
FAM180B,1.1659321e-05,1354
S100A4,1.1657476e-05,1355
SSU72P8,1.1653581e-05,1356
PRAM1,1.1650924e-05,1357
CFAP73,1.1649662e-05,1358
KCTD8,1.1646185e-05,1359
PCDHGA12,1.16428455e-05,1360
SEMA6B,1.1641765e-05,1361
SUSD2,1.1637967e-05,1362
CEP126,1.1637538e-05,1363
POGLUT3,1.16283145e-05,1364
FAM30A,1.1624567e-05,1365
TMEM114,1.1623131e-05,1366
TMEM167A,1.162003e-05,1367
CCDC155,1.16177e-05,1368
H2AFX,1.161194e-05,1369
OR4E2,1.1611684e-05,1370
TCFL5,1.1609918e-05,1371
APOBEC3G,1.1609809e-05,1372
CR1L,1.1601428e-05,1373
DNAH5,1.1595258e-05,1374
FCMR,1.1594363e-05,1375
MAGEA9B,1.1593732e-05,1376
CCDC142,1.15934645e-05,1377
MYRF,1.1591239e-05,1378
LRRIQ4,1.1590201e-05,1379
SPINK2,1.1586074e-05,1380
TSC22D1,1.1575566e-05,1381
SRL,1.1572956e-05,1382
TSNAXIP1,1.15716875e-05,1383
CPXM2,1.1569418e-05,1384
SPATA3,1.1567203e-05,1385
SRRM5,1.1563752e-05,1386
TRPC5OS,1.1563478e-05,1387
BCAR3,1.1558277e-05,1388
C2CD4D,1.1556392e-05,1389
SLCO6A1,1.1537619e-05,1390
MS4A13,1.1536737e-05,1391
SCX,1.1527976e-05,1392
GCSAM,1.1522665e-05,1393
KY,1.1516072e-05,1394
TULP2,1.1513681e-05,1395
ZSCAN5B,1.15121675e-05,1396
STUM,1.1511774e-05,1397
SCAF1,1.1501171e-05,1398
NPAP1,1.1497384e-05,1399
DRC3,1.1497026e-05,1400
MYO15B,1.1491795e-05,1401
GIMAP2,1.1490896e-05,1402
TMEM201,1.14906725e-05,1403
CCDC70,1.1489413e-05,1404
HASPIN,1.14885825e-05,1405
C6orf132,1.1487073e-05,1406
FAM149A,1.1486354e-05,1407
FAM240A,1.14854565e-05,1408
PDLIM1,1.1481009e-05,1409
SLC45A1,1.1475302e-05,1410
TCP11X1,1.1474355e-05,1411
TRBC1,1.1470078e-05,1412
WDR87,1.1467719e-05,1413
YBX2,1.146578e-05,1414
SORCS1,1.1462388e-05,1415
SNAI3,1.1455482e-05,1416
SPDYC,1.1453036e-05,1417
SHC4,1.1450496e-05,1418
ZBTB32,1.1448772e-05,1419
ANKRD2,1.1443015e-05,1420
CLMN,1.143836e-05,1421
BARHL1,1.1437663e-05,1422
BNC2,1.1437487e-05,1423
CLPSL2,1.14281165e-05,1424
C3orf70,1.1409875e-05,1425
ITIH6,1.1408587e-05,1426
DSTN,1.1407577e-05,1427
TMEM200A,1.1407326e-05,1428
CST6,1.1400052e-05,1429
PPP1R17,1.1398068e-05,1430
CCNJL,1.1397604e-05,1431
LAMP3,1.1392659e-05,1432
TCIM,1.1392079e-05,1433
TM6SF2,1.1390633e-05,1434
LZTS3,1.1388687e-05,1435
REM2,1.1387003e-05,1436
FCRL5,1.1379132e-05,1437
IGBP1,1.1374631e-05,1438
KDM4F,1.1365724e-05,1439
MXD3,1.1359423e-05,1440
IL1RAP,1.1356067e-05,1441
IGLON5,1.1353986e-05,1442
DIRAS3,1.1352048e-05,1443
RCN2,1.1347693e-05,1444
ARMH2,1.1346763e-05,1445
CARD6,1.134641e-05,1446
LRGUK,1.1341434e-05,1447
TMEM89,1.133313e-05,1448
NT5DC1,1.1329054e-05,1449
RAX,1.1327758e-05,1450
C9orf153,1.1325529e-05,1451
PTPRE,1.1324897e-05,1452
VSTM2A,1.1320957e-05,1453
SAMD3,1.13200185e-05,1454
PRR23C,1.13160895e-05,1455
LAMP5,1.1315747e-05,1456
FBXO43,1.1307524e-05,1457
BMP5,1.1307392e-05,1458
C9orf131,1.1305195e-05,1459
MAL2,1.1298745e-05,1460
C14orf177,1.12983935e-05,1461
WEE2,1.1296881e-05,1462
TPSG1,1.1296849e-05,1463
RBM20,1.12917705e-05,1464
SLC18B1,1.128951e-05,1465
GCNT2,1.1282011e-05,1466
TLDC2,1.1281914e-05,1467
C5orf58,1.1280119e-05,1468
MYOZ1,1.12764355e-05,1469
ZBTB7C,1.1273974e-05,1470
GDF7,1.12716825e-05,1471
NME5,1.1271393e-05,1472
PDZRN4,1.1270554e-05,1473
SAMSN1,1.1267605e-05,1474
FAM149B1,1.1264208e-05,1475
IFITM10,1.12572225e-05,1476
C15orf65,1.1255916e-05,1477
ANKRD40CL,1.1254369e-05,1478
SAGE1,1.1251819e-05,1479
GDF3,1.1249089e-05,1480
RELT,1.1248396e-05,1481
TAF11L14,1.1246684e-05,1482
KCNJ18,1.1242036e-05,1483
PRSS36,1.1237484e-05,1484
AC187653.1,1.1237185e-05,1485
CPEB2,1.123515e-05,1486
PYDC2,1.1233002e-05,1487
RASD1,1.1225074e-05,1488
SLC6A16,1.12229945e-05,1489
AKNA,1.12176185e-05,1490
ERFE,1.1216831e-05,1491
MYOM2,1.1216474e-05,1492
PPP3R2,1.1213662e-05,1493
ZBED4,1.1213278e-05,1494
MAGEC3,1.1211172e-05,1495
PBOV1,1.1210306e-05,1496
CLEC20A,1.12088e-05,1497
FAM151A,1.1208274e-05,1498
XIRP1,1.1202879e-05,1499
CRYBB1,1.1197701e-05,1500
MYLPF,1.1193297e-05,1501
GPM6B,1.1190456e-05,1502
LURAP1L,1.1187489e-05,1503
HELB,1.1184207e-05,1504
SPANXN2,1.1183974e-05,1505
SLC17A2,1.1176007e-05,1506
LENEP,1.1173779e-05,1507
HSPB3,1.1171649e-05,1508
GPR153,1.1170607e-05,1509
GPR6,1.1170567e-05,1510
FNDC8,1.1170356e-05,1511
FRG2C,1.1169466e-05,1512
ABHD15,1.1168563e-05,1513
FAT3,1.116548e-05,1514
REG4,1.1164477e-05,1515
PRAMEF33,1.116386e-05,1516
HNRNPCL2,1.1158304e-05,1517
RCAN2,1.1157134e-05,1518
SLC22A25,1.1153455e-05,1519
ECSCR,1.1151404e-05,1520
KLHL14,1.1145088e-05,1521
KLK11,1.1144715e-05,1522
DNAAF3,1.1143372e-05,1523
RHBDL3,1.114072e-05,1524
RASSF1,1.1139497e-05,1525
ASTL,1.113337e-05,1526
TMEM95,1.1127173e-05,1527
PPIC,1.1126917e-05,1528
KATNAL2,1.1121992e-05,1529
CCL15,1.1121274e-05,1530
BMP6,1.1120074e-05,1531
CFAP74,1.1117918e-05,1532
MYPOP,1.1113818e-05,1533
OGDHL,1.1113471e-05,1534
ZSWIM6,1.1110891e-05,1535
TENT5B,1.1108341e-05,1536
BCL3,1.1104625e-05,1537
MINAR2,1.11005465e-05,1538
KIAA1210,1.1097252e-05,1539
TAFA2,1.10935225e-05,1540
SBK2,1.1091081e-05,1541
HMHB1,1.1079887e-05,1542
C6orf141,1.1079707e-05,1543
GLT6D1,1.1076033e-05,1544
MASP2,1.10743795e-05,1545
PHF11,1.1066841e-05,1546
ANKRD55,1.1065672e-05,1547
SKAP1,1.1065188e-05,1548
MAGEA6,1.1063763e-05,1549
DDX60,1.1060742e-05,1550
BMP3,1.1058895e-05,1551
LRRC15,1.1056969e-05,1552
ANKRD66,1.105471e-05,1553
TMEM82,1.1046691e-05,1554
PCDHA7,1.1046166e-05,1555
GAB4,1.1045984e-05,1556
LY6G6E,1.1040354e-05,1557
DERPC,1.1027638e-05,1558
FSIP1,1.1027258e-05,1559
AC087498.1,1.1026637e-05,1560
TMEM185B,1.1023511e-05,1561
C2orf78,1.1011922e-05,1562
SPDYA,1.1009752e-05,1563
CCT8L2,1.0999278e-05,1564
MPP4,1.0995596e-05,1565
LGALS14,1.0991572e-05,1566
PRRT1B,1.0989808e-05,1567
KIAA0040,1.0988815e-05,1568
MYCNOS,1.0988056e-05,1569
MPEG1,1.0987262e-05,1570
ZFHX4,1.0983795e-05,1571
LHX6,1.09811845e-05,1572
PRR29,1.0978749e-05,1573
FNDC1,1.0976995e-05,1574
LRRIQ1,1.0972906e-05,1575
IQCJ,1.0970064e-05,1576
THNSL1,1.0969334e-05,1577
RESP18,1.0965132e-05,1578
RNASEH2B,1.0963239e-05,1579
LSMEM2,1.0962485e-05,1580
TRIOBP,1.0959396e-05,1581
SAMD12,1.0956139e-05,1582
VWA3B,1.0952293e-05,1583
PRSS56,1.0951976e-05,1584
TRIM64C,1.0949409e-05,1585
WDR72,1.0946382e-05,1586
SIDT2,1.09438915e-05,1587
CD1E,1.0943574e-05,1588
CCDC85C,1.094314e-05,1589
DNAAF1,1.0936701e-05,1590
SNX10,1.0936272e-05,1591
PYDC1,1.0920981e-05,1592
OR52B4,1.0920577e-05,1593
NUP210L,1.091564e-05,1594
CCDC172,1.0914989e-05,1595
TRABD2A,1.0913512e-05,1596
NLRP9,1.091319e-05,1597
C22orf15,1.0908658e-05,1598
SLC22A10,1.09083485e-05,1599
RBM43,1.0908247e-05,1600
RNF183,1.0905531e-05,1601
INSRR,1.0904047e-05,1602
CNTNAP3B,1.0903789e-05,1603
PKDREJ,1.0900383e-05,1604
MTFR2,1.0894476e-05,1605
DNASE1L3,1.089193e-05,1606
HAPLN2,1.0887266e-05,1607
C19orf85,1.0885739e-05,1608
MYLK4,1.0885147e-05,1609
LY6L,1.0883615e-05,1610
WDR63,1.0882624e-05,1611
TEKT5,1.0882383e-05,1612
JPH1,1.088083e-05,1613
DRAM1,1.087694e-05,1614
SGSM1,1.0876696e-05,1615
ZNF469,1.0876116e-05,1616
COX7B2,1.0872915e-05,1617
TPPP2,1.0869766e-05,1618
HSF5,1.08618515e-05,1619
EMP3,1.0859874e-05,1620
SMCO4,1.0859653e-05,1621
AHNAK2,1.0859103e-05,1622
SLC35D3,1.0854047e-05,1623
TUSC2,1.085115e-05,1624
FEZF1,1.08501e-05,1625
CDK15,1.0842823e-05,1626
TMEM74B,1.0840349e-05,1627
SPATA2L,1.08329905e-05,1628
RNFT1,1.0828129e-05,1629
AKR1C8P,1.0827719e-05,1630
C4orf54,1.0825031e-05,1631
FAM126A,1.08097465e-05,1632
FOXL1,1.0807924e-05,1633
FAM217A,1.0806697e-05,1634
SMIM32,1.0806529e-05,1635
MYBPH,1.0799535e-05,1636
MAGEC2,1.0796811e-05,1637
PCDH8,1.0792235e-05,1638
PRAMEF14,1.0787955e-05,1639
GPALPP1,1.07782635e-05,1640
MYOZ2,1.0777546e-05,1641
C1orf210,1.0776775e-05,1642
CCDC177,1.0768769e-05,1643
QPCTL,1.0762564e-05,1644
PTER,1.0760155e-05,1645
ZFP57,1.0756802e-05,1646
CSRNP1,1.0752496e-05,1647
TGDS,1.0749878e-05,1648
RBAK,1.0749309e-05,1649
TMEM176A,1.0748808e-05,1650
ACTBL2,1.0746862e-05,1651
C16orf90,1.0743341e-05,1652
ADPRH,1.07427995e-05,1653
RNF186,1.0739429e-05,1654
CCDC140,1.07387705e-05,1655
TMEM156,1.07364085e-05,1656
TEX55,1.0732927e-05,1657
GIMAP6,1.0731847e-05,1658
IGFN1,1.0731836e-05,1659
DHX34,1.0731631e-05,1660
RNF148,1.0730203e-05,1661
C20orf85,1.0730033e-05,1662
MAMSTR,1.0727312e-05,1663
SYT4,1.0726928e-05,1664
MPPED1,1.0724612e-05,1665
C19orf67,1.0724043e-05,1666
ZNF579,1.072392e-05,1667
C19orf81,1.0722724e-05,1668
MCM9,1.0713052e-05,1669
GLDN,1.0711735e-05,1670
MAB21L1,1.0709253e-05,1671
CCHCR1,1.0707972e-05,1672
SUMO4,1.0706761e-05,1673
FRMD6,1.0694705e-05,1674
TMEM238,1.0693351e-05,1675
TTC4,1.0692718e-05,1676
PCDHGA9,1.0691083e-05,1677
ARRDC4,1.0688676e-05,1678
NUTM2E,1.0687052e-05,1679
ZNF674,1.0684871e-05,1680
CERKL,1.0682745e-05,1681
MRAP2,1.0680369e-05,1682
TDRD10,1.06768875e-05,1683
ADARB2,1.067437e-05,1684
CENPV,1.0673505e-05,1685
HELT,1.067085e-05,1686
LITAF,1.06702155e-05,1687
KLHL6,1.0667939e-05,1688
LYNX1,1.0666961e-05,1689
GPR63,1.066465e-05,1690
LRRC7,1.0661953e-05,1691
MYO1B,1.0656455e-05,1692
CRB2,1.0654088e-05,1693
BEND6,1.06512525e-05,1694
GAGE10,1.0650601e-05,1695
RHBDF1,1.0648245e-05,1696
GPR33,1.0647338e-05,1697
RASA4B,1.0643476e-05,1698
C7orf61,1.064281e-05,1699
FCHSD1,1.0639707e-05,1700
ATOH8,1.0638816e-05,1701
CAGE1,1.0635422e-05,1702
HEPHL1,1.0633559e-05,1703
BCAM,1.0633019e-05,1704
TMPRSS13,1.0632206e-05,1705
AIF1,1.0631986e-05,1706
TINAGL1,1.0630018e-05,1707
TMPRSS11B,1.0626157e-05,1708
PRMT8,1.0619352e-05,1709
UNC45B,1.0617115e-05,1710
PLSCR4,1.0615835e-05,1711
IGLC7,1.0606869e-05,1712
TC2N,1.0597791e-05,1713
HORMAD1,1.0594495e-05,1714
SMIM31,1.05894105e-05,1715
MS4A7,1.0578367e-05,1716
RUSC1,1.0577228e-05,1717
CHADL,1.0576918e-05,1718
DUSP28,1.05758245e-05,1719
SEMA3B,1.0574467e-05,1720
DCAF12L2,1.0570391e-05,1721
NKX2-4,1.0568887e-05,1722
FAM104A,1.0566411e-05,1723
FOXB2,1.0564423e-05,1724
KIAA0825,1.0564185e-05,1725
PPP1R16A,1.0562084e-05,1726
ZNF207,1.05591425e-05,1727
CFAP300,1.0557058e-05,1728
PTPRR,1.05542185e-05,1729
AC005551.1,1.0551479e-05,1730
PLEKHA7,1.0546558e-05,1731
BTAF1,1.0530264e-05,1732
SPTY2D1,1.0524474e-05,1733
L1TD1,1.0523672e-05,1734
ZNF219,1.0520622e-05,1735
ABI3,1.0520302e-05,1736
CCIN,1.0519091e-05,1737
CORO2A,1.0519025e-05,1738
KCTD12,1.0516062e-05,1739
VSX1,1.0512644e-05,1740
HEPN1,1.05070485e-05,1741
CNFN,1.0504436e-05,1742
NKX2-1,1.0501747e-05,1743
SMIM10,1.0501093e-05,1744
RFTN1,1.0496464e-05,1745
MIR1915HG,1.0494313e-05,1746
CALHM4,1.0491665e-05,1747
REELD1,1.0491209e-05,1748
TRIQK,1.0489791e-05,1749
PROP1,1.048953e-05,1750
RS1,1.0489228e-05,1751
LRP5L,1.0488704e-05,1752
HIST1H2BN,1.048645e-05,1753
ZNF511,1.0484963e-05,1754
RNF212B,1.048408e-05,1755
FAM47B,1.0479936e-05,1756
CCDC158,1.0479584e-05,1757
NKX3-1,1.047927e-05,1758
CLIP2,1.0478932e-05,1759
CSDC2,1.0476479e-05,1760
TMEM128,1.04760675e-05,1761
FAM160A1,1.0470745e-05,1762
MB21D2,1.0468722e-05,1763
PHLDA3,1.0463635e-05,1764
TDRD5,1.0461337e-05,1765
PRTG,1.0460946e-05,1766
TEX22,1.0460582e-05,1767
MAGEB4,1.0460511e-05,1768
MGAT4D,1.04563005e-05,1769
C16orf89,1.045615e-05,1770
ODF3L1,1.04498595e-05,1771
LST1,1.0449563e-05,1772
THEGL,1.0448899e-05,1773
KLHL29,1.0446785e-05,1774
FAM185A,1.0442266e-05,1775
CRTAC1,1.0441398e-05,1776
RD3L,1.043231e-05,1777
MOCS1,1.04298915e-05,1778
CROCC,1.0427583e-05,1779
AC072022.2,1.04254e-05,1780
CCN4,1.0425278e-05,1781
OTOP3,1.0418131e-05,1782
ARL9,1.0418018e-05,1783
TESK2,1.0396287e-05,1784
PHOX2A,1.0395933e-05,1785
FAM189A2,1.0394292e-05,1786
UBXN2B,1.0391057e-05,1787
KANTR,1.0389266e-05,1788
TEX51,1.0389094e-05,1789
SLFN11,1.0387448e-05,1790
NR1I3,1.0387093e-05,1791
SLC15A5,1.038562e-05,1792
CKAP2,1.0376783e-05,1793
TSPAN18,1.03759985e-05,1794
RIMBP3B,1.0373682e-05,1795
MFF,1.037139e-05,1796
MOB3B,1.0370988e-05,1797
PAPLN,1.0367998e-05,1798
SELENOM,1.03655875e-05,1799
MAP6D1,1.0358566e-05,1800
LRTM2,1.0356571e-05,1801
SULT1C3,1.0356404e-05,1802
FAM171B,1.0352462e-05,1803
TRIM42,1.0351054e-05,1804
FAM161B,1.0349868e-05,1805
POM121L2,1.0348746e-05,1806
BNC1,1.0344598e-05,1807
SLC18A1,1.0344185e-05,1808
GPR19,1.033956e-05,1809
KRCC1,1.0337916e-05,1810
NIM1K,1.0336398e-05,1811
NKG7,1.0335676e-05,1812
AL845331.2,1.0333419e-05,1813
TMA7,1.033126e-05,1814
ZNF805,1.0330323e-05,1815
CMTM1,1.0326943e-05,1816
TMEM173,1.0326363e-05,1817
KDF1,1.0323667e-05,1818
IER3IP1,1.0322601e-05,1819
MAGEB17,1.0322046e-05,1820
TMEM171,1.0320943e-05,1821
C3orf80,1.03157e-05,1822
CCDC116,1.03132625e-05,1823
OTULINL,1.0311751e-05,1824
HIST2H2BE,1.03089515e-05,1825
APOL2,1.0307886e-05,1826
TRDC,1.0305575e-05,1827
OBP2A,1.030255e-05,1828
NKX1-1,1.02991235e-05,1829
RHBDL1,1.0295529e-05,1830
SOX8,1.02955255e-05,1831
TXNDC8,1.02945505e-05,1832
C1QTNF7,1.02865315e-05,1833
EFCAB6,1.028209e-05,1834
C18orf63,1.0281763e-05,1835
TMEM26,1.0281607e-05,1836
NEURL4,1.02812555e-05,1837
PAGE3,1.02755785e-05,1838
SLC43A3,1.0267644e-05,1839
PNMA5,1.0267448e-05,1840
HEATR4,1.0260004e-05,1841
IFNW1,1.0257475e-05,1842
KLHL17,1.0255297e-05,1843
MAK,1.0254576e-05,1844
FANCD2OS,1.0254511e-05,1845
TTC6,1.0252459e-05,1846
TTC39A,1.0251207e-05,1847
CFAP97D1,1.0248827e-05,1848
VAX1,1.0248415e-05,1849
HIGD1B,1.0231006e-05,1850
CNNM1,1.0229066e-05,1851
TMEM215,1.0223328e-05,1852
SLAMF1,1.0221729e-05,1853
DMRT3,1.0220643e-05,1854
SUSD3,1.0218154e-05,1855
PRAF2,1.0217344e-05,1856
SULT2B1,1.0216068e-05,1857
CACNA2D4,1.0216058e-05,1858
KIAA1211,1.0207743e-05,1859
SELENOV,1.02051035e-05,1860
INAFM1,1.0204814e-05,1861
H6PD,1.0204257e-05,1862
NXNL2,1.0203366e-05,1863
MS4A6A,1.0198407e-05,1864
C19orf48,1.0197766e-05,1865
CCDC3,1.0195432e-05,1866
RPGRIP1,1.0191988e-05,1867
SPINT3,1.0191745e-05,1868
OGFRL1,1.0190047e-05,1869
DDX53,1.0189261e-05,1870
TRIM60,1.0189056e-05,1871
FAM240C,1.0185573e-05,1872
FAM183A,1.0184727e-05,1873
BRINP1,1.0184629e-05,1874
CCDC89,1.01823625e-05,1875
TXNDC2,1.0179336e-05,1876
ZNF185,1.0178399e-05,1877
TRIM55,1.0177941e-05,1878
NIBAN3,1.0176625e-05,1879
NYX,1.01682235e-05,1880
ERMN,1.0164991e-05,1881
HMCN2,1.016273e-05,1882
STRN4,1.0161766e-05,1883
ZAN,1.0160415e-05,1884
C5orf46,1.0158729e-05,1885
MAGEA8,1.015847e-05,1886
NKX2-8,1.0156233e-05,1887
FBXO36,1.015621e-05,1888
SKIDA1,1.015574e-05,1889
PRSS12,1.0153283e-05,1890
MDH1B,1.0151217e-05,1891
ZBTB34,1.0148653e-05,1892
PLEKHF1,1.0147816e-05,1893
RHEBL1,1.0145472e-05,1894
ACTL9,1.01426795e-05,1895
TBC1D28,1.0142334e-05,1896
RTP5,1.01378e-05,1897
MYOM1,1.0137398e-05,1898
ABRA,1.0136058e-05,1899
LRRIQ3,1.0129422e-05,1900
RASIP1,1.0117949e-05,1901
C3orf85,1.01165115e-05,1902
OOSP4A,1.0116188e-05,1903
PKIB,1.01155065e-05,1904
SCGB1D1,1.0114774e-05,1905
CPVL,1.0110233e-05,1906
JPH2,1.0103496e-05,1907
DRAM2,1.010317e-05,1908
CD163L1,1.009754e-05,1909
YPEL4,1.0094622e-05,1910
KLHDC1,1.0094564e-05,1911
TMEM132B,1.009207e-05,1912
ZNF618,1.0090211e-05,1913
GAPT,1.0089736e-05,1914
TM4SF5,1.0087085e-05,1915
CYLC1,1.0086607e-05,1916
HUS1B,1.0086247e-05,1917
MARCH4,1.00852285e-05,1918
TESC,1.0085205e-05,1919
LIME1,1.008039e-05,1920
PDZRN3,1.0077936e-05,1921
MAGEA1,1.0075964e-05,1922
MAGEE1,1.0073523e-05,1923
TSKS,1.0073338e-05,1924
SLC7A14,1.0069662e-05,1925
AC138647.1,1.00672605e-05,1926
RAD54L2,1.0065129e-05,1927
CNNM4,1.0064212e-05,1928
CISD1,1.0059934e-05,1929
SMCP,1.0053771e-05,1930
TRIM75P,1.0047635e-05,1931
PGPEP1L,1.0046795e-05,1932
CELSR3,1.0039022e-05,1933
DUSP19,1.0032864e-05,1934
PAPOLB,1.0029367e-05,1935
ANXA4,1.0026041e-05,1936
VWA8,1.0022808e-05,1937
MIPOL1,1.0021409e-05,1938
RARRES1,1.00096495e-05,1939
MRGPRX1,1.0008351e-05,1940
PID1,1.0006519e-05,1941
TEDC2,1.0004576e-05,1942
CCDC32,1.0000011e-05,1943
FAM107A,9.999382e-06,1944
SECTM1,9.999294e-06,1945
CBARP,9.999147e-06,1946
SYNGR3,9.993499e-06,1947
UBQLN3,9.990139e-06,1948
ARPP21,9.985937e-06,1949
C16orf74,9.983798e-06,1950
PHYHIPL,9.983249e-06,1951
HSPB7,9.982153e-06,1952
TEP1,9.980315e-06,1953
LRMP,9.978667e-06,1954
PCDHA6,9.974399e-06,1955
SOX15,9.9669e-06,1956
SPATA31A5,9.960119e-06,1957
C3orf52,9.959424e-06,1958
SULF1,9.9565805e-06,1959
PLEKHH3,9.956557e-06,1960
RAPGEFL1,9.9535155e-06,1961
FAM114A1,9.951053e-06,1962
PCDH9,9.94957e-06,1963
TEX46,9.948075e-06,1964
IGSF9B,9.946255e-06,1965
ARL4D,9.94062e-06,1966
CCDC185,9.936251e-06,1967
CFAP126,9.928358e-06,1968
SPX,9.927247e-06,1969
AC025283.2,9.923788e-06,1970
PPM1M,9.920672e-06,1971
AMN1,9.9181625e-06,1972
JAZF1,9.913185e-06,1973
SLC26A10,9.91251e-06,1974
KLRG2,9.911017e-06,1975
CCDC166,9.9089075e-06,1976
SLC22A14,9.906034e-06,1977
FLVCR2,9.903391e-06,1978
STRA8,9.903321e-06,1979
NHSL2,9.903153e-06,1980
ARMC3,9.901779e-06,1981
FTHL17,9.899348e-06,1982
ZNF132,9.899291e-06,1983
PRG4,9.896112e-06,1984
ZNF837,9.892916e-06,1985
ADAM28,9.890249e-06,1986
ZG16B,9.888885e-06,1987
MIER2,9.884816e-06,1988
SRPX,9.882775e-06,1989
TMEM238L,9.869507e-06,1990
CARS,9.866681e-06,1991
CCDC169,9.866104e-06,1992
FOXO6,9.862799e-06,1993
TSPAN10,9.861811e-06,1994
RFESD,9.861473e-06,1995
DLX4,9.860434e-06,1996
TLX2,9.858208e-06,1997
XKRX,9.85734e-06,1998
ZNF98,9.8572045e-06,1999
HAP1,9.855397e-06,2000
MDFIC2,9.854358e-06,2001
SYNC,9.84865e-06,2002
CELF6,9.847849e-06,2003
PWWP3B,9.843774e-06,2004
KLRC3,9.841908e-06,2005
CARD10,9.840907e-06,2006
CD302,9.839781e-06,2007
ZNF629,9.834807e-06,2008
H1FOO,9.833146e-06,2009
LRRN1,9.831305e-06,2010
CNTD2,9.830943e-06,2011
TGM3,9.830307e-06,2012
RUNX1T1,9.829769e-06,2013
CD164,9.826059e-06,2014
CRYGC,9.819839e-06,2015
CLRN3,9.816809e-06,2016
BVES,9.813864e-06,2017
ASIP,9.81314e-06,2018
RNASE12,9.812729e-06,2019
ZNF491,9.811818e-06,2020
PALM3,9.804622e-06,2021
FAM162B,9.803959e-06,2022
CTCFL,9.802312e-06,2023
RUNX2,9.802279e-06,2024
CRYBB3,9.801117e-06,2025
VWA2,9.800925e-06,2026
KIAA1755,9.799238e-06,2027
FAM135B,9.79678e-06,2028
SLC15A2,9.792452e-06,2029
TMEM104,9.787142e-06,2030
FNDC9,9.784896e-06,2031
SNX7,9.784353e-06,2032
EN2,9.783054e-06,2033
RBPJL,9.782971e-06,2034
COLCA2,9.782911e-06,2035
SVOPL,9.782656e-06,2036
XKR8,9.781737e-06,2037
BEND4,9.778798e-06,2038
TCF24,9.776887e-06,2039
FAM83A,9.7764105e-06,2040
GAREM1,9.7741995e-06,2041
SERPINB5,9.769452e-06,2042
LXN,9.76601e-06,2043
ZNF385B,9.756095e-06,2044
CD247,9.755821e-06,2045
S100A7L2,9.740514e-06,2046
OVCH1,9.740226e-06,2047
NPR3,9.737763e-06,2048
TEX44,9.73524e-06,2049
ZNF784,9.731585e-06,2050
FRRS1L,9.73024e-06,2051
SHROOM4,9.728597e-06,2052
SH2D3C,9.724064e-06,2053
GPR78,9.720965e-06,2054
ACOT6,9.720224e-06,2055
PPP1R32,9.718778e-06,2056
TMEM132C,9.7142e-06,2057
FAM92B,9.713551e-06,2058
ZSWIM3,9.713426e-06,2059
FAM9A,9.709554e-06,2060
FRMD8,9.704485e-06,2061
SMAGP,9.704116e-06,2062
TRIM54,9.699825e-06,2063
PEX5L,9.699403e-06,2064
RSL24D1,9.696094e-06,2065
NSUN7,9.694591e-06,2066
TMEM174,9.693094e-06,2067
ARRDC2,9.692099e-06,2068
DRICH1,9.6911535e-06,2069
ZNF766,9.684463e-06,2070
GFY,9.684087e-06,2071
C10orf95,9.683869e-06,2072
C10orf82,9.676214e-06,2073
OLFML3,9.673558e-06,2074
DLX2,9.67099e-06,2075
SMIM19,9.658554e-06,2076
CD34,9.658512e-06,2077
TEX13D,9.658301e-06,2078
C1orf68,9.6546955e-06,2079
FAM43B,9.651871e-06,2080
C2orf15,9.649013e-06,2081
AKAP17A,9.645596e-06,2082
ZNF835,9.644398e-06,2083
CCDC91,9.642976e-06,2084
SPATA31D1,9.642776e-06,2085
FCRL3,9.642459e-06,2086
MEIOB,9.641957e-06,2087
C12orf50,9.641394e-06,2088
OAF,9.640789e-06,2089
PRR23B,9.6326885e-06,2090
CASZ1,9.632551e-06,2091
PPP4R4,9.631083e-06,2092
NIBAN1,9.62587e-06,2093
PLSCR3,9.624546e-06,2094
SFRP5,9.624231e-06,2095
TMEM81,9.623582e-06,2096
ZDHHC23,9.623342e-06,2097
DHRS7C,9.622832e-06,2098
ZNF630,9.618907e-06,2099
C1orf159,9.612367e-06,2100
S100A3,9.609307e-06,2101
CPED1,9.609075e-06,2102
KLHL35,9.6087515e-06,2103
TEX47,9.603942e-06,2104
TMIGD1,9.603503e-06,2105
RIBC1,9.602903e-06,2106
LDB3,9.60149e-06,2107
NFE2L3,9.599149e-06,2108
TCP10L2,9.59886e-06,2109
ZBTB43,9.598352e-06,2110
HIST1H1E,9.5981395e-06,2111
WFDC3,9.596088e-06,2112
LDLRAD1,9.59257e-06,2113
PCSK4,9.590421e-06,2114
FNDC5,9.588222e-06,2115
PDE6C,9.5880805e-06,2116
ECHDC2,9.5876185e-06,2117
TBX4,9.586975e-06,2118
PDZD9,9.585805e-06,2119
LBHD2,9.583985e-06,2120
NLRP2,9.581057e-06,2121
ADGRF3,9.580883e-06,2122
KLHL40,9.580443e-06,2123
TOM1L1,9.5771575e-06,2124
NR0B1,9.57628e-06,2125
FRAS1,9.572537e-06,2126
SPINK8,9.5686555e-06,2127
PPP5D1,9.568615e-06,2128
C11orf16,9.560403e-06,2129
AC115220.1,9.558656e-06,2130
PIGBOS1,9.558535e-06,2131
GATC,9.549434e-06,2132
GPR88,9.546996e-06,2133
POF1B,9.54323e-06,2134
KIAA1586,9.542566e-06,2135
ISX,9.541905e-06,2136
PODN,9.5408595e-06,2137
IGFBPL1,9.5407795e-06,2138
HSBP1L1,9.538643e-06,2139
C9orf85,9.538329e-06,2140
LEKR1,9.5371615e-06,2141
FP565260.1,9.534408e-06,2142
HTATIP2,9.5341275e-06,2143
ATP23,9.526844e-06,2144
BEND3,9.526543e-06,2145
GDF10,9.524883e-06,2146
KRBOX4,9.524589e-06,2147
TMEM236,9.52302e-06,2148
KLHDC8B,9.5177265e-06,2149
TLX3,9.517034e-06,2150
HPCA,9.516956e-06,2151
DDAH2,9.516236e-06,2152
EXPH5,9.515335e-06,2153
GPR85,9.514604e-06,2154
IQANK1,9.510438e-06,2155
ELFN1,9.501936e-06,2156
BTNL3,9.497592e-06,2157
GDAP1L1,9.4972e-06,2158
C12orf76,9.496814e-06,2159
RAPSN,9.494557e-06,2160
SEPTIN1,9.49184e-06,2161
GGT2,9.491521e-06,2162
NKAIN2,9.489158e-06,2163
TRIM59,9.486904e-06,2164
MUC22,9.485668e-06,2165
HDDC3,9.485255e-06,2166
C1QL1,9.479095e-06,2167
C4orf36,9.479062e-06,2168
SLC38A8,9.476695e-06,2169
DLEU7,9.476347e-06,2170
RNF11,9.46635e-06,2171
ZFYVE28,9.46633e-06,2172
SERPINI1,9.465531e-06,2173
CEP295NL,9.465254e-06,2174
MARCOL,9.462475e-06,2175
SMTNL2,9.461717e-06,2176
TMEM30A,9.459563e-06,2177
SCP2D1,9.459394e-06,2178
C14orf39,9.454301e-06,2179
SWI5,9.451593e-06,2180
MYO16,9.448246e-06,2181
ZNRF4,9.443498e-06,2182
CD8B2,9.441812e-06,2183
GPR182,9.436442e-06,2184
PPP1R1A,9.432271e-06,2185
PCARE,9.431296e-06,2186
ZNF284,9.429552e-06,2187
SIX3,9.428526e-06,2188
RUBCN,9.428484e-06,2189
SAMD9L,9.425594e-06,2190
GPR158,9.418032e-06,2191
HIST3H2A,9.415804e-06,2192
SH3D21,9.409701e-06,2193
CCDC57,9.409068e-06,2194
FSD2,9.408033e-06,2195
MFSD6,9.407185e-06,2196
CCDC121,9.405349e-06,2197
LIMA1,9.404192e-06,2198
RD3,9.402163e-06,2199
DACT3,9.40194e-06,2200
MS4A6E,9.401441e-06,2201
ZNF578,9.399717e-06,2202
SYCE1L,9.397819e-06,2203
ETV2,9.395856e-06,2204
DPY19L3,9.394946e-06,2205
PCDHB5,9.392326e-06,2206
RIMBP2,9.391958e-06,2207
CFAP54,9.391788e-06,2208
MS4A8,9.391695e-06,2209
DNAH17,9.391575e-06,2210
TRNP1,9.391379e-06,2211
TRGJP2,9.391357e-06,2212
KRT222,9.383344e-06,2213
ELMSAN1,9.381934e-06,2214
C1orf198,9.381798e-06,2215
THAP2,9.3817325e-06,2216
PLEKHM2,9.381087e-06,2217
GRAMD2A,9.380358e-06,2218
TECPR1,9.376376e-06,2219
PRSS16,9.37551e-06,2220
MYOCOS,9.3725175e-06,2221
AL121578.2,9.370193e-06,2222
TCTEX1D1,9.369849e-06,2223
PGBD2,9.368723e-06,2224
FAM117B,9.36328e-06,2225
SEMA3G,9.362514e-06,2226
AC091057.6,9.359797e-06,2227
P2RY8,9.353352e-06,2228
IGHD,9.352127e-06,2229
AL354761.1,9.351159e-06,2230
CLECL1,9.350891e-06,2231
TMEM207,9.345472e-06,2232
GSX2,9.342546e-06,2233
TMEM269,9.342455e-06,2234
TLE7,9.342062e-06,2235
DNAJC25,9.340236e-06,2236
MUSTN1,9.339321e-06,2237
GKAP1,9.334979e-06,2238
C19orf18,9.334828e-06,2239
UBE2L5,9.334593e-06,2240
ELF4,9.3343115e-06,2241
AC004593.3,9.334002e-06,2242
CABP7,9.332862e-06,2243
PTRHD1,9.332816e-06,2244
SOX18,9.331639e-06,2245
ZNF16,9.331516e-06,2246
C1orf232,9.329788e-06,2247
CREG2,9.324505e-06,2248
IGHE,9.32379e-06,2249
HFM1,9.3228755e-06,2250
RBMXL1,9.321982e-06,2251
PKLR,9.320659e-06,2252
VSTM4,9.317423e-06,2253
LRRC72,9.317283e-06,2254
TMPRSS11D,9.313666e-06,2255
TM4SF4,9.307256e-06,2256
ST18,9.305604e-06,2257
SVIL,9.3037725e-06,2258
CNDP1,9.30124e-06,2259
ATF7IP2,9.298003e-06,2260
ZBTB6,9.29706e-06,2261
STH,9.296945e-06,2262
FAM83G,9.292669e-06,2263
WDR64,9.291791e-06,2264
RSPH4A,9.290776e-06,2265
PRAME,9.289793e-06,2266
CEP112,9.285262e-06,2267
GPRC5C,9.281804e-06,2268
CBLN3,9.279079e-06,2269
NKAPL,9.273805e-06,2270
HIST1H2AG,9.270341e-06,2271
PLP1,9.269863e-06,2272
SPATA45,9.268964e-06,2273
TMEM243,9.267686e-06,2274
SOHLH1,9.267454e-06,2275
PARP11,9.266602e-06,2276
MMP23B,9.265732e-06,2277
PNMA8A,9.263671e-06,2278
TMEM252,9.260565e-06,2279
RFPL4AL1,9.2540995e-06,2280
KLHDC7B,9.252963e-06,2281
SHISA8,9.251384e-06,2282
CWF19L1,9.248461e-06,2283
TFCP2L1,9.234465e-06,2284
HSPB2,9.232153e-06,2285
S100A6,9.232065e-06,2286
BHMG1,9.226347e-06,2287
RANBP3L,9.22556e-06,2288
RNF170,9.218075e-06,2289
CKAP2L,9.217085e-06,2290
CCL14,9.216532e-06,2291
ZFAND2B,9.21631e-06,2292
GTPBP8,9.215522e-06,2293
MAMDC2,9.212625e-06,2294
RASGEF1B,9.212293e-06,2295
C1orf54,9.209911e-06,2296
LRRC71,9.20847e-06,2297
PRDM15,9.199796e-06,2298
SYNM,9.199159e-06,2299
C3orf56,9.1985075e-06,2300
DLX1,9.198227e-06,2301
RBM11,9.198214e-06,2302
RTKN2,9.196867e-06,2303
TMEM106A,9.194946e-06,2304
PODXL,9.1943e-06,2305
CLK1,9.193851e-06,2306
CLIC6,9.191364e-06,2307
TTC24,9.189817e-06,2308
SUGCT,9.187166e-06,2309
C10orf99,9.182758e-06,2310
EVX2,9.1826505e-06,2311
TINCR,9.180619e-06,2312
C1orf53,9.178586e-06,2313
ANGEL2,9.177836e-06,2314
MS4A14,9.171815e-06,2315
LRP2BP,9.160932e-06,2316
KLHL4,9.158663e-06,2317
C19orf33,9.158628e-06,2318
CD7,9.156799e-06,2319
VHLL,9.156622e-06,2320
GLI4,9.153067e-06,2321
LRRC30,9.152571e-06,2322
PRSS48,9.150497e-06,2323
PABPC1L,9.150026e-06,2324
MAGEA10,9.149984e-06,2325
C4orf33,9.148238e-06,2326
C4orf51,9.148225e-06,2327
SPINK4,9.14765e-06,2328
C20orf141,9.141348e-06,2329
MNS1,9.136598e-06,2330
CCDC27,9.131807e-06,2331
DNAH7,9.130531e-06,2332
TAC4,9.128102e-06,2333
FAM170A,9.1277125e-06,2334
C2orf50,9.1268475e-06,2335
NCCRP1,9.1261145e-06,2336
ADGRL4,9.125136e-06,2337
BRAT1,9.12468e-06,2338
TMEM121,9.123618e-06,2339
CLIC3,9.122204e-06,2340
PGGHG,9.121345e-06,2341
STAC3,9.120857e-06,2342
CDH26,9.119336e-06,2343
FCRLB,9.118958e-06,2344
AHNAK,9.112047e-06,2345
TEX38,9.109387e-06,2346
HOXD13,9.108775e-06,2347
IFI27L1,9.108448e-06,2348
CLDND2,9.105586e-06,2349
IL17B,9.105329e-06,2350
SPEM1,9.103279e-06,2351
LRRN4CL,9.103158e-06,2352
PLTP,9.100388e-06,2353
TNFRSF19,9.100286e-06,2354
TCEAL2,9.099104e-06,2355
CFAP57,9.09596e-06,2356
BATF3,9.090293e-06,2357
METTL8,9.08997e-06,2358
AL391650.1,9.088857e-06,2359
SH2D7,9.082218e-06,2360
KLHL30,9.077054e-06,2361
SLC25A48,9.075769e-06,2362
CXorf40A,9.074057e-06,2363
TRMT12,9.073226e-06,2364
KLF6,9.072951e-06,2365
HEMGN,9.072443e-06,2366
FHL3,9.071766e-06,2367
TEX53,9.071425e-06,2368
PRAMEF8,9.07132e-06,2369
BCL6B,9.068539e-06,2370
PRSS33,9.062339e-06,2371
CCDC81,9.062227e-06,2372
MTUS2,9.061507e-06,2373
TSGA10IP,9.056189e-06,2374
EDDM3B,9.056005e-06,2375
SMCO3,9.054591e-06,2376
CST4,9.054455e-06,2377
CEACAM16,9.054378e-06,2378
CBLC,9.050125e-06,2379
ADGB,9.049995e-06,2380
TGFB1I1,9.0498215e-06,2381
ZMYM5,9.048147e-06,2382
NAT8L,9.041462e-06,2383
SLC37A2,9.04091e-06,2384
ZG16,9.040188e-06,2385
ZIC5,9.039194e-06,2386
CCDC110,9.038115e-06,2387
MAL,9.037125e-06,2388
ABI3BP,9.035328e-06,2389
TBC1D3B,9.035133e-06,2390
NT5C3A,9.034507e-06,2391
KHNYN,9.034344e-06,2392
C12orf40,9.032646e-06,2393
RIPK4,9.031526e-06,2394
PSORS1C1,9.0302465e-06,2395
REPIN1,9.0285175e-06,2396
MYLK3,9.027821e-06,2397
SP140L,9.023177e-06,2398
PPDPFL,9.022567e-06,2399
POM121L12,9.021899e-06,2400
GPR152,9.021835e-06,2401
MCC,9.019941e-06,2402
STKLD1,9.018369e-06,2403
CSHL1,9.01661e-06,2404
GLOD4,9.013731e-06,2405
EML1,9.01285e-06,2406
PUS10,9.011279e-06,2407
PPP1R14D,9.008009e-06,2408
RHBDL2,9.006247e-06,2409
C1QL3,9.00623e-06,2410
XBP1,9.001362e-06,2411
TIGIT,8.997864e-06,2412
TMCC1,8.993027e-06,2413
CDCP2,8.989709e-06,2414
PRXL2C,8.987086e-06,2415
NCBP2L,8.98614e-06,2416
FYB2,8.984128e-06,2417
OVOL1,8.981497e-06,2418
TOGARAM2,8.979186e-06,2419
CIB4,8.976552e-06,2420
PHACTR3,8.972931e-06,2421
SLCO3A1,8.969382e-06,2422
LRRC9,8.968885e-06,2423
CLEC19A,8.967132e-06,2424
MN1,8.966814e-06,2425
OSR2,8.966753e-06,2426
SERPINA11,8.959349e-06,2427
PRRT4,8.958434e-06,2428
TMEM72,8.954991e-06,2429
RWDD2A,8.951936e-06,2430
AFF1,8.950866e-06,2431
PIRT,8.949959e-06,2432
DIPK2B,8.948498e-06,2433
CFAP46,8.948478e-06,2434
ANP32B,8.945547e-06,2435
AC099489.1,8.943864e-06,2436
SSBP3,8.943524e-06,2437
BECN2,8.941473e-06,2438
INSL4,8.9398645e-06,2439
NAP1L3,8.938403e-06,2440
C12orf60,8.932686e-06,2441
SEPTIN4,8.931433e-06,2442
CCDC188,8.927849e-06,2443
HPS5,8.924489e-06,2444
OC90,8.92057e-06,2445
C9orf152,8.91904e-06,2446
RPGR,8.918447e-06,2447
IPO4,8.912426e-06,2448
TMEM60,8.91168e-06,2449
C12orf75,8.9087625e-06,2450
GAL3ST4,8.908257e-06,2451
FHDC1,8.906842e-06,2452
DLX3,8.902985e-06,2453
PRAC1,8.902696e-06,2454
CPEB1,8.902251e-06,2455
BHLHA9,8.901765e-06,2456
JKAMP,8.900686e-06,2457
DUSP21,8.90039e-06,2458
PXT1,8.8986235e-06,2459
CCDC65,8.898428e-06,2460
CCDC168,8.897773e-06,2461
CCDC186,8.892208e-06,2462
PCDH1,8.892159e-06,2463
MAPK15,8.879433e-06,2464
ANXA9,8.87898e-06,2465
FAM47A,8.8750885e-06,2466
YY2,8.873742e-06,2467
AC007906.2,8.869698e-06,2468
SLC25A41,8.8696315e-06,2469
OLFML2A,8.868728e-06,2470
AC008397.1,8.867632e-06,2471
GIMAP8,8.866324e-06,2472
TARBP1,8.861645e-06,2473
TACSTD2,8.860987e-06,2474
SIAH3,8.854946e-06,2475
CCDC9,8.854601e-06,2476
TENM3,8.852592e-06,2477
CCDC171,8.849158e-06,2478
R3HDML,8.848425e-06,2479
PTCD1,8.847357e-06,2480
C12orf42,8.847297e-06,2481
CDRT4,8.847115e-06,2482
GSDMB,8.846323e-06,2483
ZDHHC22,8.845005e-06,2484
SERHL2,8.8447205e-06,2485
HEATR6,8.841672e-06,2486
CROCC2,8.841282e-06,2487
TANC1,8.836367e-06,2488
IFFO1,8.830813e-06,2489
SERP2,8.828036e-06,2490
SLC35F4,8.826428e-06,2491
NXPH4,8.82611e-06,2492
TAF11L6,8.823976e-06,2493
AADACL3,8.819377e-06,2494
ANHX,8.817295e-06,2495
ZNF407,8.817025e-06,2496
TTC32,8.815204e-06,2497
SLC26A8,8.814575e-06,2498
CCDC68,8.81085e-06,2499
DDN,8.809748e-06,2500
SLC6A18,8.806386e-06,2501
NPIPB2,8.804233e-06,2502
H1FNT,8.803845e-06,2503
HBQ1,8.799265e-06,2504
VMAC,8.798551e-06,2505
PLEKHS1,8.798263e-06,2506
SPATA8,8.797166e-06,2507
RBM12B,8.79716e-06,2508
SHISAL1,8.796356e-06,2509
DEPP1,8.795878e-06,2510
MEP1B,8.795432e-06,2511
WWC2,8.79505e-06,2512
TMEM116,8.794542e-06,2513
MDFI,8.793203e-06,2514
GRASP,8.792797e-06,2515
SMIM10L2A,8.791256e-06,2516
SPRY3,8.786221e-06,2517
NFIL3,8.783224e-06,2518
RUNDC3B,8.780415e-06,2519
PPM1N,8.779315e-06,2520
C1orf43,8.778575e-06,2521
MUCL3,8.776213e-06,2522
AVPI1,8.77534e-06,2523
LVRN,8.774602e-06,2524
CABS1,8.77239e-06,2525
ANKLE1,8.772162e-06,2526
NUFIP1,8.771127e-06,2527
CST9,8.770251e-06,2528
MAS1L,8.767951e-06,2529
HIST3H2BB,8.767155e-06,2530
WDR54,8.765728e-06,2531
PLEKHM1,8.763705e-06,2532
WDHD1,8.762858e-06,2533
CLDN24,8.760982e-06,2534
GRAMD1C,8.760355e-06,2535
TMPRSS7,8.758003e-06,2536
FAM83E,8.757126e-06,2537
DKK3,8.7551925e-06,2538
ZNF80,8.755163e-06,2539
RDM1,8.747173e-06,2540
BLOC1S2,8.745693e-06,2541
NWD1,8.743873e-06,2542
DBX1,8.743111e-06,2543
FAM219A,8.741533e-06,2544
PAQR9,8.741043e-06,2545
CDHR5,8.738406e-06,2546
YIPF1,8.737029e-06,2547
S100A16,8.736897e-06,2548
STARD9,8.736462e-06,2549
FOXD4,8.733206e-06,2550
BAALC,8.732946e-06,2551
RBPMS2,8.732919e-06,2552
VEPH1,8.732354e-06,2553
NAA11,8.731513e-06,2554
FOXF2,8.731104e-06,2555
FER1L5,8.727404e-06,2556
TFPI,8.727224e-06,2557
CRYGS,8.722643e-06,2558
FLACC1,8.718859e-06,2559
SCRN2,8.716766e-06,2560
GIN1,8.710452e-06,2561
FAM241B,8.7060225e-06,2562
RAI14,8.705203e-06,2563
ZNF536,8.703255e-06,2564
MYOM3,8.702247e-06,2565
SHOX2,8.701801e-06,2566
AMZ1,8.698829e-06,2567
HARBI1,8.69693e-06,2568
PNMA8B,8.695066e-06,2569
HAGHL,8.692063e-06,2570
JAKMIP3,8.690562e-06,2571
LRRC3B,8.6853015e-06,2572
ZC3H12D,8.685143e-06,2573
PPIAL4A,8.684781e-06,2574
VSIG2,8.6820855e-06,2575
SLC38A11,8.681924e-06,2576
ZNF280C,8.6815035e-06,2577
TMEM246,8.680564e-06,2578
TSPAN8,8.679265e-06,2579
ANKK1,8.678595e-06,2580
PPP1R14C,8.676467e-06,2581
TMEM130,8.669096e-06,2582
EGFL7,8.6657e-06,2583
NIN,8.664256e-06,2584
ORAI3,8.6612645e-06,2585
MMP27,8.657289e-06,2586
MS4A4A,8.655814e-06,2587
CDH20,8.654921e-06,2588
FAM229A,8.650993e-06,2589
LMTK2,8.650182e-06,2590
PVALEF,8.648398e-06,2591
EXOC1L,8.644516e-06,2592
AL162596.1,8.64222e-06,2593
CKS2,8.641891e-06,2594
C3orf20,8.64184e-06,2595
ANXA13,8.640847e-06,2596
MTUS1,8.634013e-06,2597
EIF4EBP2,8.631413e-06,2598
FCRL2,8.630693e-06,2599
AC104389.5,8.630355e-06,2600
PARP15,8.629811e-06,2601
GNL1,8.6270775e-06,2602
CCDC85B,8.626842e-06,2603
STK32C,8.626502e-06,2604
HR,8.625494e-06,2605
ASF1B,8.624318e-06,2606
ZNF391,8.623143e-06,2607
PRAMEF1,8.62064e-06,2608
ZBTB22,8.620485e-06,2609
PCDHGA5,8.620356e-06,2610
MYH15,8.620336e-06,2611
AL162231.1,8.618239e-06,2612
EPB41L4B,8.61712e-06,2613
CAMK2N2,8.6136715e-06,2614
RASL10A,8.613596e-06,2615
KIAA2013,8.612236e-06,2616
KLF18,8.609948e-06,2617
C8orf37,8.609193e-06,2618
ASMTL,8.60788e-06,2619
SMPDL3A,8.607475e-06,2620
PLXDC2,8.607448e-06,2621
TIGD4,8.604285e-06,2622
KCP,8.604267e-06,2623
C8orf48,8.6034e-06,2624
DCDC1,8.602485e-06,2625
NBPF19,8.598343e-06,2626
TMCO2,8.593874e-06,2627
NOBOX,8.583154e-06,2628
CST7,8.58296e-06,2629
CNTNAP5,8.578835e-06,2630
RELL2,8.577901e-06,2631
CDNF,8.577786e-06,2632
SLC7A2,8.57758e-06,2633
MAB21L4,8.576207e-06,2634
ZNF57,8.570312e-06,2635
FAXDC2,8.57003e-06,2636
RGN,8.5697775e-06,2637
SCML1,8.569548e-06,2638
CCDC71L,8.568099e-06,2639
FDXACB1,8.567057e-06,2640
PRRG3,8.5667725e-06,2641
SAPCD2,8.565488e-06,2642
CENPB,8.564943e-06,2643
SYNE3,8.564277e-06,2644
GLOD5,8.561967e-06,2645
SPINK7,8.557572e-06,2646
ANKRD63,8.5562515e-06,2647
PDZK1,8.555153e-06,2648
AKAP11,8.552963e-06,2649
TSGA10,8.552138e-06,2650
KLHL38,8.55144e-06,2651
EML6,8.548268e-06,2652
USH2A,8.547846e-06,2653
ZDHHC12,8.547824e-06,2654
BSX,8.547505e-06,2655
ZMYND12,8.546038e-06,2656
NR2E3,8.545991e-06,2657
EFCAB1,8.545607e-06,2658
ZNF581,8.545066e-06,2659
HOXA13,8.542148e-06,2660
DAZL,8.5410065e-06,2661
KRTAP4-16,8.539151e-06,2662
SLC16A9,8.538999e-06,2663
IQSEC1,8.535444e-06,2664
DIPK1A,8.5354395e-06,2665
CFAP58,8.534578e-06,2666
ABHD13,8.52997e-06,2667
TRIM66,8.5287575e-06,2668
RCSD1,8.527637e-06,2669
ZMAT4,8.526804e-06,2670
PCDHA13,8.522401e-06,2671
AURKC,8.520548e-06,2672
NRDE2,8.519412e-06,2673
FTCDNL1,8.517215e-06,2674
SNX32,8.51712e-06,2675
TMEM154,8.514271e-06,2676
DPEP2NB,8.513476e-06,2677
ZNF69,8.507339e-06,2678
TMEM88B,8.506046e-06,2679
LRRC29,8.5015745e-06,2680
LRIT3,8.500698e-06,2681
YBEY,8.499694e-06,2682
PPP2R2B,8.496947e-06,2683
AXDND1,8.494861e-06,2684
CLN6,8.492276e-06,2685
CCDC198,8.491646e-06,2686
RSPH14,8.491586e-06,2687
AKAP8,8.49053e-06,2688
C2orf74,8.49036e-06,2689
TAFA4,8.488997e-06,2690
MYO18B,8.488247e-06,2691
CMPK2,8.487488e-06,2692
TNFAIP2,8.486097e-06,2693
ANKRD53,8.48104e-06,2694
KL,8.47908e-06,2695
PALMD,8.47689e-06,2696
AKAP14,8.476027e-06,2697
ASTN2,8.472618e-06,2698
CTDSPL,8.471912e-06,2699
INSC,8.462397e-06,2700
OR5D3P,8.461486e-06,2701
C7orf31,8.456811e-06,2702
NRAP,8.453015e-06,2703
GRID1,8.4515195e-06,2704
LIM2,8.448189e-06,2705
RNASE9,8.443409e-06,2706
R3HCC1L,8.441781e-06,2707
ERGIC2,8.4415215e-06,2708
CCDC163,8.438681e-06,2709
HMGB4,8.438319e-06,2710
GAS8,8.437745e-06,2711
ZDHHC24,8.436605e-06,2712
SRCAP,8.435807e-06,2713
ZBTB5,8.434899e-06,2714
LRRC3C,8.432971e-06,2715
RUNDC1,8.4322055e-06,2716
ANKRD42,8.43209e-06,2717
TLCD1,8.431614e-06,2718
ZNF813,8.430761e-06,2719
PDZD2,8.429026e-06,2720
IGSF3,8.4250005e-06,2721
LINGO2,8.424903e-06,2722
DIRAS2,8.424286e-06,2723
PRPH,8.422927e-06,2724
CYB5D1,8.421894e-06,2725
RNASE13,8.420194e-06,2726
DNAH10,8.418162e-06,2727
C16orf92,8.415478e-06,2728
ITLN2,8.413817e-06,2729
STAU2,8.412803e-06,2730
PKD2L1,8.411392e-06,2731
PPP1R3F,8.4107305e-06,2732
SYNCRIP,8.409549e-06,2733
YPEL2,8.409254e-06,2734
NAV3,8.40822e-06,2735
ANKRD34C,8.403065e-06,2736
VIL1,8.403016e-06,2737
CDK16,8.399936e-06,2738
NT5DC4,8.3997165e-06,2739
MINDY4,8.397636e-06,2740
TMC4,8.39576e-06,2741
GCSAML-AS1,8.392202e-06,2742
ARFIP1,8.3907735e-06,2743
TEX9,8.3852e-06,2744
FAM89A,8.384425e-06,2745
C6orf118,8.382765e-06,2746
CRLF3,8.380374e-06,2747
SHLD2,8.3802115e-06,2748
AP5M1,8.379444e-06,2749
ASPRV1,8.376175e-06,2750
SERTAD1,8.375204e-06,2751
LIMD2,8.373032e-06,2752
RHBDD1,8.372144e-06,2753
ILKAP,8.368993e-06,2754
BATF2,8.367286e-06,2755
WFDC5,8.3664145e-06,2756
IQCC,8.366241e-06,2757
CCDC33,8.359817e-06,2758
TMEM151B,8.35855e-06,2759
PRUNE2,8.357165e-06,2760
ADGRG2,8.356941e-06,2761
YBX3,8.356346e-06,2762
PLGLB2,8.356084e-06,2763
CNIH4,8.355705e-06,2764
ZACN,8.354974e-06,2765
ZYG11A,8.353129e-06,2766
MYEOV,8.348872e-06,2767
BORCS6,8.348676e-06,2768
CDC14C,8.347459e-06,2769
AL135905.2,8.343409e-06,2770
SSC4D,8.342409e-06,2771
TMEM150C,8.3420955e-06,2772
PLP2,8.342029e-06,2773
EIF4ENIF1,8.340234e-06,2774
PHF12,8.3372415e-06,2775
MOXD1,8.33657e-06,2776
MEIKIN,8.335106e-06,2777
LOR,8.33428e-06,2778
PHETA2,8.333586e-06,2779
TSPYL6,8.332907e-06,2780
RASSF10,8.332469e-06,2781
CCDC154,8.329464e-06,2782
SNX25,8.3292525e-06,2783
LKAAEAR1,8.329085e-06,2784
SFMBT2,8.328703e-06,2785
ANGPTL7,8.325465e-06,2786
EFCAB13,8.324744e-06,2787
SH3BP5L,8.321693e-06,2788
ODF3L2,8.318852e-06,2789
RSAD1,8.31869e-06,2790
BEX2,8.317228e-06,2791
PKNOX2,8.3142895e-06,2792
FAM167A,8.312264e-06,2793
NCOA7,8.311446e-06,2794
AADACL2,8.309249e-06,2795
WBP2NL,8.307067e-06,2796
GASK1B,8.306717e-06,2797
ZNHIT2,8.302934e-06,2798
SSX2IP,8.301364e-06,2799
MYORG,8.29997e-06,2800
PRSS22,8.2974475e-06,2801
SYCP2L,8.296694e-06,2802
WWC3,8.294682e-06,2803
MAP3K21,8.293957e-06,2804
GIMD1,8.293155e-06,2805
TSPAN19,8.291917e-06,2806
GPR137B,8.291459e-06,2807
PKIA,8.2900515e-06,2808
AKAP7,8.2897695e-06,2809
CAMK2N1,8.288496e-06,2810
TMCC2,8.286883e-06,2811
MAST4,8.286283e-06,2812
GDPD2,8.285308e-06,2813
ZBTB48,8.284105e-06,2814
SYPL1,8.282771e-06,2815
CBFA2T3,8.281064e-06,2816
BTBD9,8.278463e-06,2817
ERP29,8.278006e-06,2818
MCRIP2,8.276249e-06,2819
PSTPIP2,8.276162e-06,2820
AFF2,8.274839e-06,2821
SPAG5,8.274438e-06,2822
MAZ,8.273065e-06,2823
CCDC63,8.272231e-06,2824
RSPH1,8.271729e-06,2825
ZNF107,8.268478e-06,2826
SMIM2,8.267731e-06,2827
EYS,8.266375e-06,2828
LRATD2,8.264988e-06,2829
ZNF879,8.262015e-06,2830
OCIAD2,8.260828e-06,2831
FIGNL2,8.258228e-06,2832
MTMR11,8.25759e-06,2833
CDCP1,8.252295e-06,2834
SAXO2,8.251642e-06,2835
NACC1,8.248776e-06,2836
NOS1AP,8.244462e-06,2837
TMEM178A,8.243966e-06,2838
RALGPS2,8.238681e-06,2839
WDR88,8.238453e-06,2840
ZFP41,8.23807e-06,2841
NPAS1,8.234775e-06,2842
NLRP8,8.234554e-06,2843
CLIC1,8.2330325e-06,2844
C1orf94,8.232915e-06,2845
RBM3,8.231083e-06,2846
PLCL1,8.228861e-06,2847
CLRN2,8.227713e-06,2848
ZDHHC19,8.227673e-06,2849
CORO6,8.227378e-06,2850
KLHL36,8.227053e-06,2851
CFAP61,8.224309e-06,2852
USP31,8.224275e-06,2853
LDLRAD3,8.221428e-06,2854
FAM122A,8.220435e-06,2855
KLHDC9,8.220344e-06,2856
FRA10AC1,8.219958e-06,2857
C2orf69,8.219551e-06,2858
ADAP2,8.219247e-06,2859
C4orf47,8.216742e-06,2860
HHIPL2,8.215052e-06,2861
MARCH11,8.214819e-06,2862
ZBTB3,8.212863e-06,2863
ZCCHC24,8.212433e-06,2864
GORAB,8.2080305e-06,2865
PEAK3,8.205499e-06,2866
SHISA9,8.204846e-06,2867
FSTL5,8.204277e-06,2868
COPS9,8.204008e-06,2869
KLK6,8.2032275e-06,2870
TMEM158,8.2012575e-06,2871
FOXI1,8.198883e-06,2872
CCDC191,8.198683e-06,2873
LGALS2,8.197971e-06,2874
RFX8,8.197865e-06,2875
PNLDC1,8.197324e-06,2876
ARMCX6,8.196181e-06,2877
SLC45A4,8.196055e-06,2878
LUZP2,8.195861e-06,2879
SHLD1,8.195539e-06,2880
TMEM42,8.194682e-06,2881
TMEM253,8.1937e-06,2882
SLC39A12,8.193392e-06,2883
C1orf194,8.193374e-06,2884
SMIM10L1,8.191189e-06,2885
CCDC14,8.188919e-06,2886
CCDC80,8.1880025e-06,2887
CDCA4,8.186894e-06,2888
FIGLA,8.185931e-06,2889
HSF2BP,8.182347e-06,2890
PRAMEF12,8.18199e-06,2891
CCDC184,8.181241e-06,2892
KCTD18,8.179488e-06,2893
LHFPL6,8.178879e-06,2894
AFAP1L2,8.178712e-06,2895
C6orf47,8.175273e-06,2896
TIPARP,8.173973e-06,2897
GAGE1,8.173908e-06,2898
ZBTB8B,8.172594e-06,2899
SINHCAF,8.171053e-06,2900
CHODL,8.168466e-06,2901
CCER1,8.167999e-06,2902
LRRC3,8.1671205e-06,2903
FAM180A,8.167104e-06,2904
MYMX,8.164595e-06,2905
GLIS3,8.162062e-06,2906
ZNF281,8.158522e-06,2907
TMEM222,8.157285e-06,2908
NEBL,8.154671e-06,2909
ZNF646,8.151488e-06,2910
XAGE5,8.149159e-06,2911
PLGRKT,8.147721e-06,2912
ILDR1,8.147408e-06,2913
CLEC2A,8.146437e-06,2914
BCOR,8.146294e-06,2915
YIPF5,8.144847e-06,2916
GPR61,8.141429e-06,2917
LACRT,8.13917e-06,2918
CRYBA1,8.1383605e-06,2919
ANKRD13B,8.137757e-06,2920
DHRS7,8.13366e-06,2921
GSG1L,8.132842e-06,2922
MOB3A,8.132104e-06,2923
ZIC4,8.128149e-06,2924
GCM1,8.127801e-06,2925
MALL,8.126401e-06,2926
FBXO25,8.124807e-06,2927
SBNO2,8.122016e-06,2928
CCDC24,8.121204e-06,2929
DNAJC15,8.12118e-06,2930
LYZL2,8.120351e-06,2931
ATOH1,8.116406e-06,2932
EBLN2,8.11616e-06,2933
NFATC4,8.115867e-06,2934
RFPL4B,8.11364e-06,2935
TSPAN2,8.112758e-06,2936
HOOK1,8.111138e-06,2937
ATAD3A,8.106816e-06,2938
AFAP1L1,8.105478e-06,2939
PRRT2,8.10452e-06,2940
TRMT2B,8.10404e-06,2941
SASS6,8.102868e-06,2942
CCNDBP1,8.102369e-06,2943
OR2I1P,8.101895e-06,2944
ZNF165,8.10169e-06,2945
SLC17A9,8.099193e-06,2946
NACAD,8.096783e-06,2947
FAM181A,8.096619e-06,2948
RAX2,8.09599e-06,2949
ELK3,8.095712e-06,2950
MAP7D3,8.09544e-06,2951
CCDC69,8.094917e-06,2952
ANKRD24,8.0948585e-06,2953
SULF2,8.09463e-06,2954
HSPB9,8.094459e-06,2955
MID2,8.0937825e-06,2956
POTEM,8.093346e-06,2957
TIGD1,8.093094e-06,2958
THAP11,8.089472e-06,2959
PCDH18,8.089363e-06,2960
SLC12A8,8.088356e-06,2961
SPNS3,8.088124e-06,2962
PRSS55,8.088009e-06,2963
SLC25A34,8.085286e-06,2964
PCDHB13,8.082348e-06,2965
SLC16A4,8.081624e-06,2966
FBXO46,8.080888e-06,2967
CCDC179,8.07984e-06,2968
SLC25A39,8.078368e-06,2969
SYNPR,8.078288e-06,2970
CCDC39,8.077197e-06,2971
REEP6,8.073383e-06,2972
PCDHGA2,8.073334e-06,2973
P3H4,8.0725595e-06,2974
GPR149,8.070569e-06,2975
ABHD8,8.068453e-06,2976
HIST1H2AK,8.06822e-06,2977
A3GALT2,8.068142e-06,2978
PLIN5,8.067341e-06,2979
PCDH10,8.0667605e-06,2980
C3orf22,8.063298e-06,2981
TMEM155,8.061304e-06,2982
STAP1,8.060221e-06,2983
CSRP2,8.059949e-06,2984
AC021097.2,8.059211e-06,2985
TMEM160,8.059038e-06,2986
CFAP99,8.05797e-06,2987
MOG,8.057805e-06,2988
TMTC1,8.057764e-06,2989
CEMIP2,8.057353e-06,2990
TSGA13,8.054911e-06,2991
MROH7,8.054771e-06,2992
DNAJC22,8.0512855e-06,2993
GPR34,8.049901e-06,2994
FNDC11,8.048564e-06,2995
DCDC2,8.041849e-06,2996
C17orf67,8.041074e-06,2997
STOX1,8.040067e-06,2998
MAP3K6,8.038956e-06,2999
TCP10L,8.038512e-06,3000
KLHL1,8.036257e-06,3001
THAP10,8.034542e-06,3002
ANXA8,8.031104e-06,3003
TMEM196,8.029911e-06,3004
KLHL31,8.029273e-06,3005
DIPK1C,8.028388e-06,3006
HIST1H2BA,8.0277105e-06,3007
WSCD1,8.026987e-06,3008
ZYX,8.020479e-06,3009
NUDCD1,8.019639e-06,3010
ECRG4,8.019102e-06,3011
H2BFWT,8.018939e-06,3012
SEC14L5,8.015932e-06,3013
S100A5,8.014204e-06,3014
HES4,8.0101845e-06,3015
ETV5,8.009443e-06,3016
PRRX1,8.0083955e-06,3017
LETMD1,8.00332e-06,3018
FAM71E1,8.003313e-06,3019
METTL4,8.003007e-06,3020
PLAG1,8.002382e-06,3021
BANK1,7.999726e-06,3022
EID2B,7.999135e-06,3023
INSYN1,7.994766e-06,3024
C15orf39,7.990112e-06,3025
DRGX,7.988363e-06,3026
SASH1,7.988346e-06,3027
TMEFF1,7.987778e-06,3028
ZNF90,7.985706e-06,3029
TTC7A,7.983792e-06,3030
TM4SF1,7.98334e-06,3031
ARMCX2,7.982417e-06,3032
SRARP,7.980549e-06,3033
CPXCR1,7.979328e-06,3034
CDKL1,7.979163e-06,3035
SEPTIN6,7.975208e-06,3036
NAP1L2,7.975197e-06,3037
LRRC38,7.975019e-06,3038
LRRCC1,7.970957e-06,3039
KANK2,7.965838e-06,3040
SS18L2,7.965753e-06,3041
CEP19,7.965526e-06,3042
PEG3,7.959875e-06,3043
RASL12,7.959792e-06,3044
CDCA7,7.957819e-06,3045
ZMYND15,7.9576985e-06,3046
RNF175,7.957597e-06,3047
TMEM41A,7.956838e-06,3048
ZNF404,7.955729e-06,3049
CTXN1,7.954825e-06,3050
CT47B1,7.954565e-06,3051
RHOXF2B,7.9545025e-06,3052
SMIM4,7.954311e-06,3053
PRR22,7.95212e-06,3054
LRRC6,7.95163e-06,3055
TAF11L11,7.950787e-06,3056
SSX3,7.950047e-06,3057
NUCKS1,7.94749e-06,3058
PRR27,7.94534e-06,3059
GULP1,7.943279e-06,3060
PRAMEF15,7.942353e-06,3061
NPAT,7.941907e-06,3062
HRCT1,7.939364e-06,3063
FAM3D,7.938619e-06,3064
LDB2,7.937041e-06,3065
ZFP82,7.936935e-06,3066
SLC35G2,7.936146e-06,3067
ARMC7,7.935796e-06,3068
SYNDIG1,7.934889e-06,3069
ZFX,7.929923e-06,3070
FEZ1,7.928123e-06,3071
ERBB4,7.925561e-06,3072
PNMA6E,7.924731e-06,3073
MEGF11,7.9239235e-06,3074
SIX6,7.923391e-06,3075
SLC16A12,7.921009e-06,3076
MS4A10,7.919772e-06,3077
VSIG4,7.91948e-06,3078
PNMA6A,7.917535e-06,3079
BTBD19,7.9171305e-06,3080
UBASH3B,7.91562e-06,3081
DDX43,7.913693e-06,3082
GIPC2,7.913171e-06,3083
PKD2L2,7.912884e-06,3084
HOXD10,7.912578e-06,3085
PTPRH,7.912078e-06,3086
CCNYL1,7.911524e-06,3087
HSDL2,7.908037e-06,3088
NAA16,7.907849e-06,3089
GLCCI1,7.90589e-06,3090
SHROOM3,7.90506e-06,3091
CD82,7.90456e-06,3092
RAVER1,7.897384e-06,3093
INSYN2B,7.895983e-06,3094
PLCL2,7.895212e-06,3095
WDR31,7.894763e-06,3096
TPPP,7.891863e-06,3097
TTC21A,7.889663e-06,3098
CCDC113,7.886823e-06,3099
NDP,7.886585e-06,3100
SOX21,7.884741e-06,3101
CNPY2,7.884315e-06,3102
ODF3,7.884226e-06,3103
CDK17,7.883189e-06,3104
ERICH3,7.882025e-06,3105
VSIG8,7.880575e-06,3106
GLT8D1,7.879147e-06,3107
PRB3,7.878502e-06,3108
AKAIN1,7.8771245e-06,3109
ANXA10,7.876992e-06,3110
SPACA6,7.875709e-06,3111
BCL2L10,7.873055e-06,3112
EVA1C,7.869854e-06,3113
ILDR2,7.8665125e-06,3114
PPP2R2C,7.866455e-06,3115
MAP7,7.865572e-06,3116
LLGL1,7.863993e-06,3117
NAIF1,7.863118e-06,3118
FAM13C,7.862736e-06,3119
ELMOD3,7.861539e-06,3120
HOXD12,7.859382e-06,3121
VOPP1,7.857431e-06,3122
PCSK1N,7.854718e-06,3123
CCDC170,7.852893e-06,3124
DHRS13,7.852264e-06,3125
TCAF1,7.852184e-06,3126
TMEM64,7.852108e-06,3127
NPTX2,7.851463e-06,3128
MAP1A,7.850809e-06,3129
LGALS16,7.849896e-06,3130
VIRMA,7.849538e-06,3131
ENC1,7.848789e-06,3132
CCDC90B,7.8482735e-06,3133
KANK4,7.847206e-06,3134
CELA3A,7.846587e-06,3135
INF2,7.84532e-06,3136
FAM118A,7.845217e-06,3137
CDHR3,7.84168e-06,3138
ANKRD31,7.837358e-06,3139
FRMD3,7.834104e-06,3140
SMKR1,7.833753e-06,3141
GADD45G,7.833635e-06,3142
CDH22,7.833054e-06,3143
SHISA3,7.827783e-06,3144
TEX54,7.8269095e-06,3145
TMEM68,7.82444e-06,3146
KCTD11,7.824403e-06,3147
MSLNL,7.823801e-06,3148
KLF17,7.816745e-06,3149
CCDC181,7.814923e-06,3150
CAAP1,7.814198e-06,3151
FAM90A1,7.812729e-06,3152
C3orf14,7.812003e-06,3153
CFAP53,7.809227e-06,3154
DNAH9,7.807659e-06,3155
SH2D6,7.807557e-06,3156
C17orf107,7.807097e-06,3157
PDXP,7.795981e-06,3158
EVI2A,7.795385e-06,3159
MYO1D,7.795192e-06,3160
BTG3,7.79422e-06,3161
CENPVL3,7.793816e-06,3162
KCTD14,7.792587e-06,3163
HSPBAP1,7.79198e-06,3164
LRRC23,7.7912955e-06,3165
HAPLN4,7.790875e-06,3166
IQCH,7.790017e-06,3167
NDNF,7.789398e-06,3168
TMEM74,7.781307e-06,3169
B3GNTL1,7.780513e-06,3170
TMCC3,7.775989e-06,3171
RUSC2,7.775314e-06,3172
NETO1,7.773306e-06,3173
DNAJC4,7.769528e-06,3174
ASTN1,7.7683035e-06,3175
NIPSNAP3A,7.764449e-06,3176
C6orf136,7.762794e-06,3177
MTG1,7.758952e-06,3178
ISL2,7.757724e-06,3179
WDR90,7.757169e-06,3180
DNAAF4,7.756753e-06,3181
PALLD,7.756271e-06,3182
PRDM5,7.755723e-06,3183
MXD1,7.752349e-06,3184
SLURP2,7.7521645e-06,3185
TSPAN16,7.750575e-06,3186
ZNF449,7.749539e-06,3187
CSNK1G1,7.747851e-06,3188
MBLAC2,7.745081e-06,3189
SAP25,7.744731e-06,3190
NLRP2B,7.744586e-06,3191
LRIF1,7.739994e-06,3192
FAM76B,7.7397335e-06,3193
ZNF181,7.738898e-06,3194
TRIM65,7.738168e-06,3195
NBPF11,7.737628e-06,3196
SDR42E1,7.736213e-06,3197
EOGT,7.735181e-06,3198
TRIM7,7.731678e-06,3199
C6orf223,7.728277e-06,3200
TSSK3,7.727815e-06,3201
SAMD11,7.725732e-06,3202
SPATA31A6,7.72385e-06,3203
ZNF66,7.723704e-06,3204
TMEM132E,7.7225795e-06,3205
CRYBA2,7.722003e-06,3206
C1QTNF6,7.72132e-06,3207
POPDC2,7.7175155e-06,3208
CARMIL2,7.716868e-06,3209
HAPLN3,7.716564e-06,3210
CRISPLD1,7.716211e-06,3211
BIVM,7.7160485e-06,3212
TSPYL5,7.715017e-06,3213
ZSCAN31,7.7146615e-06,3214
CLUL1,7.714227e-06,3215
RAD51AP2,7.709204e-06,3216
NEFM,7.708801e-06,3217
OTUD6A,7.7082495e-06,3218
C12orf57,7.705495e-06,3219
CAVIN3,7.705001e-06,3220
TMEM45B,7.704188e-06,3221
NPIPB15,7.7040495e-06,3222
GLIS1,7.703227e-06,3223
C1orf74,7.701754e-06,3224
ASPHD2,7.698625e-06,3225
ZDHHC16,7.697912e-06,3226
OLFM2,7.6966735e-06,3227
MEST,7.69134e-06,3228
C4orf45,7.6910965e-06,3229
CTDSP1,7.688394e-06,3230
IL17REL,7.688348e-06,3231
ABHD2,7.687868e-06,3232
TKTL2,7.683748e-06,3233
SLC25A45,7.6826545e-06,3234
EFCAB3,7.681836e-06,3235
FAM111A,7.67936e-06,3236
TEX26,7.673787e-06,3237
STYX,7.672842e-06,3238
BHLHE23,7.671464e-06,3239
FAM205A,7.670418e-06,3240
FAM163A,7.669969e-06,3241
SPATA46,7.669454e-06,3242
MRTO4,7.668251e-06,3243
GPR179,7.666153e-06,3244
ZFAND1,7.665308e-06,3245
ECD,7.663566e-06,3246
CRYGN,7.662093e-06,3247
ZSWIM4,7.661188e-06,3248
PHOX2B,7.660707e-06,3249
CCM2L,7.653609e-06,3250
NEK10,7.65312e-06,3251
ENPP5,7.650862e-06,3252
WRAP73,7.650563e-06,3253
TMED1,7.644368e-06,3254
ZFP91,7.64358e-06,3255
SLC25A24,7.641907e-06,3256
C2orf72,7.64097e-06,3257
TMEM80,7.640927e-06,3258
SRBD1,7.640008e-06,3259
CMTM2,7.638774e-06,3260
LYAR,7.636669e-06,3261
DACH1,7.634046e-06,3262
ERICH1,7.631288e-06,3263
DOK7,7.627831e-06,3264
ROPN1L,7.6271535e-06,3265
OSTN,7.6263977e-06,3266
RP1L1,7.625499e-06,3267
ADGRB3,7.625147e-06,3268
ITFG1,7.6248707e-06,3269
SFMBT1,7.621986e-06,3270
FAM83F,7.621824e-06,3271
PIP5KL1,7.621744e-06,3272
TMEM144,7.621324e-06,3273
RCBTB1,7.618546e-06,3274
LMO4,7.6180872e-06,3275
IQCF1,7.6180213e-06,3276
CCDC30,7.6179317e-06,3277
SHROOM2,7.6178044e-06,3278
M1AP,7.615373e-06,3279
LMBR1L,7.611782e-06,3280
FAM237A,7.6100296e-06,3281
SYNPO,7.609845e-06,3282
IGFL3,7.6094584e-06,3283
C3orf62,7.6055417e-06,3284
DPRX,7.6043825e-06,3285
PRR23A,7.60317e-06,3286
ZBTB26,7.6021897e-06,3287
CD248,7.6014235e-06,3288
MYCBP2,7.601074e-06,3289
MILR1,7.6010324e-06,3290
MAP4K3,7.5958205e-06,3291
USP11,7.591891e-06,3292
TGM4,7.5895696e-06,3293
PHLDB1,7.588106e-06,3294
LCA5L,7.5846e-06,3295
NKX6-3,7.5812586e-06,3296
RGPD3,7.5793496e-06,3297
EXOC3L1,7.57874e-06,3298
MINAR1,7.577997e-06,3299
SLC7A4,7.5779317e-06,3300
RNF121,7.5771068e-06,3301
DNAJB8,7.5769312e-06,3302
VILL,7.5762437e-06,3303
AGAP1,7.5757484e-06,3304
TTC39B,7.5734233e-06,3305
CTBS,7.571622e-06,3306
PTCHD1,7.5691355e-06,3307
STMND1,7.564182e-06,3308
DAOA,7.563536e-06,3309
ACTR3B,7.563172e-06,3310
TMC7,7.5624766e-06,3311
MAP3K20,7.561217e-06,3312
DMRTA2,7.557707e-06,3313
SEPTIN12,7.5553958e-06,3314
SPACA3,7.5534062e-06,3315
GPRASP1,7.551328e-06,3316
DMWD,7.54854e-06,3317
HDX,7.547836e-06,3318
ZNF808,7.5471717e-06,3319
HUNK,7.5456956e-06,3320
ABRACL,7.545175e-06,3321
HIST1H3G,7.5410753e-06,3322
DNAJB4,7.5401776e-06,3323
REP15,7.5375174e-06,3324
MEGF10,7.5372673e-06,3325
GIPC3,7.5368785e-06,3326
DNAJC16,7.53686e-06,3327
CDR2L,7.536307e-06,3328
ADGRF2,7.534926e-06,3329
ADPRHL1,7.533959e-06,3330
SCRN1,7.5280823e-06,3331
ZNF843,7.5251037e-06,3332
GRWD1,7.52479e-06,3333
DNAJC5G,7.524168e-06,3334
HIVEP2,7.5232583e-06,3335
FAM228A,7.522498e-06,3336
SCRT2,7.5220223e-06,3337
AVIL,7.5215057e-06,3338
MLF1,7.519606e-06,3339
FAM189B,7.519124e-06,3340
PYROXD1,7.518599e-06,3341
CCDC60,7.511669e-06,3342
TOR3A,7.511661e-06,3343
SHISA2,7.51159e-06,3344
C1QTNF4,7.5107982e-06,3345
PDCD6,7.509659e-06,3346
SUSD4,7.5094595e-06,3347
SPIN2B,7.507771e-06,3348
PCDHGB7,7.5076787e-06,3349
CNTLN,7.507286e-06,3350
TEDC1,7.507123e-06,3351
SP9,7.5068465e-06,3352
C9orf24,7.5034204e-06,3353
NECAB2,7.501052e-06,3354
LRRC63,7.500097e-06,3355
CCDC183,7.4998316e-06,3356
SLC17A4,7.4995087e-06,3357
GGN,7.4942777e-06,3358
MTSS2,7.493799e-06,3359
DBF4B,7.4935774e-06,3360
TMEM190,7.491392e-06,3361
SPEF1,7.4894756e-06,3362
NCDN,7.4877635e-06,3363
CSRNP2,7.4871914e-06,3364
TM4SF18,7.4869718e-06,3365
ANKRD29,7.486583e-06,3366
REXO5,7.483803e-06,3367
GPR135,7.482403e-06,3368
CMTM7,7.4800782e-06,3369
SMIM36,7.4788686e-06,3370
KIAA1217,7.478827e-06,3371
RBM34,7.4785235e-06,3372
DOP1B,7.4781983e-06,3373
TSPAN3,7.473557e-06,3374
TMEM38A,7.472897e-06,3375
TRIP6,7.46871e-06,3376
CABCOCO1,7.467137e-06,3377
C1QTNF2,7.465807e-06,3378
LMBRD2,7.465022e-06,3379
SERF2,7.463067e-06,3380
IFFO2,7.462856e-06,3381
PDLIM4,7.4627433e-06,3382
PPIF,7.462094e-06,3383
FAM49B,7.460011e-06,3384
PLS3,7.4593245e-06,3385
RAD54L,7.4590835e-06,3386
RAB11FIP5,7.458184e-06,3387
ZNF648,7.458098e-06,3388
THSD8,7.456275e-06,3389
AC106774.4,7.455331e-06,3390
ZNF524,7.4527893e-06,3391
YTHDF1,7.45224e-06,3392
DNALI1,7.451271e-06,3393
SHBG,7.4506756e-06,3394
ADGRL2,7.4502914e-06,3395
RSPH3,7.4497893e-06,3396
LINC02693,7.447135e-06,3397
RARS,7.446486e-06,3398
RMDN2,7.4459454e-06,3399
CPNE5,7.4449626e-06,3400
FGFR1OP,7.442024e-06,3401
SMIM30,7.4386203e-06,3402
SOGA3,7.4339514e-06,3403
DND1,7.429221e-06,3404
RCAN1,7.428386e-06,3405
SEMA3F,7.4280583e-06,3406
NBPF20,7.426511e-06,3407
SNX8,7.4262607e-06,3408
NEUROD4,7.4258096e-06,3409
PYM1,7.4241007e-06,3410
THAP4,7.4234677e-06,3411
NEUROD2,7.4234385e-06,3412
EXD3,7.4167438e-06,3413
SAMD14,7.415662e-06,3414
TMEM200B,7.4150403e-06,3415
CREM,7.4129703e-06,3416
EPYC,7.411085e-06,3417
ADGRB1,7.408754e-06,3418
CEACAM20,7.4056256e-06,3419
RFTN2,7.405175e-06,3420
OXLD1,7.4049167e-06,3421
LYSMD3,7.4046998e-06,3422
FIGN,7.4046925e-06,3423
CYB561D2,7.404288e-06,3424
SURF2,7.403527e-06,3425
UNC13A,7.4013933e-06,3426
CPSF4L,7.398332e-06,3427
CDK5RAP1,7.3963774e-06,3428
RTL8A,7.395098e-06,3429
MFSD14B,7.392803e-06,3430
DBX2,7.3921774e-06,3431
MBNL2,7.3918523e-06,3432
TES,7.391625e-06,3433
CDKL4,7.3877827e-06,3434
AC073111.4,7.387259e-06,3435
FAM171A2,7.3868105e-06,3436
ZDHHC14,7.385356e-06,3437
RBMS1,7.384183e-06,3438
CNTNAP3,7.383632e-06,3439
IQSEC2,7.382909e-06,3440
RIC8A,7.382132e-06,3441
SPATA7,7.3807605e-06,3442
FCRL1,7.380286e-06,3443
FIBIN,7.3800747e-06,3444
MEIG1,7.377932e-06,3445
C22orf31,7.3774663e-06,3446
DISP1,7.376304e-06,3447
COBLL1,7.375842e-06,3448
TMEM202,7.3756837e-06,3449
LRWD1,7.3750143e-06,3450
TMEM102,7.373449e-06,3451
B4GALNT3,7.368838e-06,3452
DCAF4L1,7.368678e-06,3453
ZDHHC4,7.367601e-06,3454
SLC35E3,7.3673414e-06,3455
ODAPH,7.365835e-06,3456
LBH,7.365517e-06,3457
SPATA18,7.3650044e-06,3458
ANKS1B,7.364669e-06,3459
IPCEF1,7.3645574e-06,3460
BOK,7.3631686e-06,3461
DENND10,7.3627016e-06,3462
DDX51,7.362544e-06,3463
TRIM61,7.360986e-06,3464
FCHSD2,7.3608135e-06,3465
NDUFA4L2,7.3565734e-06,3466
DAZAP2,7.354981e-06,3467
ZCCHC14,7.3525016e-06,3468
MAGEA12,7.3515384e-06,3469
TUFT1,7.3474116e-06,3470
MICALL2,7.3461056e-06,3471
LRRC37A3,7.34235e-06,3472
NUPR1,7.34069e-06,3473
PMIS2,7.3385368e-06,3474
C12orf56,7.3381234e-06,3475
AAGAB,7.33711e-06,3476
RFX4,7.3329825e-06,3477
RASD2,7.3246188e-06,3478
HMGN5,7.323493e-06,3479
RASL11A,7.322491e-06,3480
NCKAP5L,7.319819e-06,3481
FAM167B,7.3193924e-06,3482
HMX2,7.3189985e-06,3483
WDR97,7.316312e-06,3484
WDR76,7.3153046e-06,3485
RTBDN,7.314615e-06,3486
RWDD2B,7.314332e-06,3487
TM4SF19,7.3139113e-06,3488
C17orf97,7.3106803e-06,3489
TENM4,7.3076644e-06,3490
MECP2,7.3074316e-06,3491
TNMD,7.306895e-06,3492
LLCFC1,7.3059864e-06,3493
ADGRG5,7.3054753e-06,3494
PITX1,7.304787e-06,3495
C12orf74,7.3015453e-06,3496
CNGB3,7.300842e-06,3497
ZNF277,7.300111e-06,3498
FAM170B,7.2995126e-06,3499
ANKRD49,7.2991415e-06,3500
ACTRT3,7.294677e-06,3501
EGFL8,7.2944513e-06,3502
CPLX2,7.294065e-06,3503
ARFGEF1,7.293536e-06,3504
TMEM31,7.2933954e-06,3505
CCDC15,7.2902667e-06,3506
ENG,7.290197e-06,3507
MPP2,7.288244e-06,3508
MTDH,7.2859584e-06,3509
ZNF683,7.284212e-06,3510
ERICH6,7.2835583e-06,3511
GDF6,7.282131e-06,3512
LLGL2,7.2810153e-06,3513
C11orf94,7.2806874e-06,3514
IKZF4,7.2803014e-06,3515
FRMD7,7.2749954e-06,3516
UFSP1,7.273968e-06,3517
HID1,7.271441e-06,3518
SLMAP,7.2711236e-06,3519
FBXO8,7.269461e-06,3520
PAQR8,7.2690873e-06,3521
TMEM230,7.268947e-06,3522
POU2AF1,7.2647995e-06,3523
KNOP1,7.263374e-06,3524
SCGB1D2,7.2632183e-06,3525
SZRD1,7.262186e-06,3526
ACPP,7.2613325e-06,3527
CSH2,7.2609582e-06,3528
PACRG,7.260799e-06,3529
LBX1,7.257818e-06,3530
OR8S1,7.255617e-06,3531
FSD1L,7.2555536e-06,3532
PRR15,7.25547e-06,3533
PLSCR2,7.2545286e-06,3534
INKA2,7.2524667e-06,3535
PNPLA1,7.24607e-06,3536
URI1,7.24518e-06,3537
FAM227A,7.2446774e-06,3538
HPS6,7.243555e-06,3539
PEBP4,7.2406506e-06,3540
DHRS12,7.2365856e-06,3541
WASHC3,7.2358807e-06,3542
SCML2,7.2356943e-06,3543
THNSL2,7.2353555e-06,3544
CTNND2,7.233606e-06,3545
CST5,7.2330777e-06,3546
LRRC59,7.2330686e-06,3547
PPP1R9B,7.2236667e-06,3548
ERVK3-1,7.2234616e-06,3549
S100A2,7.223314e-06,3550
TMEM234,7.221503e-06,3551
ING1,7.2214066e-06,3552
CCDC87,7.2211506e-06,3553
FHOD1,7.220704e-06,3554
JDP2,7.218222e-06,3555
C12orf45,7.216924e-06,3556
ZPBP,7.2140033e-06,3557
TIGD3,7.212e-06,3558
ATXN1L,7.211017e-06,3559
SCARF2,7.2078556e-06,3560
SVOP,7.2044068e-06,3561
TTYH1,7.1988998e-06,3562
POM121C,7.198782e-06,3563
ENDOG,7.198555e-06,3564
LRRC27,7.197746e-06,3565
TRANK1,7.1965947e-06,3566
VWC2L,7.195919e-06,3567
UFM1,7.1942495e-06,3568
THEMIS2,7.1939908e-06,3569
NRBP2,7.191983e-06,3570
ESS2,7.191943e-06,3571
MAGEC1,7.1908594e-06,3572
DDX31,7.19084e-06,3573
C5orf60,7.189576e-06,3574
RPAP3,7.1883464e-06,3575
RNPEPL1,7.1857567e-06,3576
OCEL1,7.1823997e-06,3577
GK3P,7.1811855e-06,3578
EN1,7.181096e-06,3579
TSBP1,7.1796894e-06,3580
PNMA6F,7.1787026e-06,3581
SEMA3C,7.1781747e-06,3582
PRTFDC1,7.1776944e-06,3583
CMIP,7.176839e-06,3584
NEK4,7.1751033e-06,3585
CLK2,7.1742684e-06,3586
SNX21,7.1728664e-06,3587
AP3M2,7.1727927e-06,3588
CNNM3,7.16989e-06,3589
ABTB1,7.1695627e-06,3590
HYI,7.1690524e-06,3591
SHD,7.167741e-06,3592
CDX1,7.167505e-06,3593
PPP1R16B,7.1654813e-06,3594
SCRT1,7.1650707e-06,3595
CPLANE1,7.1635377e-06,3596
SPINK13,7.1626846e-06,3597
NPTX1,7.161888e-06,3598
CCDC127,7.161016e-06,3599
TERC,7.1605273e-06,3600
PLEKHH1,7.159228e-06,3601
ZFPL1,7.156102e-06,3602
OTOS,7.1555364e-06,3603
LRRC39,7.153347e-06,3604
SIRPD,7.1503755e-06,3605
CARD19,7.1440227e-06,3606
TOX3,7.143952e-06,3607
SUSD6,7.1432255e-06,3608
DISP3,7.1426307e-06,3609
GPR1,7.1422505e-06,3610
GPATCH2,7.14193e-06,3611
PHEX,7.140891e-06,3612
STRIP2,7.1390605e-06,3613
SEMA4B,7.1369955e-06,3614
CASS4,7.1359837e-06,3615
ZNF787,7.13434e-06,3616
PHYHIP,7.1338923e-06,3617
SCGN,7.126299e-06,3618
ZNF174,7.1233203e-06,3619
LYPD6,7.122733e-06,3620
CHRD,7.1223376e-06,3621
TREX2,7.12142e-06,3622
C10orf71,7.1207883e-06,3623
LRCH1,7.1205895e-06,3624
ZNF572,7.1197755e-06,3625
CFAP161,7.117002e-06,3626
THAP7,7.1167624e-06,3627
KLF2,7.1164086e-06,3628
PNMA8C,7.114929e-06,3629
CDC123,7.113686e-06,3630
TMEM229B,7.112838e-06,3631
ACAP2,7.108607e-06,3632
CEACAM4,7.1083723e-06,3633
ZNF134,7.1083614e-06,3634
PGM5,7.1056934e-06,3635
HIST1H1B,7.105136e-06,3636
ZFAND2A,7.1030636e-06,3637
USP35,7.101697e-06,3638
CELA2B,7.101277e-06,3639
TMEM204,7.1001004e-06,3640
ZNF518B,7.099082e-06,3641
GCNA,7.0966125e-06,3642
PLEKHF2,7.095154e-06,3643
ZSCAN23,7.093864e-06,3644
NAGA,7.093166e-06,3645
CCDC62,7.0924993e-06,3646
TMEM255B,7.0920482e-06,3647
FMO5,7.091151e-06,3648
PP2D1,7.0909678e-06,3649
PPP1R9A,7.0891133e-06,3650
ICA1,7.0884334e-06,3651
NPTXR,7.087612e-06,3652
RAI2,7.084886e-06,3653
HOXC5,7.082163e-06,3654
FOXN3,7.080513e-06,3655
CHORDC1,7.0794185e-06,3656
ZBTB9,7.0773403e-06,3657
CEP170B,7.0756096e-06,3658
AL353572.3,7.0751057e-06,3659
TTC31,7.0732212e-06,3660
TMEM30B,7.0712294e-06,3661
NBDY,7.0704355e-06,3662
SMIM18,7.0699607e-06,3663
CCDC40,7.0686683e-06,3664
ZCCHC17,7.06757e-06,3665
TEX13A,7.067181e-06,3666
TMEM100,7.0654787e-06,3667
PPP1R3A,7.064988e-06,3668
RBIS,7.06472e-06,3669
GPR148,7.064468e-06,3670
LZTS2,7.0602487e-06,3671
SIX4,7.059971e-06,3672
FAM110A,7.057735e-06,3673
CAMK1G,7.057452e-06,3674
EML2,7.053316e-06,3675
GAS2L2,7.053035e-06,3676
CCDC157,7.0518963e-06,3677
LAPTM5,7.0493043e-06,3678
HIST1H4J,7.047296e-06,3679
RERG,7.0465594e-06,3680
SPINK14,7.0455612e-06,3681
ZXDB,7.040869e-06,3682
SLC30A9,7.040342e-06,3683
NEK8,7.0384367e-06,3684
SMIM38,7.036043e-06,3685
PLA2G12B,7.03177e-06,3686
CATSPERE,7.0316887e-06,3687
RNF141,7.0316746e-06,3688
LGALS8,7.0263472e-06,3689
SPATA12,7.026169e-06,3690
TMCO4,7.0245196e-06,3691
ANKRD18B,7.024505e-06,3692
CES4A,7.02424e-06,3693
GCM2,7.0233773e-06,3694
HOOK2,7.0217716e-06,3695
NEPRO,7.020645e-06,3696
RNF157,7.020299e-06,3697
FAM155A,7.0192677e-06,3698
DAW1,7.0190754e-06,3699
C19orf54,7.0190144e-06,3700
SSH2,7.018547e-06,3701
ISOC1,7.01697e-06,3702
TTC26,7.0161786e-06,3703
CCM2,7.0134524e-06,3704
TMPPE,7.0134174e-06,3705
HDGFL3,7.0124843e-06,3706
UBXN8,7.011925e-06,3707
ZNF878,7.011585e-06,3708
MYRFL,7.011167e-06,3709
ARID3C,7.0111264e-06,3710
SPA17,7.0082824e-06,3711
CCDC97,7.0078067e-06,3712
NES,7.007282e-06,3713
FAM89B,7.006625e-06,3714
EDDM3A,7.0061337e-06,3715
MNX1,7.0051997e-06,3716
SPIN1,7.0048413e-06,3717
CAMSAP3,7.004659e-06,3718
TMEM179,7.004458e-06,3719
ITM2C,7.004197e-06,3720
GOLGA7B,6.998227e-06,3721
TMEM143,6.994679e-06,3722
GOLGA8M,6.993163e-06,3723
PTTG2,6.991322e-06,3724
CBLN4,6.990491e-06,3725
ARL11,6.9871835e-06,3726
KIAA1958,6.9864436e-06,3727
NPVF,6.985786e-06,3728
DCHS2,6.9857424e-06,3729
CC2D1A,6.9852945e-06,3730
EHD4,6.985027e-06,3731
LAX1,6.981878e-06,3732
RANBP17,6.9815114e-06,3733
PIM2,6.9794996e-06,3734
TMEM187,6.978699e-06,3735
SLC25A46,6.9765747e-06,3736
RNF150,6.9750804e-06,3737
CIRBP,6.974742e-06,3738
C10orf142,6.9724456e-06,3739
VEZF1,6.9709677e-06,3740
PLEKHM3,6.9709267e-06,3741
CLYBL,6.96973e-06,3742
PPP4R3B,6.9694597e-06,3743
ANKRD33,6.96829e-06,3744
EFCAB10,6.968073e-06,3745
PIK3IP1,6.967295e-06,3746
SH3BGRL2,6.966754e-06,3747
ROM1,6.9649504e-06,3748
NFKBIZ,6.964876e-06,3749
SLC16A14,6.963107e-06,3750
CNN3,6.9630905e-06,3751
WDFY1,6.9629828e-06,3752
AJM1,6.962212e-06,3753
PSD2,6.9610783e-06,3754
MRVI1,6.9602265e-06,3755
ZCCHC12,6.957841e-06,3756
CFAP221,6.9557937e-06,3757
TRIM67,6.9550542e-06,3758
BTBD8,6.9536636e-06,3759
FAM221B,6.9526905e-06,3760
NELL1,6.952683e-06,3761
PRAMEF20,6.9521047e-06,3762
SPATS2,6.952012e-06,3763
FAM174B,6.948211e-06,3764
MFSD4A,6.9467455e-06,3765
ANKAR,6.942817e-06,3766
MLLT10,6.9402486e-06,3767
SAAL1,6.937962e-06,3768
FAM221A,6.935357e-06,3769
LNX2,6.9348257e-06,3770
MROH6,6.9337257e-06,3771
GYPE,6.9326366e-06,3772
C10orf53,6.932367e-06,3773
DPPA5,6.9287576e-06,3774
ABHD14A,6.926356e-06,3775
ACCSL,6.924902e-06,3776
PRR14,6.9247576e-06,3777
LEXM,6.9236085e-06,3778
C1orf127,6.923518e-06,3779
CDK5RAP3,6.9221664e-06,3780
ARL6IP1,6.922131e-06,3781
YY1AP1,6.922077e-06,3782
GRIPAP1,6.9207563e-06,3783
APOL4,6.91711e-06,3784
HPCAL1,6.915109e-06,3785
EPG5,6.914813e-06,3786
ARVCF,6.914192e-06,3787
CEP295,6.913433e-06,3788
MAP3K19,6.907863e-06,3789
FLII,6.9076955e-06,3790
RAPGEF6,6.9072994e-06,3791
LRFN5,6.9065945e-06,3792
VWA5B1,6.9061152e-06,3793
SH3BP5,6.9043745e-06,3794
GGNBP2,6.904339e-06,3795
XAGE3,6.9039525e-06,3796
CCDC77,6.903127e-06,3797
KCTD2,6.9028856e-06,3798
MROH1,6.9026228e-06,3799
ATOH7,6.9015086e-06,3800
LMX1B,6.9011485e-06,3801
PURA,6.9007024e-06,3802
SERTM2,6.8991617e-06,3803
MPP5,6.898942e-06,3804
SDCBP2,6.897196e-06,3805
ZBTB38,6.89705e-06,3806
MARCKSL1,6.894731e-06,3807
FAM218A,6.8920845e-06,3808
C1orf226,6.889952e-06,3809
AC119396.1,6.889639e-06,3810
GPR180,6.889607e-06,3811
ANKRD33B,6.8884647e-06,3812
ONECUT2,6.8879813e-06,3813
WDR53,6.887363e-06,3814
STEAP2,6.8836075e-06,3815
FAM71D,6.883543e-06,3816
BARHL2,6.8830977e-06,3817
ARMC2,6.8818563e-06,3818
UFSP2,6.8808963e-06,3819
FAM171A1,6.879358e-06,3820
FMN2,6.878746e-06,3821
TG,6.876357e-06,3822
SYT14,6.8762765e-06,3823
ILVBL,6.8744253e-06,3824
PCDHGB6,6.8738586e-06,3825
FAM155B,6.8722647e-06,3826
CPEB4,6.870723e-06,3827
TMEM183A,6.866305e-06,3828
INIP,6.8630397e-06,3829
CRACR2B,6.862467e-06,3830
SLC25A35,6.8618756e-06,3831
GAREM2,6.86116e-06,3832
RC3H2,6.8593513e-06,3833
CLK4,6.858585e-06,3834
ATP5MD,6.8582085e-06,3835
ZNF853,6.8567224e-06,3836
ZNF575,6.855017e-06,3837
AFF3,6.8533277e-06,3838
GPR26,6.851561e-06,3839
CCDC160,6.846426e-06,3840
NPPB,6.845354e-06,3841
IGFLR1,6.845069e-06,3842
CPQ,6.844323e-06,3843
MAGEH1,6.8425693e-06,3844
NR6A1,6.8423487e-06,3845
OTOR,6.8363515e-06,3846
LAPTM4B,6.835113e-06,3847
TOP3B,6.8347167e-06,3848
CASKIN1,6.834498e-06,3849
CACNG1,6.833986e-06,3850
ST7L,6.8321006e-06,3851
LHX8,6.832055e-06,3852
HEXD,6.831734e-06,3853
SIVA1,6.830456e-06,3854
APC2,6.8296595e-06,3855
NAF1,6.8292757e-06,3856
COMTD1,6.8291365e-06,3857
EBF4,6.828167e-06,3858
ANKEF1,6.827088e-06,3859
TEX29,6.82662e-06,3860
CEACAM19,6.826537e-06,3861
MAP3K15,6.826215e-06,3862
FOXN4,6.8261306e-06,3863
SLC10A7,6.8261056e-06,3864
TOR2A,6.824107e-06,3865
MLLT6,6.8238346e-06,3866
ANKRD13C,6.8229247e-06,3867
DNAAF5,6.822772e-06,3868
SAMD4B,6.8205286e-06,3869
GRIFIN,6.8194045e-06,3870
TTC13,6.818932e-06,3871
SEZ6L2,6.818412e-06,3872
CCDC18,6.817288e-06,3873
TSPAN6,6.8164545e-06,3874
PRSS38,6.814419e-06,3875
TTC38,6.8128847e-06,3876
LINGO3,6.812052e-06,3877
C15orf61,6.81146e-06,3878
CXorf56,6.8095906e-06,3879
ZNF341,6.8086842e-06,3880
CST8,6.806882e-06,3881
VN1R4,6.806615e-06,3882
SLC38A10,6.805805e-06,3883
SMIM5,6.803006e-06,3884
DOC2A,6.8024556e-06,3885
PALM2-AKAP2,6.8022537e-06,3886
SHISA7,6.8009012e-06,3887
PLAC8L1,6.800083e-06,3888
NEFH,6.79939e-06,3889
HEG1,6.798816e-06,3890
IGSF5,6.798652e-06,3891
TCAIM,6.798402e-06,3892
TSHZ2,6.797967e-06,3893
PLEKHO1,6.7962696e-06,3894
TTC16,6.7959036e-06,3895
PNISR,6.795789e-06,3896
TMEM235,6.795178e-06,3897
CFAP47,6.7939254e-06,3898
SCGB2A1,6.7938718e-06,3899
SLC16A5,6.7895194e-06,3900
PRRG2,6.7888946e-06,3901
ADGRG4,6.7888914e-06,3902
SPG21,6.7869337e-06,3903
HMCN1,6.7866495e-06,3904
FAM117A,6.785778e-06,3905
GMFB,6.7836477e-06,3906
TMEM94,6.782071e-06,3907
TSKU,6.7816363e-06,3908
SDF4,6.7805813e-06,3909
HMSD,6.780497e-06,3910
TRIM51,6.7804913e-06,3911
VNN3,6.7801384e-06,3912
ZBED9,6.778515e-06,3913
AADACL4,6.778157e-06,3914
AIFM1,6.778084e-06,3915
DDX54,6.7730252e-06,3916
OCSTAMP,6.772174e-06,3917
TMEM45A,6.771531e-06,3918
ZNF880,6.769866e-06,3919
CORO1B,6.7694136e-06,3920
TSR2,6.769098e-06,3921
PHRF1,6.7686424e-06,3922
PLXNB2,6.7679116e-06,3923
SCPEP1,6.7664173e-06,3924
DRC1,6.7654983e-06,3925
KIAA1671,6.7644114e-06,3926
SAMD7,6.76224e-06,3927
HEPACAM2,6.7620645e-06,3928
CYYR1,6.761733e-06,3929
CYREN,6.7612937e-06,3930
VASN,6.7587343e-06,3931
RGPD4,6.7580027e-06,3932
NRIP3,6.757413e-06,3933
SYT13,6.756097e-06,3934
ALG1L,6.7554665e-06,3935
MADCAM1,6.7553356e-06,3936
GPR141,6.7514106e-06,3937
TRAPPC3L,6.7511373e-06,3938
NRSN1,6.750592e-06,3939
DAAM2,6.749736e-06,3940
MEOX1,6.746847e-06,3941
STRBP,6.7467276e-06,3942
RFPL1,6.746367e-06,3943
MAGI1,6.7461388e-06,3944
DNASE1,6.743272e-06,3945
NUDCD2,6.739102e-06,3946
SPATA32,6.7387964e-06,3947
C11orf42,6.738528e-06,3948
SPEF2,6.7384626e-06,3949
ZNF800,6.738321e-06,3950
RPUSD1,6.7376714e-06,3951
RSL1D1,6.7353926e-06,3952
FAHD2B,6.7352958e-06,3953
IRF2BPL,6.73517e-06,3954
ZMYND11,6.730942e-06,3955
OTOL1,6.7285628e-06,3956
ZFP62,6.7278193e-06,3957
TMEM108,6.72685e-06,3958
LHFPL4,6.7246624e-06,3959
AC015871.1,6.7243554e-06,3960
LINC02694,6.72168e-06,3961
OGFOD3,6.720594e-06,3962
CLEC11A,6.717833e-06,3963
ALKBH1,6.7133196e-06,3964
EFHD1,6.7132864e-06,3965
HTRA3,6.7120736e-06,3966
FAM76A,6.7105475e-06,3967
ANKFN1,6.7098927e-06,3968
NRM,6.7071787e-06,3969
SLFNL1,6.706824e-06,3970
MIF4GD,6.704886e-06,3971
KATNBL1,6.7048736e-06,3972
MLYCD,6.703802e-06,3973
TMEM140,6.700624e-06,3974
TBC1D22B,6.700389e-06,3975
C2CD4B,6.700299e-06,3976
C1orf185,6.699468e-06,3977
ATPAF2,6.6891735e-06,3978
HIST1H2AI,6.688474e-06,3979
ROBO4,6.6868956e-06,3980
SESTD1,6.686052e-06,3981
APBB2,6.6858247e-06,3982
AC092835.1,6.6849743e-06,3983
GPATCH4,6.6845196e-06,3984
AIPL1,6.6840958e-06,3985
PSRC1,6.683903e-06,3986
TSSK2,6.6809994e-06,3987
FBLL1,6.679219e-06,3988
LRRC66,6.6785824e-06,3989
ITPRIPL2,6.6779994e-06,3990
KIAA1324L,6.675529e-06,3991
PIMREG,6.6754355e-06,3992
ERVV-2,6.6738075e-06,3993
ADAD2,6.673009e-06,3994
THAP8,6.6727707e-06,3995
HAMP,6.672445e-06,3996
CES5A,6.6707644e-06,3997
RNASE10,6.6703096e-06,3998
SH3GLB1,6.6681187e-06,3999
NOL8,6.667673e-06,4000
HIGD2B,6.665086e-06,4001
CTXND1,6.663495e-06,4002
MORN5,6.6629573e-06,4003
LRRC56,6.6620214e-06,4004
TMEM14C,6.6608764e-06,4005
CCDC112,6.6601474e-06,4006
DDTL,6.6597204e-06,4007
TMEM8B,6.6576004e-06,4008
TDRP,6.6562025e-06,4009
SEZ6L,6.653783e-06,4010
TSPYL1,6.650928e-06,4011
C9orf72,6.6507846e-06,4012
C8orf82,6.650348e-06,4013
IRGQ,6.6461403e-06,4014
HIST1H2AE,6.6459334e-06,4015
SOWAHA,6.6445405e-06,4016
DNAH1,6.643634e-06,4017
BICC1,6.6432185e-06,4018
TMPRSS5,6.6422026e-06,4019
MTFP1,6.641792e-06,4020
KLHL18,6.641756e-06,4021
NTAN1,6.640076e-06,4022
SSX5,6.6394387e-06,4023
CCN5,6.638733e-06,4024
RBMXL3,6.6370094e-06,4025
GPR173,6.636892e-06,4026
SYT16,6.6364955e-06,4027
AC135068.1,6.636451e-06,4028
NUFIP2,6.6329576e-06,4029
MPPED2,6.6308726e-06,4030
CCDC189,6.6300854e-06,4031
CDKL2,6.6291477e-06,4032
MIIP,6.6289203e-06,4033
FOXD2,6.6233697e-06,4034
TGFBRAP1,6.623246e-06,4035
CISD3,6.6228426e-06,4036
HS1BP3,6.622334e-06,4037
FAM186B,6.622133e-06,4038
ELMO3,6.621329e-06,4039
MAP1S,6.619742e-06,4040
C6orf15,6.617732e-06,4041
ZNF177,6.6165917e-06,4042
TTC3,6.615472e-06,4043
SBK3,6.612241e-06,4044
GABPB2,6.6115226e-06,4045
CDHR1,6.6106395e-06,4046
PCDHB8,6.609839e-06,4047
IRAK1BP1,6.6084976e-06,4048
SFT2D1,6.608485e-06,4049
NUDT16L1,6.6080065e-06,4050
TSC22D2,6.606053e-06,4051
WDR25,6.602232e-06,4052
TM6SF1,6.602153e-06,4053
CBX7,6.6017415e-06,4054
DTWD1,6.600593e-06,4055
DYRK4,6.600034e-06,4056
RBM38,6.5967934e-06,4057
JPH4,6.596505e-06,4058
HOMEZ,6.595271e-06,4059
BCORL1,6.5946415e-06,4060
FERMT1,6.5919767e-06,4061
TLCD3A,6.5917534e-06,4062
PCDHGC5,6.591673e-06,4063
RERGL,6.590053e-06,4064
CCDC7,6.5889535e-06,4065
MSTO1,6.587957e-06,4066
SHOC1,6.5869417e-06,4067
LPXN,6.5863733e-06,4068
UBAP1L,6.5860295e-06,4069
SLF1,6.5857103e-06,4070
PRICKLE2,6.584855e-06,4071
IFNA1,6.583119e-06,4072
CIR1,6.5826825e-06,4073
MAGEF1,6.581229e-06,4074
IGSF9,6.5811964e-06,4075
PPM1H,6.5798686e-06,4076
ZSWIM1,6.5775703e-06,4077
PHPT1,6.574107e-06,4078
SLAMF9,6.5728036e-06,4079
STIM2,6.5675767e-06,4080
C19orf38,6.5661284e-06,4081
PRR9,6.5650165e-06,4082
LINGO4,6.5637832e-06,4083
PDRG1,6.5635704e-06,4084
HEMK1,6.563335e-06,4085
IQCG,6.561807e-06,4086
BRINP2,6.561724e-06,4087
SUN3,6.558933e-06,4088
RNF215,6.558148e-06,4089
RCOR3,6.5576824e-06,4090
TTPAL,6.555935e-06,4091
TMEM262,6.5546774e-06,4092
CD40,6.554403e-06,4093
CCDC167,6.5537884e-06,4094
C17orf99,6.5534014e-06,4095
SMOC1,6.552972e-06,4096
NKAPD1,6.551943e-06,4097
CALR3,6.5514323e-06,4098
C3orf49,6.5507356e-06,4099
SLC16A11,6.5504264e-06,4100
PNMA3,6.548397e-06,4101
MAP3K4,6.546995e-06,4102
BCL2L12,6.5469644e-06,4103
CCNJ,6.546886e-06,4104
SLC66A1L,6.544542e-06,4105
HIST1H4C,6.544312e-06,4106
SCMH1,6.54425e-06,4107
SIX5,6.5423114e-06,4108
RPH3A,6.5420327e-06,4109
SHE,6.541316e-06,4110
WBP2,6.5412446e-06,4111
ZNF503,6.5409286e-06,4112
RNF227,6.539921e-06,4113
MEI4,6.539024e-06,4114
EVI5,6.5373442e-06,4115
MSS51,6.5343e-06,4116
SPANXN4,6.5341874e-06,4117
LRMDA,6.533438e-06,4118
GLIPR1L1,6.532663e-06,4119
CAPRIN1,6.5325503e-06,4120
EXD2,6.531813e-06,4121
SSPO,6.531061e-06,4122
SPZ1,6.530995e-06,4123
TRAF3IP2,6.5307913e-06,4124
TMEM109,6.53e-06,4125
PCDHGA7,6.529998e-06,4126
RO60,6.528554e-06,4127
METRNL,6.5283016e-06,4128
NRARP,6.527718e-06,4129
ALPK3,6.527307e-06,4130
C7orf77,6.5270815e-06,4131
NXN,6.5257927e-06,4132
CFAP410,6.523849e-06,4133
PM20D2,6.523378e-06,4134
EMC2,6.5210315e-06,4135
LRIT1,6.5204513e-06,4136
ARMC12,6.518698e-06,4137
DUSP13,6.5179192e-06,4138
TLNRD1,6.515298e-06,4139
PRSS27,6.514043e-06,4140
CTTNBP2,6.5122103e-06,4141
TRAF4,6.5119693e-06,4142
PRR7,6.5116506e-06,4143
EMC1,6.510327e-06,4144
CA8,6.5102054e-06,4145
ZKSCAN2,6.5094187e-06,4146
CCDC201,6.5089516e-06,4147
SPATS1,6.5065624e-06,4148
PROX1,6.5060285e-06,4149
ARL4A,6.505345e-06,4150
EHF,6.5043714e-06,4151
SPATA24,6.504194e-06,4152
SERPINA12,6.502358e-06,4153
TRIM51GP,6.5000168e-06,4154
RAVER2,6.4985143e-06,4155
CRYZ,6.495033e-06,4156
FRG1,6.494657e-06,4157
L3HYPDH,6.4939363e-06,4158
GLT8D2,6.4919423e-06,4159
PTRH1,6.49059e-06,4160
PAGE1,6.4905485e-06,4161
UBL7,6.48929e-06,4162
PCDHA1,6.4881906e-06,4163
MOAP1,6.487545e-06,4164
KCTD19,6.4854808e-06,4165
TRIM43,6.484016e-06,4166
MFSD4B,6.483995e-06,4167
LRBA,6.4826872e-06,4168
FAM205C,6.4810865e-06,4169
N4BP2L1,6.480217e-06,4170
CELSR2,6.479341e-06,4171
SPACA9,6.4778915e-06,4172
NUDT1,6.476018e-06,4173
TMEM260,6.47579e-06,4174
ERP27,6.475505e-06,4175
TMSB15B-1,6.4734204e-06,4176
METTL9,6.4694423e-06,4177
PATE3,6.468484e-06,4178
ROBO3,6.467918e-06,4179
GMEB1,6.46679e-06,4180
LRRC19,6.4660744e-06,4181
TXNDC9,6.465957e-06,4182
EMC6,6.4651017e-06,4183
ENKD1,6.4645074e-06,4184
FMN1,6.4621754e-06,4185
DUSP18,6.4615942e-06,4186
WDR7,6.4614724e-06,4187
STX8,6.460719e-06,4188
PLA2G2C,6.4590827e-06,4189
PCDH17,6.4573533e-06,4190
NECAB3,6.457321e-06,4191
DQX1,6.4559163e-06,4192
ISLR2,6.4558435e-06,4193
CALHM6,6.455424e-06,4194
LRRC17,6.4546566e-06,4195
MAP6,6.4543087e-06,4196
TIGD2,6.4496876e-06,4197
ATXN7L1,6.449536e-06,4198
C3orf67,6.4495325e-06,4199
MARF1,6.449397e-06,4200
RIMS4,6.4476753e-06,4201
C16orf87,6.4475776e-06,4202
BPTF,6.4447636e-06,4203
SLC46A2,6.4436244e-06,4204
GRINA,6.4432857e-06,4205
SUCO,6.439941e-06,4206
LACTB2,6.4385003e-06,4207
GAS7,6.43808e-06,4208
GPR12,6.436369e-06,4209
GRAMD2B,6.4347246e-06,4210
MEGF8,6.4344963e-06,4211
ATXN2,6.4344154e-06,4212
PMP2,6.4343776e-06,4213
STMP1,6.433712e-06,4214
RBM6,6.433518e-06,4215
FIZ1,6.433363e-06,4216
TTC9B,6.432325e-06,4217
SAMD13,6.430846e-06,4218
BEAN1,6.430111e-06,4219
VPS13C,6.427331e-06,4220
MMEL1,6.4269934e-06,4221
C19orf73,6.426456e-06,4222
SPECC1,6.423227e-06,4223
BORCS7,6.422004e-06,4224
GTSF1,6.4206843e-06,4225
NAV2,6.4204505e-06,4226
SERGEF,6.4196433e-06,4227
TMEM254,6.4182864e-06,4228
TEX36,6.4171136e-06,4229
CLEC14A,6.4166547e-06,4230
SLC39A11,6.4162678e-06,4231
JCAD,6.4158166e-06,4232
TWISTNB,6.4156484e-06,4233
CADPS,6.4141586e-06,4234
SMR3A,6.4141177e-06,4235
SPHKAP,6.414113e-06,4236
ERBB3,6.4139867e-06,4237
C2orf88,6.413905e-06,4238
ZBTB39,6.4132305e-06,4239
RALYL,6.4113583e-06,4240
TXLNG,6.4107953e-06,4241
RNF145,6.410007e-06,4242
SPATA6L,6.4097935e-06,4243
VSIR,6.407331e-06,4244
ASAP3,6.406198e-06,4245
FBXO33,6.4041524e-06,4246
SHLD3,6.402998e-06,4247
NSA2,6.402625e-06,4248
CST2,6.401396e-06,4249
ATAD5,6.400329e-06,4250
C1orf56,6.400036e-06,4251
DDI2,6.399877e-06,4252
TMEM9B,6.399494e-06,4253
SAMD9,6.396668e-06,4254
IFNK,6.3925118e-06,4255
RESF1,6.39223e-06,4256
DDX50,6.3918496e-06,4257
DYRK1B,6.3916664e-06,4258
CLK3,6.390362e-06,4259
APOBEC3F,6.3900343e-06,4260
HYLS1,6.383714e-06,4261
RITA1,6.383506e-06,4262
BARX2,6.382881e-06,4263
PEPD,6.379873e-06,4264
TMBIM6,6.379501e-06,4265
NT5DC2,6.3770303e-06,4266
SRFBP1,6.376e-06,4267
GHRL,6.374833e-06,4268
INCA1,6.3747752e-06,4269
ENDOU,6.372268e-06,4270
TOB2,6.3719976e-06,4271
HIST1H3E,6.3702755e-06,4272
CD164L2,6.369807e-06,4273
C11orf65,6.3697644e-06,4274
SCARA3,6.369127e-06,4275
BANF2,6.369011e-06,4276
CDV3,6.3653843e-06,4277
ATXN2L,6.3609987e-06,4278
CXorf65,6.3579055e-06,4279
UBR7,6.3573207e-06,4280
NBPF1,6.354664e-06,4281
MAP3K12,6.3545995e-06,4282
KATNA1,6.3501593e-06,4283
CHURC1,6.349423e-06,4284
NBEAL1,6.348802e-06,4285
MSANTD1,6.3485577e-06,4286
ZNF836,6.3477555e-06,4287
PPP4R3A,6.347511e-06,4288
R3HDM1,6.347343e-06,4289
S100A14,6.346502e-06,4290
IRX3,6.3458847e-06,4291
EML5,6.344786e-06,4292
BCLAF3,6.3443554e-06,4293
TMEM176B,6.342789e-06,4294
KLHL33,6.3409207e-06,4295
AC090360.1,6.338951e-06,4296
MORN3,6.3373527e-06,4297
TMEM25,6.335071e-06,4298
LMLN2,6.333581e-06,4299
STMN3,6.3317702e-06,4300
DNASE1L2,6.3307766e-06,4301
SFR1,6.328254e-06,4302
CLRN1,6.327494e-06,4303
VWA5B2,6.3271445e-06,4304
LRRC74B,6.3258353e-06,4305
CHRDL2,6.3213165e-06,4306
C2orf92,6.319182e-06,4307
TMED8,6.3175307e-06,4308
NEXN,6.3159578e-06,4309
UBE4B,6.314801e-06,4310
RHEX,6.314732e-06,4311
CLEC4F,6.314571e-06,4312
C17orf113,6.31207e-06,4313
CCDC120,6.310185e-06,4314
DCHS1,6.309288e-06,4315
ELK4,6.3087728e-06,4316
CAND2,6.3087537e-06,4317
RABEP2,6.3077387e-06,4318
SLC25A43,6.306165e-06,4319
PPDPF,6.30096e-06,4320
ZNF84,6.3005764e-06,4321
FDCSP,6.3000807e-06,4322
OR5R1,6.299007e-06,4323
NRDC,6.29877e-06,4324
C4orf19,6.2984477e-06,4325
HMCES,6.2983772e-06,4326
RASSF8,6.2954123e-06,4327
CBLN2,6.2953213e-06,4328
PCDHA8,6.294673e-06,4329
RBMS3,6.293075e-06,4330
ULK2,6.292905e-06,4331
WFDC12,6.290465e-06,4332
TIAF1,6.290299e-06,4333
FHL1,6.288379e-06,4334
ZNF891,6.2854206e-06,4335
ZNF280B,6.283024e-06,4336
LRRC37A2,6.282893e-06,4337
TTC30A,6.280826e-06,4338
PRDM6,6.2793406e-06,4339
APCDD1,6.279027e-06,4340
SLC25A52,6.2782615e-06,4341
ZNF587B,6.2761983e-06,4342
RCOR2,6.276038e-06,4343
SLC39A13,6.2728463e-06,4344
ZNF513,6.2704357e-06,4345
EHBP1L1,6.2702456e-06,4346
TPSD1,6.269609e-06,4347
FOXRED2,6.2669455e-06,4348
MON2,6.266346e-06,4349
SREK1IP1,6.265617e-06,4350
WDR13,6.2634444e-06,4351
MAD2L1BP,6.263147e-06,4352
OGFR,6.2619447e-06,4353
CNNM2,6.2604445e-06,4354
RTF2,6.2603785e-06,4355
RTL8B,6.2591525e-06,4356
TMEM145,6.2589424e-06,4357
MMS22L,6.2582603e-06,4358
SPATA31E1,6.258229e-06,4359
BRD3OS,6.2559584e-06,4360
TXNDC16,6.2553127e-06,4361
SNORC,6.2549084e-06,4362
ARID5A,6.2548334e-06,4363
YIPF7,6.2541912e-06,4364
CALCOCO1,6.2528825e-06,4365
GOLT1B,6.250365e-06,4366
MPDZ,6.249688e-06,4367
PRR11,6.248792e-06,4368
DHX30,6.2476993e-06,4369
ADTRP,6.24535e-06,4370
SPAG8,6.240517e-06,4371
TMEM19,6.240297e-06,4372
MARVELD3,6.238515e-06,4373
C5orf51,6.2374675e-06,4374
RNASE4,6.2369195e-06,4375
RFPL4A,6.236798e-06,4376
TRAM2,6.235404e-06,4377
KIZ,6.23504e-06,4378
ZNF576,6.23469e-06,4379
CLPTM1L,6.2339773e-06,4380
PXDNL,6.2325116e-06,4381
ERICH4,6.2323475e-06,4382
PRPF4B,6.230366e-06,4383
PAQR5,6.229937e-06,4384
THAP6,6.2294835e-06,4385
RBM33,6.2286963e-06,4386
MCMDC2,6.2252557e-06,4387
MRNIP,6.224496e-06,4388
C11orf1,6.224037e-06,4389
TMSB15B,6.22049e-06,4390
ANTXR1,6.220135e-06,4391
ZBTB40,6.219719e-06,4392
PGBD5,6.218436e-06,4393
SPEM2,6.2169856e-06,4394
PDZD7,6.212844e-06,4395
KCTD10,6.2122363e-06,4396
Z82206.1,6.211728e-06,4397
LRRK1,6.211385e-06,4398
LRRC37B,6.2110666e-06,4399
PARPBP,6.2098907e-06,4400
PDZD4,6.207196e-06,4401
TMEM54,6.205286e-06,4402
PHF21B,6.2039626e-06,4403
TGIF2LX,6.203209e-06,4404
LEPROTL1,6.2029317e-06,4405
C6orf201,6.202086e-06,4406
LACC1,6.201385e-06,4407
POU1F1,6.2012796e-06,4408
GAS2L1,6.200241e-06,4409
NPAS3,6.2002327e-06,4410
CD3EAP,6.1990218e-06,4411
TCHP,6.198142e-06,4412
ZBED8,6.197538e-06,4413
PRR35,6.1963538e-06,4414
PHF13,6.1953997e-06,4415
SMARCAL1,6.1939436e-06,4416
C8orf34,6.1918654e-06,4417
WDR73,6.1898813e-06,4418
CYSRT1,6.1896935e-06,4419
PNRC1,6.189446e-06,4420
MYOZ3,6.188664e-06,4421
A2ML1,6.1884734e-06,4422
RHBDD3,6.187334e-06,4423
FAM237B,6.1864243e-06,4424
ZNF280D,6.18573e-06,4425
MEX3A,6.1849832e-06,4426
CRIP3,6.18354e-06,4427
AKAP6,6.1827104e-06,4428
YPEL1,6.1817464e-06,4429
S100PBP,6.1816927e-06,4430
ZNF106,6.180374e-06,4431
SPRY4,6.177882e-06,4432
AC011195.2,6.176323e-06,4433
WDR17,6.1756127e-06,4434
TMEM249,6.1750566e-06,4435
MIEN1,6.1741202e-06,4436
FBXL2,6.174063e-06,4437
SLC7A6OS,6.17268e-06,4438
STXBP4,6.171821e-06,4439
LRRN2,6.171262e-06,4440
YTHDF3,6.170487e-06,4441
H1FX,6.169415e-06,4442
ZNF48,6.1681867e-06,4443
ZNF408,6.1662495e-06,4444
SERPINB11,6.1647725e-06,4445
TIE1,6.164716e-06,4446
ADM5,6.1635583e-06,4447
NOXRED1,6.1623828e-06,4448
TMEM62,6.1618302e-06,4449
BOD1L2,6.161611e-06,4450
FOXP4,6.1588316e-06,4451
MFSD12,6.1581713e-06,4452
NDFIP2,6.1571145e-06,4453
TCOF1,6.155008e-06,4454
MIEF2,6.154771e-06,4455
PLCXD1,6.1522724e-06,4456
PTPRQ,6.1486016e-06,4457
SLC35E4,6.1468645e-06,4458
NEMP1,6.1468545e-06,4459
PPP1R35,6.1467326e-06,4460
EFS,6.146208e-06,4461
BTBD2,6.1458627e-06,4462
UNC45A,6.1452247e-06,4463
PMS1,6.1450705e-06,4464
CCDC124,6.142208e-06,4465
KATNB1,6.1410506e-06,4466
FAM181B,6.138646e-06,4467
TNS2,6.1382852e-06,4468
PSD3,6.137368e-06,4469
LINC02218,6.1370247e-06,4470
CINP,6.136614e-06,4471
ROS1,6.1354267e-06,4472
BCAS4,6.133697e-06,4473
FADS6,6.1321134e-06,4474
PIEZO2,6.129436e-06,4475
ITPRIPL1,6.1261635e-06,4476
YIPF2,6.1236915e-06,4477
DEPDC4,6.1233177e-06,4478
LAYN,6.1224764e-06,4479
AL160269.1,6.121615e-06,4480
HHLA2,6.120472e-06,4481
WDR38,6.119756e-06,4482
TRIM16,6.119596e-06,4483
VTCN1,6.1190203e-06,4484
TEX49,6.118526e-06,4485
CARD18,6.118326e-06,4486
FAM210B,6.116894e-06,4487
CREBL2,6.116301e-06,4488
MCTP1,6.1158757e-06,4489
KLHL26,6.112721e-06,4490
CDC42SE1,6.11225e-06,4491
AC008687.4,6.1115006e-06,4492
SGSM2,6.1091914e-06,4493
CFAP70,6.108251e-06,4494
RIBC2,6.1071873e-06,4495
IQCA1,6.106856e-06,4496
ADAL,6.1055953e-06,4497
GMCL1,6.1045557e-06,4498
ZNF888,6.1025526e-06,4499
INKA1,6.101951e-06,4500
HOXC6,6.10031e-06,4501
CCDC148,6.097901e-06,4502
WDR5B,6.0972425e-06,4503
UFC1,6.0963357e-06,4504
SPATA21,6.0952657e-06,4505
AHSA1,6.0942393e-06,4506
STK32A,6.092403e-06,4507
NLRP11,6.0914085e-06,4508
RNASEH2C,6.0910343e-06,4509
KLRC4,6.0897546e-06,4510
NLRP5,6.087799e-06,4511
CEP104,6.0870425e-06,4512
APPBP2,6.0870298e-06,4513
SDF2L1,6.0861585e-06,4514
ARPC5L,6.0860375e-06,4515
CSTL1,6.0858547e-06,4516
FAM111B,6.083954e-06,4517
HIST1H2BH,6.0837087e-06,4518
MMD2,6.08248e-06,4519
SPOCK1,6.080821e-06,4520
TPBG,6.07982e-06,4521
TMEM120A,6.0794946e-06,4522
METAP1D,6.0788507e-06,4523
PRSS45P,6.0775237e-06,4524
DNASE2B,6.0765524e-06,4525
SERPINA7,6.0759908e-06,4526
NDRG4,6.075305e-06,4527
ACTL7B,6.071441e-06,4528
FAM120C,6.070255e-06,4529
GPR108,6.069653e-06,4530
TIMM29,6.0686425e-06,4531
UBQLN4,6.068245e-06,4532
USP51,6.0677316e-06,4533
BRWD3,6.0615566e-06,4534
GSAP,6.060892e-06,4535
BRICD5,6.0604334e-06,4536
ASCL3,6.0593584e-06,4537
SON,6.059142e-06,4538
UMAD1,6.057822e-06,4539
C21orf58,6.0549255e-06,4540
ATAD3C,6.0546936e-06,4541
H1F0,6.0530824e-06,4542
DKKL1,6.0521315e-06,4543
MRFAP1,6.0515604e-06,4544
WBP1L,6.050035e-06,4545
DNAJB2,6.0496977e-06,4546
MFSD13A,6.0460798e-06,4547
EFCAB12,6.046053e-06,4548
MYO1F,6.0457737e-06,4549
TOE1,6.045677e-06,4550
TLCD3B,6.0455773e-06,4551
C14orf132,6.0450348e-06,4552
ALX1,6.0443963e-06,4553
RAPGEF5,6.043995e-06,4554
GRAMD1A,6.0434336e-06,4555
KAZALD1,6.043113e-06,4556
KMT2E,6.0404136e-06,4557
P4HTM,6.039274e-06,4558
PREP,6.037344e-06,4559
ARMH4,6.036461e-06,4560
NWD2,6.0348093e-06,4561
ZC3H6,6.034349e-06,4562
NEK3,6.0342436e-06,4563
TTC28,6.0326292e-06,4564
ZGLP1,6.0312796e-06,4565
ZNF850,6.030848e-06,4566
ECHDC3,6.0290085e-06,4567
MAK16,6.0260772e-06,4568
TM9SF3,6.0253233e-06,4569
C17orf100,6.0250304e-06,4570
CLIC4,6.0210295e-06,4571
MRGPRG,6.019905e-06,4572
PCP4L1,6.0189886e-06,4573
RTTN,6.0187285e-06,4574
AP002495.1,6.0165953e-06,4575
BRSK1,6.0164557e-06,4576
ZNF182,6.0152624e-06,4577
SHCBP1,6.0136335e-06,4578
PCNX4,6.0135467e-06,4579
TRIM52,6.01244e-06,4580
TSSK6,6.0120637e-06,4581
HMGN4,6.011427e-06,4582
ADGRD2,6.0100365e-06,4583
TRIB2,6.0092443e-06,4584
ZNF780B,6.008868e-06,4585
TMEM63B,6.0064954e-06,4586
METTL18,6.0056227e-06,4587
DISC1,6.00536e-06,4588
C1orf116,6.002523e-06,4589
C12orf43,6.001449e-06,4590
E4F1,6.0004168e-06,4591
PHACTR4,5.999944e-06,4592
VAX2,5.9996228e-06,4593
ENKUR,5.9976774e-06,4594
TM2D3,5.9971976e-06,4595
ELAVL4,5.996315e-06,4596
BMT2,5.9963127e-06,4597
FAM9B,5.995683e-06,4598
SNPH,5.9956637e-06,4599
DEPDC1,5.9952363e-06,4600
DNAJC14,5.994457e-06,4601
TINAG,5.992334e-06,4602
TCEAL3,5.992044e-06,4603
CREB5,5.990731e-06,4604
GPATCH3,5.990565e-06,4605
PRPF40B,5.9881168e-06,4606
LYG1,5.9860977e-06,4607
PCDHGA3,5.9853564e-06,4608
DGCR2,5.98359e-06,4609
C2orf91,5.9806844e-06,4610
SOX14,5.97123e-06,4611
FNDC3B,5.9705353e-06,4612
KIAA1143,5.970134e-06,4613
PWWP3A,5.9692243e-06,4614
PPP1R1C,5.968818e-06,4615
HMGB3,5.9653166e-06,4616
SALL3,5.9624113e-06,4617
FASTK,5.9615577e-06,4618
ZNF322,5.9602344e-06,4619
ZBTB46,5.95881e-06,4620
PIFO,5.9587874e-06,4621
USP27X,5.9583244e-06,4622
RUNDC3A,5.957951e-06,4623
ZMYND19,5.9571307e-06,4624
TMEM256,5.954339e-06,4625
SNX22,5.95365e-06,4626
PCGF1,5.9533663e-06,4627
SSUH2,5.9520416e-06,4628
PAIP2B,5.9517142e-06,4629
TEX19,5.9497634e-06,4630
ZNF501,5.9489294e-06,4631
TNNI3K,5.944903e-06,4632
DNAH8,5.9448676e-06,4633
ATL1,5.944099e-06,4634
LETM2,5.9430577e-06,4635
C12orf81,5.9429167e-06,4636
PPP4R1,5.9425124e-06,4637
RECQL4,5.941947e-06,4638
VSIG10L2,5.941882e-06,4639
MFRP,5.9418494e-06,4640
ZC2HC1A,5.9412314e-06,4641
PRDM10,5.9404956e-06,4642
ZSCAN16,5.9342133e-06,4643
WDR27,5.933451e-06,4644
SAMD1,5.9334166e-06,4645
ZNF580,5.93279e-06,4646
LMLN,5.9313215e-06,4647
TMEM199,5.9298827e-06,4648
TMEM221,5.929094e-06,4649
TMEM106C,5.928652e-06,4650
VWDE,5.9279464e-06,4651
LTO1,5.9271597e-06,4652
POPDC3,5.9258464e-06,4653
TBC1D19,5.925474e-06,4654
GSKIP,5.9252625e-06,4655
CD276,5.9186677e-06,4656
DMXL2,5.9183885e-06,4657
GASK1A,5.917944e-06,4658
MATN2,5.9174668e-06,4659
SYNPO2L,5.9137674e-06,4660
ZNF639,5.908088e-06,4661
MFSD6L,5.9078575e-06,4662
AMOT,5.907178e-06,4663
GUCD1,5.906514e-06,4664
SYNRG,5.9058657e-06,4665
TMEM138,5.905351e-06,4666
SRCIN1,5.905289e-06,4667
CISD2,5.904105e-06,4668
MSMB,5.903787e-06,4669
AMER2,5.9004797e-06,4670
SPATC1L,5.8985297e-06,4671
ECHDC1,5.8983424e-06,4672
TCF21,5.8981086e-06,4673
DZANK1,5.8971664e-06,4674
GNB1L,5.8946666e-06,4675
COA7,5.893532e-06,4676
LRRC73,5.889996e-06,4677
SFXN5,5.885049e-06,4678
SHOX,5.884952e-06,4679
LHFPL1,5.8833684e-06,4680
LMBR1,5.882336e-06,4681
SIM1,5.8823107e-06,4682
TMCO3,5.881984e-06,4683
SEPTIN10,5.881271e-06,4684
KCNJ13,5.88043e-06,4685
CAMKV,5.8786236e-06,4686
LRRC40,5.876148e-06,4687
RTP3,5.875434e-06,4688
CENPJ,5.8737633e-06,4689
ZSCAN1,5.872126e-06,4690
FAM133B,5.8709275e-06,4691
SAR1A,5.8693977e-06,4692
TCTEX1D2,5.8677333e-06,4693
FRMD4A,5.867694e-06,4694
USP53,5.867035e-06,4695
C2CD4A,5.8665496e-06,4696
C12orf73,5.86541e-06,4697
SFXN2,5.865283e-06,4698
CDPF1,5.864712e-06,4699
TTI1,5.8646183e-06,4700
MARCH2,5.8642945e-06,4701
FAM177B,5.8639453e-06,4702
ARMCX4,5.863859e-06,4703
RTL5,5.8614073e-06,4704
NGDN,5.8594587e-06,4705
RIMS3,5.859183e-06,4706
C6orf89,5.8584105e-06,4707
SAPCD1,5.857016e-06,4708
TFDP3,5.855587e-06,4709
FAM78B,5.8551013e-06,4710
INTS6L,5.854571e-06,4711
SPATA9,5.8532814e-06,4712
LRRC69,5.8530723e-06,4713
SLC46A3,5.852964e-06,4714
CHAMP1,5.852866e-06,4715
BICDL1,5.8525548e-06,4716
SMTNL1,5.852178e-06,4717
CERCAM,5.8515834e-06,4718
VMA21,5.8503115e-06,4719
CEP68,5.8490555e-06,4720
ZFP92,5.8472733e-06,4721
NSG2,5.8462756e-06,4722
SEZ6,5.845345e-06,4723
ANKRD65,5.8446626e-06,4724
NEXMIF,5.8444166e-06,4725
SLC9A3R2,5.844254e-06,4726
LRRC25,5.8428486e-06,4727
MFSD1,5.842694e-06,4728
IL17D,5.842201e-06,4729
DHX33,5.842078e-06,4730
VPS13B,5.841032e-06,4731
PRUNE1,5.8371693e-06,4732
EDF1,5.836122e-06,4733
ZNF852,5.8354244e-06,4734
LURAP1,5.833865e-06,4735
NIFK,5.83376e-06,4736
HTRA4,5.833555e-06,4737
MICAL3,5.8327896e-06,4738
IGDCC4,5.832531e-06,4739
SH3PXD2B,5.832161e-06,4740
SFXN3,5.8297405e-06,4741
CFAP97D2,5.828276e-06,4742
ABHD11,5.8280502e-06,4743
ZBTB49,5.827739e-06,4744
HIPK3,5.8276646e-06,4745
FAM184A,5.8274723e-06,4746
CENPBD1,5.827186e-06,4747
AC233723.1,5.8264186e-06,4748
REEP3,5.8243313e-06,4749
CCL23,5.8220576e-06,4750
SEMA6C,5.821852e-06,4751
MEIS2,5.820859e-06,4752
FAM131A,5.8182522e-06,4753
MCTS1,5.816716e-06,4754
UBP1,5.813484e-06,4755
RNF187,5.809809e-06,4756
TMEM151A,5.809657e-06,4757
CORO2B,5.8086803e-06,4758
FIBP,5.808676e-06,4759
NANOGP8,5.8077103e-06,4760
SMIM41,5.8070113e-06,4761
CEP85L,5.8069227e-06,4762
CLIP4,5.8066526e-06,4763
KBTBD12,5.805343e-06,4764
PLPP7,5.8053015e-06,4765
PABPC4,5.804738e-06,4766
IGSF11,5.803866e-06,4767
C2orf73,5.7998004e-06,4768
SERBP1,5.7988455e-06,4769
DNAJB13,5.79711e-06,4770
NAV1,5.7960947e-06,4771
TMEM123,5.7915718e-06,4772
H3F3B,5.7880043e-06,4773
NAA20,5.787569e-06,4774
CCDC86,5.7853867e-06,4775
PHOSPHO2,5.785364e-06,4776
GSX1,5.784837e-06,4777
TMEM131,5.784076e-06,4778
ZFYVE9,5.783707e-06,4779
FAM136A,5.782032e-06,4780
SIPA1L2,5.7810853e-06,4781
TERB1,5.7807047e-06,4782
ZNF276,5.779401e-06,4783
GPR101,5.77839e-06,4784
APOLD1,5.7778675e-06,4785
RNF208,5.776586e-06,4786
PIP4P2,5.7747084e-06,4787
MAGEB2,5.7743155e-06,4788
SBNO1,5.77387e-06,4789
NOL7,5.772982e-06,4790
BRI3BP,5.771465e-06,4791
SLC25A47,5.770081e-06,4792
KRTCAP3,5.769415e-06,4793
MINDY4B,5.7682887e-06,4794
CCDC173,5.7670395e-06,4795
PNMA1,5.7662905e-06,4796
CEMP1,5.7645193e-06,4797
YARS,5.762906e-06,4798
C2orf66,5.7595075e-06,4799
ZNF608,5.757647e-06,4800
PSORS1C2,5.7575985e-06,4801
NT5DC3,5.7568836e-06,4802
CHAF1B,5.7552406e-06,4803
FAM178B,5.755158e-06,4804
ANKRD39,5.755024e-06,4805
EFCAB11,5.7548796e-06,4806
MEX3D,5.750874e-06,4807
ATMIN,5.7502257e-06,4808
MPP6,5.7495176e-06,4809
RFXANK,5.7482857e-06,4810
UAP1L1,5.748117e-06,4811
PRPH2,5.7475513e-06,4812
ZNF24,5.747041e-06,4813
ATRNL1,5.7468465e-06,4814
MLC1,5.746083e-06,4815
LMNB2,5.7460215e-06,4816
TFAP4,5.7452535e-06,4817
BMP2K,5.741599e-06,4818
CDC42BPG,5.741405e-06,4819
NRBF2,5.7406437e-06,4820
MIA,5.739503e-06,4821
SORCS3,5.7391335e-06,4822
MDN1,5.738758e-06,4823
SPIC,5.737806e-06,4824
TSPAN11,5.7361412e-06,4825
PRRC2A,5.7360685e-06,4826
ADGRA3,5.735539e-06,4827
SPATA5L1,5.7353545e-06,4828
CCN6,5.7349366e-06,4829
GREB1L,5.7329817e-06,4830
FNBP4,5.7329444e-06,4831
CEP120,5.729933e-06,4832
NIBAN2,5.729905e-06,4833
FICD,5.728757e-06,4834
BX255925.3,5.728367e-06,4835
MAP3K10,5.7278653e-06,4836
FAM102A,5.7263933e-06,4837
PTK7,5.726338e-06,4838
DDIAS,5.726165e-06,4839
TMEM18,5.725184e-06,4840
DBNDD1,5.7249003e-06,4841
NEDD9,5.724328e-06,4842
C4orf48,5.7186685e-06,4843
CHST9,5.716226e-06,4844
RNF207,5.7141924e-06,4845
MPV17L,5.7130137e-06,4846
CLSTN1,5.712124e-06,4847
ELMOD1,5.7086377e-06,4848
MFHAS1,5.707443e-06,4849
GTSF1L,5.70417e-06,4850
STEAP1,5.7029897e-06,4851
CDC20B,5.7023317e-06,4852
TMEM107,5.7017855e-06,4853
DTD2,5.7001866e-06,4854
LARP4,5.698186e-06,4855
HMX1,5.6976855e-06,4856
PDCL3,5.697054e-06,4857
C19orf25,5.695865e-06,4858
BLID,5.6937133e-06,4859
HMX3,5.6911877e-06,4860
OXNAD1,5.6911003e-06,4861
RASSF9,5.6908075e-06,4862
ASAP2,5.6879417e-06,4863
ADCK5,5.686882e-06,4864
DENND11,5.6867825e-06,4865
SSBP4,5.685948e-06,4866
MEGF9,5.6854715e-06,4867
LRCH4,5.68284e-06,4868
CIAO2A,5.6821427e-06,4869
DDX25,5.6811914e-06,4870
LRRC61,5.6808076e-06,4871
TEX30,5.6807785e-06,4872
ICK,5.676051e-06,4873
ZC3H7B,5.675877e-06,4874
C8orf76,5.6756035e-06,4875
TTK,5.674429e-06,4876
SNX17,5.6732315e-06,4877
AIF1L,5.673107e-06,4878
C22orf39,5.672571e-06,4879
ENTR1,5.6707177e-06,4880
CPNE2,5.670715e-06,4881
LRRFIP2,5.66981e-06,4882
HECA,5.6677095e-06,4883
TEKT2,5.66739e-06,4884
STK35,5.667275e-06,4885
VSTM1,5.6672498e-06,4886
NOL4,5.666449e-06,4887
PCDHGA11,5.6631034e-06,4888
DMRTA1,5.66201e-06,4889
HIST1H2BB,5.6614317e-06,4890
ZNF365,5.6601575e-06,4891
DHRS11,5.6599283e-06,4892
CXorf38,5.658589e-06,4893
AFDN,5.6583267e-06,4894
KLHL23,5.6583176e-06,4895
NINJ1,5.6577164e-06,4896
ZNF488,5.656636e-06,4897
WDR61,5.6559356e-06,4898
MACROD2,5.6559047e-06,4899
SAMD10,5.6550816e-06,4900
LBHD1,5.6547838e-06,4901
ADGRB2,5.653328e-06,4902
PDE6H,5.651851e-06,4903
ZNF789,5.6514973e-06,4904
SPG11,5.650032e-06,4905
SMARCAD1,5.648274e-06,4906
STK40,5.6482104e-06,4907
PPP6R2,5.6476842e-06,4908
CARD16,5.646475e-06,4909
SETMAR,5.645543e-06,4910
THAP9,5.644184e-06,4911
SRRM4,5.643474e-06,4912
CMTM5,5.6420595e-06,4913
GPM6A,5.638961e-06,4914
MS4A12,5.638064e-06,4915
FOXL2NB,5.6376193e-06,4916
CA11,5.6365047e-06,4917
PODNL1,5.6351555e-06,4918
SOX12,5.634386e-06,4919
SELENON,5.633031e-06,4920
UBLCP1,5.6317613e-06,4921
DNAJC1,5.6279127e-06,4922
PCDHGA1,5.627663e-06,4923
C1QTNF1,5.6258846e-06,4924
PPAN,5.6255653e-06,4925
CCDC28B,5.6211175e-06,4926
ZNF7,5.6209597e-06,4927
RASSF3,5.620517e-06,4928
CMTM4,5.6193667e-06,4929
TRAM1L1,5.619311e-06,4930
TMEM53,5.6183853e-06,4931
C11orf97,5.6164845e-06,4932
ANXA11,5.6161616e-06,4933
CD5,5.6152135e-06,4934
LIMCH1,5.6133513e-06,4935
FIBCD1,5.610014e-06,4936
SLCO5A1,5.609637e-06,4937
TONSL,5.608919e-06,4938
SIRT7,5.6070276e-06,4939
SMOX,5.606925e-06,4940
RSBN1,5.6049666e-06,4941
ADSSL1,5.603969e-06,4942
CDRT15,5.6023914e-06,4943
C2CD2,5.601025e-06,4944
SPPL2C,5.6008257e-06,4945
GIMAP4,5.5999053e-06,4946
ZNF654,5.5992664e-06,4947
FOXD4L5,5.5991786e-06,4948
FAM207A,5.5986775e-06,4949
SAT2,5.5983037e-06,4950
TRIM44,5.5944233e-06,4951
OXR1,5.5942974e-06,4952
SETBP1,5.593165e-06,4953
FAM104B,5.5923065e-06,4954
ZSCAN20,5.5894625e-06,4955
NAALADL1,5.5883434e-06,4956
MAST2,5.586783e-06,4957
SPOUT1,5.5847804e-06,4958
HDDC2,5.5839864e-06,4959
NOP16,5.583898e-06,4960
CLGN,5.5802598e-06,4961
BLOC1S5,5.579073e-06,4962
SLC4A11,5.57839e-06,4963
PALD1,5.57676e-06,4964
OSBP2,5.5728897e-06,4965
TCEAL8,5.5727974e-06,4966
FUBP3,5.572671e-06,4967
CFAP157,5.5693536e-06,4968
PYROXD2,5.5681744e-06,4969
AEN,5.5673763e-06,4970
GARNL3,5.5670894e-06,4971
RER1,5.565359e-06,4972
GLRA4,5.5643222e-06,4973
MFSD9,5.5626006e-06,4974
RNF151,5.5622695e-06,4975
KITLG,5.5620267e-06,4976
ZBTB10,5.561932e-06,4977
ZFR2,5.561858e-06,4978
CMTM3,5.56097e-06,4979
TJAP1,5.560712e-06,4980
CELF5,5.560494e-06,4981
SEPTIN11,5.560368e-06,4982
IQCF2,5.5582113e-06,4983
ZNF672,5.557615e-06,4984
HOXB5,5.556016e-06,4985
GALK2,5.555962e-06,4986
TEX33,5.555138e-06,4987
PARM1,5.554549e-06,4988
PLEKHB1,5.5536525e-06,4989
RALGPS1,5.5534997e-06,4990
PIBF1,5.5487926e-06,4991
C10orf62,5.548442e-06,4992
TCEAL4,5.547655e-06,4993
TSPAN32,5.5475402e-06,4994
KBTBD4,5.5450337e-06,4995
PLEKHB2,5.5431938e-06,4996
ZXDA,5.542005e-06,4997
C7orf50,5.5418373e-06,4998
TRUB1,5.541461e-06,4999
ARPIN,5.5409528e-06,5000
TXNDC17,5.540687e-06,5001
KLF14,5.540294e-06,5002
PGBD1,5.539984e-06,5003
PI16,5.5398123e-06,5004
RUBCNL,5.5396613e-06,5005
ZBTB37,5.5385863e-06,5006
ANKRD30BL,5.538359e-06,5007
FAM222A,5.538314e-06,5008
CCDC125,5.5372293e-06,5009
BEND7,5.5372084e-06,5010
UBASH3A,5.536248e-06,5011
RNH1,5.533484e-06,5012
ARL14EP,5.532782e-06,5013
ACP4,5.532198e-06,5014
NXPH1,5.5320725e-06,5015
PRDM13,5.5307364e-06,5016
WDR92,5.5306837e-06,5017
ACTL8,5.530298e-06,5018
TENT5A,5.5291503e-06,5019
DARS,5.5270466e-06,5020
NOP53,5.526753e-06,5021
GFI1B,5.5249093e-06,5022
ZHX1,5.523866e-06,5023
ZCWPW1,5.5234577e-06,5024
ANKRD50,5.521819e-06,5025
TMPRSS15,5.521684e-06,5026
C1orf162,5.5202563e-06,5027
ASNSD1,5.518419e-06,5028
TPPP3,5.5179576e-06,5029
TMEM150A,5.516841e-06,5030
TNPO3,5.516735e-06,5031
C17orf58,5.5150304e-06,5032
TERB2,5.5148844e-06,5033
PTPRG,5.5135297e-06,5034
DESI2,5.513387e-06,5035
ZNFX1,5.5124933e-06,5036
ARIH2OS,5.5122755e-06,5037
MAATS1,5.510901e-06,5038
ZFP3,5.510257e-06,5039
CGREF1,5.50979e-06,5040
ANTXRL,5.5087335e-06,5041
PKIG,5.5072287e-06,5042
TAL2,5.5065384e-06,5043
RANBP6,5.5054643e-06,5044
TMEM39B,5.5053524e-06,5045
MARVELD1,5.504074e-06,5046
SNTG1,5.5038354e-06,5047
OOEP,5.503184e-06,5048
PCDHB2,5.500535e-06,5049
FAM122C,5.4999964e-06,5050
AZI2,5.499339e-06,5051
UBTD1,5.4991824e-06,5052
C16orf58,5.4990974e-06,5053
OLFM1,5.4944385e-06,5054
MEIS3,5.4919883e-06,5055
MTSS1,5.4910874e-06,5056
B3GNT10,5.4898906e-06,5057
VMO1,5.4893208e-06,5058
HINT3,5.488792e-06,5059
FAM78A,5.487298e-06,5060
PRCD,5.486687e-06,5061
EIF4EBP3,5.486144e-06,5062
DNAJC9,5.4852635e-06,5063
TOMM34,5.4847305e-06,5064
UEVLD,5.484558e-06,5065
ACYP2,5.483931e-06,5066
ZNF330,5.4839165e-06,5067
MLXIP,5.483005e-06,5068
SH3BGRL3,5.4829106e-06,5069
MPND,5.4826196e-06,5070
WDR66,5.4824086e-06,5071
PUSL1,5.48141e-06,5072
MOB2,5.4798884e-06,5073
CD37,5.479725e-06,5074
ZBTB25,5.479036e-06,5075
LYRM9,5.4784173e-06,5076
FBXO3,5.476279e-06,5077
SLC25A53,5.4753027e-06,5078
TMEM255A,5.47486e-06,5079
C9orf64,5.471216e-06,5080
LLPH,5.470941e-06,5081
GPRIN3,5.4709085e-06,5082
OLIG1,5.4706466e-06,5083
ANKS6,5.46983e-06,5084
ANKS3,5.4692673e-06,5085
ATP5MGL,5.469189e-06,5086
ELAVL3,5.4685497e-06,5087
FKBP7,5.4683082e-06,5088
CCDC17,5.468053e-06,5089
NSMF,5.4675065e-06,5090
PCDHA9,5.466949e-06,5091
DNAJC18,5.466362e-06,5092
TMEM182,5.4662323e-06,5093
PEX11G,5.4654593e-06,5094
EPHX3,5.465409e-06,5095
CLSTN3,5.4633697e-06,5096
SIPA1L3,5.459562e-06,5097
PPP1R37,5.4592656e-06,5098
CALHM2,5.457642e-06,5099
ABCC12,5.4575576e-06,5100
MBNL1,5.4569864e-06,5101
IRX6,5.4560433e-06,5102
GPT2,5.455454e-06,5103
XPO4,5.453693e-06,5104
CASKIN2,5.453348e-06,5105
WDFY2,5.4533475e-06,5106
CIP2A,5.4529555e-06,5107
ZDBF2,5.451422e-06,5108
LRRC4,5.451153e-06,5109
MAPK1IP1L,5.45093e-06,5110
ANKRD44,5.4494894e-06,5111
PLPBP,5.4478714e-06,5112
TXNL4B,5.4476077e-06,5113
RTP4,5.447162e-06,5114
C20orf27,5.4463226e-06,5115
UHRF1BP1L,5.4461802e-06,5116
TSPAN17,5.445778e-06,5117
DHX29,5.4455977e-06,5118
MMP21,5.4455013e-06,5119
RBFA,5.4452667e-06,5120
DHX32,5.443403e-06,5121
UBAC2,5.442743e-06,5122
INVS,5.4423354e-06,5123
CCDC71,5.441595e-06,5124
PLLP,5.4378315e-06,5125
MAGEB5,5.4370275e-06,5126
NCKAP5,5.43551e-06,5127
SLC22A18AS,5.4340785e-06,5128
SRPK3,5.433634e-06,5129
NKAIN3,5.4333887e-06,5130
CCNL2,5.433225e-06,5131
NREP,5.433091e-06,5132
CCDC51,5.431243e-06,5133
GOLPH3L,5.4277803e-06,5134
SKOR1,5.4266093e-06,5135
DUSP15,5.426404e-06,5136
PGPEP1,5.423941e-06,5137
ST7,5.4230986e-06,5138
CMTM8,5.421538e-06,5139
NRROS,5.419689e-06,5140
LCN8,5.4195334e-06,5141
DLK2,5.4169295e-06,5142
C5orf15,5.413256e-06,5143
PINLYP,5.411346e-06,5144
ERFL,5.410163e-06,5145
CCNB1IP1,5.408557e-06,5146
SLC35G1,5.407548e-06,5147
BEX1,5.4066395e-06,5148
TTC30B,5.405638e-06,5149
C1RL,5.4039406e-06,5150
ACP7,5.402789e-06,5151
ZNHIT6,5.4022566e-06,5152
ARMC10,5.4010025e-06,5153
KCTD5,5.3996155e-06,5154
NKAIN4,5.398594e-06,5155
CCDC66,5.397013e-06,5156
MTERF2,5.3946237e-06,5157
SPINT4,5.3939375e-06,5158
KIAA0586,5.393239e-06,5159
RRNAD1,5.3923936e-06,5160
XKR4,5.391541e-06,5161
ADAM7,5.39092e-06,5162
PHF23,5.3903696e-06,5163
RBM15B,5.389071e-06,5164
PCNX3,5.3889225e-06,5165
ARGLU1,5.388752e-06,5166
FYCO1,5.3887234e-06,5167
BTBD18,5.388679e-06,5168
RNF122,5.387692e-06,5169
FAIM2,5.3876506e-06,5170
MKNK2,5.3874337e-06,5171
RNF112,5.3870194e-06,5172
SH3RF2,5.3867407e-06,5173
CEP128,5.386244e-06,5174
CYB5D2,5.385834e-06,5175
SENP6,5.384353e-06,5176
KNCN,5.3838176e-06,5177
OPALIN,5.3834383e-06,5178
SPTY2D1OS,5.3805315e-06,5179
SP2,5.3798685e-06,5180
GUF1,5.3786266e-06,5181
C18orf21,5.3777076e-06,5182
RTL8C,5.3772897e-06,5183
RNASE11,5.3762774e-06,5184
MANSC4,5.375751e-06,5185
ASPHD1,5.3744134e-06,5186
MRAP,5.3739764e-06,5187
SARS,5.3731765e-06,5188
NKTR,5.3713993e-06,5189
MAP2,5.3712693e-06,5190
MAP7D2,5.37066e-06,5191
CFAP97,5.3705835e-06,5192
STK33,5.3700696e-06,5193
ZGPAT,5.3689578e-06,5194
SPATS2L,5.3660524e-06,5195
MARCH1,5.3654358e-06,5196
LRRC53,5.3649683e-06,5197
MIPEP,5.364873e-06,5198
C5orf30,5.363887e-06,5199
UBL4B,5.363204e-06,5200
APOBEC3D,5.361552e-06,5201
MMD,5.357241e-06,5202
RERE,5.3570193e-06,5203
SDF2,5.35672e-06,5204
ACTR6,5.3546783e-06,5205
ARMH1,5.353162e-06,5206
SLF2,5.352524e-06,5207
SLC35G3,5.3524914e-06,5208
TMEM97,5.3513236e-06,5209
VWCE,5.350471e-06,5210
TMEM242,5.349017e-06,5211
FER1L6,5.34853e-06,5212
DNAJC28,5.3470376e-06,5213
SMAP2,5.3460008e-06,5214
TBC1D12,5.3452477e-06,5215
TMEM200C,5.3443446e-06,5216
DNTTIP2,5.342117e-06,5217
PCDHB9,5.341926e-06,5218
FAM228B,5.341269e-06,5219
BEND2,5.339582e-06,5220
TTI2,5.3364215e-06,5221
HOOK3,5.336197e-06,5222
SYTL3,5.335153e-06,5223
SIMC1,5.334962e-06,5224
C11orf52,5.332985e-06,5225
PLCXD2,5.3327717e-06,5226
LRPAP1,5.330743e-06,5227
FAM3A,5.328833e-06,5228
ARGFX,5.3285603e-06,5229
RNF17,5.3269323e-06,5230
TLK2,5.326443e-06,5231
KIAA1191,5.3264284e-06,5232
TMEM44,5.3261992e-06,5233
SNX30,5.3261e-06,5234
CREBZF,5.3250615e-06,5235
DOC2B,5.3240274e-06,5236
EXO5,5.3223134e-06,5237
CRELD2,5.321983e-06,5238
TMEM35A,5.321848e-06,5239
ZNF236,5.321691e-06,5240
CFAP299,5.3203753e-06,5241
ARSE,5.3196395e-06,5242
AASDH,5.3196036e-06,5243
POC1A,5.3189933e-06,5244
AKAP4,5.3189915e-06,5245
MYH1,5.3186177e-06,5246
GANC,5.318192e-06,5247
TBX22,5.31677e-06,5248
NOC3L,5.3160147e-06,5249
C9orf16,5.3158237e-06,5250
C12orf49,5.313847e-06,5251
FHIT,5.3128897e-06,5252
GLIPR1L2,5.311432e-06,5253
CHIC2,5.3111708e-06,5254
ZNF316,5.3108993e-06,5255
TELO2,5.3104072e-06,5256
RPRM,5.3101257e-06,5257
HMGXB4,5.310112e-06,5258
TBC1D5,5.309991e-06,5259
SHFL,5.3093854e-06,5260
LDLRAD4,5.308393e-06,5261
CCDC6,5.306691e-06,5262
DCAF12,5.3056096e-06,5263
FOSL2,5.300947e-06,5264
ANKRD13A,5.30063e-06,5265
PRRT1,5.2988353e-06,5266
NUGGC,5.295992e-06,5267
MTX3,5.295675e-06,5268
RTL6,5.295532e-06,5269
GSTCD,5.294961e-06,5270
SEC14L2,5.294474e-06,5271
C11orf95,5.294095e-06,5272
SMYD4,5.2934975e-06,5273
NAA50,5.2929745e-06,5274
SMAP1,5.2916985e-06,5275
RNF149,5.2905507e-06,5276
ZNF783,5.2903283e-06,5277
ZNF502,5.288197e-06,5278
DEPTOR,5.288196e-06,5279
RAP2A,5.283032e-06,5280
NARS,5.282961e-06,5281
NCS1,5.282916e-06,5282
VAT1L,5.2828764e-06,5283
ULK4,5.2826254e-06,5284
USP46,5.2802216e-06,5285
NTMT1,5.276459e-06,5286
RGL4,5.276316e-06,5287
RUFY4,5.2751157e-06,5288
TMEM225B,5.2704463e-06,5289
TAZ,5.2703854e-06,5290
YTHDF2,5.269389e-06,5291
UBR3,5.2690475e-06,5292
SPAG16,5.265941e-06,5293
ATE1,5.265799e-06,5294
PRXL2A,5.264408e-06,5295
C2CD2L,5.261865e-06,5296
UBE2QL1,5.261766e-06,5297
MYCBP,5.2609003e-06,5298
TPRG1L,5.260608e-06,5299
CCDC151,5.2602604e-06,5300
OPA3,5.260159e-06,5301
WDR62,5.259872e-06,5302
MARCH7,5.259728e-06,5303
CPZ,5.258806e-06,5304
DNAJB5,5.256718e-06,5305
ACAP3,5.2558344e-06,5306
CEP55,5.2498153e-06,5307
CFAP69,5.2495902e-06,5308
FBRSL1,5.2486453e-06,5309
DDX59,5.2473943e-06,5310
C6orf58,5.2459936e-06,5311
EFCAB2,5.2451314e-06,5312
SAYSD1,5.2384985e-06,5313
PIH1D2,5.237588e-06,5314
AOAH,5.237494e-06,5315
GPBP1L1,5.2369414e-06,5316
ANKRD40,5.236384e-06,5317
C22orf23,5.234965e-06,5318
SEMA4G,5.2349546e-06,5319
LAP3,5.234192e-06,5320
NFAT5,5.23309e-06,5321
C16orf72,5.232716e-06,5322
EFCAB14,5.232253e-06,5323
DACT2,5.228777e-06,5324
LARP1B,5.2278315e-06,5325
SCARB1,5.2245578e-06,5326
MORN2,5.224537e-06,5327
RILPL2,5.2235914e-06,5328
DPP8,5.2220803e-06,5329
PHACTR1,5.2204323e-06,5330
TCTE3,5.220362e-06,5331
PRMT9,5.219921e-06,5332
LRP1B,5.218933e-06,5333
AMZ2,5.218869e-06,5334
SLC30A7,5.216753e-06,5335
TMEM237,5.2167425e-06,5336
TMEM247,5.2164323e-06,5337
CUEDC1,5.2160244e-06,5338
EPHX4,5.214444e-06,5339
CHIC1,5.210989e-06,5340
TROAP,5.209638e-06,5341
TLK1,5.2085834e-06,5342
NCBP2AS2,5.2079304e-06,5343
ZNF410,5.206197e-06,5344
GPR162,5.2049245e-06,5345
PAXX,5.204298e-06,5346
DNAJB12,5.204104e-06,5347
CELSR1,5.203802e-06,5348
GSC2,5.203076e-06,5349
PMFBP1,5.2007654e-06,5350
DNPEP,5.199776e-06,5351
ANKRD10,5.198811e-06,5352
SNX15,5.197142e-06,5353
PPP1R26,5.1949864e-06,5354
DPEP3,5.1927955e-06,5355
KLHDC8A,5.1925085e-06,5356
PBDC1,5.189787e-06,5357
C16orf91,5.188149e-06,5358
ZMYM1,5.185497e-06,5359
TMTC2,5.185061e-06,5360
PDZD8,5.1849793e-06,5361
FETUB,5.1844404e-06,5362
ANKRD12,5.184307e-06,5363
CSNKA2IP,5.1838742e-06,5364
AP3B2,5.1829693e-06,5365
PNKD,5.182138e-06,5366
PGAP2,5.181622e-06,5367
TMX4,5.1816164e-06,5368
ZFHX2,5.1815214e-06,5369
LRRC57,5.180476e-06,5370
TMEM267,5.180435e-06,5371
TMEM175,5.1795078e-06,5372
FREM1,5.178609e-06,5373
C20orf204,5.178599e-06,5374
ZNF318,5.1783054e-06,5375
TMEM181,5.1778497e-06,5376
CILP2,5.1774987e-06,5377
TMEM38B,5.175696e-06,5378
ARMCX1,5.175545e-06,5379
SLC2A4RG,5.17407e-06,5380
JAGN1,5.1735024e-06,5381
PRAMEF10,5.1726947e-06,5382
NATD1,5.1705983e-06,5383
SGSM3,5.1700117e-06,5384
AC013470.2,5.168765e-06,5385
SPIN4,5.1674424e-06,5386
HMGN1,5.167164e-06,5387
CAPS,5.165885e-06,5388
GNL2,5.165397e-06,5389
DTWD2,5.165358e-06,5390
SEPTIN9,5.1613447e-06,5391
OTUD4,5.160619e-06,5392
TIGD5,5.157239e-06,5393
MFSD8,5.1571337e-06,5394
MAPK8IP1,5.1569896e-06,5395
NOL4L,5.1565517e-06,5396
DEF8,5.156222e-06,5397
DDX19B,5.155724e-06,5398
NDFIP1,5.155275e-06,5399
BSCL2,5.1550883e-06,5400
PNCK,5.1548673e-06,5401
LRRC47,5.153517e-06,5402
SLX4IP,5.1531224e-06,5403
STPG3,5.1530715e-06,5404
C12orf4,5.1519987e-06,5405
NPM3,5.1515713e-06,5406
TMA16,5.1511793e-06,5407
XPNPEP1,5.150927e-06,5408
PARP3,5.1508105e-06,5409
DYNLT3,5.149672e-06,5410
ZNF653,5.1484362e-06,5411
ERMAP,5.1470015e-06,5412
CLN8,5.1464785e-06,5413
TRMT2A,5.145983e-06,5414
TIMP4,5.1442416e-06,5415
NPEPL1,5.143673e-06,5416
KHDC1,5.143666e-06,5417
NFE2L1,5.1418087e-06,5418
TMEM150B,5.1402476e-06,5419
MAPK8IP3,5.139693e-06,5420
ALKBH6,5.1392567e-06,5421
SYNJ2BP,5.138666e-06,5422
DYRK3,5.1385214e-06,5423
PROM2,5.1384995e-06,5424
TMEM8A,5.138051e-06,5425
FBXO45,5.136293e-06,5426
GPR142,5.135205e-06,5427
TRO,5.1340744e-06,5428
SMIM27,5.133187e-06,5429
STX7,5.1326506e-06,5430
RTL1,5.1323104e-06,5431
C17orf53,5.130454e-06,5432
ZNF609,5.1299908e-06,5433
C14orf180,5.127031e-06,5434
FAM151B,5.125003e-06,5435
DNLZ,5.124587e-06,5436
HBP1,5.1237193e-06,5437
HSPA14-1,5.123504e-06,5438
TMEM52B,5.123339e-06,5439
N6AMT1,5.119661e-06,5440
ZNF526,5.1172865e-06,5441
MOSMO,5.1167e-06,5442
PTPN21,5.113518e-06,5443
GTDC1,5.112629e-06,5444
THAP5,5.108871e-06,5445
STMN4,5.1088346e-06,5446
AKIRIN2,5.1087377e-06,5447
LEPR,5.10675e-06,5448
SMYD5,5.1061465e-06,5449
MFSD10,5.1059415e-06,5450
FOXP1,5.103027e-06,5451
C11orf40,5.1028173e-06,5452
KLHDC4,5.101273e-06,5453
AP3S2,5.10118e-06,5454
XRRA1,5.0981453e-06,5455
RIPPLY3,5.095103e-06,5456
RPF2,5.093811e-06,5457
LRP11,5.093516e-06,5458
SALL2,5.0933186e-06,5459
BMERB1,5.0921444e-06,5460
PRIMA1,5.091643e-06,5461
ASPDH,5.091344e-06,5462
MIDN,5.09076e-06,5463
NBPF3,5.0891163e-06,5464
LSM14B,5.088175e-06,5465
FAM214B,5.0881395e-06,5466
ADPRHL2,5.086622e-06,5467
HCLS1,5.086149e-06,5468
SCAND1,5.085335e-06,5469
ADGRL3,5.083084e-06,5470
CCDC107,5.082011e-06,5471
ZDHHC6,5.0819735e-06,5472
NOP9,5.0807203e-06,5473
NUDT9,5.080097e-06,5474
ACVR1,5.0793697e-06,5475
CCNY,5.078531e-06,5476
TTBK1,5.07825e-06,5477
HSF2,5.0781136e-06,5478
DNAJC27,5.0776316e-06,5479
FAM83B,5.0772887e-06,5480
DIPK1B,5.07616e-06,5481
CNP,5.0746453e-06,5482
RETREG2,5.0735025e-06,5483
ATRN,5.073215e-06,5484
TRERF1,5.0727485e-06,5485
SEPHS1,5.0722256e-06,5486
RABL6,5.072225e-06,5487
HIST1H1C,5.070444e-06,5488
FUBP1,5.0697327e-06,5489
STK17A,5.06972e-06,5490
SBDS,5.0674116e-06,5491
ZNF428,5.067264e-06,5492
SPEG,5.06646e-06,5493
TMEM63C,5.0659532e-06,5494
LY6G5C,5.06538e-06,5495
PTP4A3,5.0630306e-06,5496
POU2F3,5.062854e-06,5497
SLC35A5,5.0625918e-06,5498
CCDC9B,5.059406e-06,5499
EPC2,5.0588833e-06,5500
PAQR6,5.055449e-06,5501
PROX2,5.055068e-06,5502
FLVCR1,5.0542703e-06,5503
UBALD2,5.054211e-06,5504
GLRX2,5.054042e-06,5505
ZNF296,5.0533786e-06,5506
EMSY,5.052372e-06,5507
KIAA0930,5.0521367e-06,5508
ZNF594,5.0515537e-06,5509
NKAIN1,5.0512667e-06,5510
ERC2,5.050823e-06,5511
AIDA,5.0488416e-06,5512
PINX1,5.0484778e-06,5513
SLAIN2,5.048135e-06,5514
IGSF1,5.0479575e-06,5515
SERTAD3,5.045826e-06,5516
NLRP7,5.044343e-06,5517
STIL,5.0442204e-06,5518
DPY19L4,5.0439876e-06,5519
PRR30,5.0439426e-06,5520
CCSAP,5.0432673e-06,5521
AP1AR,5.0430917e-06,5522
AP000552.4,5.043006e-06,5523
FAXC,5.0426816e-06,5524
TACC1,5.0402846e-06,5525
CNST,5.0381686e-06,5526
SMIM28,5.0367908e-06,5527
TAMM41,5.034578e-06,5528
RTN1,5.029298e-06,5529
KLRF2,5.0286726e-06,5530
SCAMP3,5.028172e-06,5531
ZMYND10,5.0280255e-06,5532
TOP1MT,5.0278986e-06,5533
GGACT,5.0275603e-06,5534
TMEM79,5.0261747e-06,5535
EMP1,5.026103e-06,5536
KIAA1549L,5.024425e-06,5537
ARMC1,5.023582e-06,5538
MINDY1,5.023132e-06,5539
TVP23A,5.022249e-06,5540
MICAL2,5.0209405e-06,5541
PRPSAP1,5.0196604e-06,5542
SYT17,5.018762e-06,5543
GAL3ST3,5.018439e-06,5544
C6orf226,5.0181648e-06,5545
IRF2BP2,5.017213e-06,5546
ZCCHC3,5.016921e-06,5547
SELENOO,5.015516e-06,5548
ZFR,5.01466e-06,5549
NETO2,5.01221e-06,5550
ERG,5.0121544e-06,5551
GTPBP4,5.0119515e-06,5552
IPO9,5.01147e-06,5553
URGCP,5.010428e-06,5554
TMEM189,5.009945e-06,5555
DMXL1,5.0076965e-06,5556
CORO1C,5.0069825e-06,5557
C8orf33,5.0069384e-06,5558
EBF3,5.006645e-06,5559
SFT2D3,5.0046183e-06,5560
DIPK2A,5.003989e-06,5561
CDKL5,5.003689e-06,5562
UNC119,5.0029557e-06,5563
C14orf93,5.0019607e-06,5564
MBNL3,5.0013487e-06,5565
RETREG3,5.0009885e-06,5566
HSF4,5.0005365e-06,5567
MS4A4E,4.9996884e-06,5568
C15orf40,4.999006e-06,5569
TP53INP2,4.997622e-06,5570
ANKRD16,4.9969894e-06,5571
CACFD1,4.9963e-06,5572
TMEM169,4.995707e-06,5573
CELF3,4.994933e-06,5574
EEF1AKMT3,4.9938344e-06,5575
SARM1,4.9929895e-06,5576
GPATCH2L,4.9924074e-06,5577
SIK2,4.989826e-06,5578
LZIC,4.989398e-06,5579
GLIS2,4.988627e-06,5580
TEX261,4.98776e-06,5581
NOL10,4.98751e-06,5582
DDX18,4.9857936e-06,5583
TBC1D2B,4.9856526e-06,5584
CDKL3,4.984244e-06,5585
LASP1,4.984085e-06,5586
AIG1,4.982676e-06,5587
TMUB2,4.982198e-06,5588
ADGRF1,4.9804657e-06,5589
RSRC2,4.978604e-06,5590
MAP3K7CL,4.9781647e-06,5591
ATRAID,4.9774517e-06,5592
METTL6,4.97683e-06,5593
NOVA1,4.976636e-06,5594
ECM2,4.97274e-06,5595
OGFOD2,4.971886e-06,5596
C1orf21,4.971215e-06,5597
PRELID3B,4.97014e-06,5598
WDR37,4.96989e-06,5599
CDYL,4.9690525e-06,5600
EVA1B,4.968817e-06,5601
FAM124A,4.967184e-06,5602
IDNK,4.9668015e-06,5603
TMEM245,4.9664104e-06,5604
UNC50,4.966395e-06,5605
MACROD1,4.966043e-06,5606
PRDM11,4.964839e-06,5607
HSDL1,4.96329e-06,5608
SCGB1A1,4.9627088e-06,5609
CCDC82,4.9620676e-06,5610
NUDT17,4.9613705e-06,5611
IGSF21,4.960855e-06,5612
C20orf194,4.959159e-06,5613
CLBA1,4.958947e-06,5614
LRCH2,4.9569517e-06,5615
NAA15,4.956867e-06,5616
PRRG1,4.956395e-06,5617
ZNF781,4.9551863e-06,5618
ZDHHC13,4.9549562e-06,5619
GBX1,4.9547016e-06,5620
TARSL2,4.9533983e-06,5621
MAGEE2,4.9527316e-06,5622
WASHC5,4.9515365e-06,5623
TDRD3,4.9487553e-06,5624
PCDHGA10,4.9479645e-06,5625
ATP6V1FNB,4.944036e-06,5626
EPM2AIP1,4.942108e-06,5627
SLC35F5,4.9417813e-06,5628
CYBC1,4.9417786e-06,5629
KIF1BP,4.9381874e-06,5630
ERI2,4.937743e-06,5631
CCDC150,4.937552e-06,5632
CTXN2,4.9375376e-06,5633
C10orf88,4.9371038e-06,5634
EXOC6B,4.936249e-06,5635
FAM71F2,4.9359696e-06,5636
LSM12,4.935804e-06,5637
PBXIP1,4.933566e-06,5638
FOCAD,4.933545e-06,5639
SPPL3,4.929484e-06,5640
QRICH1,4.9294285e-06,5641
UBFD1,4.929275e-06,5642
PCDHB3,4.9277523e-06,5643
RNF224,4.927559e-06,5644
TMEM106B,4.927473e-06,5645
TMEM70,4.92704e-06,5646
RFXAP,4.925938e-06,5647
ERGIC3,4.925877e-06,5648
TTC14,4.9253376e-06,5649
KLF10,4.9247396e-06,5650
LMTK3,4.923852e-06,5651
ZNF232,4.921657e-06,5652
TLCD5,4.9212495e-06,5653
CTXN3,4.9207856e-06,5654
PURG,4.9207574e-06,5655
TECPR2,4.917902e-06,5656
KIAA0895L,4.915448e-06,5657
FNDC10,4.9144824e-06,5658
DDX56,4.913647e-06,5659
KCNT2,4.912412e-06,5660
TMEM248,4.91024e-06,5661
LRIG2,4.909256e-06,5662
TJP3,4.90912e-06,5663
CALML6,4.9068954e-06,5664
BORCS5,4.9067467e-06,5665
TSPAN9,4.9060313e-06,5666
CIC,4.9057558e-06,5667
PHB,4.905552e-06,5668
AC093323.1,4.905025e-06,5669
ADGRG1,4.9048604e-06,5670
XPNPEP3,4.9043474e-06,5671
RABGAP1L,4.9038986e-06,5672
IMMP1L,4.9037803e-06,5673
PEG10,4.90281e-06,5674
RNF44,4.902099e-06,5675
QRSL1,4.9007176e-06,5676
ZNF283,4.8999327e-06,5677
ACYP1,4.8991e-06,5678
CCDC194,4.898716e-06,5679
C19orf12,4.8985394e-06,5680
GXYLT1,4.896845e-06,5681
TSC22D4,4.8963257e-06,5682
MSMP,4.8935485e-06,5683
CCDC126,4.8926513e-06,5684
COIL,4.892429e-06,5685
IMPG2,4.891089e-06,5686
NAP1L5,4.8908278e-06,5687
MARCH3,4.8908205e-06,5688
CRAMP1,4.8901693e-06,5689
FUNDC2,4.889755e-06,5690
SEC14L4,4.8871334e-06,5691
AP5Z1,4.885311e-06,5692
EIF2D,4.8845236e-06,5693
EFHB,4.8831853e-06,5694
FAM193A,4.880331e-06,5695
NOLC1,4.8803304e-06,5696
GPR89B,4.8753523e-06,5697
YIF1B,4.8746306e-06,5698
C1QTNF12,4.8734837e-06,5699
RSRC1,4.8700244e-06,5700
TBX15,4.8676043e-06,5701
TRIL,4.8660304e-06,5702
SNHG32,4.8656e-06,5703
ALKBH7,4.8638713e-06,5704
H2AFZ,4.86266e-06,5705
TXNDC15,4.862046e-06,5706
HAX1,4.8605266e-06,5707
IQCK,4.859675e-06,5708
UTP23,4.858796e-06,5709
NLE1,4.857144e-06,5710
MXI1,4.855472e-06,5711
DACH2,4.853945e-06,5712
TBC1D8,4.853344e-06,5713
FAM216A,4.8503343e-06,5714
TOB1,4.8488014e-06,5715
ST5,4.8479224e-06,5716
TMEM99,4.8460442e-06,5717
PSD,4.845896e-06,5718
OLIG2,4.844974e-06,5719
MYCL,4.8416537e-06,5720
CSMD1,4.8412144e-06,5721
ROGDI,4.8409374e-06,5722
TBRG1,4.8395004e-06,5723
STK36,4.838816e-06,5724
DUSP26,4.8384995e-06,5725
ZER1,4.837949e-06,5726
ZBTB24,4.8379193e-06,5727
ADAD1,4.8372967e-06,5728
QARS,4.8365746e-06,5729
C16orf95,4.835359e-06,5730
PCDHB4,4.8338516e-06,5731
SMCHD1,4.833586e-06,5732
MISP,4.8325846e-06,5733
CDR2,4.831933e-06,5734
SERPINI2,4.8307143e-06,5735
C21orf91,4.8303336e-06,5736
PCDHB7,4.827886e-06,5737
ISM2,4.8277107e-06,5738
CBLN1,4.8270595e-06,5739
C11orf71,4.8266525e-06,5740
DUSP12,4.8241054e-06,5741
KLHL15,4.8226143e-06,5742
PRELID2,4.8209604e-06,5743
URB1,4.8208894e-06,5744
HHLA3,4.820658e-06,5745
TMED6,4.8206502e-06,5746
SARAF,4.8158763e-06,5747
CFAP44,4.8125985e-06,5748
CSRP3,4.8119527e-06,5749
TMEM47,4.8118736e-06,5750
SFTA2,4.8117163e-06,5751
CACHD1,4.8081492e-06,5752
FBXO16,4.8068578e-06,5753
CXXC4,4.804538e-06,5754
ADIG,4.803965e-06,5755
ZC4H2,4.803629e-06,5756
TANGO2,4.8000356e-06,5757
PRPF38B,4.798898e-06,5758
EFR3B,4.797901e-06,5759
IPO13,4.7974177e-06,5760
ICA1L,4.7973863e-06,5761
PAM,4.7941357e-06,5762
LANCL2,4.793537e-06,5763
ZC3H10,4.7923368e-06,5764
SLC66A2,4.7922736e-06,5765
WDR44,4.7919816e-06,5766
WDFY3,4.788838e-06,5767
TGFBR3L,4.788416e-06,5768
LCORL,4.788001e-06,5769
PDIK1L,4.785736e-06,5770
PUS1,4.7849926e-06,5771
UBTD2,4.7846224e-06,5772
TTC1,4.783002e-06,5773
TBC1D31,4.7820604e-06,5774
SLC49A4,4.780217e-06,5775
HELZ,4.7796057e-06,5776
GPBP1,4.7775507e-06,5777
HMGN3,4.776063e-06,5778
TCEA3,4.7750086e-06,5779
KRTAP20-3,4.773982e-06,5780
L3MBTL3,4.770353e-06,5781
TMEM92,4.7686135e-06,5782
TIGD7,4.767525e-06,5783
ADSS,4.7652597e-06,5784
MSANTD4,4.7650406e-06,5785
CAMK1D,4.7649137e-06,5786
CETN3,4.764629e-06,5787
TESPA1,4.7645003e-06,5788
GPATCH11,4.7644953e-06,5789
FAM166B,4.7628882e-06,5790
LYST,4.7618305e-06,5791
AHDC1,4.761687e-06,5792
KLLN,4.758438e-06,5793
TBCE-1,4.7558797e-06,5794
C6orf62,4.754399e-06,5795
CIB3,4.7533167e-06,5796
ROMO1,4.7524727e-06,5797
NKD1,4.752084e-06,5798
C11orf53,4.74973e-06,5799
LYSMD2,4.748219e-06,5800
TBC1D30,4.7481126e-06,5801
MANSC1,4.7473786e-06,5802
RNF10,4.7464573e-06,5803
SPATA5,4.7452077e-06,5804
RBM45,4.7439826e-06,5805
ZC3H14,4.743857e-06,5806
SLC48A1,4.7432973e-06,5807
FEZF2,4.7421418e-06,5808
PRDX5,4.740952e-06,5809
RNF212,4.7403328e-06,5810
TMTC4,4.7398694e-06,5811
GPATCH8,4.739083e-06,5812
SYAP1,4.738568e-06,5813
KLF7,4.7383446e-06,5814
BCL2L2,4.7380454e-06,5815
TENT5D,4.73637e-06,5816
IFRD2,4.7363587e-06,5817
ZZEF1,4.735542e-06,5818
CRELD1,4.7354406e-06,5819
C5orf22,4.735316e-06,5820
SPATA33,4.7346684e-06,5821
ODR4,4.733782e-06,5822
ZMYM4,4.7317867e-06,5823
CFDP1,4.7313665e-06,5824
APOL6,4.730322e-06,5825
CCDC138,4.7302315e-06,5826
DCLK1,4.7298354e-06,5827
RPAIN,4.7292215e-06,5828
ZNF367,4.7278727e-06,5829
SORCS2,4.72581e-06,5830
C18orf25,4.7257918e-06,5831
SPIRE2,4.725255e-06,5832
PKHD1,4.7245794e-06,5833
TP53I11,4.723248e-06,5834
SNX14,4.7231442e-06,5835
KIAA0513,4.7225385e-06,5836
PDCD5,4.722384e-06,5837
EI24,4.722112e-06,5838
LRRC28,4.721065e-06,5839
HSPB11,4.7205513e-06,5840
ANKDD1A,4.7198578e-06,5841
RWDD4,4.7197386e-06,5842
NUP98,4.7193334e-06,5843
NFX1,4.718604e-06,5844
PFN4,4.7159433e-06,5845
ABHD16A,4.7148396e-06,5846
TMTC3,4.714467e-06,5847
ARL8B,4.713912e-06,5848
ZNF148,4.7137137e-06,5849
TXNDC12,4.713279e-06,5850
CFAP36,4.7130457e-06,5851
FAM234A,4.712977e-06,5852
HESX1,4.7093217e-06,5853
SOHLH2,4.707491e-06,5854
CDK20,4.70708e-06,5855
NIPSNAP3B,4.7046497e-06,5856
AGFG2,4.7005014e-06,5857
ZCCHC9,4.7002163e-06,5858
RNF133,4.699099e-06,5859
DMTF1,4.6987416e-06,5860
ZNF527,4.6976143e-06,5861
USPL1,4.6949226e-06,5862
QSER1,4.6946298e-06,5863
TCEAL9,4.694527e-06,5864
FAM204A,4.6924442e-06,5865
DHX57,4.6899368e-06,5866
XKR6,4.6879554e-06,5867
CCDC92,4.6872865e-06,5868
SERTAD4,4.6840205e-06,5869
TSPYL4,4.682879e-06,5870
MESD,4.682399e-06,5871
SEPTIN3,4.6823016e-06,5872
FCGRT,4.682127e-06,5873
TRMT10B,4.6820205e-06,5874
PITPNC1,4.6801215e-06,5875
PDE4B,4.679666e-06,5876
TMEM117,4.6787777e-06,5877
MT1HL1,4.6780915e-06,5878
C19orf57,4.6771197e-06,5879
FAM98A,4.6768446e-06,5880
ADGRA2,4.6746354e-06,5881
BCAP29,4.6729597e-06,5882
DDX55,4.6721943e-06,5883
ERH,4.671876e-06,5884
ZDHHC15,4.6715577e-06,5885
SELENOT,4.6697637e-06,5886
SLFN12,4.6686946e-06,5887
RBM46,4.667545e-06,5888
FAM168B,4.665698e-06,5889
DCLK2,4.6641126e-06,5890
MOB4,4.663859e-06,5891
PLEKHJ1,4.6616146e-06,5892
SETD4,4.6604664e-06,5893
PIH1D1,4.660055e-06,5894
HOXA9,4.659423e-06,5895
JHY,4.658579e-06,5896
EIF2A,4.6571613e-06,5897
TM2D1,4.6568666e-06,5898
CLPSL1,4.6563127e-06,5899
L3MBTL4,4.655767e-06,5900
IFITM5,4.655685e-06,5901
ZNF821,4.655634e-06,5902
R3HCC1,4.6552623e-06,5903
MFSD14A,4.65394e-06,5904
FAM193B,4.6538407e-06,5905
ZMYM6,4.653337e-06,5906
CYHR1,4.6523433e-06,5907
CAMTA2,4.6518994e-06,5908
MTCP1,4.6490704e-06,5909
C14orf28,4.648414e-06,5910
ZC3H7A,4.6475025e-06,5911
RMC1,4.647218e-06,5912
TEPSIN,4.6452355e-06,5913
NYAP1,4.644465e-06,5914
BACE2,4.6442256e-06,5915
SFSWAP,4.6409978e-06,5916
UNG,4.640938e-06,5917
ZNRD2,4.640057e-06,5918
CTIF,4.6394425e-06,5919
METRN,4.638663e-06,5920
SYNGR4,4.6376717e-06,5921
MFSD3,4.6370524e-06,5922
ARMH3,4.636083e-06,5923
MARCH10,4.6358555e-06,5924
TMEM265,4.6354608e-06,5925
PCID2,4.634784e-06,5926
PARD3B,4.6341324e-06,5927
TRARG1,4.6312316e-06,5928
NXPE4,4.630324e-06,5929
GATB,4.6301775e-06,5930
DPP9,4.628465e-06,5931
CARF,4.6267933e-06,5932
RBP7,4.6248633e-06,5933
BZW1,4.6240148e-06,5934
CELF2,4.623894e-06,5935
IGFL2,4.622647e-06,5936
NBL1,4.6224177e-06,5937
NEURL3,4.619699e-06,5938
PEF1,4.6193554e-06,5939
SLC9A3R1,4.618466e-06,5940
TOGARAM1,4.617261e-06,5941
ZBTB8A,4.6169353e-06,5942
ENOX1,4.6154028e-06,5943
ARNTL2,4.615291e-06,5944
TRIM47,4.615055e-06,5945
ZFYVE26,4.6139676e-06,5946
ZFYVE27,4.6134955e-06,5947
RBBP8NL,4.6110563e-06,5948
EVI5L,4.6102127e-06,5949
TMEM240,4.6078976e-06,5950
BAHD1,4.6070763e-06,5951
MACC1,4.6069326e-06,5952
PPP1R12C,4.6067303e-06,5953
ZBTB2,4.6061896e-06,5954
NFKBIL1,4.605343e-06,5955
DHX40,4.6051605e-06,5956
SENP7,4.6043947e-06,5957
TMEM213,4.603818e-06,5958
SP4,4.6034356e-06,5959
GPR155,4.603349e-06,5960
PDILT,4.6033065e-06,5961
TBCCD1,4.603091e-06,5962
FAM71B,4.6002433e-06,5963
C3orf33,4.6002083e-06,5964
PRSS53,4.59882e-06,5965
PTMS,4.5970864e-06,5966
BZW2,4.5967695e-06,5967
WDR89,4.596109e-06,5968
SNN,4.5955603e-06,5969
C1QL4,4.5950583e-06,5970
IRX5,4.5938023e-06,5971
TAGLN3,4.59331e-06,5972
NOMO1,4.5927864e-06,5973
PTCD2,4.5917322e-06,5974
CLN5,4.5898514e-06,5975
LARP7,4.5893066e-06,5976
ATXN1,4.5885417e-06,5977
NXPE3,4.587844e-06,5978
CCNI,4.587806e-06,5979
C12orf29,4.5870565e-06,5980
LRRC58,4.586396e-06,5981
ATXN7L3B,4.585906e-06,5982
KRBA2,4.584258e-06,5983
C9orf40,4.584175e-06,5984
LCA5,4.58246e-06,5985
SKIV2L,4.580892e-06,5986
DIXDC1,4.5808397e-06,5987
C1orf167,4.579829e-06,5988
STPG2,4.5786255e-06,5989
CA10,4.5775514e-06,5990
P3R3URF,4.5767956e-06,5991
DAZAP1,4.57649e-06,5992
MARVELD2,4.575304e-06,5993
PAEP,4.5749675e-06,5994
ZNF8,4.572874e-06,5995
CPLX3,4.571032e-06,5996
ZBTB12,4.570076e-06,5997
PLCXD3,4.569685e-06,5998
DUT,4.5656006e-06,5999
ATP6AP1L,4.565578e-06,6000
FBRS,4.564694e-06,6001
FAM24B,4.564602e-06,6002
KIAA0355,4.564333e-06,6003
ERI3,4.5607335e-06,6004
C16orf86,4.5601623e-06,6005
AMER3,4.5600996e-06,6006
CHAF1A,4.558089e-06,6007
AFTPH,4.5577012e-06,6008
GLYR1,4.5575807e-06,6009
HIST1H1D,4.5568686e-06,6010
MOSPD3,4.556041e-06,6011
ACP2,4.5556653e-06,6012
TNRC18,4.555565e-06,6013
SCYGR8,4.5548963e-06,6014
TRMO,4.554109e-06,6015
SYNGR2,4.5536767e-06,6016
STYXL1,4.5512625e-06,6017
INA,4.551125e-06,6018
RNF169,4.550673e-06,6019
DNAAF2,4.5503302e-06,6020
CUTA,4.549285e-06,6021
SETD5,4.548716e-06,6022
C2CD4C,4.5480188e-06,6023
SLC38A7,4.5461693e-06,6024
DTX3,4.5461193e-06,6025
YJEFN3,4.5437064e-06,6026
CNPPD1,4.5391826e-06,6027
TRAF5,4.538597e-06,6028
MTG2,4.5380452e-06,6029
TRABD,4.5363886e-06,6030
MOSPD1,4.5360775e-06,6031
KIAA1109,4.535781e-06,6032
GSR,4.5352213e-06,6033
USF3,4.5334527e-06,6034
CSRNP3,4.533018e-06,6035
ZBTB14,4.532659e-06,6036
UBQLNL,4.5309944e-06,6037
GPRC5B,4.5296165e-06,6038
RFX5,4.5284314e-06,6039
METTL25,4.5271418e-06,6040
MYT1,4.5226275e-06,6041
LONRF2,4.519885e-06,6042
TCP11L2,4.519392e-06,6043
BNIPL,4.518901e-06,6044
SNX27,4.5181096e-06,6045
FAM200B,4.5177385e-06,6046
HLF,4.5175766e-06,6047
TLN2,4.5162096e-06,6048
PPP1R36,4.5161123e-06,6049
FRMD5,4.5151282e-06,6050
SLC22A23,4.5148663e-06,6051
R3HDM4,4.5148627e-06,6052
ENOX2,4.5125016e-06,6053
FPGS,4.5119723e-06,6054
REXO4,4.511234e-06,6055
RECQL,4.510997e-06,6056
BIN3,4.5109828e-06,6057
C11orf87,4.5096094e-06,6058
FAM200A,4.509473e-06,6059
BFSP1,4.5074657e-06,6060
FMR1,4.5065017e-06,6061
GTPBP6,4.5046954e-06,6062
DEDD2,4.504256e-06,6063
VARS,4.5038805e-06,6064
AC025287.4,4.5030806e-06,6065
ZFAT,4.5021707e-06,6066
TSHZ3,4.499628e-06,6067
RABIF,4.499201e-06,6068
ATPSCKMT,4.4984604e-06,6069
GTPBP10,4.4983844e-06,6070
DYNAP,4.496144e-06,6071
ADGRD1,4.4932017e-06,6072
TBC1D9B,4.4924977e-06,6073
SLC12A9,4.491508e-06,6074
SMIM13,4.4913277e-06,6075
MFSD5,4.491265e-06,6076
TMEM192,4.490518e-06,6077
UBXN4,4.489887e-06,6078
HEATR5A,4.4884455e-06,6079
MAP4K5,4.4878443e-06,6080
SYT3,4.4860394e-06,6081
GZF1,4.4849976e-06,6082
SART3,4.4831286e-06,6083
FUT11,4.48252e-06,6084
XKR7,4.4818116e-06,6085
FAM174C,4.480743e-06,6086
MUTYH,4.4806484e-06,6087
TTC9,4.476543e-06,6088
AFG1L,4.4765143e-06,6089
UBALD1,4.476243e-06,6090
NAA60,4.475681e-06,6091
TSSK4,4.4752487e-06,6092
SETX,4.47443e-06,6093
RASSF2,4.4737644e-06,6094
FKBP15,4.4722588e-06,6095
TTC17,4.468775e-06,6096
FAM172A,4.467879e-06,6097
CFAP298,4.467757e-06,6098
AL603764.2,4.4677454e-06,6099
MYZAP,4.466957e-06,6100
IMPAD1,4.4640788e-06,6101
HSPB6,4.4640556e-06,6102
ZBTB21,4.4633316e-06,6103
CRCT1,4.4618064e-06,6104
FAM53B,4.461355e-06,6105
GTPBP1,4.461288e-06,6106
F8A1,4.459835e-06,6107
CPXM1,4.459506e-06,6108
TMPRSS11E,4.4592216e-06,6109
ZCCHC18,4.456081e-06,6110
PBLD,4.454947e-06,6111
TMEM167B,4.4535873e-06,6112
TDRD15,4.4531344e-06,6113
TMEM159,4.4515828e-06,6114
C1orf109,4.449803e-06,6115
MAGIX,4.447536e-06,6116
FAM8A1,4.4464373e-06,6117
RNF166,4.446246e-06,6118
GRAMD1B,4.4455883e-06,6119
ZNF22,4.445411e-06,6120
CHRNB1,4.4452822e-06,6121
VPS26B,4.44504e-06,6122
SECISBP2L,4.4444905e-06,6123
CCNL1,4.4417357e-06,6124
HELQ,4.4406606e-06,6125
RTN2,4.4401595e-06,6126
NAA10,4.439654e-06,6127
RPF1,4.4393587e-06,6128
CABYR,4.4391995e-06,6129
VIPAS39,4.4387634e-06,6130
GPN2,4.4383387e-06,6131
QSOX2,4.4377994e-06,6132
SLC10A3,4.436679e-06,6133
LSM14A,4.436635e-06,6134
FASTKD3,4.435636e-06,6135
DOP1A,4.4350168e-06,6136
HEATR9,4.4330195e-06,6137
PCMTD1,4.432959e-06,6138
CRYZL1,4.4320523e-06,6139
DBNDD2,4.4297276e-06,6140
ZNF593,4.4278554e-06,6141
NMD3,4.427644e-06,6142
USP40,4.4266067e-06,6143
LDAH,4.4264066e-06,6144
AVL9,4.4258145e-06,6145
KIAA0895,4.4244916e-06,6146
AATK,4.4233457e-06,6147
TAFA1,4.422258e-06,6148
ZNF396,4.42195e-06,6149
RALY,4.418498e-06,6150
ZNF131,4.417755e-06,6151
DUSP14,4.417696e-06,6152
CHRAC1,4.417602e-06,6153
SERTAD2,4.4155913e-06,6154
HEXIM1,4.4150274e-06,6155
ATCAY,4.41477e-06,6156
HPF1,4.414467e-06,6157
C9orf116,4.4139274e-06,6158
IGSF6,4.412703e-06,6159
TAOK2,4.4124163e-06,6160
WDR55,4.411445e-06,6161
SWSAP1,4.411214e-06,6162
METTL15,4.4110316e-06,6163
GPANK1,4.4069425e-06,6164
PRRC2B,4.405875e-06,6165
FBXO34,4.404611e-06,6166
CPEB3,4.4043127e-06,6167
SLFN12L,4.4039407e-06,6168
C16orf70,4.401001e-06,6169
PRR3,4.3995906e-06,6170
ZSCAN22,4.3991217e-06,6171
VMP1,4.39598e-06,6172
FASTKD1,4.3958794e-06,6173
CAPSL,4.3934538e-06,6174
TMEM218,4.392637e-06,6175
MYH7,4.3925415e-06,6176
BSDC1,4.3918963e-06,6177
PAXBP1,4.3911014e-06,6178
ZMYM3,4.390724e-06,6179
NASP,4.3898126e-06,6180
DEXI,4.3898112e-06,6181
CALML4,4.389717e-06,6182
ANKRD13D,4.3891278e-06,6183
TRNAU1AP,4.3875634e-06,6184
FAM43A,4.3869964e-06,6185
KCTD9,4.384967e-06,6186
PWP1,4.3812465e-06,6187
CCDC115,4.3805203e-06,6188
SHROOM1,4.3797513e-06,6189
EHBP1,4.3789e-06,6190
NTPCR,4.378886e-06,6191
ATG2B,4.3788355e-06,6192
POGLUT2,4.3788345e-06,6193
DPP6,4.374812e-06,6194
ABT1,4.3742984e-06,6195
PCDHB10,4.373653e-06,6196
PDCD2L,4.371024e-06,6197
RTCA,4.370829e-06,6198
MBTD1,4.3697755e-06,6199
LRRD1,4.3691725e-06,6200
FOPNL,4.368465e-06,6201
PPP1R21,4.3681266e-06,6202
EPDR1,4.3676464e-06,6203
ARRDC3,4.3670952e-06,6204
NUMBL,4.3668924e-06,6205
CNBD1,4.3665186e-06,6206
VN1R1,4.366234e-06,6207
TUBD1,4.366075e-06,6208
C2orf68,4.365959e-06,6209
RIPOR1,4.3656983e-06,6210
TAPT1,4.3651175e-06,6211
FBXO24,4.36239e-06,6212
SSBP2,4.3614627e-06,6213
CMYA5,4.3603004e-06,6214
PRSS54,4.3598916e-06,6215
CSNK1A1L,4.3597906e-06,6216
SORBS2,4.358968e-06,6217
TLCD2,4.357188e-06,6218
RSRP1,4.356968e-06,6219
MAP3K13,4.356897e-06,6220
DUS1L,4.356272e-06,6221
EIF1B,4.3544314e-06,6222
PHETA1,4.3509817e-06,6223
ZNF883,4.3502855e-06,6224
SLC25A38,4.3491746e-06,6225
SEPTIN14,4.34687e-06,6226
HHATL,4.3455684e-06,6227
CCDC43,4.344261e-06,6228
CCDC13,4.343556e-06,6229
C5orf52,4.3433774e-06,6230
PACRGL,4.3413547e-06,6231
MAP7D1,4.3405907e-06,6232
XKR3,4.3390814e-06,6233
TMEM141,4.336818e-06,6234
KLF12,4.336152e-06,6235
R3HDM2,4.334529e-06,6236
ZNF574,4.332386e-06,6237
C7orf25,4.3305527e-06,6238
IFI27L2,4.3301557e-06,6239
LMNTD1,4.3283953e-06,6240
MAGI3,4.3278533e-06,6241
ZC3HAV1L,4.3271766e-06,6242
YAE1,4.3261834e-06,6243
DIS3L,4.32563e-06,6244
APOL5,4.3256173e-06,6245
CEND1,4.3242508e-06,6246
XPO6,4.321795e-06,6247
TMX2,4.3179703e-06,6248
LACTB,4.3178397e-06,6249
NCLN,4.316481e-06,6250
IGIP,4.316159e-06,6251
HCFC1R1,4.314592e-06,6252
C2orf42,4.31405e-06,6253
SNX24,4.313355e-06,6254
TSTA3,4.3127397e-06,6255
FADS3,4.311206e-06,6256
POC1B,4.309177e-06,6257
ATL3,4.308984e-06,6258
DNAH6,4.308804e-06,6259
TMEM203,4.308419e-06,6260
MED12L,4.308171e-06,6261
DNAH14,4.307819e-06,6262
OSCP1,4.303566e-06,6263
GNPTAB,4.302071e-06,6264
KNSTRN,4.301657e-06,6265
NAT14,4.3008804e-06,6266
MIER1,4.300534e-06,6267
UPK2,4.299221e-06,6268
ZNF292,4.2990623e-06,6269
LDOC1,4.2989195e-06,6270
AKTIP,4.298737e-06,6271
WDR34,4.2985994e-06,6272
BLACAT1,4.2984816e-06,6273
PRADC1,4.2983943e-06,6274
PDIA4,4.2974057e-06,6275
GSTT4,4.2964707e-06,6276
C1orf216,4.2960755e-06,6277
CSDE1,4.2929933e-06,6278
C8orf88,4.291079e-06,6279
VPS13D,4.2909587e-06,6280
PURB,4.2904176e-06,6281
MAPRE2,4.2900156e-06,6282
TCEANC2,4.288192e-06,6283
MELK,4.287127e-06,6284
ZFAND4,4.285817e-06,6285
ESX1,4.2850975e-06,6286
SYT6,4.283186e-06,6287
ZDHHC18,4.282909e-06,6288
C16orf46,4.282531e-06,6289
MPPE1,4.2805295e-06,6290
TRIP13,4.2804395e-06,6291
STX12,4.2800234e-06,6292
SPAG7,4.2797765e-06,6293
TENT2,4.2782253e-06,6294
SURF6,4.277671e-06,6295
GATAD1,4.2761694e-06,6296
SLC39A9,4.2745887e-06,6297
GPN1,4.2737456e-06,6298
SDAD1,4.2726815e-06,6299
ZNF251,4.271339e-06,6300
TMEM268,4.2702904e-06,6301
GVQW3,4.2697147e-06,6302
RASL10B,4.2688516e-06,6303
SMIM17,4.2681495e-06,6304
HINFP,4.2672054e-06,6305
PRPF39,4.2667875e-06,6306
LRRC24,4.2638194e-06,6307
NCL,4.2602537e-06,6308
ZNF768,4.258169e-06,6309
MKI67,4.257768e-06,6310
ANKMY1,4.2575075e-06,6311
SLC35E1,4.257474e-06,6312
ZNF239,4.257334e-06,6313
ZXDC,4.256921e-06,6314
STK38L,4.2561333e-06,6315
MYO1E,4.2549996e-06,6316
EFHC1,4.2519587e-06,6317
ESF1,4.251608e-06,6318
KIFC3,4.251493e-06,6319
HNRNPLL,4.2512893e-06,6320
TRIR,4.248539e-06,6321
SAC3D1,4.2444444e-06,6322
TMEM101,4.2443453e-06,6323
OCIAD1,4.244096e-06,6324
CDAN1,4.24315e-06,6325
ELAC1,4.2425468e-06,6326
DDX28,4.242544e-06,6327
PDZD3,4.242079e-06,6328
PTPRN,4.24049e-06,6329
ZGRF1,4.236491e-06,6330
MS4A18,4.235687e-06,6331
MORN4,4.234716e-06,6332
RBM4B,4.2345837e-06,6333
C1orf112,4.2321903e-06,6334
SH3BGRL,4.232158e-06,6335
STK16,4.231241e-06,6336
MDM1,4.2307474e-06,6337
TSPAN13,4.230487e-06,6338
C18orf54,4.2303827e-06,6339
IBTK,4.230321e-06,6340
TMEM164,4.228873e-06,6341
SDR39U1,4.228733e-06,6342
SELENOW,4.2271267e-06,6343
MAST1,4.2268584e-06,6344
TMX1,4.2268266e-06,6345
DDX19A,4.2258516e-06,6346
TMEM147,4.224298e-06,6347
AMIGO1,4.2233687e-06,6348
FNDC4,4.223293e-06,6349
FAHD2A,4.2220754e-06,6350
MTFR1L,4.220214e-06,6351
LGALS4,4.2189786e-06,6352
CRYBG3,4.2182965e-06,6353
HGH1,4.2179063e-06,6354
DEPDC7,4.217605e-06,6355
USP32,4.215772e-06,6356
KBTBD11,4.2123997e-06,6357
ZMAT3,4.211642e-06,6358
PLAA,4.2114593e-06,6359
CCSER2,4.2114043e-06,6360
RRS1,4.2107445e-06,6361
ENDOV,4.209044e-06,6362
METTL2A,4.207004e-06,6363
PPP1R3B,4.2027464e-06,6364
GPR107,4.2027377e-06,6365
GPRASP2,4.2024303e-06,6366
TBC1D23,4.2017364e-06,6367
TEF,4.2001493e-06,6368
ABCF3,4.1999992e-06,6369
OGA,4.199088e-06,6370
FKBP10,4.1985877e-06,6371
THAP3,4.197829e-06,6372
NME9,4.1975713e-06,6373
BSPRY,4.196322e-06,6374
HEPACAM,4.1961403e-06,6375
CRIPT,4.195549e-06,6376
SNX4,4.195282e-06,6377
CCDC149,4.192694e-06,6378
CARMIL3,4.1921185e-06,6379
STK39,4.1918493e-06,6380
ZC3H13,4.1907074e-06,6381
CREB1,4.190496e-06,6382
DESI1,4.189588e-06,6383
BRMS1L,4.1895646e-06,6384
TSTD2,4.1893e-06,6385
ZNF85,4.188898e-06,6386
FJX1,4.188766e-06,6387
PRR36,4.1861936e-06,6388
MMP24OS,4.184779e-06,6389
ZNF397,4.1847325e-06,6390
TSSC4,4.1839075e-06,6391
DCLK3,4.1835983e-06,6392
KANSL1L,4.1833555e-06,6393
XPR1,4.182692e-06,6394
NEMP2,4.1782196e-06,6395
SOGA1,4.177533e-06,6396
MPP3,4.176304e-06,6397
BRD3,4.176288e-06,6398
ATXN10,4.1762564e-06,6399
MITD1,4.175576e-06,6400
CDCA3,4.175183e-06,6401
GPR62,4.1744916e-06,6402
DCBLD1,4.170114e-06,6403
TMEM205,4.1699345e-06,6404
GIMAP1,4.1697817e-06,6405
ZNF516,4.169752e-06,6406
METTL16,4.1695357e-06,6407
ZNF362,4.1691337e-06,6408
SPIN3,4.1686753e-06,6409
VGLL4,4.1678977e-06,6410
OXSR1,4.1658836e-06,6411
MYNN,4.1652315e-06,6412
ANGPTL2,4.1651574e-06,6413
PPM1G,4.1620883e-06,6414
TTC37,4.1612107e-06,6415
ZYG11B,4.161103e-06,6416
TAFA5,4.1602816e-06,6417
GCSAML,4.1595194e-06,6418
ZCWPW2,4.159094e-06,6419
CEP85,4.1567505e-06,6420
PRR5L,4.1564363e-06,6421
RIMS2,4.155727e-06,6422
ANKRD6,4.1549756e-06,6423
PCNX1,4.154623e-06,6424
FAT2,4.1514e-06,6425
KLHL7,4.150703e-06,6426
ANKIB1,4.149817e-06,6427
CCDC146,4.149171e-06,6428
SPRYD3,4.1468275e-06,6429
DPCD,4.1466205e-06,6430
MAPKBP1,4.1447142e-06,6431
FAM161A,4.143474e-06,6432
ASTE1,4.142954e-06,6433
MSANTD3,4.142443e-06,6434
POGZ,4.1415433e-06,6435
ZAR1,4.141385e-06,6436
ODF1,4.141121e-06,6437
CCDC137,4.1410235e-06,6438
LRRC32,4.1408894e-06,6439
FAM234B,4.1389385e-06,6440
SLC66A3,4.138572e-06,6441
SP110,4.138542e-06,6442
ZPR1,4.1380936e-06,6443
PRR19,4.135078e-06,6444
CEP170,4.134834e-06,6445
EGFLAM,4.1337016e-06,6446
PCDHA3,4.1335406e-06,6447
PDGFC,4.132486e-06,6448
HSFX3,4.1319286e-06,6449
CECR2,4.1309713e-06,6450
MORC4,4.1289586e-06,6451
CLUAP1,4.1286285e-06,6452
POU6F1,4.1284497e-06,6453
BRIX1,4.1281382e-06,6454
ZNF462,4.1260337e-06,6455
IER5L,4.124987e-06,6456
DIP2B,4.12486e-06,6457
TMEFF2,4.1247686e-06,6458
APOL3,4.1230396e-06,6459
FRMD4B,4.1227795e-06,6460
CRYBA4,4.121852e-06,6461
CCDC180,4.118652e-06,6462
C7orf26,4.1175554e-06,6463
LYRM1,4.11687e-06,6464
AMMECR1L,4.1131934e-06,6465
C11orf91,4.1122985e-06,6466
PHTF2,4.1118956e-06,6467
LRP3,4.1105286e-06,6468
RAB11FIP4,4.109418e-06,6469
TMEM263,4.10721e-06,6470
LINS1,4.1067046e-06,6471
SCNM1,4.105508e-06,6472
TMEM127,4.1014914e-06,6473
TVP23C,4.100907e-06,6474
GLIPR2,4.1000794e-06,6475
SH3GLB2,4.099848e-06,6476
ZNF438,4.098164e-06,6477
RC3H1,4.097746e-06,6478
MAP3K2,4.096715e-06,6479
C4orf46,4.096364e-06,6480
FOXN2,4.0952714e-06,6481
GIGYF2,4.09356e-06,6482
NOL3,4.0934847e-06,6483
ZHX2,4.0934137e-06,6484
ERC1,4.0926616e-06,6485
CMSS1,4.092458e-06,6486
APLP1,4.09192e-06,6487
VWA7,4.0916993e-06,6488
NKRF,4.091482e-06,6489
TTC7B,4.089896e-06,6490
SIM2,4.087955e-06,6491
ZFYVE21,4.087876e-06,6492
MEAK7,4.0857935e-06,6493
RBM15,4.08535e-06,6494
TNS1,4.084912e-06,6495
MICALL1,4.084716e-06,6496
KCTD21,4.0835503e-06,6497
PCDHA10,4.08267e-06,6498
ZNF723,4.0808786e-06,6499
PPP1R3G,4.077289e-06,6500
TMEM184B,4.0769537e-06,6501
CNPY4,4.076411e-06,6502
ZNHIT1,4.075645e-06,6503
NYAP2,4.0751193e-06,6504
TMEM161A,4.0748228e-06,6505
PGBD4,4.0745635e-06,6506
PCDHGA8,4.074013e-06,6507
PCDHAC1,4.071701e-06,6508
MLLT11,4.07086e-06,6509
ZNF229,4.070248e-06,6510
ZMAT1,4.0688296e-06,6511
C19orf53,4.068301e-06,6512
JAKMIP2,4.068093e-06,6513
GLMP,4.066957e-06,6514
HOXA10,4.065688e-06,6515
CAMSAP2,4.064574e-06,6516
HMG20A,4.0635514e-06,6517
GINM1,4.0622e-06,6518
LUZP1,4.0620725e-06,6519
UBL3,4.0613795e-06,6520
ELMOD2,4.059919e-06,6521
PCED1A,4.0591726e-06,6522
BEND5,4.058583e-06,6523
FAM98C,4.0585423e-06,6524
LANCL3,4.0579107e-06,6525
MPLKIP,4.0574787e-06,6526
LY9,4.056681e-06,6527
LYPLAL1,4.0560626e-06,6528
C1orf115,4.0555815e-06,6529
C1QTNF3,4.052782e-06,6530
CDADC1,4.0512296e-06,6531
ELFN2,4.050842e-06,6532
UBXN6,4.0490645e-06,6533
FOXE1,4.0451732e-06,6534
JRK,4.0437885e-06,6535
NUP58,4.0431796e-06,6536
TRAF3IP1,4.042622e-06,6537
DCST2,4.042008e-06,6538
EEF1AKNMT,4.0419673e-06,6539
TMEM217,4.04166e-06,6540
AC118549.1,4.0416035e-06,6541
ZFYVE19,4.0414284e-06,6542
DNAJC30,4.0399304e-06,6543
SLC35B1,4.039815e-06,6544
RPAP1,4.039071e-06,6545
RP9,4.0368545e-06,6546
ANKRD62,4.0366826e-06,6547
HDHD5,4.035476e-06,6548
ANKRD52,4.0353348e-06,6549
MXRA7,4.0342215e-06,6550
ERGIC1,4.0340374e-06,6551
JTB,4.0326136e-06,6552
LSG1,4.0306404e-06,6553
CORO7,4.029651e-06,6554
DZIP1L,4.0278182e-06,6555
C2CD6,4.027069e-06,6556
TCEAL1,4.0265695e-06,6557
C20orf96,4.0262967e-06,6558
BLCAP,4.025767e-06,6559
CIB1,4.023832e-06,6560
FGD6,4.0227405e-06,6561
SLC25A23,4.020532e-06,6562
ZNF507,4.0204286e-06,6563
ANXA7,4.01984e-06,6564
BCCIP,4.019522e-06,6565
AAMDC,4.0192876e-06,6566
NRSN2,4.0177456e-06,6567
NAA25,4.0142345e-06,6568
KLHL8,4.011654e-06,6569
SH3YL1,4.008848e-06,6570
G6PC,4.007211e-06,6571
SCAMP4,4.00661e-06,6572
TBCEL,4.0051273e-06,6573
EFL1,4.005112e-06,6574
SLC35C2,4.004945e-06,6575
ZPLD1,4.004575e-06,6576
RABL3,4.0033365e-06,6577
ASPM,4.001471e-06,6578
RNF26,3.999507e-06,6579
MAP3K9,3.999267e-06,6580
PROSER3,3.998175e-06,6581
SELENOF,3.9979054e-06,6582
SFT2D2,3.997806e-06,6583
MARCH8,3.9973984e-06,6584
ARL6IP4,3.995759e-06,6585
ARL6IP6,3.99352e-06,6586
ACRV1,3.993352e-06,6587
HNRNPUL2,3.9912607e-06,6588
SCAPER,3.9898614e-06,6589
ZNF497,3.989374e-06,6590
THAP12,3.9883917e-06,6591
C1orf174,3.9831784e-06,6592
PRR14L,3.983111e-06,6593
ZSCAN2,3.98131e-06,6594
NDRG2,3.979702e-06,6595
TMEM121B,3.979517e-06,6596
RBM18,3.9783663e-06,6597
LRRC42,3.9781826e-06,6598
SEC23B,3.9774477e-06,6599
C15orf41,3.9754714e-06,6600
NXNL1,3.972638e-06,6601
CIART,3.9722368e-06,6602
ARMCX5,3.970406e-06,6603
DCAF15,3.9698734e-06,6604
TM9SF4,3.9693246e-06,6605
PATZ1,3.9692704e-06,6606
FOXJ3,3.9671613e-06,6607
WDR83OS,3.967136e-06,6608
ALKBH4,3.96477e-06,6609
TRA2A,3.963538e-06,6610
ZBTB4,3.9631354e-06,6611
FAIM,3.960103e-06,6612
NFXL1,3.9590886e-06,6613
TCTA,3.9577762e-06,6614
ZNF44,3.9575634e-06,6615
PIGQ,3.9575066e-06,6616
INAVA,3.9574793e-06,6617
DLEC1,3.955001e-06,6618
ZNF695,3.9535407e-06,6619
WDPCP,3.953237e-06,6620
MDP1,3.953145e-06,6621
GML,3.9530264e-06,6622
SLC25A36,3.951789e-06,6623
CTNNAL1,3.951687e-06,6624
GRAMD4,3.9515608e-06,6625
ATPAF1,3.9513643e-06,6626
TSNARE1,3.9500756e-06,6627
STXBP5,3.948605e-06,6628
FAM9C,3.9472607e-06,6629
PABPC5,3.9470547e-06,6630
SIL1,3.9466067e-06,6631
FAM222B,3.9450724e-06,6632
WFIKKN1,3.942875e-06,6633
TSPAN31,3.942295e-06,6634
ANXA2R,3.941125e-06,6635
RPP25L,3.93995e-06,6636
N4BP2L2,3.9395177e-06,6637
POLDIP2,3.936713e-06,6638
WDR60,3.9365814e-06,6639
THUMPD3,3.9361985e-06,6640
UBR5,3.934427e-06,6641
ANKRD11,3.933773e-06,6642
SCAF4,3.9334172e-06,6643
TSPAN4,3.932905e-06,6644
MREG,3.932607e-06,6645
ZNF628,3.9321194e-06,6646
HERPUD2,3.929633e-06,6647
FAM120AOS,3.928436e-06,6648
C2orf76,3.926927e-06,6649
PRMT2,3.9263505e-06,6650
CTDSPL2,3.9234487e-06,6651
SNX19,3.9193005e-06,6652
APTX,3.9183283e-06,6653
PDLIM2,3.9169004e-06,6654
ARL16,3.9168417e-06,6655
MARK1,3.9154993e-06,6656
CELF1,3.91518e-06,6657
ZNF346,3.9141382e-06,6658
SLC25A25,3.9133097e-06,6659
TMEM135,3.911923e-06,6660
XKR5,3.9097713e-06,6661
TWSG1,3.904265e-06,6662
ECPAS,3.9029874e-06,6663
PNMA2,3.9029e-06,6664
NDRG3,3.901379e-06,6665
STAU1,3.8951625e-06,6666
TMEM250,3.8945486e-06,6667
ARL5B,3.8932876e-06,6668
ZC3H12B,3.8920944e-06,6669
NIT1,3.8920207e-06,6670
WIZ,3.8907974e-06,6671
SOBP,3.8907788e-06,6672
METTL7A,3.8902117e-06,6673
SH2D4B,3.8882918e-06,6674
SPANXN5,3.8878434e-06,6675
RAPH1,3.8866356e-06,6676
BAHCC1,3.8839626e-06,6677
CAPRIN2,3.883781e-06,6678
CRIP2,3.8833577e-06,6679
RELL1,3.8816443e-06,6680
DNAJB14,3.880903e-06,6681
UHRF1BP1,3.8807084e-06,6682
MTCL1,3.879362e-06,6683
MPV17L2,3.8742746e-06,6684
MAP9,3.8726325e-06,6685
ZRANB2,3.8693615e-06,6686
DNAL1,3.8674652e-06,6687
FAM122B,3.865948e-06,6688
CYB561D1,3.8657818e-06,6689
KIAA0100,3.8621038e-06,6690
FKBP3,3.86198e-06,6691
ITPRID2,3.8615426e-06,6692
LPP,3.8583585e-06,6693
CKLF,3.8583453e-06,6694
SPATA17,3.8573694e-06,6695
FAM83D,3.856914e-06,6696
PPP1R7,3.8543717e-06,6697
ROPN1B,3.8524545e-06,6698
ARRDC1,3.852218e-06,6699
CEP95,3.852184e-06,6700
RASSF4,3.8474163e-06,6701
DDX60L,3.843488e-06,6702
GTF2I,3.8431863e-06,6703
TAPBPL,3.840565e-06,6704
ZNF35,3.84022e-06,6705
BTBD7,3.8393655e-06,6706
IGSF8,3.839061e-06,6707
HSPBP1,3.8368125e-06,6708
FAM107B,3.8356375e-06,6709
HEXIM2,3.8353064e-06,6710
TMEM59L,3.835215e-06,6711
ANKS4B,3.834939e-06,6712
MARCH5,3.8342378e-06,6713
CARHSP1,3.8326166e-06,6714
HIRIP3,3.828297e-06,6715
TTC23,3.8275784e-06,6716
ZNF275,3.8261155e-06,6717
RBM23,3.823834e-06,6718
HMBOX1,3.8234457e-06,6719
ZBTB18,3.8225585e-06,6720
PGAM5,3.8223093e-06,6721
ATXN7L2,3.8185194e-06,6722
RNF214,3.8183653e-06,6723
GPR137C,3.8181383e-06,6724
PCDHGA6,3.817749e-06,6725
MRFAP1L1,3.817451e-06,6726
HBZ,3.8150456e-06,6727
MARK2,3.8150006e-06,6728
TPRA1,3.8109265e-06,6729
ZNF829,3.81063e-06,6730
CALY,3.8102307e-06,6731
DDT,3.8083258e-06,6732
NDUFA4,3.8077696e-06,6733
MAP4K2,3.8057653e-06,6734
VXN,3.8032183e-06,6735
FAF1,3.8029414e-06,6736
N4BP2,3.8014966e-06,6737
NONO,3.8002634e-06,6738
WDR86,3.7996163e-06,6739
STK17B,3.7981215e-06,6740
TMEM185A,3.7978095e-06,6741
C12orf10,3.7975583e-06,6742
MTCH1,3.7971647e-06,6743
RNASEH2A,3.7957238e-06,6744
ZNF823,3.7949649e-06,6745
PUS7L,3.793593e-06,6746
TMUB1,3.7923717e-06,6747
IBA57,3.7920877e-06,6748
ZUP1,3.791166e-06,6749
LRRC20,3.789089e-06,6750
GRK4,3.789041e-06,6751
ITGB1BP1,3.7885031e-06,6752
MLF2,3.7867449e-06,6753
MTLN,3.785818e-06,6754
ATP13A3,3.7838072e-06,6755
ARL10,3.7817854e-06,6756
DDX10,3.7812279e-06,6757
DBR1,3.7803059e-06,6758
SPRYD4,3.7797083e-06,6759
H3F3A,3.7796235e-06,6760
BFAR,3.779454e-06,6761
ZNF644,3.7789691e-06,6762
CLDND1,3.7761006e-06,6763
TMEM65,3.7757322e-06,6764
CCDC34,3.7729503e-06,6765
LGALSL,3.7725695e-06,6766
YIPF3,3.7701648e-06,6767
SYBU,3.7697614e-06,6768
DNHD1,3.7690263e-06,6769
GPN3,3.768094e-06,6770
RNF38,3.7668349e-06,6771
APPL2,3.766405e-06,6772
TM9SF2,3.7662887e-06,6773
EFR3A,3.7646068e-06,6774
PCMTD2,3.764345e-06,6775
KARS,3.7628406e-06,6776
SBK1,3.7597579e-06,6777
PPP2R3A,3.7564025e-06,6778
TSPEAR,3.7560872e-06,6779
CPT1C,3.7551945e-06,6780
TTC33,3.7540617e-06,6781
SELENOK,3.7538143e-06,6782
SUSD1,3.753451e-06,6783
SLC25A33,3.7521324e-06,6784
DGLUCY,3.750042e-06,6785
TMEM208,3.7495186e-06,6786
PTBP3,3.7491425e-06,6787
ZBTB47,3.7488169e-06,6788
MTFR1,3.748447e-06,6789
RFX7,3.748276e-06,6790
TCEANC,3.7480863e-06,6791
ETV3,3.74725e-06,6792
LRCH3,3.7471439e-06,6793
ARMC9,3.7452917e-06,6794
TBC1D9,3.7443046e-06,6795
FAM160B1,3.7436898e-06,6796
ZCCHC2,3.7419718e-06,6797
MYEF2,3.741885e-06,6798
STRIP1,3.740198e-06,6799
TMEM131L,3.7380646e-06,6800
EID1,3.7364766e-06,6801
MINDY2,3.7360924e-06,6802
C19orf47,3.7351638e-06,6803
BROX,3.7350185e-06,6804
JPH3,3.7344766e-06,6805
MOK,3.733972e-06,6806
PPP1R18,3.7338434e-06,6807
FAM174A,3.732734e-06,6808
ZNF622,3.7326467e-06,6809
PCDHB12,3.732281e-06,6810
SLAIN1,3.7314278e-06,6811
AARSD1,3.7278655e-06,6812
HARS,3.7263333e-06,6813
CDIP1,3.7257855e-06,6814
ANKHD1,3.7232637e-06,6815
URAD,3.7228776e-06,6816
USP38,3.7197115e-06,6817
PRR12,3.7184973e-06,6818
BAZ2B,3.7174752e-06,6819
WFDC8,3.7165455e-06,6820
WDFY4,3.716398e-06,6821
SGTB,3.7153109e-06,6822
TMEM251,3.7151108e-06,6823
POU5F1B,3.7150853e-06,6824
BCAS3,3.7145337e-06,6825
C17orf75,3.714185e-06,6826
TOX4,3.713728e-06,6827
ZRANB3,3.7127957e-06,6828
SIK3,3.708425e-06,6829
TEFM,3.7075374e-06,6830
GOT1L1,3.7060895e-06,6831
BTBD3,3.7040581e-06,6832
NAGPA,3.7028826e-06,6833
CYP27C1,3.70108e-06,6834
RNF32,3.7009636e-06,6835
NAT9,3.700318e-06,6836
SFXN1,3.6990486e-06,6837
TMEM50A,3.6984757e-06,6838
LEPROT,3.69844e-06,6839
PPTC7,3.6983813e-06,6840
PRAP1,3.6982674e-06,6841
BOLA1,3.6965669e-06,6842
NAA80,3.6965512e-06,6843
C3orf18,3.6963784e-06,6844
UBN2,3.695544e-06,6845
KIAA1328,3.6951478e-06,6846
SNX29,3.6947522e-06,6847
SEL1L3,3.6912425e-06,6848
PCDHB14,3.691226e-06,6849
VPS13A,3.690495e-06,6850
MEPCE,3.6878523e-06,6851
GSDMC,3.6872352e-06,6852
SSH3,3.6869178e-06,6853
PPP1R3E,3.6856618e-06,6854
CCDC93,3.6843471e-06,6855
SLC38A6,3.6838633e-06,6856
CZIB,3.6825954e-06,6857
ARL15,3.6817432e-06,6858
DYM,3.6814065e-06,6859
ZNF444,3.6768015e-06,6860
ZNF142,3.6765196e-06,6861
SH3RF3,3.6760048e-06,6862
YIPF4,3.675822e-06,6863
RNF13,3.6724614e-06,6864
CCDC159,3.670381e-06,6865
IARS,3.6696183e-06,6866
ANKS1A,3.6668084e-06,6867
MKRN2,3.6653528e-06,6868
UNC93A,3.6647452e-06,6869
EID2,3.6635372e-06,6870
FRY,3.66298e-06,6871
MORC1,3.6619494e-06,6872
TMEM87B,3.6615718e-06,6873
TBKBP1,3.6606693e-06,6874
C1orf131,3.659833e-06,6875
NIPSNAP1,3.6597248e-06,6876
TATDN3,3.6591744e-06,6877
TM9SF1,3.6580864e-06,6878
ZMIZ1,3.657943e-06,6879
SPINDOC,3.6550146e-06,6880
C1orf122,3.6542626e-06,6881
PKDCC,3.6509796e-06,6882
CLCC1,3.6487043e-06,6883
HDGFL2,3.6486385e-06,6884
DUS3L,3.6456086e-06,6885
FBXL6,3.6449028e-06,6886
DHDH,3.6415663e-06,6887
CEACAM21,3.6406157e-06,6888
JPT1,3.6402967e-06,6889
ANP32E,3.6381448e-06,6890
LY6G5B,3.6371848e-06,6891
CCDC47,3.636886e-06,6892
SCAF8,3.6325196e-06,6893
ZSCAN21,3.630832e-06,6894
FBXO48,3.6304355e-06,6895
ZNF83,3.6270071e-06,6896
TMEM14B,3.6244614e-06,6897
CCDC88B,3.6234746e-06,6898
STK25,3.6232282e-06,6899
KTI12,3.622421e-06,6900
GCAT,3.6215922e-06,6901
PHTF1,3.6209713e-06,6902
NAT16,3.620199e-06,6903
RBM41,3.6198355e-06,6904
NENF,3.6183171e-06,6905
RSPRY1,3.61667e-06,6906
PTBP2,3.615277e-06,6907
TOR1AIP2,3.6144738e-06,6908
ODF4,3.6136714e-06,6909
FGL1,3.6118768e-06,6910
DUSP11,3.6107676e-06,6911
FAM120A,3.6100967e-06,6912
AKIRIN1,3.6074211e-06,6913
TM2D2,3.6073948e-06,6914
NCOA5,3.607378e-06,6915
CELA1,3.6050508e-06,6916
SH3BP2,3.603952e-06,6917
TMEM52,3.6009453e-06,6918
GAS2L3,3.6002837e-06,6919
YPEL3,3.599162e-06,6920
JPT2,3.5991225e-06,6921
ANGPTL6,3.5988955e-06,6922
WRNIP1,3.5949838e-06,6923
NKPD1,3.5919034e-06,6924
PCDHB11,3.5899313e-06,6925
WDYHV1,3.5886396e-06,6926
GIGYF1,3.5884311e-06,6927
C6orf163,3.5877151e-06,6928
MARCH6,3.5865703e-06,6929
GNL3L,3.5861635e-06,6930
HIST1H4G,3.58411e-06,6931
AKAP3,3.5840185e-06,6932
ZNRD1,3.5818884e-06,6933
IMMP2L,3.5777284e-06,6934
PPP1R11,3.577276e-06,6935
TMEM91,3.5770295e-06,6936
TBC1D32,3.5770015e-06,6937
VSIG10,3.5752341e-06,6938
VPS50,3.5726314e-06,6939
KRIT1,3.5725234e-06,6940
PGC,3.5707667e-06,6941
LAPTM4A,3.5707171e-06,6942
EMC8,3.5707121e-06,6943
WBP1,3.569087e-06,6944
DHRS1,3.567561e-06,6945
C11orf54,3.5643993e-06,6946
ZNF728,3.5602793e-06,6947
NUDCD3,3.55588e-06,6948
KIAA2026,3.5534063e-06,6949
TPD52L2,3.5526446e-06,6950
GON4L,3.5512298e-06,6951
WDR41,3.5510145e-06,6952
OARD1,3.5490398e-06,6953
CADM4,3.5490064e-06,6954
FHOD3,3.5489247e-06,6955
H2AFY2,3.547921e-06,6956
MAP4,3.5473863e-06,6957
SEC62,3.5449054e-06,6958
RRP15,3.5443827e-06,6959
PPP1R15B,3.5422784e-06,6960
RCN3,3.540527e-06,6961
DPY19L1,3.538289e-06,6962
LNPK,3.53736e-06,6963
NUCB2,3.536982e-06,6964
CAMSAP1,3.5357943e-06,6965
KATNAL1,3.5352152e-06,6966
SEPTIN5,3.5350922e-06,6967
FRYL,3.5350254e-06,6968
IKZF5,3.5337525e-06,6969
RNF165,3.5321937e-06,6970
STOX2,3.531833e-06,6971
ZFAND3,3.5316461e-06,6972
ZBED5,3.5296027e-06,6973
TMEM17,3.5281764e-06,6974
CTTNBP2NL,3.5276712e-06,6975
DDX24,3.5266303e-06,6976
RFWD3,3.5261091e-06,6977
DDX58,3.5243188e-06,6978
BBX,3.5218268e-06,6979
UBAP2L,3.5195446e-06,6980
SMIM29,3.5193657e-06,6981
RBM12,3.5191476e-06,6982
CNRIP1,3.5191397e-06,6983
TRPS1,3.5188975e-06,6984
RAD54B,3.5178944e-06,6985
STXBP6,3.5170485e-06,6986
NINJ2,3.5162518e-06,6987
CCDC153,3.5162147e-06,6988
MPHOSPH9,3.5152375e-06,6989
LCOR,3.5149692e-06,6990
ZSCAN30,3.5138135e-06,6991
ARMC6,3.5093858e-06,6992
FAM214A,3.5086882e-06,6993
SACS,3.5062749e-06,6994
CCDC36,3.5061744e-06,6995
SNX16,3.5057585e-06,6996
HHLA1,3.5038977e-06,6997
TMEM39A,3.5027033e-06,6998
GDF15,3.502587e-06,6999
C17orf80,3.5025428e-06,7000
ZNF32,3.5021383e-06,7001
PTTG1IP,3.501997e-06,7002
BCL2L13,3.4996283e-06,7003
THEM6,3.498874e-06,7004
PUM3,3.4971226e-06,7005
DIDO1,3.4965612e-06,7006
FSD1,3.4960374e-06,7007
TDRD7,3.4926425e-06,7008
PPP1R14B,3.4921834e-06,7009
PHF3,3.4915581e-06,7010
C18orf32,3.491397e-06,7011
H2AFY,3.489744e-06,7012
DIP2C,3.4875347e-06,7013
CCNQ,3.4873142e-06,7014
ZNF319,3.4868272e-06,7015
GDF11,3.4862453e-06,7016
TMEM41B,3.4847958e-06,7017
LRRC4C,3.4840943e-06,7018
SPICE1,3.48303e-06,7019
PRPSAP2,3.481546e-06,7020
SNAP47,3.4790328e-06,7021
KIAA1614,3.4784744e-06,7022
GOLPH3,3.4778911e-06,7023
EPRS,3.4772331e-06,7024
SELENOH,3.475306e-06,7025
TBC1D22A,3.4741715e-06,7026
CHMP1B,3.4738393e-06,7027
DNAJC12,3.4701325e-06,7028
ADCK2,3.4699335e-06,7029
RNF167,3.469628e-06,7030
ZBED3,3.4695918e-06,7031
TFCP2,3.4673458e-06,7032
FKBP11,3.4652048e-06,7033
GK5,3.4640411e-06,7034
PBK,3.464003e-06,7035
ZSWIM9,3.463943e-06,7036
FAM102B,3.4627074e-06,7037
PEAR1,3.4610055e-06,7038
CRIM1,3.460832e-06,7039
PTOV1,3.459344e-06,7040
PACS2,3.456489e-06,7041
SLC35F6,3.4542618e-06,7042
FBXO42,3.4534746e-06,7043
ZBTB41,3.4523262e-06,7044
ATF7,3.4510015e-06,7045
CASC1,3.450833e-06,7046
B4GALNT4,3.450571e-06,7047
ERRFI1,3.4447537e-06,7048
REXO1,3.4437062e-06,7049
SLC10A5,3.443436e-06,7050
DAP,3.4420395e-06,7051
CIZ1,3.438597e-06,7052
CLDN25,3.438352e-06,7053
TMEM43,3.4352524e-06,7054
CEP44,3.4342497e-06,7055
IQCD,3.4317632e-06,7056
NOA1,3.431749e-06,7057
LARS,3.4284483e-06,7058
SUGP2,3.4281916e-06,7059
FATE1,3.4268814e-06,7060
WARS,3.4175869e-06,7061
CASTOR3,3.4173522e-06,7062
EEF1AKMT4,3.4150696e-06,7063
CASD1,3.41486e-06,7064
PTGFRN,3.409167e-06,7065
PKD1L3,3.4091472e-06,7066
PAQR4,3.4076393e-06,7067
C12orf65,3.4064565e-06,7068
LUC7L2,3.4017667e-06,7069
PHLDB2,3.4012542e-06,7070
TSHZ1,3.399422e-06,7071
TMEM120B,3.3987621e-06,7072
TMEM232,3.3986635e-06,7073
LANCL1,3.3985832e-06,7074
PCDHB6,3.3983717e-06,7075
STOML1,3.3979225e-06,7076
G2E3,3.3972246e-06,7077
UBAP2,3.3964316e-06,7078
ZNF512,3.3957176e-06,7079
CCDC106,3.3951833e-06,7080
RSBN1L,3.395081e-06,7081
SMIM3,3.3939893e-06,7082
RELCH,3.3936985e-06,7083
LITAFD,3.3928127e-06,7084
SCYL1,3.3922156e-06,7085
PPM1J,3.3909246e-06,7086
SKA3,3.387127e-06,7087
LYSMD1,3.3850981e-06,7088
PHF14,3.384982e-06,7089
ZSCAN18,3.3815822e-06,7090
SMTN,3.3803153e-06,7091
CRB1,3.3795113e-06,7092
PCGF3,3.3783454e-06,7093
PRDM2,3.3763897e-06,7094
MAPK8IP2,3.3762706e-06,7095
SRRD,3.3710721e-06,7096
CCDC130,3.3700621e-06,7097
XKR9,3.3693066e-06,7098
PRRC2C,3.365694e-06,7099
FBH1,3.3655344e-06,7100
HP1BP3,3.3653387e-06,7101
DDX27,3.36469e-06,7102
EMP2,3.3644183e-06,7103
CGGBP1,3.3630654e-06,7104
SFTA3,3.3611805e-06,7105
PCDHA5,3.3584306e-06,7106
MGARP,3.3547615e-06,7107
SPIRE1,3.3535093e-06,7108
GARS,3.351981e-06,7109
CSE1L,3.3478314e-06,7110
TBPL1,3.3473998e-06,7111
ANKMY2,3.3436015e-06,7112
TMEM165,3.3430717e-06,7113
IGDCC3,3.342466e-06,7114
ZBTB45,3.3414435e-06,7115
RABAC1,3.3405177e-06,7116
JRKL,3.340509e-06,7117
PSPC1,3.3389706e-06,7118
ERG28,3.3376323e-06,7119
NOM1,3.3374909e-06,7120
CDCA7L,3.337301e-06,7121
GFOD2,3.3351084e-06,7122
WFDC1,3.333457e-06,7123
ANKRD46,3.3331548e-06,7124
FLYWCH2,3.3328508e-06,7125
URB2,3.3306164e-06,7126
FBXO38,3.3297863e-06,7127
MTCH2,3.329742e-06,7128
FAM126B,3.3295069e-06,7129
OOSP3,3.3283156e-06,7130
DIRAS1,3.3280735e-06,7131
ABTB2,3.327664e-06,7132
MEA1,3.3271303e-06,7133
PAQR7,3.3261667e-06,7134
CYB561A3,3.3248864e-06,7135
SMIM12,3.324606e-06,7136
TUBE1,3.3231104e-06,7137
CAMTA1,3.3226015e-06,7138
RIC3,3.321931e-06,7139
SCYL3,3.320928e-06,7140
SMCR8,3.32086e-06,7141
SMARCA1,3.3193646e-06,7142
CAVIN4,3.3186657e-06,7143
RUFY3,3.316737e-06,7144
PCDHA11,3.3150443e-06,7145
EIPR1,3.3138265e-06,7146
PLAGL2,3.3111137e-06,7147
CMTR2,3.310959e-06,7148
TGM7,3.3107867e-06,7149
TCF20,3.3098843e-06,7150
OSER1,3.3055958e-06,7151
KIAA1841,3.3046872e-06,7152
MANBAL,3.304509e-06,7153
BTBD10,3.3034344e-06,7154
RBM48,3.3018157e-06,7155
PSKH1,3.3014126e-06,7156
VPS26C,3.3008737e-06,7157
FAM199X,3.3003785e-06,7158
APMAP,3.2992546e-06,7159
BORCS8,3.2952892e-06,7160
BRSK2,3.294538e-06,7161
CCDC136,3.289376e-06,7162
SMIM14,3.2859334e-06,7163
KLHL24,3.2850671e-06,7164
RBM19,3.2840517e-06,7165
RMND1,3.2835728e-06,7166
FAM241A,3.2835383e-06,7167
GPR137,3.2776925e-06,7168
ZNF260,3.2757569e-06,7169
CCDC134,3.274527e-06,7170
MTURN,3.2742646e-06,7171
PROSER1,3.274156e-06,7172
TMEM9,3.2733733e-06,7173
TSACC,3.271628e-06,7174
CDKN3,3.2697299e-06,7175
C11orf80,3.2693458e-06,7176
FXR2,3.2674602e-06,7177
TATDN1,3.2673283e-06,7178
TTF2,3.2661396e-06,7179
SMIM26,3.2655144e-06,7180
NFATC2IP,3.265166e-06,7181
TMEM69,3.26177e-06,7182
TANGO6,3.2610817e-06,7183
TMEM231,3.2559492e-06,7184
ZNF358,3.2546827e-06,7185
CDKN2AIPNL,3.2542794e-06,7186
TMEM134,3.254108e-06,7187
FAM110D,3.24936e-06,7188
NSG1,3.2486294e-06,7189
MINDY3,3.2455014e-06,7190
LRRC31,3.2451808e-06,7191
TOMM40L,3.245132e-06,7192
SHF,3.2436567e-06,7193
ETAA1,3.240635e-06,7194
SLC37A3,3.2337348e-06,7195
MFSD11,3.232838e-06,7196
HECTD4,3.2319808e-06,7197
CGRRF1,3.231859e-06,7198
CCDC84,3.2313292e-06,7199
CLHC1,3.2310254e-06,7200
SPATA19,3.2303706e-06,7201
TXNRD3,3.2294993e-06,7202
LIX1L,3.227176e-06,7203
HOXD8,3.2265089e-06,7204
ENOSF1,3.2254484e-06,7205
TMEM184C,3.224398e-06,7206
FAM53C,3.2215087e-06,7207
SNX13,3.2214e-06,7208
TMCO6,3.219312e-06,7209
TCEAL5,3.2139042e-06,7210
EAPP,3.2112198e-06,7211
ADGRL1,3.2069947e-06,7212
ZSCAN26,3.2065805e-06,7213
NFS1,3.205477e-06,7214
NHSL1,3.2046573e-06,7215
ZNF76,3.2036567e-06,7216
PASK,3.2023775e-06,7217
CYP20A1,3.2014718e-06,7218
SEC14L1,3.2012338e-06,7219
FAM162A,3.2009034e-06,7220
CFAP20,3.1995514e-06,7221
C1orf52,3.1978616e-06,7222
EMC10,3.189546e-06,7223
PCDHGC3,3.189458e-06,7224
FAM49A,3.187774e-06,7225
KIAA0556,3.1847153e-06,7226
SPNS1,3.18216e-06,7227
CCDC102B,3.1817135e-06,7228
SOX30,3.1811912e-06,7229
GSE1,3.1788522e-06,7230
TMBIM4,3.1786776e-06,7231
RANBP3,3.1750071e-06,7232
TCF23,3.1737418e-06,7233
UBXN2A,3.169707e-06,7234
FOXD1,3.1696397e-06,7235
TPBGL,3.1689613e-06,7236
MZF1,3.1688637e-06,7237
MARC1,3.1675809e-06,7238
DUSP22,3.167063e-06,7239
PCDHA2,3.1668196e-06,7240
AFAP1,3.1602765e-06,7241
SMIM15,3.1597633e-06,7242
EIF1,3.1589093e-06,7243
TMEM37,3.1584964e-06,7244
TRPT1,3.1555828e-06,7245
AAR2,3.1550467e-06,7246
AP5S1,3.1547343e-06,7247
NUB1,3.153125e-06,7248
ZHX3,3.1522495e-06,7249
ZMPSTE24,3.1519853e-06,7250
ERMP1,3.1503366e-06,7251
CMTR1,3.1492152e-06,7252
RNF180,3.1474622e-06,7253
MAST3,3.141242e-06,7254
ZNF862,3.1398372e-06,7255
FMC1,3.1392392e-06,7256
TANC2,3.1300624e-06,7257
NAA40,3.129257e-06,7258
PCIF1,3.1289005e-06,7259
PCDHA12,3.1280833e-06,7260
ATG2A,3.1275927e-06,7261
ZBTB11,3.1271293e-06,7262
GDPGP1,3.127111e-06,7263
PALM,3.1237264e-06,7264
ITGB1BP2,3.1196614e-06,7265
XXYLT1,3.1171153e-06,7266
KBTBD3,3.1088928e-06,7267
SCAF11,3.107075e-06,7268
KIAA0232,3.1065629e-06,7269
KRI1,3.10429e-06,7270
GOLT1A,3.0991218e-06,7271
ZNF841,3.099083e-06,7272
REEP4,3.0887666e-06,7273
ZC3H12C,3.0882175e-06,7274
C11orf74,3.0857143e-06,7275
LENG8,3.0816009e-06,7276
NCOA4,3.0814078e-06,7277
LRRC45,3.0805115e-06,7278
SPRYD7,3.0804542e-06,7279
MARS,3.0797169e-06,7280
SHISA4,3.0771125e-06,7281
GOLGA8O,3.0756107e-06,7282
ZNF329,3.0746696e-06,7283
TNKS1BP1,3.0744186e-06,7284
TRMT1L,3.0667952e-06,7285
SLC41A3,3.065443e-06,7286
SCAMP5,3.0627275e-06,7287
C10orf143,3.062572e-06,7288
GMEB2,3.0625604e-06,7289
EIF6,3.0618635e-06,7290
DSTYK,3.0552037e-06,7291
ARMT1,3.054881e-06,7292
GTF2IRD1,3.0539832e-06,7293
MCUR1,3.0492986e-06,7294
IFRD1,3.0490091e-06,7295
SCFD2,3.0487913e-06,7296
ZNF451,3.0470146e-06,7297
STRN3,3.045281e-06,7298
PDCD10,3.044618e-06,7299
ZNF345,3.0437882e-06,7300
PACC1,3.0437475e-06,7301
TRAFD1,3.0405986e-06,7302
CSMD2,3.0405308e-06,7303
ZFYVE1,3.0393142e-06,7304
RLF,3.0386923e-06,7305
PCYOX1,3.0329004e-06,7306
ZDHHC17,3.0319507e-06,7307
C1orf146,3.0310177e-06,7308
RASGEF1C,3.0291262e-06,7309
ERMARD,3.027988e-06,7310
TNPO2,3.0235694e-06,7311
SUB1,3.0219499e-06,7312
IPP,3.0212832e-06,7313
RUFY2,3.021203e-06,7314
MGAM2,3.0201013e-06,7315
EMC9,3.0194697e-06,7316
TMEM178B,3.0167735e-06,7317
RNPEP,3.0146175e-06,7318
GHITM,3.0143506e-06,7319
PTPDC1,3.014178e-06,7320
DENR,3.0134433e-06,7321
ZNF326,3.0132921e-06,7322
ATAD2B,3.0117908e-06,7323
ACP1,3.0116416e-06,7324
NVL,3.010835e-06,7325
DUS4L,3.0079923e-06,7326
SEMA4C,3.007408e-06,7327
HDHD2,3.0048895e-06,7328
SERAC1,3.004745e-06,7329
RTL10,3.0031256e-06,7330
C11orf58,3.0018434e-06,7331
TMEM35B,2.999867e-06,7332
LZTR1,2.9981861e-06,7333
DNAJA3,2.9976813e-06,7334
CYB561,2.996984e-06,7335
TTC27,2.9951163e-06,7336
PCDHGB2,2.9931255e-06,7337
FEZ2,2.9896564e-06,7338
PRRC1,2.9864573e-06,7339
SPART,2.9861983e-06,7340
TMEM161B,2.9849139e-06,7341
MADD,2.9805342e-06,7342
C12orf66,2.9773732e-06,7343
CDCA2,2.976347e-06,7344
USP54,2.9735543e-06,7345
AARS,2.9718767e-06,7346
RAB28,2.9675111e-06,7347
MAP10,2.9617527e-06,7348
ZNF623,2.96079e-06,7349
POU3F4,2.9524958e-06,7350
WDR74,2.9509831e-06,7351
TIGD6,2.9498035e-06,7352
API5,2.946071e-06,7353
PGAP3,2.9452408e-06,7354
MPZL1,2.942888e-06,7355
FAM177A1,2.942816e-06,7356
ZNF117,2.9392038e-06,7357
ATP5IF1,2.9391006e-06,7358
MARCH9,2.9375196e-06,7359
CLEC16A,2.936763e-06,7360
LINC00672,2.933358e-06,7361
PTPRM,2.9286357e-06,7362
GABPB1,2.9279254e-06,7363
TCEAL7,2.9229418e-06,7364
MTPN,2.9199214e-06,7365
ABHD18,2.9196287e-06,7366
FAM168A,2.9192752e-06,7367
ZBTB7B,2.918083e-06,7368
CCDC174,2.9168182e-06,7369
KLF3,2.9147118e-06,7370
CALCOCO2,2.9098214e-06,7371
C19orf44,2.905985e-06,7372
SLC30A6,2.903516e-06,7373
DCBLD2,2.9012203e-06,7374
FBXO28,2.8986265e-06,7375
NUSAP1,2.8981028e-06,7376
HIC2,2.8978573e-06,7377
SLC49A3,2.8975014e-06,7378
WDR47,2.8958946e-06,7379
THAP1,2.8951836e-06,7380
FAM160A2,2.8946024e-06,7381
COA8,2.8909312e-06,7382
TOM1L2,2.8838247e-06,7383
SMIM8,2.883758e-06,7384
TMEM209,2.8813702e-06,7385
ENHO,2.880672e-06,7386
PTAR1,2.8789973e-06,7387
TTC9C,2.877996e-06,7388
WDSUB1,2.8777072e-06,7389
TRIM23,2.8766126e-06,7390
CDK3,2.8757836e-06,7391
C4orf3,2.874644e-06,7392
CCDC50,2.8742943e-06,7393
RBBP9,2.8719073e-06,7394
SPATA20,2.8704085e-06,7395
TMED4,2.8632685e-06,7396
NUTF2,2.8627376e-06,7397
CERT1,2.8604109e-06,7398
HNRNPH3,2.858364e-06,7399
MTHFSD,2.8514414e-06,7400
ZBTB20,2.8507854e-06,7401
RNFT2,2.8497525e-06,7402
TMEM241,2.8496606e-06,7403
TCEA2,2.8465038e-06,7404
NSUN3,2.8458603e-06,7405
EWSR1,2.844531e-06,7406
DEAF1,2.8444442e-06,7407
NIF3L1,2.8413185e-06,7408
PREPL,2.8377876e-06,7409
DEDD,2.837156e-06,7410
CDK14,2.8326813e-06,7411
SMIM7,2.831269e-06,7412
HAGH,2.82879e-06,7413
KRTCAP2,2.8285226e-06,7414
PARP12,2.8254458e-06,7415
TMEM33,2.82141e-06,7416
SAFB2,2.8201648e-06,7417
FAM217B,2.8179888e-06,7418
TCP11L1,2.817305e-06,7419
JMJD8,2.812111e-06,7420
TMEM170A,2.8101722e-06,7421
TMEM50B,2.8066565e-06,7422
MSANTD2,2.7986343e-06,7423
BAZ1A,2.7978763e-06,7424
ANGEL1,2.7975918e-06,7425
METTL5,2.7948186e-06,7426
TMEM198,2.793306e-06,7427
CSNK1G3,2.7910637e-06,7428
SCAMP2,2.7899493e-06,7429
MCMBP,2.7889287e-06,7430
THUMPD2,2.7885253e-06,7431
CLPB,2.7820847e-06,7432
KIAA0408,2.779524e-06,7433
SLC4A1AP,2.7750802e-06,7434
RFX1,2.7701192e-06,7435
PRIMPOL,2.7663307e-06,7436
IAH1,2.7662918e-06,7437
NCBP3,2.7614528e-06,7438
GBA,2.7610993e-06,7439
PAIP2,2.7603178e-06,7440
MYO7B,2.7602755e-06,7441
FAM192A,2.755878e-06,7442
CACUL1,2.755331e-06,7443
METTL17,2.7512463e-06,7444
UPRT,2.750201e-06,7445
SCRN3,2.7463323e-06,7446
BTF3L4,2.745362e-06,7447
DIP2A,2.7438882e-06,7448
BEX4,2.7423837e-06,7449
MACF1,2.741768e-06,7450
ARNTL,2.7404785e-06,7451
SLC25A40,2.740173e-06,7452
PCDHA4,2.7393448e-06,7453
DALRD3,2.7388737e-06,7454
SNX1,2.7329393e-06,7455
ANKRD17,2.732729e-06,7456
MANEAL,2.7314136e-06,7457
EIF1AD,2.7259716e-06,7458
SEPTIN8,2.7232197e-06,7459
ZSWIM7,2.7163342e-06,7460
ZBTB1,2.7147892e-06,7461
CCDC117,2.7141969e-06,7462
ARID3B,2.7132492e-06,7463
TXLNB,2.7069066e-06,7464
TBL2,2.7060782e-06,7465
ASXL3,2.7044723e-06,7466
SNRK,2.703996e-06,7467
TMEM170B,2.6996872e-06,7468
NCAM2,2.69221e-06,7469
PLBD2,2.6872735e-06,7470
SIAE,2.6859334e-06,7471
CUEDC2,2.677377e-06,7472
ARL5A,2.6754653e-06,7473
GATD1,2.6718385e-06,7474
ZFP64,2.6713647e-06,7475
KBTBD2,2.6673365e-06,7476
KHDC4,2.6647626e-06,7477
STK19,2.657672e-06,7478
MORC3,2.6560913e-06,7479
TM7SF3,2.6543e-06,7480
PBX2,2.6505868e-06,7481
HEATR5B,2.6503544e-06,7482
REEP5,2.6495534e-06,7483
ZSCAN9,2.6432751e-06,7484
TTC39C,2.641656e-06,7485
VPS9D1,2.6414891e-06,7486
C11orf68,2.6409762e-06,7487
KLHDC2,2.6406356e-06,7488
AGAP3,2.6405855e-06,7489
RHBDD2,2.6405162e-06,7490
MFAP3L,2.6396597e-06,7491
NUDT22,2.6393752e-06,7492
USP36,2.639159e-06,7493
EDRF1,2.6355974e-06,7494
ZMIZ2,2.6347109e-06,7495
SWT1,2.6341754e-06,7496
RILPL1,2.629813e-06,7497
C11orf24,2.6234575e-06,7498
C6orf52,2.6234463e-06,7499
ZNF121,2.6219311e-06,7500
RRP1B,2.614755e-06,7501
MEX3B,2.6136872e-06,7502
INAFM2,2.6103257e-06,7503
GPR3,2.60578e-06,7504
SNX6,2.6034654e-06,7505
PCNX2,2.5895688e-06,7506
NARF,2.5882996e-06,7507
EMC7,2.5753557e-06,7508
ALDH16A1,2.5746672e-06,7509
ANKRA2,2.569608e-06,7510
HPS3,2.567976e-06,7511
TACC2,2.5665574e-06,7512
FAM118B,2.5649588e-06,7513
METTL26,2.5631725e-06,7514
CCDC28A,2.5615664e-06,7515
LUC7L,2.5608394e-06,7516
RECQL5,2.5571132e-06,7517
PITHD1,2.55641e-06,7518
PAK1IP1,2.5494137e-06,7519
FAM219B,2.5454092e-06,7520
XPO7,2.538767e-06,7521
EPS8L3,2.538206e-06,7522
HMGXB3,2.5337483e-06,7523
TASOR2,2.532264e-06,7524
ISOC2,2.513419e-06,7525
GDAP2,2.512977e-06,7526
ZNF652,2.5103172e-06,7527
SRA1,2.5067447e-06,7528
UNK,2.5051693e-06,7529
CFL2,2.5037361e-06,7530
GNPTG,2.500482e-06,7531
POGK,2.4994129e-06,7532
KCTD17,2.4907313e-06,7533
DONSON,2.4888423e-06,7534
NAP1L4,2.485251e-06,7535
FAM160B2,2.4845504e-06,7536
CEP350,2.4810333e-06,7537
WASHC4,2.4753895e-06,7538
NXT2,2.464957e-06,7539
ZCCHC4,2.4570045e-06,7540
TMEM168,2.4527608e-06,7541
VEZT,2.4455048e-06,7542
ELOF1,2.4439432e-06,7543
TARS,2.4409915e-06,7544
OTUD6B,2.434606e-06,7545
SEC63,2.4260796e-06,7546
LRRC75B,2.4254095e-06,7547
CLASRP,2.40796e-06,7548
RNF24,2.4075603e-06,7549
ANTKMT,2.4075525e-06,7550
HEATR3,2.4063984e-06,7551
CCPG1,2.4047179e-06,7552
SLTM,2.3995563e-06,7553
TBCK,2.396899e-06,7554
AMMECR1,2.3931584e-06,7555
TMEM14A,2.3908333e-06,7556
RIC8B,2.3895473e-06,7557
APBB3,2.3829211e-06,7558
IVNS1ABP,2.3813034e-06,7559
ILRUN,2.3807258e-06,7560
ZNF780A,2.3799134e-06,7561
ZADH2,2.3745497e-06,7562
RMDN3,2.3719008e-06,7563
KXD1,2.3701461e-06,7564
C3orf38,2.3629605e-06,7565
DTD1,2.360005e-06,7566
SSH1,2.359643e-06,7567
PXK,2.3522075e-06,7568
USB1,2.3491875e-06,7569
NRL,2.3395305e-06,7570
STIMATE,2.3321654e-06,7571
MRTFB,2.320713e-06,7572
DNAJC21,2.3187922e-06,7573
ZBTB44,2.318699e-06,7574
SNX12,2.297063e-06,7575
ZSCAN29,2.2952613e-06,7576
SPECC1L,2.2804034e-06,7577
STX2,2.277897e-06,7578
C14orf119,2.276522e-06,7579
LARP4B,2.273706e-06,7580
KCTD20,2.2637405e-06,7581
FAM210A,2.2619702e-06,7582
CEBPZ,2.242346e-06,7583
KLHL28,2.227603e-06,7584
TMEM214,2.2216132e-06,7585
ZNF518A,2.1936557e-06,7586
TMCO1,2.1935762e-06,7587
ANKRD54,2.178208e-06,7588
ECI2,2.176594e-06,7589
REEP2,2.1721735e-06,7590
ZNF384,2.1709704e-06,7591
C11orf49,2.1700398e-06,7592
PTPA,2.1645365e-06,7593
SCGB1D4,2.1584246e-06,7594
MIER3,2.139388e-06,7595
ANKRD36,2.1382557e-06,7596
IPO11,2.1333333e-06,7597
KIAA0753,2.085785e-06,7598
PPP2R3C,2.085551e-06,7599
ZSCAN12,2.0533612e-06,7600
AP3D1,2.0438902e-06,7601
C2orf81,2.0258287e-06,7602
CLPTM1,2.0249008e-06,7603
CEBPZOS,2.0207822e-06,7604
ZNF146,1.9871522e-06,7605
TMEM259,1.978304e-06,7606
C5orf24,1.9741078e-06,7607
KIAA0319L,1.9697347e-06,7608
VPS8,1.955677e-06,7609
IFNAR2,1.9451638e-06,7610
ERCC6L2,1.9095787e-06,7611
THYN1,1.8977282e-06,7612
TIPRL,1.8614608e-06,7613
CHFR,1.861277e-06,7614
AKIP1,1.8183141e-06,7615
